barcode,label,confidence,true_label,split
AAACATACAACCAC-1,CD4 T cells,0.9938957,CD4 T cells,train
AAACATTGAGCTAC-1,B cells,0.9928576,B cells,test
AAACATTGATCAGC-1,CD4 T cells,0.99997175,CD4 T cells,train
AAACCGTGCTTCCG-1,CD14+ Monocytes,0.9982323,CD14+ Monocytes,train
AAACCGTGTATGCG-1,NK cells,0.88864774,NK cells,train
AAACGCACTGGTAC-1,CD4 T cells,0.9993469,CD8 T cells,train
AAACGCTGACCAGT-1,CD8 T cells,0.9904027,CD8 T cells,train
AAACGCTGGTTCTT-1,CD8 T cells,0.9595293,CD8 T cells,train
AAACGCTGTAGCCA-1,CD8 T cells,0.553528,CD4 T cells,test
AAACGCTGTTTCTG-1,FCGR3A+ Monocytes,0.99794465,FCGR3A+ Monocytes,train
AAACTTGAAAAACG-1,B cells,0.96669954,B cells,test
AAACTTGATCCAGA-1,CD4 T cells,0.9999927,CD4 T cells,train
AAAGAGACGAGATA-1,CD4 T cells,0.99991393,CD4 T cells,train
AAAGAGACGCGAGA-1,CD14+ Monocytes,0.99492407,CD14+ Monocytes,train
AAAGAGACGGACTT-1,CD8 T cells,0.9993011,CD8 T cells,train
AAAGAGACGGCATT-1,CD4 T cells,0.99966204,CD4 T cells,train
AAAGCAGATATCGG-1,CD14+ Monocytes,0.9998746,CD14+ Monocytes,train
AAAGCCTGTATGCG-1,CD4 T cells,0.9997812,CD4 T cells,train
AAAGGCCTGTCTAG-1,B cells,0.96072316,B cells,test
AAAGTTTGATCACG-1,B cells,0.9988042,B cells,train
AAAGTTTGGGGTGA-1,B cells,0.9984541,B cells,train
AAAGTTTGTAGAGA-1,CD4 T cells,0.9987664,CD4 T cells,test
AAAGTTTGTAGCGT-1,CD14+ Monocytes,0.99945873,CD14+ Monocytes,train
AAATCAACAATGCC-1,B cells,0.9952361,B cells,train
AAATCAACACCAGT-1,CD4 T cells,0.99902594,CD4 T cells,test
AAATCAACCAGGAG-1,CD4 T cells,0.99610364,CD4 T cells,test
AAATCAACCCTATT-1,FCGR3A+ Monocytes,0.9967198,CD4 T cells,test
AAATCAACGGAAGC-1,CD4 T cells,0.99926835,CD4 T cells,train
AAATCAACTCGCAA-1,CD4 T cells,0.99284583,CD4 T cells,train
AAATCATGACCACA-1,FCGR3A+ Monocytes,0.9985065,FCGR3A+ Monocytes,test
AAATCCCTCCACAA-1,CD8 T cells,0.99865365,CD8 T cells,train
AAATCCCTGCTATG-1,B cells,0.9995478,B cells,train
AAATGTTGAACGAA-1,CD14+ Monocytes,0.99982625,CD14+ Monocytes,train
AAATGTTGCCACAA-1,CD4 T cells,0.99044025,CD4 T cells,train
AAATGTTGTGGCAT-1,CD14+ Monocytes,0.9995783,CD14+ Monocytes,train
AAATTCGAAGGTTC-1,CD4 T cells,0.9966413,CD4 T cells,test
AAATTCGAATCACG-1,CD14+ Monocytes,0.99994385,CD14+ Monocytes,train
AAATTCGAGCTGAT-1,FCGR3A+ Monocytes,0.61884284,FCGR3A+ Monocytes,train
AAATTCGAGGAGTG-1,CD4 T cells,0.99997544,CD4 T cells,test
AAATTCGATTCTCA-1,NK cells,0.99284136,CD8 T cells,test
AAATTGACACGACT-1,CD8 T cells,0.9998429,CD8 T cells,test
AAATTGACTCGCTC-1,CD8 T cells,0.8164482,CD8 T cells,test
AACAAACTCATTTC-1,CD4 T cells,0.99978393,CD4 T cells,train
AACAAACTTTCGTT-1,CD4 T cells,0.99995875,CD4 T cells,train
AACAATACGACGAG-1,CD4 T cells,0.9999957,CD4 T cells,train
AACACGTGCAGAGG-1,CD4 T cells,0.94870585,CD4 T cells,train
AACACGTGGAAAGT-1,CD4 T cells,0.9999981,CD4 T cells,train
AACACGTGGAACCT-1,CD14+ Monocytes,0.99943537,CD14+ Monocytes,train
AACACGTGGCTACA-1,CD4 T cells,0.9998753,CD4 T cells,train
AACACGTGTACGAC-1,FCGR3A+ Monocytes,0.9996357,FCGR3A+ Monocytes,test
AACAGCACAAGAGT-1,CD14+ Monocytes,0.9998522,CD14+ Monocytes,train
AACATTGATGGGAG-1,FCGR3A+ Monocytes,0.99896395,FCGR3A+ Monocytes,train
AACCAGTGATACCG-1,FCGR3A+ Monocytes,0.99581414,FCGR3A+ Monocytes,test
AACCCAGATCGCTC-1,CD4 T cells,0.9999951,CD4 T cells,test
AACCGATGCTCCCA-1,CD4 T cells,0.99785465,CD4 T cells,train
AACCGATGGTCATG-1,B cells,0.99995124,B cells,test
AACCGATGTTCTAC-1,CD14+ Monocytes,0.9996055,CD14+ Monocytes,test
AACCGCCTAGCGTT-1,CD4 T cells,0.99995553,CD4 T cells,test
AACCGCCTCTACGA-1,CD14+ Monocytes,0.9938066,CD14+ Monocytes,train
AACCTACTGTGAGG-1,CD14+ Monocytes,0.99825865,CD14+ Monocytes,train
AACCTACTGTGTTG-1,CD4 T cells,0.99998415,CD4 T cells,train
AACCTTACGAGACG-1,CD4 T cells,0.99999714,CD4 T cells,test
AACCTTACGCGAGA-1,NK cells,0.9979766,NK cells,train
AACCTTACTAACGC-1,FCGR3A+ Monocytes,0.9990815,FCGR3A+ Monocytes,train
AACCTTTGGACGGA-1,CD4 T cells,0.9999229,CD4 T cells,train
AACCTTTGTACGCA-1,FCGR3A+ Monocytes,0.99953866,FCGR3A+ Monocytes,train
AACGCAACAAGTAG-1,CD4 T cells,0.9999893,CD4 T cells,train
AACGCATGACCCAA-1,CD4 T cells,0.9993913,CD4 T cells,train
AACGCATGCCTTCG-1,CD4 T cells,0.99976164,CD4 T cells,train
AACGCATGTACTTC-1,CD4 T cells,0.99999046,CD4 T cells,train
AACGCCCTCGGGAA-1,CD4 T cells,0.9999398,CD4 T cells,test
AACGCCCTCGTACA-1,NK cells,0.9992287,NK cells,train
AACGCCCTGGCATT-1,CD4 T cells,0.99835795,CD4 T cells,train
AACGTCGAGTATCG-1,NK cells,0.99288404,NK cells,test
AACGTGTGAAAGCA-1,CD4 T cells,0.9999517,CD4 T cells,train
AACGTGTGGCGGAA-1,B cells,0.9969189,B cells,train
AACGTGTGTCCAAG-1,CD4 T cells,0.9999956,CD4 T cells,test
AACGTGTGTGCTTT-1,CD4 T cells,0.9990758,CD4 T cells,train
AACTACCTTAGAGA-1,CD4 T cells,0.99994934,CD4 T cells,train
AACTCACTCAAGCT-1,CD14+ Monocytes,0.99983907,CD14+ Monocytes,train
AACTCACTTGGAGG-1,CD14+ Monocytes,0.9997216,CD14+ Monocytes,train
AACTCGGAAAGTGA-1,CD8 T cells,0.99347234,CD8 T cells,test
AACTCGGAAGGTCT-1,CD14+ Monocytes,0.99851257,CD14+ Monocytes,train
AACTCTTGCAGGAG-1,CD4 T cells,0.996958,CD4 T cells,test
AACTGTCTCCCTTG-1,CD14+ Monocytes,0.9999708,CD14+ Monocytes,test
AACTTGCTACGCTA-1,B cells,0.98901284,B cells,test
AACTTGCTGGGACA-1,CD4 T cells,0.99945503,CD4 T cells,test
AAGAACGAGTGTTG-1,CD4 T cells,0.9994553,CD4 T cells,train
AAGAAGACGTAGGG-1,B cells,0.99997735,B cells,train
AAGACAGAAGTCTG-1,B cells,0.9994836,B cells,train
AAGACAGAGGATCT-1,CD4 T cells,0.9997937,CD4 T cells,train
AAGACAGATTACCT-1,CD14+ Monocytes,0.99976677,CD14+ Monocytes,train
AAGAGATGGGTAGG-1,B cells,0.99833006,B cells,train
AAGATGGAAAACAG-1,B cells,0.9997347,B cells,train
AAGATGGAGAACTC-1,CD14+ Monocytes,0.9996842,CD14+ Monocytes,train
AAGATGGAGATAAG-1,CD14+ Monocytes,0.9993206,CD14+ Monocytes,test
AAGATTACAACCTG-1,CD4 T cells,0.99997413,CD4 T cells,train
AAGATTACAGATCC-1,CD14+ Monocytes,0.9996177,CD14+ Monocytes,train
AAGATTACCCGTTC-1,CD14+ Monocytes,0.9999515,CD14+ Monocytes,test
AAGATTACCGCCTT-1,Dendritic cells,0.9811771,Dendritic cells,train
AAGATTACCTCAAG-1,NK cells,0.9999776,NK cells,train
AAGATTACTCCTCG-1,CD14+ Monocytes,0.99998426,CD14+ Monocytes,train
AAGCAAGAGCGAGA-1,CD4 T cells,0.9999734,CD4 T cells,train
AAGCAAGAGCTTAG-1,CD8 T cells,0.88504285,CD8 T cells,test
AAGCAAGAGGTGTT-1,NK cells,0.9970143,NK cells,train
AAGCACTGAGCAAA-1,B cells,0.9927521,B cells,train
AAGCACTGCATACG-1,CD8 T cells,0.99852604,CD8 T cells,train
AAGCACTGGTTCTT-1,B cells,0.99855584,B cells,train
AAGCCAACGTGTTG-1,CD4 T cells,0.99992573,CD4 T cells,train
AAGCCATGAACTGC-1,Dendritic cells,0.9980724,Dendritic cells,train
AAGCCATGACACGT-1,CD14+ Monocytes,0.99998105,CD14+ Monocytes,train
AAGCCATGCGTGAT-1,CD4 T cells,0.9999062,CD4 T cells,test
AAGCCATGTCTCGC-1,CD4 T cells,0.99052423,CD4 T cells,train
AAGCCTGACATGCA-1,CD4 T cells,0.9996068,CD4 T cells,test
AAGCCTGACCGAAT-1,CD14+ Monocytes,0.99941504,CD14+ Monocytes,test
AAGCGACTCCTCAC-1,FCGR3A+ Monocytes,0.9979305,FCGR3A+ Monocytes,train
AAGCGACTGTGTCA-1,CD4 T cells,0.9998628,CD4 T cells,train
AAGCGACTTACAGC-1,B cells,0.99982834,B cells,train
AAGCGACTTTGACG-1,FCGR3A+ Monocytes,0.99951637,FCGR3A+ Monocytes,train
AAGCGTACGTCTTT-1,CD4 T cells,0.99211323,CD4 T cells,test
AAGGCTTGCGAACT-1,CD8 T cells,0.99997985,CD8 T cells,test
AAGGTCACGGTTAC-1,CD14+ Monocytes,0.99997926,CD14+ Monocytes,test
AAGGTCACTGTTTC-1,B cells,0.99926203,B cells,train
AAGGTCACTTCCCG-1,CD8 T cells,0.9977139,CD8 T cells,train
AAGGTCTGACAGTC-1,CD4 T cells,0.99988043,CD4 T cells,train
AAGGTCTGCAGATC-1,CD4 T cells,0.9999641,CD4 T cells,train
AAGTAACTCTGAAC-1,CD14+ Monocytes,0.99980575,CD14+ Monocytes,test
AAGTAACTGAGATA-1,B cells,0.9995395,B cells,train
AAGTAGGATACAGC-1,NK cells,0.99927336,NK cells,train
AAGTATACCGAACT-1,CD4 T cells,0.9999155,CD4 T cells,test
AAGTCCGACTTGTT-1,CD4 T cells,0.99991536,CD4 T cells,train
AAGTCCGATAGAAG-1,CD4 T cells,0.99747247,CD4 T cells,test
AAGTCTCTAGTCGT-1,CD4 T cells,0.9998989,CD4 T cells,train
AAGTCTCTCGGAGA-1,CD8 T cells,0.99972886,CD8 T cells,train
AAGTGGCTTGGAGG-1,B cells,0.9998029,B cells,train
AAGTTCCTCATTCT-1,CD14+ Monocytes,0.9920528,CD14+ Monocytes,train
AAGTTCCTTCTTAC-1,CD4 T cells,0.99966264,CD4 T cells,train
AATAAGCTCGAATC-1,CD4 T cells,0.9999974,CD4 T cells,train
AATAAGCTCGTTGA-1,CD4 T cells,0.9999975,CD4 T cells,train
AATACCCTGGACGA-1,B cells,0.9996319,B cells,test
AATACCCTGGCATT-1,CD4 T cells,0.9998542,CD4 T cells,train
AATACTGAAAGGGC-1,CD8 T cells,0.99555546,CD8 T cells,train
AATACTGAATTGGC-1,NK cells,0.9973023,NK cells,train
AATAGGGAACCCTC-1,B cells,0.9993304,B cells,train
AATAGGGAGAATGA-1,CD8 T cells,0.99885285,CD8 T cells,test
AATCAAACTATCGG-1,CD8 T cells,0.9981501,CD8 T cells,train
AATCCGGAATGCTG-1,B cells,0.9997024,B cells,test
AATCCTACCGGTAT-1,CD4 T cells,0.9999486,CD4 T cells,test
AATCCTTGACGGGA-1,CD14+ Monocytes,0.9920791,CD14+ Monocytes,train
AATCCTTGGTGAGG-1,NK cells,0.9995652,NK cells,test
AATCGGTGGAACTC-1,CD8 T cells,0.9119209,CD8 T cells,test
AATCGGTGTGCTTT-1,CD4 T cells,0.99999845,CD4 T cells,train
AATCTAGAAAAGTG-1,CD4 T cells,0.9999652,CD4 T cells,train
AATCTAGAATCGGT-1,CD4 T cells,0.99985874,CD8 T cells,test
AATCTCACAGCCTA-1,CD14+ Monocytes,0.9982351,CD14+ Monocytes,train
AATCTCACTCTAGG-1,CD4 T cells,0.9999304,CD4 T cells,train
AATCTCTGAACAGA-1,CD4 T cells,0.99996114,CD4 T cells,train
AATCTCTGCTTTAC-1,NK cells,0.9991621,NK cells,train
AATGATACACCAAC-1,CD8 T cells,0.999542,CD8 T cells,train
AATGATACGGTCAT-1,CD14+ Monocytes,0.9924198,CD14+ Monocytes,test
AATGCGTGACACCA-1,B cells,0.9971004,B cells,train
AATGCGTGGACGGA-1,CD14+ Monocytes,0.77985275,Dendritic cells,train
AATGCGTGGCTATG-1,B cells,0.9999721,B cells,train
AATGGAGAATCGTG-1,CD14+ Monocytes,0.99924964,CD14+ Monocytes,train
AATGGAGATCCTTA-1,CD8 T cells,0.993034,CD8 T cells,test
AATGGCTGACACCA-1,B cells,0.99438876,B cells,train
AATGGCTGCGTGAT-1,CD4 T cells,0.9999931,CD4 T cells,train
AATGGCTGTAAAGG-1,CD8 T cells,0.9979188,CD8 T cells,train
AATGGCTGTACTCT-1,CD8 T cells,0.99994385,CD8 T cells,train
AATGGCTGTGAAGA-1,CD4 T cells,0.99982196,CD4 T cells,train
AATGTAACGGTGGA-1,CD4 T cells,0.9999486,CD4 T cells,test
AATGTCCTCTTCTA-1,CD4 T cells,0.9999399,CD4 T cells,train
AATGTTGACAGTCA-1,CD4 T cells,0.9999753,CD4 T cells,train
AATGTTGAGTTGAC-1,CD14+ Monocytes,0.99997544,CD14+ Monocytes,train
AATGTTGATCTACT-1,CD4 T cells,0.9974987,CD4 T cells,train
AATTACGAATTCCT-1,Dendritic cells,0.8495935,Dendritic cells,test
AATTACGACTTCTA-1,CD4 T cells,0.99455583,CD4 T cells,train
AATTACGAGTGAGG-1,CD4 T cells,0.99997807,CD4 T cells,train
AATTACGATTGGCA-1,B cells,0.9996563,B cells,test
AATTCCTGCTCAGA-1,B cells,0.9998642,B cells,test
AATTGATGTCGCAA-1,FCGR3A+ Monocytes,0.99968326,FCGR3A+ Monocytes,train
AATTGTGACTTGGA-1,B cells,0.9998517,B cells,test
ACAAAGGAGGGTGA-1,CD4 T cells,0.99927026,CD4 T cells,train
ACAAATTGATTCTC-1,FCGR3A+ Monocytes,0.9980471,FCGR3A+ Monocytes,test
ACAAATTGCTCAGA-1,CD14+ Monocytes,0.99992037,CD14+ Monocytes,train
ACAAATTGTTGCGA-1,NK cells,0.9991215,NK cells,test
ACAACCGAGGGATG-1,NK cells,0.99959356,NK cells,train
ACAACCGAGTTACG-1,CD4 T cells,0.99947137,CD4 T cells,train
ACAAGAGAAGTCGT-1,CD14+ Monocytes,0.9995415,CD14+ Monocytes,test
ACAAGAGACTTATC-1,CD4 T cells,0.999995,CD4 T cells,train
ACAAGAGAGTTGAC-1,B cells,0.999861,B cells,train
ACAATCCTAACCGT-1,CD4 T cells,0.99930716,CD4 T cells,train
ACAATCCTTAGCGT-1,B cells,0.9999236,B cells,train
ACAATTGACTGACA-1,CD8 T cells,0.9957717,CD8 T cells,train
ACAATTGATGACTG-1,NK cells,0.99937785,NK cells,train
ACACAGACCATACG-1,CD8 T cells,0.999806,CD8 T cells,train
ACACCAGAGGGCAA-1,CD8 T cells,0.9981256,CD8 T cells,train
ACACCCTGGTGTTG-1,NK cells,0.99973935,NK cells,train
ACACGAACAGTTCG-1,CD4 T cells,0.9968629,CD4 T cells,test
ACACGATGACGCAT-1,CD8 T cells,0.9471106,CD8 T cells,test
ACACGATGATGTGC-1,CD14+ Monocytes,0.9998559,CD14+ Monocytes,train
ACACGATGTCGTAG-1,CD8 T cells,0.9964418,CD8 T cells,train
ACACGATGTGGTCA-1,CD8 T cells,0.99973994,CD8 T cells,train
ACAGACACGGCATT-1,CD4 T cells,0.77109987,CD4 T cells,test
ACAGACACGTTGTG-1,CD4 T cells,0.9996264,CD4 T cells,train
ACAGCAACACCTAG-1,CD14+ Monocytes,0.9908494,CD14+ Monocytes,train
ACAGCAACCTCAAG-1,FCGR3A+ Monocytes,0.99952877,FCGR3A+ Monocytes,train
ACAGGTACCCCACT-1,CD4 T cells,0.99966145,CD4 T cells,train
ACAGGTACGCTGTA-1,CD8 T cells,0.99822253,CD8 T cells,train
ACAGGTACTGGTGT-1,NK cells,0.9988662,NK cells,train
ACAGTCGACCCAAA-1,CD4 T cells,0.99744844,CD4 T cells,train
ACAGTCGACCGATA-1,CD8 T cells,0.9974388,CD8 T cells,train
ACAGTGACTCACCC-1,CD8 T cells,0.99735045,CD8 T cells,train
ACAGTGACTCTATC-1,CD8 T cells,0.99751854,CD8 T cells,train
ACAGTGTGGTCACA-1,CD4 T cells,0.999708,CD4 T cells,train
ACAGTGTGTTGCGA-1,CD14+ Monocytes,0.9999285,CD14+ Monocytes,train
ACATCACTCTACTT-1,CD14+ Monocytes,0.99987876,CD14+ Monocytes,train
ACATGGTGAAGCCT-1,CD4 T cells,0.99972636,CD4 T cells,train
ACATGGTGCAACCA-1,B cells,0.99656445,B cells,train
ACATGGTGCGAGTT-1,CD4 T cells,0.99704105,CD4 T cells,train
ACATTCTGGCATAC-1,CD4 T cells,0.9998666,CD4 T cells,train
ACATTCTGGGAACG-1,CD14+ Monocytes,0.9992101,CD14+ Monocytes,train
ACCAACGACATGCA-1,CD4 T cells,0.99960905,CD4 T cells,train
ACCACAGAAAGTAG-1,CD4 T cells,0.9998129,CD4 T cells,train
ACCACAGAGTTGGT-1,CD4 T cells,0.99938416,CD4 T cells,train
ACCACCTGTGTGCA-1,CD4 T cells,0.99787986,CD4 T cells,train
ACCACGCTACAGCT-1,CD4 T cells,0.9999534,CD4 T cells,test
ACCACGCTACCCAA-1,CD8 T cells,0.99201703,CD8 T cells,test
ACCACGCTGCGAGA-1,CD4 T cells,0.96276754,CD4 T cells,test
ACCACGCTGCTGTA-1,CD4 T cells,0.9941302,CD4 T cells,train
ACCAGCCTGACAGG-1,CD4 T cells,0.999851,CD4 T cells,test
ACCAGTGAACGGTT-1,B cells,0.99993527,B cells,test
ACCAGTGAATACCG-1,FCGR3A+ Monocytes,0.9951573,FCGR3A+ Monocytes,test
ACCAGTGAGGGATG-1,CD4 T cells,0.99998665,CD4 T cells,test
ACCAGTGATGACTG-1,CD14+ Monocytes,0.99996495,CD14+ Monocytes,train
ACCATTACCTTCTA-1,CD4 T cells,0.9996147,CD4 T cells,test
ACCATTACGAGATA-1,CD4 T cells,0.99491286,CD4 T cells,train
ACCATTTGTCATTC-1,CD4 T cells,0.99985635,CD4 T cells,train
ACCCAAGAACTGTG-1,CD8 T cells,0.5624563,CD8 T cells,test
ACCCAAGAATTCCT-1,FCGR3A+ Monocytes,0.9999641,FCGR3A+ Monocytes,test
ACCCAAGAGGACAG-1,CD4 T cells,0.99986684,CD4 T cells,train
ACCCAAGATTCACT-1,B cells,0.9999505,B cells,test
ACCCACTGCGCCTT-1,CD14+ Monocytes,0.99716055,CD14+ Monocytes,train
ACCCACTGGACAGG-1,CD4 T cells,0.99870956,CD4 T cells,train
ACCCACTGGTTCAG-1,Megakaryocytes,0.990257,Megakaryocytes,train
ACCCACTGTCGTAG-1,CD14+ Monocytes,0.99941015,CD14+ Monocytes,train
ACCCAGCTCAGAAA-1,CD4 T cells,0.99997187,CD4 T cells,test
ACCCAGCTGTTAGC-1,CD14+ Monocytes,0.9939867,CD14+ Monocytes,train
ACCCAGCTTGCTTT-1,CD4 T cells,0.99998546,CD4 T cells,train
ACCCGTTGATGACC-1,B cells,0.99986017,B cells,train
ACCCGTTGCTGCAA-1,CD4 T cells,0.9998066,CD4 T cells,train
ACCCGTTGCTTCTA-1,NK cells,0.7379744,Dendritic cells,test
ACCCTCGACCTATT-1,CD4 T cells,0.9981628,CD4 T cells,train
ACCCTCGACGGTAT-1,B cells,0.9973285,B cells,test
ACCCTCGATAAGGA-1,CD14+ Monocytes,0.99927384,CD14+ Monocytes,train
ACCCTCGATCAAGC-1,FCGR3A+ Monocytes,0.97474253,CD14+ Monocytes,test
ACCGTGCTACCAGT-1,CD4 T cells,0.99966013,CD4 T cells,train
ACCGTGCTGGAACG-1,B cells,0.99951303,B cells,test
ACCTATTGCTGAGT-1,B cells,0.9993,B cells,train
ACCTATTGTGCCCT-1,FCGR3A+ Monocytes,0.99809796,FCGR3A+ Monocytes,test
ACCTCCGAGTCCTC-1,CD4 T cells,0.99837434,CD4 T cells,train
ACCTCCGATATGCG-1,CD4 T cells,0.99986243,CD4 T cells,train
ACCTCCGATGCTGA-1,CD4 T cells,0.9998623,CD4 T cells,train
ACCTCGTGAACCAC-1,CD8 T cells,0.99885094,CD8 T cells,train
ACCTGAGATATCGG-1,CD14+ Monocytes,0.8110624,Megakaryocytes,test
ACCTGGCTAAGTAG-1,NK cells,0.9992273,NK cells,test
ACCTTTGACTCCCA-1,CD14+ Monocytes,0.99928194,CD14+ Monocytes,train
ACCTTTGAGGAACG-1,CD14+ Monocytes,0.9993693,CD14+ Monocytes,train
ACCTTTGAGGAAGC-1,FCGR3A+ Monocytes,0.9976271,FCGR3A+ Monocytes,train
ACGAACACCTTGTT-1,NK cells,0.9992403,NK cells,train
ACGAACTGGCTATG-1,FCGR3A+ Monocytes,0.8047867,Megakaryocytes,test
ACGAAGCTCTCCAC-1,CD4 T cells,0.9644144,CD4 T cells,test
ACGAAGCTCTGAGT-1,B cells,0.99992347,B cells,train
ACGACCCTATCTCT-1,FCGR3A+ Monocytes,0.99911636,FCGR3A+ Monocytes,train
ACGACCCTGATGAA-1,CD8 T cells,0.6941305,CD8 T cells,test
ACGACCCTTGACAC-1,B cells,0.9970161,B cells,train
ACGACCCTTGACCA-1,CD4 T cells,0.9992828,CD4 T cells,test
ACGAGGGACAGGAG-1,Dendritic cells,0.9966271,Dendritic cells,train
ACGAGGGACGAACT-1,CD4 T cells,0.99999166,CD4 T cells,test
ACGAGGGATGTAGC-1,CD4 T cells,0.9982318,CD4 T cells,train
ACGAGTACCCTAAG-1,B cells,0.999987,B cells,train
ACGAGTACGAATCC-1,B cells,0.9867865,B cells,train
ACGATCGAGGACTT-1,NK cells,0.9317436,NK cells,test
ACGATCGAGTCACA-1,CD14+ Monocytes,0.99979144,CD14+ Monocytes,test
ACGATGACAATGCC-1,CD4 T cells,0.9999162,CD4 T cells,train
ACGATGACTGGTCA-1,CD4 T cells,0.99863017,CD4 T cells,train
ACGATTCTACGGGA-1,CD8 T cells,0.7783632,CD4 T cells,train
ACGCAATGGTTCAG-1,NK cells,0.998863,NK cells,train
ACGCACCTGTTAGC-1,B cells,0.99973685,B cells,train
ACGCCACTGAACTC-1,CD14+ Monocytes,0.9992847,CD14+ Monocytes,train
ACGCCGGAAACCAC-1,CD14+ Monocytes,0.9999534,CD14+ Monocytes,test
ACGCCGGAAAGCCT-1,CD4 T cells,0.9927885,CD4 T cells,test
ACGCCGGAAATGCC-1,CD4 T cells,0.99843615,CD4 T cells,test
ACGCCTTGCTCCCA-1,FCGR3A+ Monocytes,0.99991155,FCGR3A+ Monocytes,train
ACGCGGTGGCGAGA-1,CD4 T cells,0.99998176,CD4 T cells,train
ACGCGGTGTGTGGT-1,B cells,0.9980307,B cells,train
ACGCGGTGTTTGCT-1,CD8 T cells,0.99868494,CD8 T cells,train
ACGCTCACAGTACC-1,CD4 T cells,0.9982545,CD4 T cells,test
ACGCTCACCCTTGC-1,CD4 T cells,0.9998795,CD4 T cells,train
ACGCTGCTGTTCTT-1,NK cells,0.9996911,NK cells,train
ACGGAACTCAGATC-1,NK cells,0.9997216,NK cells,train
ACGGAACTGTCGTA-1,FCGR3A+ Monocytes,0.9989065,FCGR3A+ Monocytes,train
ACGGAGGACTCTTA-1,CD14+ Monocytes,0.9997322,CD14+ Monocytes,train
ACGGATTGGGAGGT-1,B cells,0.9997807,B cells,test
ACGGATTGGTTAGC-1,CD4 T cells,0.99982375,CD4 T cells,train
ACGGCTCTGAGCAG-1,CD4 T cells,0.99992347,CD4 T cells,train
ACGGCTCTTGCACA-1,CD4 T cells,0.99916565,CD4 T cells,test
ACGGTAACCGCTAA-1,CD4 T cells,0.9995333,CD4 T cells,train
ACGGTAACCTTCGC-1,CD8 T cells,0.9998357,CD8 T cells,train
ACGGTAACGGTGGA-1,CD4 T cells,0.9998053,CD4 T cells,train
ACGGTAACTCGCAA-1,CD8 T cells,0.9976418,CD8 T cells,train
ACGGTATGAGTCGT-1,CD14+ Monocytes,0.9998913,CD14+ Monocytes,train
ACGGTATGGGTATC-1,B cells,0.9997212,B cells,train
ACGGTATGGTTGTG-1,B cells,0.9998023,B cells,train
ACGGTCCTAACGGG-1,CD4 T cells,0.99997926,CD4 T cells,train
ACGGTCCTCGGGAA-1,CD4 T cells,0.95529926,CD4 T cells,train
ACGTAGACAACCAC-1,CD4 T cells,0.996381,CD4 T cells,test
ACGTAGACTACAGC-1,B cells,0.9998306,B cells,train
ACGTCAGAAACGAA-1,CD4 T cells,0.9971623,CD4 T cells,train
ACGTCAGAGAGCTT-1,CD14+ Monocytes,0.9968677,CD14+ Monocytes,test
ACGTCAGAGGGATG-1,CD4 T cells,0.99964356,CD4 T cells,train
ACGTCCTGATAAGG-1,CD14+ Monocytes,0.99995255,CD14+ Monocytes,train
ACGTCCTGTGAACC-1,CD14+ Monocytes,0.9991942,CD14+ Monocytes,test
ACGTCGCTCCTGAA-1,NK cells,0.93998104,NK cells,test
ACGTCGCTCTATTC-1,CD14+ Monocytes,0.9671088,CD14+ Monocytes,test
ACGTCGCTTCTCAT-1,B cells,0.9985892,B cells,test
ACGTGATGCCATGA-1,Dendritic cells,0.9705986,Dendritic cells,train
ACGTGATGGGTCTA-1,CD4 T cells,0.99998796,CD4 T cells,test
ACGTGATGTAACCG-1,FCGR3A+ Monocytes,0.99648935,FCGR3A+ Monocytes,test
ACGTGATGTGACAC-1,NK cells,0.99921453,NK cells,train
ACGTGCCTCCGTAA-1,CD4 T cells,0.99935645,CD4 T cells,train
ACGTGCCTTCTATC-1,CD8 T cells,0.99439985,CD8 T cells,test
ACGTTACTTTCCAT-1,CD4 T cells,0.99728155,CD4 T cells,test
ACGTTGGAAAAGCA-1,CD4 T cells,0.99990284,CD4 T cells,train
ACGTTGGAAACCTG-1,CD8 T cells,0.9997105,CD8 T cells,train
ACGTTGGACCGTAA-1,CD14+ Monocytes,0.99991953,CD14+ Monocytes,test
ACGTTGGAGCCAAT-1,NK cells,0.9969236,NK cells,test
ACGTTGGATATGGC-1,B cells,0.9978255,B cells,test
ACGTTGGATCAGGT-1,CD14+ Monocytes,0.8893186,CD14+ Monocytes,test
ACGTTTACATCAGC-1,CD4 T cells,0.99997497,CD4 T cells,train
ACTAAAACCCACAA-1,CD8 T cells,0.9981958,CD8 T cells,train
ACTAAAACTCGACA-1,CD14+ Monocytes,0.99991167,CD14+ Monocytes,train
ACTACGGAATTTCC-1,CD4 T cells,0.9992761,CD4 T cells,test
ACTACGGACCTATT-1,CD4 T cells,0.9996935,CD4 T cells,test
ACTACGGATCGCTC-1,CD4 T cells,0.99952185,CD4 T cells,train
ACTACTACTAAGGA-1,CD4 T cells,0.99990857,CD4 T cells,test
ACTAGGTGGAACCT-1,CD8 T cells,0.94096076,CD8 T cells,test
ACTAGGTGGAACTC-1,CD4 T cells,0.99996805,CD4 T cells,test
ACTATCACCTTGGA-1,CD8 T cells,0.9959949,CD8 T cells,train
ACTATCACTGCCAA-1,CD4 T cells,0.9999485,CD4 T cells,train
ACTCAGGACTGAAC-1,CD4 T cells,0.99980897,CD4 T cells,train
ACTCAGGATCTATC-1,B cells,0.99961495,B cells,train
ACTCAGGATTCGTT-1,CD14+ Monocytes,0.99919015,CD14+ Monocytes,test
ACTCCTCTCAACTG-1,CD4 T cells,0.9990446,CD4 T cells,test
ACTCGCACGAAAGT-1,CD14+ Monocytes,0.9989311,CD14+ Monocytes,test
ACTCGCACTACGAC-1,CD14+ Monocytes,0.9995252,CD14+ Monocytes,train
ACTCTCCTGACACT-1,CD4 T cells,0.9987686,CD4 T cells,test
ACTCTCCTGCATAC-1,CD4 T cells,0.99758387,CD4 T cells,train
ACTCTCCTGTTTGG-1,CD4 T cells,0.9976852,CD4 T cells,test
ACTGAGACAACCAC-1,CD8 T cells,0.9999808,CD8 T cells,train
ACTGAGACCCATAG-1,FCGR3A+ Monocytes,0.9994517,FCGR3A+ Monocytes,train
ACTGAGACGTTGGT-1,B cells,0.9994048,B cells,train
ACTGCCACACACGT-1,CD8 T cells,0.99993455,CD8 T cells,train
ACTGCCACTCCGTC-1,NK cells,0.99959487,NK cells,train
ACTGGCCTTCAGTG-1,NK cells,0.9992489,NK cells,train
ACTGTGGACGTGTA-1,CD8 T cells,0.9917101,CD8 T cells,train
ACTGTGGATCTAGG-1,B cells,0.99888986,B cells,test
ACTGTTACCCACAA-1,CD14+ Monocytes,0.99991953,CD14+ Monocytes,train
ACTGTTACTGCAGT-1,CD4 T cells,0.9995584,CD4 T cells,train
ACTTAAGAACCACA-1,CD4 T cells,0.99982685,CD4 T cells,train
ACTTAAGATTACTC-1,Dendritic cells,0.99149114,Dendritic cells,train
ACTTAGCTGCGTAT-1,FCGR3A+ Monocytes,0.99945587,FCGR3A+ Monocytes,train
ACTTAGCTGGGAGT-1,CD4 T cells,0.99967945,CD4 T cells,train
ACTTCAACAAGCAA-1,CD8 T cells,0.99914193,CD8 T cells,train
ACTTCAACGTAGGG-1,NK cells,0.9996691,NK cells,train
ACTTCCCTTTCCGC-1,CD4 T cells,0.9996031,CD4 T cells,train
ACTTCTGACATGCA-1,B cells,0.9998493,B cells,train
ACTTGACTCCACAA-1,B cells,0.9995326,B cells,test
ACTTGGGAGAAAGT-1,CD14+ Monocytes,0.9996438,CD14+ Monocytes,test
ACTTGGGAGGTTTG-1,CD4 T cells,0.99991417,CD4 T cells,train
ACTTGGGATGTGAC-1,FCGR3A+ Monocytes,0.9979101,FCGR3A+ Monocytes,train
ACTTGGGATTGACG-1,CD14+ Monocytes,0.99991477,CD14+ Monocytes,train
ACTTGTACCTGTCC-1,CD4 T cells,0.9999101,CD4 T cells,train
ACTTTGTGGAAAGT-1,CD4 T cells,0.99935263,CD4 T cells,train
ACTTTGTGGATAGA-1,CD14+ Monocytes,0.99820244,CD14+ Monocytes,train
AGAAACGAAAGTAG-1,B cells,0.99882704,B cells,train
AGAAAGTGCGCAAT-1,CD4 T cells,0.99498063,CD8 T cells,test
AGAAAGTGGGGATG-1,CD14+ Monocytes,0.99962866,CD14+ Monocytes,test
AGAACAGAAATGCC-1,NK cells,0.99863213,NK cells,train
AGAACAGACGACTA-1,B cells,0.9993144,B cells,train
AGAACAGAGACAAA-1,CD4 T cells,0.995465,CD4 T cells,train
AGAACGCTTTGCTT-1,CD4 T cells,0.99999917,CD4 T cells,train
AGAAGATGTGACTG-1,CD4 T cells,0.99919766,CD4 T cells,test
AGAATGGAAGAAGT-1,CD8 T cells,0.9990165,CD8 T cells,train
AGAATTTGTAACCG-1,CD4 T cells,1.0,CD4 T cells,test
AGAATTTGTAGAGA-1,CD4 T cells,0.9999893,CD4 T cells,train
AGACACACTGTAGC-1,CD4 T cells,0.9982857,CD4 T cells,test
AGACACTGTCAAGC-1,CD14+ Monocytes,0.9998313,CD14+ Monocytes,train
AGACCTGAAGTAGA-1,CD14+ Monocytes,0.9990403,CD14+ Monocytes,train
AGACCTGACCAACA-1,CD4 T cells,0.9999988,CD4 T cells,train
AGACCTGAGGAAGC-1,CD8 T cells,0.9990283,CD8 T cells,train
AGACGTACAGAGGC-1,CD4 T cells,0.99801767,CD4 T cells,train
AGACGTACCCCTAC-1,B cells,0.99937695,B cells,train
AGACGTACCTCTTA-1,Dendritic cells,0.97050875,Dendritic cells,train
AGACGTACTCGTGA-1,FCGR3A+ Monocytes,0.99874854,FCGR3A+ Monocytes,train
AGACTGACCATCAG-1,CD8 T cells,0.99986374,CD8 T cells,train
AGACTGACCCTTTA-1,CD4 T cells,0.9996705,CD4 T cells,test
AGACTTCTCATGCA-1,B cells,0.9997205,B cells,train
AGAGATGACAGTCA-1,B cells,0.9989942,B cells,train
AGAGATGACTGAAC-1,CD4 T cells,0.9999298,CD4 T cells,train
AGAGATGAGGTTTG-1,CD14+ Monocytes,0.99882823,CD14+ Monocytes,train
AGAGATGATCTCGC-1,B cells,0.99731064,B cells,test
AGAGATGATTGTGG-1,CD4 T cells,0.9964728,CD4 T cells,train
AGAGCGGAGGCAAG-1,CD14+ Monocytes,0.99392635,CD14+ Monocytes,train
AGAGTCTGGTCGTA-1,FCGR3A+ Monocytes,0.99924064,FCGR3A+ Monocytes,train
AGAGTGCTCAGCTA-1,CD4 T cells,0.9996495,CD4 T cells,test
AGAGTGCTCGAATC-1,CD4 T cells,0.9999784,CD4 T cells,test
AGAGTGCTGTCATG-1,CD4 T cells,0.9999653,CD4 T cells,train
AGAGTGCTGTCCTC-1,CD8 T cells,0.99922,CD8 T cells,test
AGAGTGCTGTGTTG-1,B cells,0.9973495,B cells,train
AGATATACCCGTAA-1,NK cells,0.9989478,NK cells,train
AGATATACGATGAA-1,CD4 T cells,0.9999279,CD4 T cells,train
AGATATACTGTTCT-1,B cells,0.98250383,B cells,test
AGATATTGCCTACC-1,CD8 T cells,0.9981615,CD8 T cells,test
AGATATTGGCCAAT-1,CD14+ Monocytes,0.9948019,CD14+ Monocytes,test
AGATCGTGTCTGGA-1,CD14+ Monocytes,0.9999236,CD14+ Monocytes,test
AGATCGTGTTTGTC-1,B cells,0.9995871,B cells,train
AGATCTCTATCACG-1,B cells,0.9999466,B cells,train
AGATTAACGTTCTT-1,FCGR3A+ Monocytes,0.9982304,FCGR3A+ Monocytes,train
AGATTCCTATCGTG-1,CD4 T cells,0.9975707,CD4 T cells,train
AGATTCCTCACTTT-1,CD14+ Monocytes,0.99998033,CD14+ Monocytes,train
AGATTCCTGACGAG-1,CD14+ Monocytes,0.9978593,CD14+ Monocytes,train
AGATTCCTGTTCAG-1,NK cells,0.9985145,NK cells,test
AGCAAAGATATGCG-1,CD4 T cells,0.9999298,CD4 T cells,train
AGCACAACAGTCTG-1,CD4 T cells,0.9988385,CD4 T cells,train
AGCACTGAGGGAGT-1,CD4 T cells,0.9998796,CD4 T cells,train
AGCACTGATATGCG-1,CD4 T cells,0.99978036,CD4 T cells,train
AGCACTGATGCTTT-1,Dendritic cells,0.9988796,Dendritic cells,train
AGCACTGATTGCGA-1,CD4 T cells,0.9999939,CD4 T cells,test
AGCATCGAAGATCC-1,CD4 T cells,0.9966223,CD4 T cells,test
AGCATCGAAGGGTG-1,B cells,0.99960834,B cells,train
AGCATCGAGCTTCC-1,CD14+ Monocytes,0.9996319,CD14+ Monocytes,train
AGCATCGAGTGAGG-1,CD4 T cells,0.9998211,CD4 T cells,train
AGCATCGATAACCG-1,CD14+ Monocytes,0.9999362,CD14+ Monocytes,train
AGCATGACGATGAA-1,CD8 T cells,0.9992212,CD8 T cells,train
AGCCAATGGGGAGT-1,FCGR3A+ Monocytes,0.99540013,FCGR3A+ Monocytes,test
AGCCAATGTATCTC-1,CD4 T cells,0.9999889,CD4 T cells,test
AGCCACCTGGATCT-1,CD8 T cells,0.9902244,CD8 T cells,test
AGCCGGTGCCAATG-1,CD4 T cells,0.9993273,CD4 T cells,train
AGCCGGTGTGTTTC-1,CD4 T cells,0.99999595,CD4 T cells,train
AGCCGTCTCAATCG-1,CD4 T cells,0.9926185,CD4 T cells,test
AGCCGTCTGAGAGC-1,CD4 T cells,0.99916923,CD4 T cells,train
AGCCTCACGTTCGA-1,CD4 T cells,0.9988483,CD4 T cells,train
AGCCTCACTGTCAG-1,FCGR3A+ Monocytes,0.50011,FCGR3A+ Monocytes,train
AGCCTCTGCAGTTG-1,B cells,0.99800366,B cells,train
AGCCTCTGCCAATG-1,NK cells,0.9996674,NK cells,train
AGCGAACTGGATCT-1,CD4 T cells,0.9993374,CD4 T cells,train
AGCGAACTTACTGG-1,CD4 T cells,0.9989698,CD4 T cells,train
AGCGATACGGAGCA-1,CD4 T cells,0.9999956,CD4 T cells,test
AGCGATTGAGATCC-1,NK cells,0.9999466,NK cells,train
AGCGCCGAATCTCT-1,CD4 T cells,0.9987062,CD4 T cells,train
AGCGCCGACAGAGG-1,CD4 T cells,0.9987872,CD4 T cells,train
AGCGCTCTACCTTT-1,CD4 T cells,0.99998033,CD4 T cells,train
AGCGGCACCGGGAA-1,CD4 T cells,0.99973446,CD4 T cells,train
AGCGGCTGATGTGC-1,CD4 T cells,0.99999905,CD4 T cells,test
AGCGGGCTTGCCAA-1,CD4 T cells,0.99994755,CD4 T cells,test
AGCGTAACATGCTG-1,CD4 T cells,0.99957603,CD4 T cells,train
AGCGTAACTGAGAA-1,CD14+ Monocytes,0.9954898,CD14+ Monocytes,train
AGCTCGCTACTGGT-1,CD4 T cells,0.9998043,CD4 T cells,test
AGCTCGCTCTGCTC-1,CD4 T cells,0.99999297,CD4 T cells,train
AGCTGAACCATACG-1,FCGR3A+ Monocytes,0.9996575,FCGR3A+ Monocytes,train
AGCTGAACCTCTCG-1,CD4 T cells,0.999905,CD4 T cells,train
AGCTGCCTTGGGAG-1,CD14+ Monocytes,0.99982625,CD14+ Monocytes,train
AGCTGCCTTTCATC-1,CD4 T cells,0.99085337,CD4 T cells,test
AGCTGCCTTTCTGT-1,CD4 T cells,0.9990326,CD4 T cells,test
AGCTGTGATCCAAG-1,CD4 T cells,0.9986111,CD4 T cells,train
AGCTTTACAAGTAG-1,CD4 T cells,0.99993694,CD4 T cells,train
AGCTTTACACCAAC-1,CD8 T cells,0.9998516,CD8 T cells,test
AGCTTTACTCTCAT-1,B cells,0.9933142,B cells,train
AGGAAATGAGGAGC-1,CD4 T cells,0.99833006,CD4 T cells,train
AGGAACCTCTTAGG-1,FCGR3A+ Monocytes,0.99513197,FCGR3A+ Monocytes,train
AGGAACCTTGCCTC-1,CD8 T cells,0.9692699,CD8 T cells,test
AGGAATGATAACGC-1,CD4 T cells,0.99966216,CD4 T cells,train
AGGAATGATTTGTC-1,CD4 T cells,0.9997867,CD4 T cells,train
AGGAGTCTGGTTTG-1,CD4 T cells,0.9970696,CD4 T cells,test
AGGAGTCTTGTCAG-1,CD4 T cells,0.99883026,CD4 T cells,train
AGGATAGACATTTC-1,CD4 T cells,0.99876416,CD4 T cells,train
AGGATAGAGGATTC-1,CD8 T cells,0.9993229,CD8 T cells,train
AGGATGCTACTAGC-1,B cells,0.9991817,B cells,train
AGGATGCTTTAGGC-1,NK cells,0.99919456,NK cells,train
AGGCAACTGAAGGC-1,CD4 T cells,0.9892699,CD4 T cells,test
AGGCAGGAGTACCA-1,CD8 T cells,0.99067444,CD8 T cells,test
AGGCCTCTAGTCGT-1,CD4 T cells,0.99994457,CD4 T cells,test
AGGCCTCTCGGAGA-1,CD4 T cells,0.9992483,CD4 T cells,train
AGGCCTCTCGTAAC-1,CD4 T cells,0.9992605,CD4 T cells,train
AGGGACGACGTTGA-1,CD4 T cells,0.9997565,CD4 T cells,train
AGGGACGAGTCAAC-1,NK cells,0.9998097,NK cells,train
AGGGACGAGTTGTG-1,CD4 T cells,0.9996859,CD4 T cells,train
AGGGACGATAGAGA-1,CD8 T cells,0.99167585,CD8 T cells,test
AGGGACGATGCATG-1,CD8 T cells,0.9994831,CD8 T cells,train
AGGGAGTGAGCCTA-1,CD4 T cells,0.99770206,CD4 T cells,train
AGGGCCACCATACG-1,CD4 T cells,0.9996867,CD4 T cells,train
AGGGCGCTAACCAC-1,CD14+ Monocytes,0.990612,CD14+ Monocytes,test
AGGGCGCTATGGTC-1,CD4 T cells,0.9956546,CD4 T cells,train
AGGGTGGACAGTCA-1,B cells,0.99846137,B cells,test
AGGGTGGACTCAAG-1,CD14+ Monocytes,0.9996631,CD14+ Monocytes,train
AGGGTGGAGTTGCA-1,CD8 T cells,0.9999701,CD8 T cells,test
AGGGTTTGTTCATC-1,CD14+ Monocytes,0.99967825,CD14+ Monocytes,train
AGGTCATGAGTGTC-1,B cells,0.9994506,B cells,train
AGGTCATGCTTATC-1,CD8 T cells,0.99764806,CD8 T cells,test
AGGTCTGATTCTCA-1,FCGR3A+ Monocytes,0.9441891,CD14+ Monocytes,test
AGGTGGGAAGAATG-1,CD4 T cells,0.9992601,CD4 T cells,test
AGGTGGGAAGTTCG-1,CD4 T cells,0.9999951,CD4 T cells,test
AGGTGTTGGTTACG-1,B cells,0.9988024,B cells,train
AGGTTCGAACCTCC-1,CD14+ Monocytes,0.999869,CD14+ Monocytes,test
AGGTTCGAACGTAC-1,CD14+ Monocytes,0.9996426,CD14+ Monocytes,test
AGGTTCGAGGGTGA-1,CD4 T cells,0.9999865,CD4 T cells,train
AGTAAGGAGTTTGG-1,CD4 T cells,0.9880415,CD4 T cells,test
AGTAAGGATTCTTG-1,CD4 T cells,0.99918467,CD4 T cells,test
AGTAATACATCACG-1,NK cells,0.9992519,NK cells,test
AGTAATACCGAACT-1,B cells,0.99945337,B cells,train
AGTAATTGTCCCAC-1,CD4 T cells,0.999076,CD4 T cells,train
AGTACGTGAGGGTG-1,CD4 T cells,0.99914646,CD4 T cells,train
AGTACGTGCTGCAA-1,CD4 T cells,0.99992955,CD4 T cells,train
AGTACGTGCTTGGA-1,CD4 T cells,0.99982196,CD4 T cells,train
AGTACTCTACGTGT-1,B cells,0.99978834,B cells,train
AGTACTCTCAACCA-1,CD8 T cells,0.99938154,CD8 T cells,train
AGTACTCTCGGTAT-1,CD4 T cells,0.82042855,CD8 T cells,test
AGTAGGCTTGCCTC-1,FCGR3A+ Monocytes,0.99488246,FCGR3A+ Monocytes,train
AGTATAACTTGTCT-1,FCGR3A+ Monocytes,0.9992478,FCGR3A+ Monocytes,train
AGTATCCTAGAACA-1,CD4 T cells,0.9998925,CD4 T cells,test
AGTCACGATGAGCT-1,NK cells,0.9832623,NK cells,test
AGTCAGACGAATAG-1,CD4 T cells,0.9995871,CD4 T cells,train
AGTCAGACGCTTAG-1,CD4 T cells,0.83957887,CD4 T cells,test
AGTCAGACTAGAGA-1,CD8 T cells,0.86038065,CD8 T cells,test
AGTCAGACTGCACA-1,CD8 T cells,0.98568755,CD8 T cells,train
AGTCCAGATATCTC-1,CD4 T cells,0.9975042,CD4 T cells,train
AGTCCAGATTTCAC-1,CD4 T cells,0.999887,CD4 T cells,train
AGTCGAACCAACCA-1,CD4 T cells,0.99990666,CD4 T cells,train
AGTCGCCTCCGTAA-1,CD4 T cells,0.9903673,CD4 T cells,train
AGTCTACTAGGGTG-1,CD14+ Monocytes,0.99995625,CD14+ Monocytes,train
AGTCTACTTGCATG-1,FCGR3A+ Monocytes,0.9996824,FCGR3A+ Monocytes,train
AGTCTTACACCACA-1,CD4 T cells,0.99964976,CD4 T cells,train
AGTCTTACTTCGCC-1,CD8 T cells,0.9984517,CD8 T cells,test
AGTCTTACTTCGGA-1,Megakaryocytes,0.996249,Megakaryocytes,train
AGTGACTGCAACTG-1,FCGR3A+ Monocytes,0.99946874,FCGR3A+ Monocytes,train
AGTGTTCTAACCTG-1,CD4 T cells,0.9992132,CD4 T cells,train
AGTGTTCTATAAGG-1,CD4 T cells,0.99995005,CD4 T cells,train
AGTGTTCTCACTTT-1,CD14+ Monocytes,0.99998486,CD14+ Monocytes,train
AGTTAAACCACTTT-1,CD4 T cells,0.99983585,CD4 T cells,train
AGTTATGAACAGTC-1,CD14+ Monocytes,0.9991904,CD14+ Monocytes,test
AGTTATGACTGAGT-1,CD4 T cells,0.9977265,CD4 T cells,train
AGTTATGAGTTCAG-1,CD4 T cells,0.9998441,CD4 T cells,train
AGTTCTACCAGCTA-1,CD14+ Monocytes,0.99029505,CD14+ Monocytes,test
AGTTCTTGAAGCCT-1,CD8 T cells,0.9640453,CD8 T cells,test
AGTTGTCTACTACG-1,CD4 T cells,0.9995789,CD4 T cells,train
AGTTTAGATGGTCA-1,CD4 T cells,0.98842585,CD4 T cells,test
AGTTTCACGGTCTA-1,CD8 T cells,0.9999906,CD8 T cells,train
AGTTTGCTACAGTC-1,CD4 T cells,0.99995863,CD4 T cells,test
AGTTTGCTACTGGT-1,CD8 T cells,0.99693537,CD8 T cells,train
AGTTTGCTCCAAGT-1,CD4 T cells,0.99636453,CD4 T cells,train
ATAAACACAGTGCT-1,B cells,0.9981686,B cells,train
ATAAACACCACCAA-1,CD4 T cells,0.99999917,CD4 T cells,train
ATAACAACATGCTG-1,CD14+ Monocytes,0.9987923,CD14+ Monocytes,train
ATAACAACGTCTAG-1,CD4 T cells,0.9992631,CD4 T cells,train
ATAACAACTTTGTC-1,CD4 T cells,0.99999833,CD4 T cells,test
ATAACATGTACTCT-1,CD4 T cells,0.99965703,CD4 T cells,train
ATAACCCTGTTGGT-1,CD8 T cells,0.99702734,CD8 T cells,train
ATAACCCTTGGTAC-1,CD4 T cells,0.9999567,CD4 T cells,train
ATAAGTACGAATGA-1,B cells,0.99978024,B cells,train
ATAAGTTGGTACGT-1,FCGR3A+ Monocytes,0.9821483,FCGR3A+ Monocytes,test
ATAAGTTGTCTAGG-1,CD4 T cells,0.99842155,CD4 T cells,train
ATAATCGAGCTGAT-1,B cells,0.9993654,B cells,test
ATAATCGATGGTTG-1,CD4 T cells,0.99985504,CD4 T cells,train
ATAATGACCTACTT-1,CD4 T cells,0.99994195,CD4 T cells,train
ATAATGACTCGTGA-1,CD14+ Monocytes,0.9998572,CD14+ Monocytes,test
ATACAATGTTAGGC-1,CD4 T cells,0.99997497,CD4 T cells,train
ATACCACTCGTACA-1,CD14+ Monocytes,0.99977523,CD14+ Monocytes,train
ATACCACTCTAAGC-1,Dendritic cells,0.98819226,Dendritic cells,test
ATACCACTGCCAAT-1,CD8 T cells,0.97802985,CD8 T cells,train
ATACCGGAATGCTG-1,Dendritic cells,0.98676205,Dendritic cells,test
ATACCGGACATTTC-1,CD14+ Monocytes,0.9998765,CD14+ Monocytes,test
ATACCGGACTTCGC-1,CD4 T cells,0.9999794,CD4 T cells,train
ATACCGGAGGTGTT-1,CD14+ Monocytes,0.99997044,CD14+ Monocytes,train
ATACCGGATCTCGC-1,CD4 T cells,0.99925286,CD4 T cells,train
ATACCTACGCATCA-1,CD4 T cells,0.9988813,CD4 T cells,test
ATACCTTGGGGCAA-1,CD4 T cells,0.9996766,CD4 T cells,train
ATACGGACAGACTC-1,CD14+ Monocytes,0.99990153,CD14+ Monocytes,train
ATACGGACCTACTT-1,CD14+ Monocytes,0.999979,CD14+ Monocytes,train
ATACGGACGAGGTG-1,B cells,0.9997383,B cells,train
ATACGGACTATGCG-1,B cells,0.9999089,B cells,train
ATACGGACTCTGGA-1,CD14+ Monocytes,0.9999409,CD14+ Monocytes,test
ATACGTCTTAACGC-1,CD14+ Monocytes,0.9998553,CD14+ Monocytes,train
ATACTCTGCTTCGC-1,CD14+ Monocytes,0.99903655,CD14+ Monocytes,train
ATACTCTGGTATGC-1,NK cells,0.9995309,NK cells,train
ATAGATACCATGGT-1,CD4 T cells,0.9986388,CD4 T cells,train
ATAGATACGACGAG-1,CD4 T cells,0.99941885,CD4 T cells,test
ATAGATTGGTGTAC-1,B cells,0.9994634,B cells,train
ATAGCCGAACGGAG-1,CD4 T cells,0.99998283,CD4 T cells,test
ATAGCGTGCAGATC-1,CD4 T cells,0.9975309,CD4 T cells,test
ATAGCGTGCCCTTG-1,CD14+ Monocytes,0.9999201,CD14+ Monocytes,train
ATAGCGTGGTATCG-1,CD14+ Monocytes,0.99982685,CD14+ Monocytes,train
ATAGCGTGTCTCTA-1,CD4 T cells,0.9993476,CD4 T cells,train
ATAGCTCTCTGATG-1,CD4 T cells,0.99973196,CD4 T cells,train
ATAGCTCTGAGGTG-1,CD4 T cells,0.999926,CD4 T cells,test
ATAGGAGAAACAGA-1,CD14+ Monocytes,0.9994978,CD14+ Monocytes,train
ATAGGCTGTCAGAC-1,CD4 T cells,0.9999664,CD4 T cells,test
ATAGTCCTAGTGTC-1,CD14+ Monocytes,0.99999344,CD14+ Monocytes,train
ATAGTCCTTGCATG-1,CD8 T cells,0.99951136,CD8 T cells,train
ATAGTCCTTGTCGA-1,CD4 T cells,0.9998758,CD4 T cells,train
ATAGTTGACAACTG-1,CD4 T cells,0.99928844,CD4 T cells,train
ATAGTTGACCCTCA-1,FCGR3A+ Monocytes,0.9998803,FCGR3A+ Monocytes,test
ATAGTTGAGACGTT-1,CD4 T cells,0.99966025,CD4 T cells,train
ATAGTTGATAAGCC-1,CD4 T cells,0.9997081,CD4 T cells,train
ATATACGAAGCCAT-1,CD4 T cells,0.9999895,CD4 T cells,train
ATATACGAATTGGC-1,CD4 T cells,0.9999895,CD4 T cells,train
ATATAGTGGAATGA-1,CD14+ Monocytes,0.9999932,CD14+ Monocytes,train
ATATGCCTAGATCC-1,CD14+ Monocytes,0.9993826,CD14+ Monocytes,test
ATATGCCTGGACAG-1,CD4 T cells,0.99724716,CD4 T cells,train
ATATGCCTTCTCTA-1,CD4 T cells,0.99888486,CD4 T cells,train
ATATGCCTTGGTAC-1,CD4 T cells,0.9998317,CD4 T cells,train
ATCAAATGAGCCTA-1,CD14+ Monocytes,0.9987036,CD14+ Monocytes,train
ATCAAATGGGTAAA-1,FCGR3A+ Monocytes,0.99958307,FCGR3A+ Monocytes,train
ATCAACCTAAACGA-1,CD4 T cells,0.9999665,CD4 T cells,test
ATCAACCTGAGGAC-1,CD4 T cells,0.9999969,CD4 T cells,train
ATCAACCTTCTCTA-1,CD8 T cells,0.9999347,CD8 T cells,test
ATCAACCTTTGTCT-1,CD8 T cells,0.9987004,CD8 T cells,train
ATCACACTTTGTCT-1,CD4 T cells,0.997276,CD4 T cells,test
ATCACGGATTTCGT-1,B cells,0.9962819,B cells,train
ATCATCTGACACCA-1,Megakaryocytes,0.99710256,Megakaryocytes,train
ATCATGCTAGAGTA-1,CD8 T cells,0.99972767,CD8 T cells,test
ATCATGCTGAACCT-1,B cells,0.99976593,B cells,train
ATCCAGGACGCTAA-1,FCGR3A+ Monocytes,0.99973875,FCGR3A+ Monocytes,train
ATCCAGGATGGAAA-1,CD4 T cells,0.99934274,CD4 T cells,test
ATCCATACTCCTTA-1,CD14+ Monocytes,0.9995159,CD14+ Monocytes,train
ATCCATACTTCATC-1,FCGR3A+ Monocytes,0.999912,FCGR3A+ Monocytes,train
ATCCCGTGCAGTCA-1,NK cells,0.99970454,NK cells,train
ATCCCGTGCATGCA-1,B cells,0.9998115,B cells,train
ATCCCGTGGCTGAT-1,B cells,0.9998253,B cells,train
ATCCGCACGCATCA-1,B cells,0.9995567,B cells,train
ATCCTAACGACGGA-1,B cells,0.99893385,B cells,train
ATCCTAACGCTACA-1,CD8 T cells,0.6622034,CD8 T cells,test
ATCGACGAAACTGC-1,CD14+ Monocytes,0.9943152,CD14+ Monocytes,train
ATCGACGAATGACC-1,CD4 T cells,0.9999776,CD4 T cells,test
ATCGAGTGGACGTT-1,CD8 T cells,0.99864906,CD8 T cells,train
ATCGCAGAATCTCT-1,FCGR3A+ Monocytes,0.9990319,FCGR3A+ Monocytes,train
ATCGCAGAGTGTCA-1,B cells,0.99971575,B cells,train
ATCGCCACTGAGGG-1,CD8 T cells,0.99673116,CD8 T cells,train
ATCGCCTGGGTCAT-1,CD4 T cells,0.99997306,CD4 T cells,train
ATCGCCTGTGGCAT-1,B cells,0.9994491,B cells,train
ATCGCGCTCAGAGG-1,CD14+ Monocytes,0.99991703,CD14+ Monocytes,train
ATCGCGCTGGGATG-1,CD4 T cells,0.9999801,CD4 T cells,test
ATCGCGCTTTTCGT-1,B cells,0.9961055,B cells,train
ATCGGAACCAGTCA-1,CD4 T cells,0.99921644,CD4 T cells,train
ATCGGTGAGTCAAC-1,CD4 T cells,0.99987614,CD4 T cells,train
ATCGGTGATTGCAG-1,CD4 T cells,0.9987166,CD4 T cells,test
ATCGTTTGCCTACC-1,CD14+ Monocytes,0.9998317,CD14+ Monocytes,train
ATCGTTTGGGTACT-1,CD14+ Monocytes,0.9998161,CD14+ Monocytes,test
ATCGTTTGTGCCAA-1,CD14+ Monocytes,0.9997925,CD14+ Monocytes,train
ATCTACACCCGCTT-1,CD14+ Monocytes,0.99998236,CD14+ Monocytes,train
ATCTACACCGGGAA-1,CD4 T cells,0.99977857,CD4 T cells,train
ATCTCAACAGGAGC-1,B cells,0.9996063,B cells,train
ATCTCAACCTCGAA-1,CD4 T cells,0.9994923,CD4 T cells,test
ATCTCAACCTTGTT-1,CD14+ Monocytes,0.99974936,CD14+ Monocytes,test
ATCTGGGAAACCAC-1,CD14+ Monocytes,0.9992287,CD14+ Monocytes,train
ATCTGGGAAGTGTC-1,CD14+ Monocytes,0.9930608,CD14+ Monocytes,train
ATCTGGGATTCCGC-1,CD8 T cells,0.9945391,CD8 T cells,train
ATCTGTTGAACGGG-1,CD4 T cells,0.99986243,CD4 T cells,test
ATCTGTTGACCTCC-1,CD4 T cells,0.99865013,CD4 T cells,train
ATCTGTTGCCTTCG-1,FCGR3A+ Monocytes,0.9761761,FCGR3A+ Monocytes,test
ATCTGTTGGTTGCA-1,CD4 T cells,0.9991536,CD4 T cells,train
ATCTTGACACCAAC-1,CD4 T cells,0.9994822,CD4 T cells,train
ATCTTGACCTCCCA-1,CD14+ Monocytes,0.9988771,CD14+ Monocytes,train
ATCTTTCTGCATCA-1,CD8 T cells,0.9980964,CD8 T cells,train
ATCTTTCTGTTTCT-1,CD8 T cells,0.95563716,CD8 T cells,test
ATCTTTCTTGTCCC-1,NK cells,0.99997616,NK cells,train
ATGAAACTCTGTGA-1,CD4 T cells,0.99975866,CD8 T cells,test
ATGAAACTGAGGCA-1,CD4 T cells,0.999969,CD4 T cells,train
ATGAAGGAACAGCT-1,CD8 T cells,0.99418044,CD8 T cells,train
ATGAAGGACCTGTC-1,B cells,0.9995376,B cells,train
ATGAAGGACCTTAT-1,B cells,0.99983895,B cells,test
ATGAAGGACTAGTG-1,B cells,0.99529845,B cells,test
ATGAAGGACTTGCC-1,NK cells,0.99991524,NK cells,train
ATGACGTGACGACT-1,B cells,0.99997985,B cells,test
ATGACGTGATCGGT-1,CD14+ Monocytes,0.7032217,FCGR3A+ Monocytes,test
ATGAGAGAAAGTGA-1,CD4 T cells,0.99922585,CD4 T cells,train
ATGAGAGAACGCAT-1,CD4 T cells,0.9998104,CD4 T cells,train
ATGAGAGAAGTAGA-1,B cells,0.9998336,B cells,train
ATGAGCACACAGCT-1,CD4 T cells,0.999884,CD4 T cells,train
ATGAGCACATCTTC-1,CD4 T cells,0.9999982,CD4 T cells,train
ATGATAACTTCACT-1,NK cells,0.9974233,NK cells,train
ATGATATGAAACAG-1,CD4 T cells,0.9998436,CD4 T cells,train
ATGATATGACTGGT-1,CD4 T cells,0.999918,CD4 T cells,train
ATGATATGAGCACT-1,CD4 T cells,0.99992967,CD4 T cells,train
ATGATATGGTCATG-1,CD4 T cells,0.99956745,CD4 T cells,test
ATGATATGGTGCTA-1,NK cells,0.9995776,NK cells,train
ATGATATGTTGTCT-1,CD14+ Monocytes,0.9562166,CD14+ Monocytes,test
ATGCACGAATGTCG-1,B cells,0.99879223,B cells,train
ATGCACGACTGTAG-1,CD4 T cells,0.9999058,CD4 T cells,train
ATGCACGAGAACCT-1,B cells,0.99413645,B cells,train
ATGCACGAGTTCGA-1,CD4 T cells,0.9998084,CD4 T cells,test
ATGCACGATTGGTG-1,FCGR3A+ Monocytes,0.9398852,CD14+ Monocytes,test
ATGCAGTGTTACCT-1,B cells,0.99584574,B cells,test
ATGCAGTGTTCTAC-1,CD4 T cells,0.9988726,CD4 T cells,train
ATGCCAGAACGACT-1,CD4 T cells,0.9999896,CD4 T cells,train
ATGCCAGACAGTCA-1,CD14+ Monocytes,0.999851,CD14+ Monocytes,train
ATGCCGCTTGAACC-1,CD14+ Monocytes,0.9995708,CD14+ Monocytes,train
ATGCGATGCTATGG-1,CD14+ Monocytes,0.9992144,CD14+ Monocytes,train
ATGCGATGCTGAGT-1,CD4 T cells,0.9999354,CD4 T cells,test
ATGCGATGGTTACG-1,B cells,0.9942742,B cells,train
ATGCGCCTTCATTC-1,CD4 T cells,0.99996686,CD4 T cells,train
ATGCTTTGCGAATC-1,CD4 T cells,0.99996316,CD4 T cells,train
ATGCTTTGGGCGAA-1,CD8 T cells,0.9889214,CD8 T cells,test
ATGCTTTGTAGTCG-1,B cells,0.9998147,B cells,test
ATGGACACATCGGT-1,CD4 T cells,0.9999583,CD4 T cells,test
ATGGACACGCATCA-1,CD8 T cells,0.55291986,NK cells,test
ATGGGTACAACCTG-1,B cells,0.9998161,B cells,train
ATGGGTACATCGGT-1,NK cells,0.99962175,NK cells,train
ATGGGTACTATTCC-1,CD4 T cells,0.99999523,CD4 T cells,train
ATGGGTACTGGGAG-1,CD4 T cells,0.99869764,CD4 T cells,train
ATGTAAACACCTCC-1,CD4 T cells,0.999974,CD4 T cells,train
ATGTAAACCCGCTT-1,CD4 T cells,0.99966884,CD4 T cells,train
ATGTAAACGGGATG-1,Dendritic cells,0.8133806,Dendritic cells,test
ATGTAAACTCTCCG-1,CD8 T cells,0.99625766,CD8 T cells,train
ATGTAAACTTCACT-1,CD14+ Monocytes,0.9998503,CD14+ Monocytes,train
ATGTACCTCAGTCA-1,CD4 T cells,0.9996344,CD4 T cells,train
ATGTACCTTAGTCG-1,CD4 T cells,0.99956924,CD4 T cells,test
ATGTACCTTTATCC-1,CD14+ Monocytes,0.9999467,CD14+ Monocytes,train
ATGTACCTTTCACT-1,CD8 T cells,0.9972963,CD8 T cells,train
ATGTCACTAATGCC-1,CD14+ Monocytes,0.9998853,CD14+ Monocytes,train
ATGTCACTCTGCTC-1,CD4 T cells,0.9998399,CD4 T cells,test
ATGTCGGAGGTGAG-1,CD4 T cells,0.99996126,CD4 T cells,train
ATGTTCACAGTCTG-1,CD14+ Monocytes,0.99937576,CD14+ Monocytes,train
ATGTTCACCGTAGT-1,CD4 T cells,0.99952316,CD4 T cells,train
ATGTTGCTTTCAGG-1,CD4 T cells,0.9998369,CD4 T cells,train
ATTAACGATGAGAA-1,NK cells,0.99791056,NK cells,test
ATTAACGATGCAAC-1,CD8 T cells,0.9974126,CD8 T cells,train
ATTAAGACTGCAGT-1,CD4 T cells,0.9990845,CD4 T cells,test
ATTACCTGCCTTAT-1,CD14+ Monocytes,0.99993277,CD14+ Monocytes,train
ATTACCTGGAGGAC-1,FCGR3A+ Monocytes,0.9958742,FCGR3A+ Monocytes,train
ATTAGATGTTTCAC-1,CD4 T cells,0.9999541,CD4 T cells,test
ATTATGGAATCTCT-1,CD4 T cells,0.9993556,CD4 T cells,train
ATTCAAGAACGGGA-1,CD4 T cells,0.99950933,CD4 T cells,train
ATTCAAGACCTTTA-1,CD4 T cells,0.99995136,CD4 T cells,train
ATTCAGCTCATTGG-1,Megakaryocytes,0.9971643,Megakaryocytes,train
ATTCCAACCATTGG-1,CD14+ Monocytes,0.9993368,CD14+ Monocytes,train
ATTCCAACTTAGGC-1,NK cells,0.9961577,NK cells,train
ATTCGACTCACTAG-1,CD8 T cells,0.9973031,CD8 T cells,train
ATTCGACTGAATAG-1,CD14+ Monocytes,0.99969137,CD14+ Monocytes,train
ATTCGACTTTTGTC-1,FCGR3A+ Monocytes,0.9987784,FCGR3A+ Monocytes,test
ATTCGGGAAAGGCG-1,CD14+ Monocytes,0.9854177,CD14+ Monocytes,train
ATTCGGGATTAGGC-1,CD4 T cells,0.99960643,CD4 T cells,train
ATTCTTCTGATACC-1,CD4 T cells,0.9995382,CD4 T cells,train
ATTGAATGGACGGA-1,CD4 T cells,0.997239,CD4 T cells,train
ATTGATGAAGGTTC-1,CD4 T cells,0.9998778,CD4 T cells,train
ATTGATGACTGAGT-1,CD4 T cells,0.9999776,CD4 T cells,train
ATTGATGAGCGAAG-1,CD4 T cells,0.99999774,CD4 T cells,test
ATTGATGATCTATC-1,CD4 T cells,0.9988111,CD4 T cells,train
ATTGCACTGACGGA-1,CD4 T cells,0.9999827,CD4 T cells,train
ATTGCACTGAGAGC-1,FCGR3A+ Monocytes,0.9975702,FCGR3A+ Monocytes,train
ATTGCACTGGAGCA-1,CD14+ Monocytes,0.99995196,CD14+ Monocytes,train
ATTGCACTTAGCCA-1,CD4 T cells,0.99999344,CD4 T cells,test
ATTGCACTTGCTTT-1,FCGR3A+ Monocytes,0.9997094,FCGR3A+ Monocytes,test
ATTGCTTGTTACTC-1,B cells,0.99714905,B cells,train
ATTGGTCTGACTAC-1,B cells,0.9981993,B cells,train
ATTGGTCTTGTCTT-1,B cells,0.99972993,B cells,train
ATTGTAGATTCCCG-1,CD14+ Monocytes,0.72901493,Dendritic cells,test
ATTGTAGATTGCAG-1,CD4 T cells,0.7840992,CD4 T cells,train
ATTGTCTGCGTACA-1,CD4 T cells,0.9999746,CD4 T cells,train
ATTTAGGAACCATG-1,FCGR3A+ Monocytes,0.9994821,FCGR3A+ Monocytes,train
ATTTAGGACAGAGG-1,CD4 T cells,0.9998722,CD4 T cells,train
ATTTCCGAGATGAA-1,CD4 T cells,0.9999826,CD4 T cells,test
ATTTCCGAGTGCTA-1,CD4 T cells,0.9994697,CD4 T cells,train
ATTTCGTGTATGGC-1,NK cells,0.99620867,NK cells,train
ATTTCTCTACTTTC-1,FCGR3A+ Monocytes,0.99965346,FCGR3A+ Monocytes,train
ATTTCTCTAGCAAA-1,CD4 T cells,0.997758,CD4 T cells,train
ATTTCTCTCACTTT-1,FCGR3A+ Monocytes,0.69783425,FCGR3A+ Monocytes,test
ATTTCTCTTCCCAC-1,CD4 T cells,0.99988806,CD4 T cells,train
ATTTGCACAAGATG-1,CD14+ Monocytes,0.99942744,CD14+ Monocytes,train
CAAAGCACAGCTCA-1,CD4 T cells,0.99912924,CD4 T cells,train
CAAAGCACCGTAAC-1,B cells,0.9469073,B cells,test
CAAAGCACGGTAAA-1,NK cells,0.99616635,NK cells,train
CAAAGCTGAAAGTG-1,CD4 T cells,0.998985,CD4 T cells,train
CAAAGCTGTTGCTT-1,CD14+ Monocytes,0.99933344,CD14+ Monocytes,train
CAAATATGTGACAC-1,CD4 T cells,0.9997832,CD4 T cells,test
CAAATTGAGGGCAA-1,CD8 T cells,0.76937544,CD4 T cells,test
CAAATTGATGGAGG-1,CD14+ Monocytes,0.99994624,CD14+ Monocytes,train
CAACCAGAAAAGTG-1,CD4 T cells,0.9997925,CD4 T cells,train
CAACCAGAAGTGCT-1,CD4 T cells,0.9997286,CD4 T cells,train
CAACCAGAGTTCAG-1,CD14+ Monocytes,0.9990434,CD14+ Monocytes,train
CAACCAGATAGAAG-1,CD14+ Monocytes,0.9999378,CD14+ Monocytes,test
CAACCGCTGTTCAG-1,CD4 T cells,0.999759,CD4 T cells,train
CAACCGCTTTGAGC-1,CD4 T cells,0.99986935,CD4 T cells,train
CAACGATGCGCAAT-1,FCGR3A+ Monocytes,0.99140877,FCGR3A+ Monocytes,train
CAACGTGACTCCAC-1,CD14+ Monocytes,0.99979013,CD14+ Monocytes,train
CAACGTGAGCCATA-1,CD8 T cells,0.9902351,CD8 T cells,test
CAACGTGATCAAGC-1,CD14+ Monocytes,0.9946696,CD14+ Monocytes,train
CAAGAAGACCACAA-1,CD8 T cells,0.9994252,CD4 T cells,test
CAAGAAGACGTCTC-1,CD14+ Monocytes,0.99881685,CD14+ Monocytes,test
CAAGAAGATTCTAC-1,CD4 T cells,0.999111,CD4 T cells,train
CAAGACTGACCTGA-1,B cells,0.9999422,B cells,train
CAAGACTGAGTAGA-1,B cells,0.99993217,B cells,test
CAAGCTGACCATAG-1,FCGR3A+ Monocytes,0.9999585,FCGR3A+ Monocytes,train
CAAGCTGATCTATC-1,CD8 T cells,0.99569255,CD8 T cells,train
CAAGGACTGTTCAG-1,CD4 T cells,0.9987338,CD4 T cells,train
CAAGGACTTCTTTG-1,CD8 T cells,0.9989617,CD8 T cells,train
CAAGGTTGCTCCAC-1,CD4 T cells,0.9997925,CD4 T cells,train
CAAGGTTGTCATTC-1,B cells,0.9995148,B cells,train
CAAGGTTGTCTGGA-1,NK cells,0.99986136,NK cells,test
CAAGTCGAAACAGA-1,B cells,0.9991597,B cells,train
CAAGTCGATAGCGT-1,CD14+ Monocytes,0.99996233,CD14+ Monocytes,test
CAATAAACGCCATA-1,CD14+ Monocytes,0.99995744,CD14+ Monocytes,train
CAATAATGAACTGC-1,CD14+ Monocytes,0.99998605,CD14+ Monocytes,test
CAATATGACATGGT-1,CD4 T cells,0.9995652,CD4 T cells,train
CAATATGACCTTCG-1,NK cells,0.9953945,NK cells,train
CAATATGACGTTAG-1,CD4 T cells,0.99998,CD4 T cells,test
CAATATGAGGAGCA-1,CD4 T cells,0.98809975,CD4 T cells,test
CAATCGGAGAAACA-1,CD4 T cells,0.9998084,CD4 T cells,train
CAATCTACTGACTG-1,NK cells,0.9999751,NK cells,train
CAATTCACCCAACA-1,CD8 T cells,0.9996012,CD8 T cells,train
CAATTCACGATAGA-1,CD4 T cells,0.999406,CD4 T cells,train
CAATTCACTTGTGG-1,CD4 T cells,0.9997092,CD4 T cells,train
CAATTCTGCTTGTT-1,CD14+ Monocytes,0.9996332,CD14+ Monocytes,train
CAATTCTGGCGTAT-1,CD14+ Monocytes,0.9934737,CD14+ Monocytes,train
CACAACGATACGAC-1,CD4 T cells,0.99973875,CD4 T cells,train
CACAATCTTGTTCT-1,CD4 T cells,0.9984206,CD4 T cells,train
CACAATCTTTCCAT-1,CD8 T cells,0.9921135,CD8 T cells,train
CACACCTGCTTGAG-1,CD4 T cells,0.9999651,CD4 T cells,test
CACACCTGTATGGC-1,CD4 T cells,0.9999249,CD4 T cells,train
CACAGAACCCTTGC-1,B cells,0.46005672,CD4 T cells,train
CACAGAACCTGATG-1,CD4 T cells,0.99391115,CD4 T cells,train
CACAGATGGGATTC-1,CD4 T cells,0.95365155,CD4 T cells,test
CACAGATGGTTTCT-1,CD14+ Monocytes,0.99975044,CD14+ Monocytes,train
CACAGCCTGATACC-1,CD4 T cells,0.7857321,CD4 T cells,test
CACAGCCTTGCCAA-1,FCGR3A+ Monocytes,0.9992441,FCGR3A+ Monocytes,train
CACAGCCTTGTAGC-1,CD4 T cells,0.99999905,CD4 T cells,train
CACAGTGATGAAGA-1,CD14+ Monocytes,0.9998765,CD14+ Monocytes,train
CACATACTACAGCT-1,CD8 T cells,0.99494666,CD8 T cells,test
CACATGGAACACGT-1,CD4 T cells,0.99979144,CD4 T cells,train
CACATGGAAGTCGT-1,CD4 T cells,0.99973565,CD4 T cells,train
CACCACTGCCAACA-1,CD4 T cells,0.99963844,CD4 T cells,train
CACCACTGGCGAAG-1,NK cells,0.9988361,NK cells,train
CACCCATGTTCTGT-1,CD8 T cells,0.9973385,CD4 T cells,test
CACCGGGAATCGAC-1,CD4 T cells,0.99797577,CD4 T cells,train
CACCGGGACGAGAG-1,CD8 T cells,0.98982143,CD8 T cells,train
CACCGGGACGTGTA-1,CD4 T cells,0.9998448,CD4 T cells,train
CACCGGGACTTCTA-1,CD8 T cells,0.9996401,CD8 T cells,train
CACCGGGACTTGCC-1,CD8 T cells,0.99897695,CD8 T cells,train
CACCGGGATTCGGA-1,CD8 T cells,0.9867654,CD8 T cells,train
CACCGTACTAAGGA-1,B cells,0.99960333,B cells,train
CACCGTACTAGCGT-1,CD4 T cells,0.9999927,CD4 T cells,train
CACCTGACACCCAA-1,CD8 T cells,0.9993024,CD8 T cells,test
CACCTGACCAGAAA-1,CD4 T cells,0.99981636,CD8 T cells,train
CACCTGACCTCAAG-1,CD8 T cells,0.9996885,CD8 T cells,train
CACCTGACGAAAGT-1,B cells,0.9968201,B cells,test
CACCTGACTCGTAG-1,CD4 T cells,0.9997621,CD4 T cells,test
CACGAAACTTCCGC-1,B cells,0.99947816,B cells,train
CACGACCTCGATAC-1,B cells,0.9990213,B cells,train
CACGCTACAGAAGT-1,CD4 T cells,0.9992167,CD4 T cells,test
CACGCTACTGTTCT-1,B cells,0.99990666,B cells,test
CACGGGACAGAGTA-1,CD4 T cells,0.999388,CD4 T cells,test
CACGGGACATAAGG-1,CD4 T cells,0.9999964,CD4 T cells,train
CACGGGACGTAGGG-1,CD4 T cells,0.99999213,CD4 T cells,train
CACGGGTGCTTCGC-1,CD8 T cells,0.99989593,CD8 T cells,train
CACGGGTGGAGGAC-1,CD8 T cells,0.9914123,CD8 T cells,train
CACGGGTGTGTTTC-1,CD4 T cells,0.9994935,CD4 T cells,train
CACTAACTCCTAAG-1,B cells,0.9981244,B cells,train
CACTAACTGAAAGT-1,CD4 T cells,0.99999523,CD4 T cells,train
CACTAGGATGATGC-1,B cells,0.9990139,B cells,train
CACTATACCCCGTT-1,B cells,0.991339,B cells,train
CACTATACGTTTGG-1,CD8 T cells,0.998059,CD8 T cells,train
CACTGAGACAGTCA-1,CD14+ Monocytes,0.9996402,CD14+ Monocytes,train
CACTGCACTTCATC-1,CD4 T cells,0.99994206,CD4 T cells,train
CACTGCTGAGACTC-1,FCGR3A+ Monocytes,0.9995259,FCGR3A+ Monocytes,train
CACTGCTGGAAAGT-1,CD4 T cells,0.9999913,CD4 T cells,test
CACTTAACCGAATC-1,CD4 T cells,0.9999131,CD4 T cells,train
CACTTAACCGTACA-1,B cells,0.99989545,B cells,test
CACTTTGACTCTAT-1,CD8 T cells,0.9967475,CD8 T cells,train
CACTTTGAGCTGTA-1,CD8 T cells,0.9988085,CD8 T cells,train
CAGAAGCTCTCAAG-1,CD4 T cells,0.9960312,CD4 T cells,train
CAGACATGAACGGG-1,CD4 T cells,0.99983585,CD4 T cells,train
CAGACATGTCGACA-1,CD4 T cells,0.9999964,CD4 T cells,test
CAGACCCTAAGGTA-1,FCGR3A+ Monocytes,0.9999459,FCGR3A+ Monocytes,train
CAGACCCTAATGCC-1,CD4 T cells,0.99988925,CD4 T cells,train
CAGACCCTAGGAGC-1,CD4 T cells,0.9999213,CD4 T cells,test
CAGACTGAGTATGC-1,CD4 T cells,0.99993396,CD4 T cells,test
CAGATCGAATGTCG-1,B cells,0.9993787,B cells,train
CAGATCGACCTGAA-1,CD4 T cells,0.9986482,CD4 T cells,train
CAGATCGATATGGC-1,CD4 T cells,0.99998236,CD4 T cells,train
CAGATGACATTCTC-1,CD8 T cells,0.68700826,NK cells,test
CAGCAATGCCTTCG-1,CD4 T cells,0.99999964,CD4 T cells,test
CAGCAATGGAGGGT-1,NK cells,0.9982938,NK cells,test
CAGCAATGGTGCTA-1,CD4 T cells,0.9999945,CD4 T cells,test
CAGCAATGTCTACT-1,CD14+ Monocytes,0.9999678,CD14+ Monocytes,test
CAGCAATGTGACCA-1,CD4 T cells,0.99994874,CD4 T cells,train
CAGCAATGTGAGGG-1,CD14+ Monocytes,0.9997198,CD14+ Monocytes,train
CAGCACCTAAGCCT-1,CD4 T cells,0.99994326,CD4 T cells,train
CAGCACCTAGGCGA-1,CD4 T cells,0.9997409,CD4 T cells,train
CAGCACCTGTAGGG-1,CD14+ Monocytes,0.9993337,CD14+ Monocytes,test
CAGCATGACAACCA-1,CD14+ Monocytes,0.99997973,CD14+ Monocytes,train
CAGCATGAGACGTT-1,CD8 T cells,0.9903285,CD8 T cells,train
CAGCCTACCCAACA-1,CD4 T cells,0.999772,CD4 T cells,test
CAGCCTTGCTACCC-1,CD14+ Monocytes,0.99991906,CD14+ Monocytes,train
CAGCCTTGGGGACA-1,CD4 T cells,0.9909979,CD4 T cells,test
CAGCGGACACCCTC-1,CD4 T cells,0.99846953,CD4 T cells,train
CAGCGGACCTTTAC-1,NK cells,0.9340333,NK cells,test
CAGCGTCTAAAGCA-1,CD4 T cells,0.99992,CD4 T cells,train
CAGCGTCTTATCGG-1,CD4 T cells,0.99998,CD4 T cells,train
CAGCTAGATGTGAC-1,CD14+ Monocytes,0.9990024,CD14+ Monocytes,train
CAGCTCTGAGGCGA-1,CD4 T cells,0.9994765,CD4 T cells,train
CAGCTCTGCAAGCT-1,CD8 T cells,0.99779356,CD8 T cells,train
CAGCTCTGTCGTAG-1,CD14+ Monocytes,0.9992843,CD14+ Monocytes,test
CAGCTCTGTGTGGT-1,NK cells,0.9989073,NK cells,test
CAGGAACTAACTGC-1,CD8 T cells,0.99975115,CD8 T cells,train
CAGGAACTCTCAGA-1,CD14+ Monocytes,0.99971825,CD14+ Monocytes,train
CAGGCCGAACACCA-1,CD4 T cells,0.9997209,CD4 T cells,test
CAGGCCGAACACGT-1,CD4 T cells,0.9999927,CD4 T cells,test
CAGGCCGAACGACT-1,CD4 T cells,0.99867827,CD4 T cells,train
CAGGCCGAATCTCT-1,CD14+ Monocytes,0.99613696,CD14+ Monocytes,train
CAGGCCGACTAGCA-1,B cells,0.9984787,B cells,test
CAGGGCACCATACG-1,B cells,0.9997967,B cells,test
CAGGGCACCCAACA-1,CD4 T cells,0.99973387,CD4 T cells,train
CAGGGCACTCCCGT-1,CD4 T cells,0.99960417,CD4 T cells,test
CAGGTAACAGACTC-1,CD14+ Monocytes,0.9755681,CD14+ Monocytes,test
CAGGTATGAGTCGT-1,CD4 T cells,0.9976544,CD4 T cells,train
CAGGTATGTGCTTT-1,CD4 T cells,0.9990988,CD4 T cells,train
CAGGTTGAGGATCT-1,B cells,0.9968869,B cells,train
CAGTGATGGACGGA-1,B cells,0.99939644,B cells,train
CAGTGATGGCTAAC-1,CD8 T cells,0.9991466,CD8 T cells,test
CAGTGATGGGACAG-1,CD4 T cells,0.9999969,CD4 T cells,train
CAGTGATGTAAGGA-1,B cells,0.999074,B cells,train
CAGTGATGTACGCA-1,CD4 T cells,0.9877929,CD4 T cells,train
CAGTGTGATGTCAG-1,CD4 T cells,0.9997416,CD4 T cells,test
CAGTTACTAAGGTA-1,B cells,0.99943227,B cells,train
CAGTTACTGATAGA-1,CD4 T cells,0.99998736,CD4 T cells,train
CAGTTGGAAAGAGT-1,CD14+ Monocytes,0.9979911,CD14+ Monocytes,train
CAGTTGGACATACG-1,CD4 T cells,0.99991786,CD4 T cells,train
CAGTTTACACACGT-1,NK cells,0.9960782,NK cells,train
CAGTTTACCCCAAA-1,CD4 T cells,0.9997807,CD4 T cells,train
CATAAAACGGAGCA-1,CD14+ Monocytes,0.9998332,CD14+ Monocytes,test
CATAAATGAACTGC-1,CD4 T cells,0.99987507,CD4 T cells,train
CATAACCTTCTCCG-1,CD4 T cells,0.999995,CD4 T cells,train
CATACTACCTCGAA-1,CD4 T cells,0.9996063,CD4 T cells,test
CATACTACCTGAAC-1,CD4 T cells,0.9999994,CD4 T cells,train
CATACTACGTACCA-1,CD14+ Monocytes,0.9995023,CD14+ Monocytes,train
CATACTTGGGTTAC-1,FCGR3A+ Monocytes,0.9996805,CD4 T cells,test
CATAGTCTAATCGC-1,CD4 T cells,0.9991266,CD4 T cells,test
CATAGTCTCACTTT-1,CD4 T cells,0.9966394,CD4 T cells,train
CATATAGACTAAGC-1,Dendritic cells,0.8408441,Dendritic cells,train
CATATAGATCAGGT-1,B cells,0.99913496,B cells,train
CATCAACTAGAAGT-1,CD4 T cells,0.9999893,CD4 T cells,test
CATCAACTCCCTCA-1,CD4 T cells,0.9998745,CD4 T cells,train
CATCAGGACTTCCG-1,NK cells,0.99987483,NK cells,train
CATCAGGATAGCCA-1,CD8 T cells,0.90589994,NK cells,test
CATCAGGATCCTAT-1,FCGR3A+ Monocytes,0.99995387,FCGR3A+ Monocytes,train
CATCAGGATGCACA-1,CD14+ Monocytes,0.9996543,CD14+ Monocytes,test
CATCAGGATTTCGT-1,CD14+ Monocytes,0.9998406,CD14+ Monocytes,test
CATCATACCGCATA-1,CD14+ Monocytes,0.9985177,CD14+ Monocytes,train
CATCATACGGAGCA-1,B cells,0.99951816,B cells,train
CATCATACTCAAGC-1,CD4 T cells,0.9997209,CD4 T cells,train
CATCGCTGGGATCT-1,CD4 T cells,0.99935836,CD4 T cells,train
CATCGCTGTGGCAT-1,B cells,0.99976057,B cells,train
CATCGGCTATGCTG-1,CD4 T cells,0.9801451,CD4 T cells,test
CATCGGCTTTGGCA-1,CD4 T cells,0.9793001,CD4 T cells,train
CATCTCCTATGTGC-1,B cells,0.9998957,B cells,train
CATCTCCTCGAACT-1,CD14+ Monocytes,0.9963476,CD14+ Monocytes,train
CATGAGACACGGGA-1,B cells,0.9984785,B cells,test
CATGAGACGTTGAC-1,NK cells,0.99971217,NK cells,train
CATGAGACTCGCCT-1,CD4 T cells,0.99999166,CD4 T cells,test
CATGCCACGGGTGA-1,CD4 T cells,0.99958307,CD4 T cells,test
CATGCCACTGCCAA-1,CD4 T cells,0.999861,CD4 T cells,train
CATGCGCTAGTCAC-1,FCGR3A+ Monocytes,0.99971336,FCGR3A+ Monocytes,train
CATGCGCTCAGATC-1,CD14+ Monocytes,0.9996538,CD14+ Monocytes,train
CATGCGCTTTGCAG-1,FCGR3A+ Monocytes,0.9977234,FCGR3A+ Monocytes,train
CATGGCCTAGGGTG-1,CD14+ Monocytes,0.99990976,CD14+ Monocytes,train
CATGGCCTGTGCAT-1,CD4 T cells,0.9999527,CD4 T cells,train
CATGTACTATCGTG-1,CD8 T cells,0.99588746,CD8 T cells,train
CATGTTACAGTCGT-1,CD8 T cells,0.9999336,CD8 T cells,train
CATGTTACCTGAGT-1,CD4 T cells,0.99818206,CD4 T cells,train
CATGTTTGGGGATG-1,CD14+ Monocytes,0.9998105,CD14+ Monocytes,test
CATTACACACGGAG-1,B cells,0.99811053,B cells,train
CATTACACCAACTG-1,NK cells,0.9996069,NK cells,train
CATTACACGGAGTG-1,CD4 T cells,0.99985754,CD4 T cells,test
CATTACACTACTCT-1,CD4 T cells,0.99998605,CD4 T cells,train
CATTAGCTCCACAA-1,CD14+ Monocytes,0.99938893,CD14+ Monocytes,train
CATTGACTAGCGGA-1,CD14+ Monocytes,0.9998975,CD14+ Monocytes,test
CATTGGGACTCGAA-1,CD4 T cells,0.99510705,CD4 T cells,train
CATTGTACAGCGTT-1,CD4 T cells,0.99935955,CD4 T cells,test
CATTGTACTCGATG-1,B cells,0.9993482,B cells,test
CATTGTACTTATCC-1,CD4 T cells,0.9999876,CD4 T cells,train
CATTGTACTTTGCT-1,FCGR3A+ Monocytes,0.9997389,FCGR3A+ Monocytes,train
CATTGTTGCTAGTG-1,CD4 T cells,0.9999527,CD4 T cells,test
CATTTCGACTCTAT-1,CD8 T cells,0.9989735,CD8 T cells,train
CATTTCGAGATACC-1,NK cells,0.9998191,NK cells,train
CATTTGACCACACA-1,CD8 T cells,0.99989486,CD8 T cells,train
CATTTGACCCTGAA-1,CD8 T cells,0.99631906,CD8 T cells,test
CATTTGTGACGACT-1,B cells,0.99819595,B cells,train
CATTTGTGCATTGG-1,CD4 T cells,0.99948955,CD4 T cells,train
CATTTGTGCGGAGA-1,CD4 T cells,0.99961424,CD4 T cells,train
CATTTGTGGGATCT-1,B cells,0.99988174,B cells,train
CCAAAGTGCTACGA-1,CD14+ Monocytes,0.99668956,CD14+ Monocytes,train
CCAAAGTGTGAGAA-1,CD14+ Monocytes,0.99997663,CD14+ Monocytes,train
CCAACCTGAAGTAG-1,CD8 T cells,0.95750517,CD8 T cells,test
CCAACCTGACGTAC-1,CD14+ Monocytes,0.99971217,CD14+ Monocytes,test
CCAACCTGTTCGCC-1,CD14+ Monocytes,0.9994929,CD14+ Monocytes,train
CCAAGAACCCAATG-1,CD4 T cells,0.996552,CD4 T cells,test
CCAAGAACGTAGCT-1,CD4 T cells,0.9998698,CD4 T cells,train
CCAAGAACGTGTCA-1,CD4 T cells,0.9999907,CD4 T cells,train
CCAAGAACTACTGG-1,CD8 T cells,0.9902637,CD8 T cells,train
CCAAGAACTCCTAT-1,B cells,0.9976659,B cells,train
CCAAGATGTCATTC-1,CD4 T cells,0.9999429,CD4 T cells,test
CCAAGATGTTTCAC-1,CD4 T cells,0.9999548,CD4 T cells,train
CCAAGTGAGGAACG-1,CD4 T cells,0.9982279,CD4 T cells,train
CCAAGTGATCAAGC-1,CD4 T cells,0.99978274,CD4 T cells,train
CCAATTTGAACGTC-1,CD14+ Monocytes,0.99999213,CD14+ Monocytes,train
CCACCATGAACGTC-1,CD4 T cells,0.99977,CD4 T cells,train
CCACCATGATCGGT-1,CD4 T cells,0.9999893,CD4 T cells,test
CCACCATGGACGAG-1,FCGR3A+ Monocytes,0.9992112,FCGR3A+ Monocytes,train
CCACCATGGGGAGT-1,CD4 T cells,0.9999869,CD4 T cells,test
CCACCATGTCCTGC-1,CD8 T cells,0.99414945,CD8 T cells,train
CCACTGACCCGCTT-1,CD14+ Monocytes,0.99994373,CD14+ Monocytes,test
CCACTGTGGGAAGC-1,CD14+ Monocytes,0.9997676,CD14+ Monocytes,train
CCACTGTGTGTAGC-1,CD4 T cells,0.9999651,CD4 T cells,test
CCACTTCTCGGGAA-1,CD14+ Monocytes,0.99914443,CD14+ Monocytes,train
CCAGAAACCCTGTC-1,B cells,0.9993812,B cells,test
CCAGAAACGAACTC-1,CD4 T cells,0.9999511,CD4 T cells,test
CCAGAAACGGTCTA-1,CD4 T cells,0.9997601,CD4 T cells,train
CCAGACCTCTGAGT-1,CD14+ Monocytes,0.99962664,CD14+ Monocytes,train
CCAGACCTTGTGGT-1,CD4 T cells,0.9999882,CD4 T cells,train
CCAGCACTGCGATT-1,FCGR3A+ Monocytes,0.99790454,FCGR3A+ Monocytes,train
CCAGCGGAAAGGCG-1,CD14+ Monocytes,0.99995303,CD14+ Monocytes,train
CCAGCGGACGACTA-1,CD14+ Monocytes,0.9999101,CD14+ Monocytes,test
CCAGCGGATGGGAG-1,CD4 T cells,0.99880433,CD4 T cells,test
CCAGCTACACAGTC-1,CD4 T cells,0.9997002,CD4 T cells,train
CCAGCTACCAGCTA-1,B cells,0.99987066,B cells,train
CCAGGTCTACACCA-1,B cells,0.9994294,B cells,train
CCAGGTCTAGCATC-1,CD14+ Monocytes,0.99995196,CD14+ Monocytes,train
CCAGGTCTATGGTC-1,CD4 T cells,0.9991696,CD4 T cells,train
CCAGTCACACTGGT-1,CD14+ Monocytes,0.9995497,CD14+ Monocytes,test
CCAGTCACACTGTG-1,B cells,0.9976674,B cells,test
CCAGTCACGTTGTG-1,CD4 T cells,0.99931693,CD4 T cells,test
CCAGTGCTAACCAC-1,CD4 T cells,0.9999826,CD4 T cells,train
CCAGTGCTCGTAGT-1,CD4 T cells,0.99922335,CD4 T cells,test
CCATCCGAAAGCAA-1,CD4 T cells,0.99732757,CD4 T cells,train
CCATCCGAACGACT-1,CD8 T cells,0.9885361,CD8 T cells,train
CCATCCGAAGGTTC-1,B cells,0.9998604,B cells,train
CCATCCGATTCGCC-1,CD14+ Monocytes,0.99980897,CD14+ Monocytes,test
CCATCGTGAACGGG-1,CD4 T cells,0.99788123,CD4 T cells,train
CCATCGTGCTAGAC-1,CD14+ Monocytes,0.7879147,FCGR3A+ Monocytes,test
CCCAACACCTCGCT-1,B cells,0.9996247,B cells,train
CCCAACACGCATCA-1,CD4 T cells,0.99743915,CD4 T cells,train
CCCAACACTTTGTC-1,CD14+ Monocytes,0.9997795,CD14+ Monocytes,train
CCCAACTGCAATCG-1,CD14+ Monocytes,0.99966,CD14+ Monocytes,test
CCCAGACTGCCTTC-1,CD14+ Monocytes,0.99792755,CD14+ Monocytes,train
CCCAGACTGGTTTG-1,B cells,0.9917625,B cells,test
CCCAGACTTTCGCC-1,FCGR3A+ Monocytes,0.9989536,FCGR3A+ Monocytes,train
CCCAGTTGCAGTTG-1,CD14+ Monocytes,0.99977916,CD14+ Monocytes,train
CCCAGTTGGGTACT-1,CD4 T cells,0.99606305,CD4 T cells,train
CCCAGTTGTCTATC-1,B cells,0.999571,B cells,train
CCCGATTGTGTTTC-1,CD8 T cells,0.96289796,CD8 T cells,train
CCCGGAGAAGGGTG-1,CD14+ Monocytes,0.99994385,CD14+ Monocytes,train
CCCTACGAATTGGC-1,CD14+ Monocytes,0.9998473,CD14+ Monocytes,train
CCCTAGTGCAAAGA-1,CD4 T cells,0.99995184,CD4 T cells,test
CCCTCAGACACTTT-1,B cells,0.99725646,B cells,train
CCCTCAGACGAGAG-1,CD4 T cells,0.99998176,CD4 T cells,test
CCCTCAGAGGTCAT-1,CD4 T cells,0.9999963,CD4 T cells,train
CCCTGAACTAAAGG-1,B cells,0.999337,B cells,test
CCCTGATGCAACCA-1,CD4 T cells,0.99970007,CD4 T cells,train
CCCTGATGCAAGCT-1,B cells,0.9998592,B cells,train
CCCTTACTAACCAC-1,CD14+ Monocytes,0.997422,CD14+ Monocytes,test
CCCTTACTGCAGTT-1,CD4 T cells,0.9965934,CD4 T cells,train
CCGAAAACCTTGTT-1,CD14+ Monocytes,0.9594916,CD14+ Monocytes,train
CCGACACTGGTTTG-1,CD4 T cells,0.99999905,CD4 T cells,train
CCGACTACCCAGTA-1,CD14+ Monocytes,0.99975723,CD14+ Monocytes,train
CCGACTACCGTGTA-1,CD4 T cells,0.99988294,CD4 T cells,test
CCGACTACTGAGGG-1,CD8 T cells,0.48301104,CD8 T cells,test
CCGATAGACCTAAG-1,CD4 T cells,0.9991773,CD4 T cells,train
CCGATAGAGTTGGT-1,CD14+ Monocytes,0.9988638,CD14+ Monocytes,train
CCGCGAGACACACA-1,CD14+ Monocytes,0.99993443,CD14+ Monocytes,test
CCGCGAGAGGTTCA-1,CD8 T cells,0.99873024,CD8 T cells,train
CCGCTATGGGACGA-1,B cells,0.99991226,B cells,train
CCGCTATGTGCAAC-1,CD14+ Monocytes,0.9996712,CD14+ Monocytes,train
CCGCTATGTGCACA-1,CD14+ Monocytes,0.99993825,CD14+ Monocytes,train
CCGGTACTGTCCTC-1,CD4 T cells,0.99820983,CD4 T cells,test
CCGTACACAAGCAA-1,CD4 T cells,0.9998754,CD4 T cells,test
CCGTACACAGCGTT-1,B cells,0.9845042,B cells,test
CCGTACACGTCATG-1,CD8 T cells,0.9999596,CD8 T cells,train
CCGTACACGTTGGT-1,CD14+ Monocytes,0.9993376,CD14+ Monocytes,train
CCGTACACTAACGC-1,CD4 T cells,0.5172913,CD8 T cells,test
CCTAAACTTTCGTT-1,CD4 T cells,0.9999995,CD4 T cells,train
CCTAAGGACCCAAA-1,CD4 T cells,0.99994755,CD4 T cells,train
CCTAAGGACTAGCA-1,CD14+ Monocytes,0.99994826,CD14+ Monocytes,train
CCTAAGGAGGGCAA-1,CD8 T cells,0.99586415,CD8 T cells,train
CCTAAGGATGATGC-1,CD4 T cells,0.9996439,CD4 T cells,train
CCTAAGGATGTCAG-1,CD4 T cells,0.9999827,CD4 T cells,train
CCTACCGACTCTTA-1,CD4 T cells,0.998248,CD4 T cells,train
CCTACCGAGGGATG-1,B cells,0.9990526,B cells,test
CCTAGAGAGGTGAG-1,B cells,0.99983037,B cells,train
CCTATAACCAAAGA-1,CD4 T cells,0.9999943,CD4 T cells,train
CCTATAACGAGACG-1,CD14+ Monocytes,0.9710425,FCGR3A+ Monocytes,test
CCTATAACTCAGAC-1,CD4 T cells,0.9997336,CD4 T cells,train
CCTATAACTGCATG-1,FCGR3A+ Monocytes,0.990987,FCGR3A+ Monocytes,test
CCTCGAACACTTTC-1,NK cells,0.9996056,NK cells,train
CCTCGAACCCGTAA-1,CD14+ Monocytes,0.99891615,CD14+ Monocytes,train
CCTCGAACGTATCG-1,CD4 T cells,0.99990535,CD4 T cells,train
CCTCGAACTTACTC-1,CD4 T cells,0.9986486,CD4 T cells,train
CCTCTACTCTTCGC-1,CD14+ Monocytes,0.9996561,CD14+ Monocytes,train
CCTCTACTGGCATT-1,CD4 T cells,0.9997669,CD4 T cells,train
CCTGACTGAAGTAG-1,CD8 T cells,0.9969434,CD8 T cells,train
CCTGACTGGGGAGT-1,CD4 T cells,0.9998752,CD4 T cells,train
CCTGACTGTGTCTT-1,B cells,0.9998598,B cells,test
CCTGCAACACGTTG-1,CD14+ Monocytes,0.9996686,CD14+ Monocytes,train
CCTGGACTCGTGAT-1,CD4 T cells,0.9993717,CD4 T cells,train
CCTTAATGCCCAAA-1,B cells,0.99886405,B cells,train
CCTTAATGTTCTAC-1,CD14+ Monocytes,0.75462973,FCGR3A+ Monocytes,test
CCTTCACTACGACT-1,CD4 T cells,0.99986136,CD4 T cells,test
CCTTCACTCAGTCA-1,B cells,0.9993649,B cells,test
CCTTCACTGGAGTG-1,CD14+ Monocytes,0.99978036,CD14+ Monocytes,train
CCTTTAGATTCATC-1,CD14+ Monocytes,0.99801093,CD14+ Monocytes,train
CGAACATGCCCTAC-1,CD14+ Monocytes,0.993468,CD14+ Monocytes,test
CGAACATGTCAGAC-1,CD4 T cells,0.99670947,CD4 T cells,test
CGAAGACTGGAACG-1,CD8 T cells,0.99987805,CD8 T cells,train
CGAAGACTGTTACG-1,CD4 T cells,0.99976176,CD4 T cells,train
CGAAGGGAAACCTG-1,CD8 T cells,0.9778725,CD8 T cells,test
CGAAGGGATCCGAA-1,B cells,0.99807346,B cells,train
CGAAGTACCAACTG-1,B cells,0.99989223,B cells,train
CGAATCGAGGAGCA-1,CD14+ Monocytes,0.9991211,CD14+ Monocytes,train
CGAATCGAGGAGGT-1,CD4 T cells,0.9999969,CD4 T cells,train
CGACAAACCCATAG-1,CD4 T cells,0.99726874,CD4 T cells,train
CGACAAACCGACAT-1,B cells,0.9992582,B cells,train
CGACCACTAAAGTG-1,NK cells,0.9918172,NK cells,test
CGACCACTGCCAAT-1,NK cells,0.99812,NK cells,train
CGACCGGAAGGTCT-1,CD4 T cells,0.9998567,CD4 T cells,train
CGACCGGATGGAAA-1,CD4 T cells,0.9992611,CD4 T cells,train
CGACCTTGCTAGTG-1,CD4 T cells,0.99954045,CD4 T cells,train
CGACGTCTATCGTG-1,CD4 T cells,0.6864788,CD4 T cells,train
CGACGTCTCGTGTA-1,CD4 T cells,0.9991418,CD4 T cells,train
CGACGTCTGAGGCA-1,CD4 T cells,0.99972993,CD4 T cells,train
CGACTCACGTCGTA-1,CD4 T cells,0.99989176,CD4 T cells,train
CGACTCACGTTGCA-1,CD4 T cells,0.9975318,CD4 T cells,train
CGACTCTGTGTGAC-1,CD4 T cells,0.9961743,CD4 T cells,train
CGACTGCTTCCTCG-1,CD14+ Monocytes,0.9999614,CD14+ Monocytes,train
CGAGAACTAAGGCG-1,CD8 T cells,0.9990528,CD8 T cells,train
CGAGAACTACGTTG-1,CD4 T cells,0.99997294,CD4 T cells,train
CGAGAACTTGTTCT-1,CD14+ Monocytes,0.99956757,CD14+ Monocytes,train
CGAGATTGGACACT-1,CD8 T cells,0.9998683,CD8 T cells,train
CGAGATTGGCCATA-1,CD8 T cells,0.9975394,CD8 T cells,train
CGAGCCGAACACCA-1,CD4 T cells,0.9992949,CD4 T cells,train
CGAGCCGAGGCGAA-1,CD4 T cells,0.99664944,CD4 T cells,train
CGAGCGTGCTCCAC-1,CD4 T cells,0.99830735,CD4 T cells,train
CGAGCGTGGATACC-1,CD4 T cells,0.9968976,CD4 T cells,train
CGAGCGTGTATGCG-1,CD14+ Monocytes,0.9999504,CD14+ Monocytes,train
CGAGGAGACCTCCA-1,B cells,0.99985015,B cells,test
CGAGGAGATGTCGA-1,CD4 T cells,0.9999641,CD4 T cells,train
CGAGGCACCTATGG-1,CD8 T cells,0.99975294,CD8 T cells,train
CGAGGCACTATGCG-1,CD14+ Monocytes,0.8127077,CD14+ Monocytes,test
CGAGGCACTCTTCA-1,CD8 T cells,0.71927875,CD4 T cells,test
CGAGGCTGACGCTA-1,NK cells,0.9996612,NK cells,train
CGAGGCTGGCAGTT-1,CD14+ Monocytes,0.9979704,CD14+ Monocytes,train
CGAGGGCTACGACT-1,B cells,0.99941874,B cells,train
CGAGGGCTCGAATC-1,CD4 T cells,0.99412066,CD4 T cells,test
CGAGTATGTCACCC-1,FCGR3A+ Monocytes,0.9783271,FCGR3A+ Monocytes,test
CGATACGAACAGTC-1,CD14+ Monocytes,0.9986738,CD14+ Monocytes,train
CGATACGACAGGAG-1,CD4 T cells,0.9288354,CD4 T cells,train
CGATACGATTCACT-1,B cells,0.9998585,B cells,train
CGATAGACCCGTAA-1,CD14+ Monocytes,0.9999145,CD14+ Monocytes,train
CGATAGACCGTACA-1,CD4 T cells,0.99897027,CD4 T cells,train
CGATAGACGTAGGG-1,CD14+ Monocytes,0.9992519,CD14+ Monocytes,train
CGATAGACTGTTCT-1,CD4 T cells,0.9995875,CD4 T cells,test
CGATCAGAAGAACA-1,CD8 T cells,0.98447293,CD8 T cells,train
CGATCAGAGAGGGT-1,CD4 T cells,0.99998677,CD4 T cells,train
CGATCAGAGGTACT-1,CD4 T cells,0.9995204,CD4 T cells,train
CGATCAGATGTGAC-1,Dendritic cells,0.9975274,Dendritic cells,train
CGATCCACCGGGAA-1,CD8 T cells,0.9998474,CD8 T cells,train
CGATCCACTTCCAT-1,B cells,0.92640793,B cells,train
CGCAAATGCTCGAA-1,CD4 T cells,0.99713135,CD4 T cells,train
CGCAACCTCCTTGC-1,CD4 T cells,0.99984634,CD4 T cells,train
CGCAACCTGGACGA-1,CD4 T cells,0.9997949,CD4 T cells,train
CGCACGGAGGACGA-1,B cells,0.99879825,B cells,test
CGCACGGATCTTTG-1,CD4 T cells,0.9999553,CD4 T cells,test
CGCACTACAGAATG-1,CD4 T cells,0.99986017,CD4 T cells,train
CGCACTACAGCCAT-1,CD4 T cells,0.9999162,CD4 T cells,test
CGCACTACATTGGC-1,CD4 T cells,0.9999927,CD4 T cells,train
CGCACTACTCGCCT-1,B cells,0.9981134,B cells,train
CGCACTACTCGTGA-1,CD8 T cells,0.9654748,CD4 T cells,test
CGCACTTGTCACGA-1,CD14+ Monocytes,0.9998677,CD14+ Monocytes,train
CGCAGGACAGATCC-1,CD8 T cells,0.9983028,CD8 T cells,train
CGCAGGACCTACTT-1,CD4 T cells,0.99933064,CD4 T cells,train
CGCAGGACTTGTCT-1,FCGR3A+ Monocytes,0.9985247,FCGR3A+ Monocytes,train
CGCAGGTGCACTGA-1,CD4 T cells,0.9999585,CD4 T cells,train
CGCAGGTGCCATAG-1,FCGR3A+ Monocytes,0.99734855,FCGR3A+ Monocytes,train
CGCAGGTGGGAACG-1,CD4 T cells,0.9989548,CD4 T cells,train
CGCATAGATCACGA-1,CD14+ Monocytes,0.99980885,CD14+ Monocytes,train
CGCCATACTGCAAC-1,CD4 T cells,0.999161,CD4 T cells,train
CGCCATTGAGAGGC-1,CD4 T cells,0.9997056,CD4 T cells,test
CGCCATTGCTATGG-1,CD4 T cells,0.9989109,CD4 T cells,train
CGCCATTGGAGACG-1,CD4 T cells,0.9999969,CD4 T cells,test
CGCCATTGGAGCAG-1,B cells,0.9987993,B cells,train
CGCCATTGTACTGG-1,B cells,0.9996911,B cells,train
CGCCGAGAGCTTAG-1,NK cells,0.9997836,NK cells,train
CGCCTAACGAATGA-1,Dendritic cells,0.9857017,Dendritic cells,train
CGCCTAACTGCTCC-1,CD4 T cells,0.9998338,CD4 T cells,test
CGCGAGACACAGCT-1,CD8 T cells,0.96888965,CD4 T cells,test
CGCGAGACAGGTCT-1,B cells,0.9988906,B cells,train
CGCGAGACGCTACA-1,CD4 T cells,0.9555429,CD4 T cells,test
CGCGATCTCAGTCA-1,CD14+ Monocytes,0.9990508,CD14+ Monocytes,train
CGCGATCTGTTGAC-1,CD14+ Monocytes,0.999658,CD14+ Monocytes,train
CGCGATCTTTCTTG-1,B cells,0.99959594,B cells,test
CGCGGATGGCCAAT-1,CD4 T cells,0.9999187,CD4 T cells,train
CGCTAAGAATGTCG-1,CD4 T cells,0.9979724,CD4 T cells,test
CGCTAAGACAACTG-1,CD4 T cells,0.9979013,CD4 T cells,train
CGCTAAGACCCTTG-1,CD4 T cells,0.9958793,CD4 T cells,train
CGCTACTGAACAGA-1,CD14+ Monocytes,0.99946934,CD14+ Monocytes,train
CGCTACTGAGAACA-1,CD4 T cells,0.99921906,CD4 T cells,train
CGCTACTGTGAGCT-1,CD4 T cells,0.9977329,CD4 T cells,train
CGCTACTGTTCCCG-1,CD8 T cells,0.99611914,CD8 T cells,test
CGCTCATGCATTTC-1,CD14+ Monocytes,0.99988043,CD14+ Monocytes,test
CGGAATTGGTTTGG-1,CD4 T cells,0.9983954,CD4 T cells,train
CGGAATTGTGGAGG-1,CD4 T cells,0.9991122,CD4 T cells,train
CGGACCGATGCGTA-1,CD8 T cells,0.99574333,CD8 T cells,train
CGGACCGATGGGAG-1,CD4 T cells,0.9999745,CD4 T cells,train
CGGACTCTAAACAG-1,B cells,0.9917495,B cells,train
CGGACTCTCCAATG-1,CD4 T cells,0.9999659,CD4 T cells,train
CGGACTCTCCTCGT-1,CD8 T cells,0.9924655,CD8 T cells,train
CGGAGGCTATTCCT-1,CD4 T cells,0.99748224,CD4 T cells,test
CGGAGGCTTGGATC-1,CD4 T cells,0.9922774,CD4 T cells,test
CGGATAACAACGAA-1,CD14+ Monocytes,0.9999211,CD14+ Monocytes,train
CGGATAACAGCTCA-1,CD4 T cells,0.9971551,CD4 T cells,test
CGGATAACTCAGTG-1,CD14+ Monocytes,0.99995995,CD14+ Monocytes,train
CGGCACGAACTCAG-1,CD8 T cells,0.9984592,CD8 T cells,train
CGGCACGAAGGGTG-1,CD4 T cells,0.99934167,CD4 T cells,test
CGGCACGACTACGA-1,FCGR3A+ Monocytes,0.99977607,FCGR3A+ Monocytes,train
CGGCATCTTAGAAG-1,CD8 T cells,0.9977246,CD8 T cells,train
CGGCATCTTCGTAG-1,CD14+ Monocytes,0.99991333,CD14+ Monocytes,train
CGGCCAGAAAGGTA-1,CD4 T cells,0.9971059,CD4 T cells,train
CGGCCAGAGAGGCA-1,CD8 T cells,0.99929154,CD8 T cells,train
CGGCGAACCAGTCA-1,FCGR3A+ Monocytes,0.98162085,CD14+ Monocytes,test
CGGCGAACGACAAA-1,NK cells,0.9992041,NK cells,train
CGGCGAACGGTCTA-1,CD4 T cells,0.9999641,CD4 T cells,train
CGGCGAACTACTTC-1,NK cells,0.9999161,NK cells,train
CGGGACTGCGTGTA-1,CD4 T cells,0.99947566,CD4 T cells,train
CGGGACTGGAATAG-1,CD8 T cells,0.99962795,CD8 T cells,train
CGGGCATGACCCAA-1,Megakaryocytes,0.9710822,Megakaryocytes,train
CGGGCATGTCTCTA-1,NK cells,0.9792636,NK cells,test
CGGGCATGTTGTGG-1,CD4 T cells,0.9998313,CD4 T cells,train
CGGTAAACTCGCAA-1,CD4 T cells,0.9379668,CD8 T cells,test
CGGTCACTGTTTGG-1,CD4 T cells,0.99921787,CD4 T cells,train
CGGTCACTTACTTC-1,CD4 T cells,0.9999901,CD4 T cells,test
CGTAACGATCGCCT-1,CD4 T cells,0.999759,CD4 T cells,test
CGTACCACACACAC-1,CD4 T cells,0.9998412,CD4 T cells,test
CGTACCACACGTTG-1,CD4 T cells,0.99998057,CD4 T cells,train
CGTACCACCTCATT-1,CD4 T cells,0.9995351,CD4 T cells,train
CGTACCACGGAGCA-1,CD4 T cells,0.9984309,CD4 T cells,test
CGTACCTGGCATCA-1,NK cells,0.99964774,NK cells,train
CGTAGCCTCTCTCG-1,CD14+ Monocytes,0.9990011,CD14+ Monocytes,test
CGTAGCCTGCGAAG-1,CD4 T cells,0.9980894,CD4 T cells,test
CGTAGCCTGTATGC-1,CD14+ Monocytes,0.5304062,FCGR3A+ Monocytes,train
CGTCAAGAAAGGTA-1,CD14+ Monocytes,0.99996924,CD14+ Monocytes,train
CGTCAAGAACGTGT-1,CD4 T cells,0.9999684,CD4 T cells,train
CGTCAAGACAGAGG-1,CD4 T cells,0.99998784,CD4 T cells,train
CGTCAAGACAGGAG-1,CD8 T cells,0.9952733,CD8 T cells,test
CGTCCATGCTCTTA-1,CD4 T cells,0.999992,CD4 T cells,train
CGTCGACTTTCCGC-1,CD8 T cells,0.9997118,CD8 T cells,test
CGTGATGACGCTAA-1,CD4 T cells,0.99994755,CD4 T cells,test
CGTGATGAGGTTCA-1,CD4 T cells,0.99775285,CD4 T cells,train
CGTGCACTTATGGC-1,CD14+ Monocytes,0.9760946,CD14+ Monocytes,test
CGTGTAGAAAAACG-1,CD4 T cells,0.99987113,CD4 T cells,test
CGTGTAGACGATAC-1,CD8 T cells,0.99605775,CD8 T cells,train
CGTGTAGAGTTACG-1,NK cells,0.99894685,NK cells,train
CGTGTAGAGTTCAG-1,CD14+ Monocytes,0.9999945,CD14+ Monocytes,train
CGTGTAGATTCGGA-1,NK cells,0.99891484,NK cells,train
CGTTAGGAAACCAC-1,CD4 T cells,0.9997224,CD4 T cells,train
CGTTAGGATCATTC-1,CD14+ Monocytes,0.9932025,CD14+ Monocytes,test
CGTTATACCCTGAA-1,CD8 T cells,0.9976973,CD8 T cells,train
CGTTTAACTGGTCA-1,CD4 T cells,0.99993765,CD4 T cells,test
CTAAACCTCTGACA-1,NK cells,0.99979323,NK cells,train
CTAAACCTGTGCAT-1,B cells,0.9999596,B cells,test
CTAACACTAACGTC-1,CD4 T cells,0.99568766,CD4 T cells,train
CTAACACTAGTGCT-1,CD14+ Monocytes,0.99991775,CD14+ Monocytes,train
CTAACGGAACCGAT-1,NK cells,0.99915135,NK cells,train
CTAACGGATTTCTG-1,CD4 T cells,0.9996902,CD4 T cells,train
CTAACTACGGCAAG-1,CD8 T cells,0.8677228,CD8 T cells,train
CTAAGGACACCATG-1,CD4 T cells,0.99973005,CD4 T cells,test
CTAAGGACCGTTAG-1,CD4 T cells,0.99999917,CD4 T cells,train
CTAAGGACGCCATA-1,CD14+ Monocytes,0.9999186,CD14+ Monocytes,train
CTAAGGTGCCTAAG-1,B cells,0.9997527,B cells,train
CTAAGGTGTTGCAG-1,CD4 T cells,0.99965787,CD4 T cells,train
CTAAGGTGTTTCTG-1,CD4 T cells,0.9954542,CD4 T cells,train
CTAATAGAGCTATG-1,CD4 T cells,0.9881296,CD4 T cells,test
CTAATGCTTGTGGT-1,CD14+ Monocytes,0.99950564,CD14+ Monocytes,train
CTACAACTCCCGTT-1,NK cells,0.7429441,CD8 T cells,test
CTACCTCTCAACCA-1,CD8 T cells,0.9824979,CD8 T cells,test
CTACGCACACCTAG-1,FCGR3A+ Monocytes,0.9996106,FCGR3A+ Monocytes,train
CTACGCACTCTCCG-1,CD4 T cells,0.99068403,CD4 T cells,train
CTACGCACTGGTCA-1,CD8 T cells,0.87394726,NK cells,test
CTACGGCTTTCTTG-1,CD14+ Monocytes,0.99936527,CD14+ Monocytes,train
CTACTATGAACCAC-1,CD14+ Monocytes,0.9959176,CD14+ Monocytes,train
CTACTATGATGTGC-1,CD14+ Monocytes,0.9998344,CD14+ Monocytes,train
CTACTATGCTAAGC-1,CD8 T cells,0.9146082,CD8 T cells,test
CTACTATGTAAAGG-1,B cells,0.99951506,B cells,test
CTACTCCTATGTCG-1,NK cells,0.99970454,NK cells,train
CTACTCCTGCCATA-1,CD14+ Monocytes,0.9999213,CD14+ Monocytes,train
CTAGAGACACTTTC-1,CD4 T cells,0.9993092,CD4 T cells,train
CTAGAGACAGCATC-1,CD8 T cells,0.99842215,CD8 T cells,train
CTAGAGACTTTGGG-1,FCGR3A+ Monocytes,0.99794656,FCGR3A+ Monocytes,train
CTAGATCTCTCTAT-1,CD4 T cells,0.9999726,CD4 T cells,train
CTAGATCTTCGACA-1,CD4 T cells,0.9936597,CD4 T cells,test
CTAGGATGAGCCTA-1,B cells,0.7488769,B cells,train
CTAGGATGATCGTG-1,B cells,0.9353691,B cells,test
CTAGGCCTCTCAGA-1,CD4 T cells,0.99987006,CD4 T cells,test
CTAGGTGATGGTTG-1,FCGR3A+ Monocytes,0.99909043,FCGR3A+ Monocytes,train
CTAGTTACCAGAGG-1,CD4 T cells,0.9997452,CD4 T cells,train
CTAGTTACCGCATA-1,CD4 T cells,0.99984396,CD4 T cells,test
CTAGTTACGAAACA-1,NK cells,0.99926585,NK cells,train
CTATAAGATCGTTT-1,B cells,0.9986337,B cells,test
CTATACTGAGGTTC-1,CD14+ Monocytes,0.99994063,CD14+ Monocytes,train
CTATACTGCCAGTA-1,CD4 T cells,0.999863,CD4 T cells,train
CTATACTGCGCTAA-1,CD14+ Monocytes,0.99993145,CD14+ Monocytes,train
CTATACTGCTACGA-1,NK cells,0.99978393,NK cells,train
CTATACTGTCTCAT-1,NK cells,0.9998047,NK cells,test
CTATACTGTTCGTT-1,CD4 T cells,0.9975877,CD4 T cells,train
CTATAGCTGTCACA-1,CD4 T cells,0.9955466,CD4 T cells,train
CTATAGCTTCGCTC-1,CD14+ Monocytes,0.99763477,CD14+ Monocytes,train
CTATAGCTTGCCTC-1,CD14+ Monocytes,0.9975547,CD14+ Monocytes,train
CTATCAACGAACTC-1,CD4 T cells,0.9991942,CD4 T cells,train
CTATCAACGCAGAG-1,CD4 T cells,0.99887925,CD4 T cells,train
CTATCAACTTTGGG-1,CD4 T cells,0.9999206,CD4 T cells,train
CTATCCCTCCACCT-1,CD14+ Monocytes,0.99985945,CD14+ Monocytes,train
CTATGTACGAGAGC-1,CD4 T cells,0.99998593,CD4 T cells,train
CTATGTACGCTTAG-1,CD4 T cells,0.9999845,CD4 T cells,test
CTATGTACTGTTTC-1,B cells,0.8410427,B cells,test
CTATGTTGAAAGCA-1,CD4 T cells,0.99907875,CD4 T cells,test
CTATGTTGTCCTCG-1,CD4 T cells,0.9995708,CD4 T cells,test
CTATGTTGTCTCGC-1,CD4 T cells,0.99986434,CD4 T cells,test
CTATTGACAAACGA-1,CD14+ Monocytes,0.99997115,CD14+ Monocytes,train
CTATTGACACTGGT-1,CD14+ Monocytes,0.96485895,CD14+ Monocytes,test
CTATTGACGGTGAG-1,FCGR3A+ Monocytes,0.99910283,FCGR3A+ Monocytes,train
CTATTGTGGCAAGG-1,CD4 T cells,0.9972994,CD4 T cells,train
CTCAATTGGTTCAG-1,CD4 T cells,0.9999894,CD4 T cells,train
CTCAATTGGTTGCA-1,CD14+ Monocytes,0.99989116,CD14+ Monocytes,train
CTCAGAGATAGAAG-1,CD4 T cells,0.99976987,CD4 T cells,train
CTCAGCACTCTAGG-1,CD4 T cells,0.97660756,CD4 T cells,test
CTCAGCACTGAACC-1,CD14+ Monocytes,0.9997056,CD14+ Monocytes,train
CTCAGCACTTGCAG-1,CD4 T cells,0.9998325,CD4 T cells,train
CTCAGCTGAACCTG-1,CD14+ Monocytes,0.9986712,CD14+ Monocytes,test
CTCAGCTGCAGTTG-1,CD8 T cells,0.6235772,CD4 T cells,test
CTCAGGCTCGTTGA-1,FCGR3A+ Monocytes,0.99775994,FCGR3A+ Monocytes,train
CTCAGGCTGCTAAC-1,CD4 T cells,0.9990164,CD4 T cells,train
CTCATTGACCTTAT-1,CD4 T cells,0.99988174,CD4 T cells,train
CTCATTGATGCTTT-1,CD14+ Monocytes,0.9923006,CD14+ Monocytes,train
CTCCACGAGAGATA-1,Dendritic cells,0.9954932,Dendritic cells,train
CTCCATCTCTTAGG-1,CD4 T cells,0.998384,CD4 T cells,test
CTCCATCTGACGAG-1,CD4 T cells,0.99997354,CD4 T cells,test
CTCCGAACAAGTGA-1,FCGR3A+ Monocytes,0.99938715,FCGR3A+ Monocytes,test
CTCCTACTGCCTTC-1,CD14+ Monocytes,0.99989057,CD14+ Monocytes,train
CTCGAAGATGTGGT-1,CD4 T cells,0.9993749,CD4 T cells,train
CTCGAAGATTAGGC-1,CD14+ Monocytes,0.99974746,CD14+ Monocytes,train
CTCGACTGCTCTAT-1,CD4 T cells,0.99971765,CD4 T cells,train
CTCGACTGGGTGAG-1,CD4 T cells,0.9999597,CD4 T cells,train
CTCGACTGGTTGAC-1,NK cells,0.9995864,NK cells,test
CTCGAGCTCTGGAT-1,CD8 T cells,0.97825944,CD8 T cells,train
CTCGCATGACTTTC-1,CD8 T cells,0.76902384,CD4 T cells,test
CTCGCATGCTTAGG-1,CD4 T cells,0.9990715,CD4 T cells,train
CTCTAAACCTCGAA-1,CD4 T cells,0.99995875,CD4 T cells,train
CTCTAAACGGCGAA-1,CD4 T cells,0.99872017,CD4 T cells,train
CTCTAATGTCCAAG-1,CD14+ Monocytes,0.9999223,CD14+ Monocytes,train
CTGAACGACAGTCA-1,CD4 T cells,0.99998593,CD4 T cells,train
CTGAACGATGAGGG-1,CD4 T cells,0.99999285,CD4 T cells,train
CTGAAGACCCAACA-1,CD4 T cells,0.99433374,CD4 T cells,train
CTGAAGACGTGCAT-1,B cells,0.9999323,B cells,test
CTGAAGTGAAGCCT-1,FCGR3A+ Monocytes,0.9872802,FCGR3A+ Monocytes,train
CTGAAGTGCAGCTA-1,B cells,0.9998857,B cells,train
CTGAAGTGGCTATG-1,CD4 T cells,0.99999774,CD4 T cells,train
CTGAAGTGTCCAGA-1,CD4 T cells,0.9999149,CD4 T cells,train
CTGAATCTGAATAG-1,CD4 T cells,0.9985285,CD4 T cells,train
CTGACAGAATCGTG-1,CD8 T cells,0.9999585,CD8 T cells,test
CTGACCACAGCAAA-1,CD4 T cells,0.9999974,CD4 T cells,train
CTGAGAACCGGGAA-1,CD4 T cells,0.9999671,CD4 T cells,train
CTGAGAACGTAAAG-1,NK cells,0.99975973,NK cells,train
CTGATACTAGTAGA-1,CD4 T cells,0.9996593,CD4 T cells,train
CTGATTTGGTGTTG-1,CD14+ Monocytes,0.99968886,CD14+ Monocytes,train
CTGCAGCTAACCGT-1,CD4 T cells,0.9999783,CD4 T cells,test
CTGCAGCTGACACT-1,CD4 T cells,0.9999987,CD4 T cells,test
CTGCAGCTGGATTC-1,FCGR3A+ Monocytes,0.88652676,CD14+ Monocytes,test
CTGCAGCTTGGCAT-1,CD8 T cells,0.99844605,CD8 T cells,train
CTGCCAACAGGAGC-1,CD8 T cells,0.97971237,CD8 T cells,test
CTGCCAACCAGCTA-1,CD4 T cells,0.9999199,CD4 T cells,train
CTGCCAACTAACCG-1,CD14+ Monocytes,0.99646014,CD14+ Monocytes,train
CTGCCAACTGCTCC-1,CD8 T cells,0.99946016,CD8 T cells,train
CTGCCAACTTGCAG-1,CD4 T cells,0.9957873,CD4 T cells,train
CTGCCAACTTGCTT-1,CD8 T cells,0.9976349,CD8 T cells,train
CTGCGACTCCACCT-1,CD8 T cells,0.99790907,CD8 T cells,train
CTGGAAACAAACGA-1,CD8 T cells,0.9942538,CD8 T cells,train
CTGGAAACATCGAC-1,CD4 T cells,0.9994154,CD4 T cells,train
CTGGATGACTGGAT-1,CD8 T cells,0.99929976,CD8 T cells,test
CTGGATGACTTGTT-1,CD4 T cells,0.9997812,CD4 T cells,train
CTGGATGATGTGAC-1,B cells,0.9997534,B cells,test
CTGGCACTCAAGCT-1,CD14+ Monocytes,0.999793,CD14+ Monocytes,train
CTGTAACTAACCAC-1,CD4 T cells,0.99997616,CD4 T cells,train
CTGTAACTAGCGTT-1,CD4 T cells,0.99998534,CD4 T cells,train
CTGTATACGTAAAG-1,CD4 T cells,0.9993967,CD4 T cells,train
CTGTATACGTACGT-1,CD14+ Monocytes,0.99969935,CD14+ Monocytes,test
CTGTATACGTTGGT-1,CD4 T cells,0.99995804,CD4 T cells,train
CTGTGAGACAACCA-1,FCGR3A+ Monocytes,0.999464,FCGR3A+ Monocytes,train
CTGTGAGACCTTGC-1,CD8 T cells,0.9903666,CD8 T cells,test
CTGTGAGACGAACT-1,CD14+ Monocytes,0.9999443,CD14+ Monocytes,test
CTGTGAGACTGTAG-1,CD14+ Monocytes,0.9995167,CD14+ Monocytes,test
CTTAAAGAACCTGA-1,CD4 T cells,0.99932563,CD4 T cells,train
CTTAACACCTGTAG-1,CD4 T cells,0.9999231,CD4 T cells,train
CTTAACACTATCGG-1,B cells,0.9993838,B cells,train
CTTAAGCTACCTAG-1,CD4 T cells,0.99998343,CD4 T cells,train
CTTAAGCTAGTACC-1,CD4 T cells,0.9969451,CD4 T cells,train
CTTAAGCTCATCAG-1,CD4 T cells,0.9997931,CD4 T cells,test
CTTAAGCTCCGCTT-1,B cells,0.9982748,B cells,test
CTTACAACTAACGC-1,CD4 T cells,0.9998398,CD4 T cells,train
CTTACAACTCCCGT-1,CD14+ Monocytes,0.99992156,CD14+ Monocytes,train
CTTACTGACGTACA-1,CD4 T cells,0.9999778,CD4 T cells,train
CTTAGACTAAACGA-1,CD4 T cells,0.99984336,CD4 T cells,test
CTTAGGGACTTGCC-1,CD4 T cells,0.9999126,CD4 T cells,train
CTTAGGGAGAATCC-1,CD4 T cells,0.9999354,CD4 T cells,train
CTTATCGACTCATT-1,CD4 T cells,0.9999864,CD4 T cells,train
CTTCACCTACCTGA-1,FCGR3A+ Monocytes,0.999526,FCGR3A+ Monocytes,test
CTTCATGAAGCATC-1,B cells,0.9999455,B cells,train
CTTCATGAAGTACC-1,CD4 T cells,0.99995947,CD4 T cells,train
CTTCATGACCGAAT-1,CD8 T cells,0.9992175,CD8 T cells,train
CTTGAACTACGCAT-1,CD4 T cells,0.9998555,CD4 T cells,train
CTTGATTGAGGTTC-1,CD8 T cells,0.99548054,CD8 T cells,train
CTTGATTGATCTTC-1,CD14+ Monocytes,0.9966606,CD14+ Monocytes,train
CTTGATTGCATTCT-1,CD4 T cells,0.9997811,CD4 T cells,train
CTTGATTGTTTCGT-1,CD4 T cells,0.9988292,CD4 T cells,test
CTTGTATGACACCA-1,B cells,0.9991974,B cells,train
CTTGTATGCGCAAT-1,B cells,0.9984724,B cells,train
CTTTACGAGCGAAG-1,CD4 T cells,0.99949086,CD4 T cells,test
CTTTAGACCGTGAT-1,CD4 T cells,0.9956928,CD4 T cells,test
CTTTAGACGAGACG-1,CD4 T cells,0.99983704,CD4 T cells,train
CTTTAGACGATACC-1,CD4 T cells,0.9995449,CD4 T cells,test
CTTTAGACGTTGGT-1,CD4 T cells,0.9991211,CD4 T cells,train
CTTTAGACTCATTC-1,CD8 T cells,0.99820566,CD8 T cells,test
CTTTAGTGACGGGA-1,NK cells,0.99833846,NK cells,train
CTTTAGTGGGTGGA-1,CD4 T cells,0.9984816,CD4 T cells,train
CTTTCAGAGAAACA-1,CD4 T cells,0.99999905,CD4 T cells,train
CTTTGATGAGCACT-1,CD4 T cells,0.99990964,CD4 T cells,test
CTTTGATGTCTAGG-1,CD4 T cells,0.99310267,CD4 T cells,train
CTTTGATGTGTCCC-1,CD4 T cells,0.9999896,CD4 T cells,train
CTTTGATGTGTGGT-1,CD4 T cells,0.99904865,CD4 T cells,train
GAAACAGAACTACG-1,CD4 T cells,0.9999324,CD4 T cells,train
GAAACAGAATCACG-1,CD4 T cells,0.99992836,CD4 T cells,train
GAAACAGACATTCT-1,CD4 T cells,0.99999905,CD4 T cells,train
GAAACCTGATCGTG-1,CD4 T cells,0.9999814,CD4 T cells,test
GAAACCTGATGCCA-1,CD4 T cells,0.99997246,CD4 T cells,train
GAAACCTGCTTATC-1,CD4 T cells,0.9994024,CD4 T cells,test
GAAACCTGGACTAC-1,FCGR3A+ Monocytes,0.99551326,FCGR3A+ Monocytes,test
GAAACCTGTGCTAG-1,CD4 T cells,0.9999869,CD4 T cells,test
GAAAGATGATTTCC-1,CD4 T cells,0.99997365,CD4 T cells,train
GAAAGATGCTGATG-1,FCGR3A+ Monocytes,0.9984409,FCGR3A+ Monocytes,test
GAAAGATGCTTCGC-1,CD14+ Monocytes,0.98570085,CD14+ Monocytes,test
GAAAGATGTAAGGA-1,CD4 T cells,0.9999199,CD4 T cells,train
GAAAGCCTACGTTG-1,B cells,0.99982893,B cells,test
GAAAGTGAAAGTGA-1,Dendritic cells,0.9987929,Dendritic cells,test
GAAAGTGACCACAA-1,CD14+ Monocytes,0.99952793,CD14+ Monocytes,train
GAAAGTGACTCAAG-1,CD4 T cells,0.99966514,CD4 T cells,train
GAAATACTACCAAC-1,CD14+ Monocytes,0.99681973,CD14+ Monocytes,test
GAAATACTCTTAGG-1,B cells,0.9998233,B cells,test
GAAATACTTCCTCG-1,CD4 T cells,0.96238667,CD4 T cells,test
GAACACACGTGCAT-1,CD14+ Monocytes,0.99040776,CD14+ Monocytes,test
GAACACACTGCCTC-1,CD4 T cells,0.99948066,CD4 T cells,test
GAACAGCTAACTGC-1,CD14+ Monocytes,0.98892456,FCGR3A+ Monocytes,test
GAACAGCTCTCAGA-1,FCGR3A+ Monocytes,0.99986756,FCGR3A+ Monocytes,train
GAACCAACCACAAC-1,CD4 T cells,0.99330914,CD4 T cells,train
GAACCAACTTCCGC-1,NK cells,0.99829715,NK cells,train
GAACCTGAACGTGT-1,CD8 T cells,0.996218,CD8 T cells,train
GAACCTGAGAGACG-1,CD4 T cells,0.99871576,CD4 T cells,train
GAACCTGATGAACC-1,CD4 T cells,0.9981522,CD4 T cells,train
GAACGGGATACTTC-1,CD4 T cells,0.99998724,CD4 T cells,train
GAACTGTGACCTGA-1,FCGR3A+ Monocytes,0.9917498,FCGR3A+ Monocytes,test
GAACTGTGCCAGTA-1,CD14+ Monocytes,0.999979,CD14+ Monocytes,train
GAAGAATGCAATCG-1,CD4 T cells,0.9993862,CD4 T cells,test
GAAGCGGACCTATT-1,CD14+ Monocytes,0.9981066,CD14+ Monocytes,train
GAAGCTACGAATGA-1,CD14+ Monocytes,0.9921629,CD14+ Monocytes,train
GAAGCTACGGTTTG-1,CD4 T cells,0.99890935,CD4 T cells,test
GAAGGGTGAAAGTG-1,CD4 T cells,0.9999968,CD4 T cells,test
GAAGGGTGCTTAGG-1,CD14+ Monocytes,0.99997425,CD14+ Monocytes,test
GAAGGTCTGAAAGT-1,CD4 T cells,0.9995962,CD4 T cells,train
GAAGGTCTGTTGCA-1,CD4 T cells,0.99941206,CD4 T cells,train
GAAGGTCTTAAAGG-1,Dendritic cells,0.9974571,Dendritic cells,train
GAAGTAGACTCCCA-1,CD8 T cells,0.9979631,CD8 T cells,train
GAAGTAGATCCAAG-1,FCGR3A+ Monocytes,0.9995437,FCGR3A+ Monocytes,train
GAAGTCACCCTCGT-1,CD14+ Monocytes,0.99683124,CD14+ Monocytes,train
GAAGTCACCCTGTC-1,B cells,0.99992824,B cells,test
GAAGTCTGTCGCAA-1,B cells,0.9996699,B cells,test
GAAGTCTGTTCTGT-1,CD4 T cells,0.9993436,CD4 T cells,train
GAAGTGCTAAACGA-1,NK cells,0.9999014,NK cells,train
GAAGTGCTCCGCTT-1,CD14+ Monocytes,0.9996581,CD14+ Monocytes,test
GAAGTGCTTAACCG-1,CD4 T cells,0.9993882,CD4 T cells,train
GAATGCACCCTAAG-1,CD4 T cells,0.99979216,CD4 T cells,train
GAATGCACCTTCGC-1,NK cells,0.99918216,NK cells,train
GAATGCTGCGGTAT-1,CD4 T cells,0.99970216,CD4 T cells,train
GAATTAACGATAAG-1,CD4 T cells,0.9996828,CD4 T cells,train
GAATTAACGGTCAT-1,CD4 T cells,0.9999951,CD4 T cells,test
GAATTAACGTCGTA-1,NK cells,0.97456783,NK cells,test
GAATTAACTGAAGA-1,B cells,0.99015146,B cells,train
GACAACACAGGCGA-1,CD4 T cells,0.99964213,CD4 T cells,train
GACAACACATCGTG-1,CD4 T cells,0.99972993,CD4 T cells,train
GACAACACTCGCCT-1,CD4 T cells,0.99685365,CD4 T cells,train
GACAACTGAGGTTC-1,CD4 T cells,0.99757665,CD4 T cells,train
GACAGGGAAGAGTA-1,B cells,0.99978846,B cells,train
GACAGGGAATGCCA-1,CD4 T cells,0.9998913,CD4 T cells,train
GACAGTACGAGCTT-1,FCGR3A+ Monocytes,0.9907985,FCGR3A+ Monocytes,test
GACAGTACTTCGGA-1,FCGR3A+ Monocytes,0.9999418,FCGR3A+ Monocytes,test
GACAGTTGAGTAGA-1,B cells,0.9999062,B cells,train
GACATTCTCCACCT-1,Dendritic cells,0.9988368,Dendritic cells,train
GACCAAACGACTAC-1,CD14+ Monocytes,0.99990666,CD14+ Monocytes,test
GACCAAACGTATCG-1,CD14+ Monocytes,0.99447787,CD14+ Monocytes,train
GACCCTACTAAAGG-1,B cells,0.9996371,B cells,train
GACCTAGACCTCAC-1,CD4 T cells,0.99500024,CD4 T cells,test
GACCTAGACGAGAG-1,CD4 T cells,0.9968471,CD4 T cells,test
GACCTCACAAGGTA-1,CD4 T cells,0.9999974,CD4 T cells,test
GACCTCACGTACGT-1,CD14+ Monocytes,0.99936754,CD14+ Monocytes,train
GACCTCTGCATCAG-1,CD4 T cells,0.99922156,CD4 T cells,train
GACGAACTCCCACT-1,CD4 T cells,0.9999862,CD4 T cells,test
GACGATTGCCAATG-1,B cells,0.9992893,B cells,train
GACGCCGACCTTCG-1,CD4 T cells,0.9998914,CD4 T cells,train
GACGCTCTCTCTCG-1,Megakaryocytes,0.99524456,Megakaryocytes,test
GACGGCACACGGGA-1,CD8 T cells,0.51875407,NK cells,test
GACGGCACGAGATA-1,CD14+ Monocytes,0.9998043,CD14+ Monocytes,train
GACGTAACCTATGG-1,CD4 T cells,0.99996984,CD4 T cells,train
GACGTAACCTGTGA-1,CD4 T cells,0.8969436,CD4 T cells,test
GACGTAACTATGGC-1,CD4 T cells,0.99990785,CD4 T cells,test
GACGTATGTTGACG-1,CD4 T cells,0.99999154,CD4 T cells,train
GACGTATGTTTGCT-1,CD4 T cells,0.9995778,CD4 T cells,train
GACGTCCTACGGAG-1,CD4 T cells,0.99995065,CD4 T cells,train
GACGTCCTCTCAAG-1,CD14+ Monocytes,0.9998939,CD14+ Monocytes,train
GACGTCCTGATAAG-1,B cells,0.9994499,B cells,train
GACTACGATGGTCA-1,B cells,0.99950767,B cells,test
GACTCCTGCTCGCT-1,CD4 T cells,0.9949385,CD4 T cells,train
GACTCCTGGGTTAC-1,CD4 T cells,0.9989656,CD4 T cells,train
GACTCCTGTTATCC-1,CD4 T cells,0.9991078,CD4 T cells,train
GACTCCTGTTGGTG-1,CD14+ Monocytes,0.9997161,CD14+ Monocytes,train
GACTGAACCAATCG-1,CD14+ Monocytes,0.999956,CD14+ Monocytes,train
GACTGATGTGATGC-1,CD4 T cells,0.9997094,CD4 T cells,train
GACTTTACATGCCA-1,CD4 T cells,0.9999852,CD4 T cells,train
GACTTTACGACAGG-1,B cells,0.99696475,B cells,train
GAGAAATGTTCTCA-1,B cells,0.9963558,B cells,train
GAGATAGAAAAAGC-1,CD14+ Monocytes,0.9996369,CD14+ Monocytes,test
GAGATCACGACAAA-1,FCGR3A+ Monocytes,0.99967957,FCGR3A+ Monocytes,train
GAGATGCTCTGGAT-1,CD8 T cells,0.9878185,CD8 T cells,test
GAGATGCTGAATGA-1,CD4 T cells,0.9999908,CD4 T cells,test
GAGCAGGATTCCCG-1,CD8 T cells,0.99861336,CD8 T cells,train
GAGCATACTTTGCT-1,CD4 T cells,0.9406933,CD4 T cells,train
GAGCGCACGCGTAT-1,CD14+ Monocytes,0.99997044,CD14+ Monocytes,test
GAGCGCACGGTGAG-1,CD4 T cells,0.9971661,CD4 T cells,train
GAGCGCTGAAGATG-1,NK cells,0.99938166,NK cells,train
GAGCGCTGTCTTAC-1,CD14+ Monocytes,0.9997962,CD14+ Monocytes,test
GAGCGGCTGGGAGT-1,B cells,0.99988735,B cells,train
GAGGACGACTCAGA-1,CD8 T cells,0.99841154,CD8 T cells,train
GAGGATCTGAAAGT-1,B cells,0.9994741,B cells,train
GAGGCAGACTTGCC-1,CD8 T cells,0.99924755,CD8 T cells,train
GAGGGAACACCAGT-1,CD4 T cells,0.9993855,CD4 T cells,train
GAGGGAACGAGGGT-1,CD8 T cells,0.73219156,CD4 T cells,test
GAGGGATGGGAAAT-1,CD4 T cells,0.999931,CD4 T cells,train
GAGGGCCTTCACCC-1,CD4 T cells,0.9999901,CD4 T cells,train
GAGGGTGAAGAGTA-1,CD4 T cells,0.9998647,CD4 T cells,train
GAGGTACTACGGTT-1,CD4 T cells,0.99997544,CD4 T cells,train
GAGGTACTACTCAG-1,CD14+ Monocytes,0.99996316,CD14+ Monocytes,test
GAGGTACTGACACT-1,NK cells,0.9706998,NK cells,test
GAGGTACTGGGAGT-1,CD4 T cells,0.9958621,CD4 T cells,train
GAGGTACTTAGCGT-1,CD14+ Monocytes,0.9993782,CD14+ Monocytes,train
GAGGTGGAGTACGT-1,CD4 T cells,0.99980944,CD4 T cells,test
GAGGTGGATCCTCG-1,NK cells,0.9998667,NK cells,train
GAGGTTACTCGTTT-1,CD14+ Monocytes,0.99948454,CD14+ Monocytes,test
GAGGTTTGTAAGCC-1,CD14+ Monocytes,0.99997795,CD14+ Monocytes,test
GAGTCAACCATTCT-1,CD4 T cells,0.99989045,CD4 T cells,train
GAGTCAACGGGAGT-1,CD4 T cells,0.98723537,CD4 T cells,train
GAGTCTGATCGTGA-1,CD4 T cells,0.99846125,CD8 T cells,test
GAGTCTGATTTGGG-1,B cells,0.9997532,B cells,train
GAGTGACTCAGCTA-1,CD4 T cells,0.99969494,CD4 T cells,train
GAGTGACTCGGTAT-1,CD8 T cells,0.999255,CD8 T cells,test
GAGTGACTCTTGCC-1,B cells,0.9998996,B cells,train
GAGTGACTGACTAC-1,B cells,0.9988098,B cells,train
GAGTGACTGTCTAG-1,CD4 T cells,0.9997398,CD4 T cells,train
GAGTGGGAGTCTTT-1,B cells,0.99815696,B cells,train
GAGTGGGATGCCCT-1,CD4 T cells,0.9999454,CD4 T cells,test
GAGTGGGATGCTGA-1,B cells,0.99967754,B cells,train
GAGTGTTGCTGTAG-1,CD4 T cells,0.99997854,CD4 T cells,train
GAGTGTTGTGGTCA-1,CD4 T cells,0.9998771,CD4 T cells,train
GAGTTGTGCATGGT-1,CD14+ Monocytes,0.9999082,CD14+ Monocytes,train
GAGTTGTGCTGAGT-1,CD8 T cells,0.8779412,CD8 T cells,test
GAGTTGTGGCGAGA-1,CD14+ Monocytes,0.9991381,CD14+ Monocytes,train
GAGTTGTGGTAGCT-1,Megakaryocytes,0.9437094,Megakaryocytes,test
GAGTTGTGTATGCG-1,FCGR3A+ Monocytes,0.99946386,FCGR3A+ Monocytes,train
GATAAGGAGAAACA-1,CD14+ Monocytes,0.99976,CD14+ Monocytes,train
GATAAGGATTCACT-1,CD14+ Monocytes,0.99998724,CD14+ Monocytes,train
GATACTCTATCGGT-1,CD4 T cells,0.9998524,CD4 T cells,train
GATACTCTTACTTC-1,CD4 T cells,0.99622464,CD4 T cells,test
GATACTCTTGACTG-1,CD14+ Monocytes,0.9999473,CD14+ Monocytes,test
GATAGAGAAGGGTG-1,CD8 T cells,0.9948665,NK cells,test
GATAGAGACTGTGA-1,CD4 T cells,0.99970466,CD4 T cells,train
GATAGAGATCACGA-1,Dendritic cells,0.99068916,Dendritic cells,train
GATAGCACCCATAG-1,CD4 T cells,0.99997735,CD4 T cells,train
GATAGCACGAAGGC-1,CD14+ Monocytes,0.9964367,CD14+ Monocytes,train
GATAGCACTTGTCT-1,CD4 T cells,0.9995073,CD4 T cells,train
GATATAACAAGGTA-1,CD4 T cells,0.9999709,CD4 T cells,test
GATATAACACGCAT-1,CD4 T cells,0.9999807,CD4 T cells,test
GATATATGCTGGAT-1,CD4 T cells,0.9999945,CD4 T cells,test
GATATATGTCCGTC-1,CD8 T cells,0.9983973,CD8 T cells,test
GATATATGTGGAGG-1,CD4 T cells,0.99849236,CD4 T cells,train
GATATCCTAGAAGT-1,CD4 T cells,0.9997619,CD4 T cells,train
GATATCCTCCCGTT-1,CD14+ Monocytes,0.9999336,CD14+ Monocytes,train
GATATTGACAGGAG-1,CD4 T cells,0.9999547,CD4 T cells,test
GATATTGACGAGTT-1,FCGR3A+ Monocytes,0.9996377,FCGR3A+ Monocytes,test
GATATTGAGCCAAT-1,CD4 T cells,0.99995184,CD4 T cells,train
GATCCCTGACCTTT-1,NK cells,0.99993145,NK cells,test
GATCCCTGTGTAGC-1,CD8 T cells,0.99966645,CD8 T cells,train
GATCCGCTGGTCAT-1,CD14+ Monocytes,0.99906534,CD14+ Monocytes,test
GATCGAACCGAGAG-1,CD8 T cells,0.9387557,CD8 T cells,train
GATCGATGACTAGC-1,B cells,0.99805766,B cells,test
GATCGATGGTAAAG-1,B cells,0.9962268,B cells,train
GATCGATGTAAGGA-1,CD14+ Monocytes,0.9999299,CD14+ Monocytes,train
GATCGTGACACTAG-1,CD4 T cells,0.99985576,CD4 T cells,test
GATCGTGATTCACT-1,CD4 T cells,0.9999232,CD4 T cells,train
GATCTACTGGTGAG-1,CD4 T cells,0.9912095,CD4 T cells,test
GATCTACTTTGCAG-1,B cells,0.9999293,B cells,train
GATCTTACACCCAA-1,FCGR3A+ Monocytes,0.99767977,FCGR3A+ Monocytes,train
GATCTTACCCTACC-1,CD4 T cells,0.9999901,CD4 T cells,train
GATCTTACGAATAG-1,CD14+ Monocytes,0.999754,CD14+ Monocytes,train
GATCTTACGAGATA-1,CD14+ Monocytes,0.9994906,CD14+ Monocytes,train
GATGCAACTCCAGA-1,CD4 T cells,0.9998055,CD4 T cells,train
GATGCCCTACGTAC-1,CD4 T cells,0.99958426,CD4 T cells,train
GATGCCCTCTCATT-1,CD4 T cells,0.9998746,CD4 T cells,test
GATGCCCTGGCAAG-1,CD14+ Monocytes,0.99980587,CD14+ Monocytes,train
GATGCCCTTTTGCT-1,CD4 T cells,0.9989478,CD4 T cells,train
GATTACCTTGTTCT-1,CD4 T cells,0.9957474,CD4 T cells,test
GATTCGGAACGACT-1,CD4 T cells,0.99981266,CD4 T cells,test
GATTCGGACAGGAG-1,CD14+ Monocytes,0.99981004,CD14+ Monocytes,train
GATTCGGAGAAGGC-1,FCGR3A+ Monocytes,0.9991843,FCGR3A+ Monocytes,train
GATTCTTGATTCGG-1,CD14+ Monocytes,0.99897707,CD14+ Monocytes,train
GATTCTTGCCGATA-1,CD4 T cells,0.999759,CD4 T cells,train
GATTCTTGCGAGTT-1,B cells,0.9996797,B cells,train
GATTGGACCCGTTC-1,B cells,0.84861094,B cells,test
GATTGGACGGTGTT-1,B cells,0.99990904,B cells,train
GATTGGACTTTCGT-1,B cells,0.9998846,B cells,test
GATTGGTGTGTCAG-1,CD4 T cells,0.9999943,CD4 T cells,test
GATTTAGACACTCC-1,FCGR3A+ Monocytes,0.9999291,FCGR3A+ Monocytes,train
GATTTAGACTAAGC-1,B cells,0.9995389,B cells,test
GATTTAGATTCGTT-1,CD14+ Monocytes,0.99996996,CD14+ Monocytes,train
GATTTGCTAACGAA-1,CD4 T cells,0.8854082,CD4 T cells,test
GATTTGCTAACGGG-1,CD14+ Monocytes,0.99994135,CD14+ Monocytes,train
GCAACCCTCCTCGT-1,CD14+ Monocytes,0.99840015,CD14+ Monocytes,test
GCAACTGATTGCGA-1,CD4 T cells,0.99951196,CD4 T cells,train
GCAAGACTACTGGT-1,CD8 T cells,0.99273396,CD8 T cells,train
GCAAGACTAGGTCT-1,CD4 T cells,0.99880445,CD4 T cells,train
GCAAGACTCCCTTG-1,CD4 T cells,0.999627,CD4 T cells,train
GCAATCGACTGCAA-1,CD8 T cells,0.99834955,CD8 T cells,train
GCAATCGAGACGTT-1,CD14+ Monocytes,0.96762633,CD14+ Monocytes,train
GCAATCGATCCTTA-1,CD14+ Monocytes,0.99803466,CD14+ Monocytes,test
GCAATTCTCGTGTA-1,CD4 T cells,0.9998925,CD4 T cells,train
GCAATTCTTCTCCG-1,CD4 T cells,0.9989353,CD4 T cells,train
GCACAAACAATGCC-1,CD4 T cells,0.9876058,CD4 T cells,train
GCACAAACGGTACT-1,CD8 T cells,0.9816657,CD8 T cells,train
GCACAATGGTGCAT-1,CD14+ Monocytes,0.9959973,Dendritic cells,test
GCACACCTGTGCTA-1,NK cells,0.99528533,NK cells,test
GCACCACTCATGAC-1,CD14+ Monocytes,0.9982054,CD14+ Monocytes,train
GCACCACTGTTTGG-1,CD14+ Monocytes,0.9993224,CD14+ Monocytes,test
GCACCACTTCCTTA-1,NK cells,0.9998149,NK cells,train
GCACCACTTTCGGA-1,CD14+ Monocytes,0.99978083,CD14+ Monocytes,train
GCACCTACGCGATT-1,CD4 T cells,0.9999869,CD4 T cells,train
GCACCTTGGCTGTA-1,CD4 T cells,0.9998826,CD4 T cells,test
GCACCTTGGGGAGT-1,CD14+ Monocytes,0.9969477,CD14+ Monocytes,train
GCACGGACCAGCTA-1,CD4 T cells,0.99969864,CD4 T cells,train
GCACGGTGACCTCC-1,CD4 T cells,0.9999865,CD4 T cells,train
GCACGGTGCTATGG-1,CD14+ Monocytes,0.99898726,CD14+ Monocytes,test
GCACTAGAACGGGA-1,CD4 T cells,0.99924374,CD4 T cells,train
GCACTAGAAGATGA-1,B cells,0.99980706,B cells,train
GCACTAGACCTTTA-1,FCGR3A+ Monocytes,0.99890804,FCGR3A+ Monocytes,train
GCACTAGACGTAAC-1,B cells,0.9984181,B cells,train
GCACTAGAGTCGTA-1,NK cells,0.99118257,NK cells,train
GCACTAGATGCAAC-1,CD4 T cells,0.9999932,CD4 T cells,train
GCACTGCTGAGGCA-1,CD8 T cells,0.99672395,CD8 T cells,train
GCAGATACAGCGTT-1,CD8 T cells,0.99960476,CD8 T cells,train
GCAGATACGACGGA-1,CD4 T cells,0.99981385,CD4 T cells,train
GCAGATACGCAGAG-1,CD4 T cells,0.99995506,CD4 T cells,train
GCAGCCGACAGTCA-1,CD4 T cells,0.9995265,CD4 T cells,train
GCAGCGTGCACTCC-1,CD4 T cells,0.99993646,CD4 T cells,train
GCAGCTCTCAATCG-1,CD4 T cells,0.99880993,CD4 T cells,train
GCAGCTCTGTTTCT-1,CD4 T cells,0.9997218,CD4 T cells,train
GCAGGGCTAAGAAC-1,CD4 T cells,0.9992512,CD4 T cells,test
GCAGGGCTAAGGGC-1,CD4 T cells,0.99993324,CD4 T cells,train
GCAGGGCTATCGAC-1,NK cells,0.99815506,NK cells,test
GCAGGGCTTGGGAG-1,CD8 T cells,0.999803,CD8 T cells,train
GCAGTCCTAACTGC-1,CD4 T cells,0.99995315,CD4 T cells,train
GCAGTCCTCTCTTA-1,CD4 T cells,0.9999697,CD4 T cells,train
GCATCAGATGCGTA-1,CD8 T cells,0.99890506,CD8 T cells,train
GCATGTGACAAGCT-1,CD4 T cells,0.99974114,CD4 T cells,test
GCATTGGAGAAGGC-1,CD4 T cells,0.9999063,CD4 T cells,test
GCCAAAACGAGGCA-1,CD8 T cells,0.9982975,CD8 T cells,train
GCCAAATGATCGAC-1,CD4 T cells,0.9959085,CD8 T cells,test
GCCAACCTACGGTT-1,CD4 T cells,0.9990596,CD4 T cells,train
GCCAACCTCGCCTT-1,CD4 T cells,0.99997365,CD4 T cells,train
GCCACGGAGGCGAA-1,CD14+ Monocytes,0.9996172,CD14+ Monocytes,train
GCCACGGATACTGG-1,CD4 T cells,0.99997663,CD4 T cells,test
GCCACTACGTCTTT-1,CD4 T cells,0.9992429,CD4 T cells,test
GCCCAACTACCGAT-1,CD4 T cells,0.99847025,CD4 T cells,train
GCCCAACTATGGTC-1,CD8 T cells,0.99814725,CD8 T cells,train
GCCCATACAGCGTT-1,CD8 T cells,0.9907624,CD8 T cells,train
GCCGACGAACTCTT-1,CD14+ Monocytes,0.9995191,CD14+ Monocytes,test
GCCGAGTGCGTTGA-1,CD4 T cells,0.9878826,CD8 T cells,test
GCCGGAACGAACTC-1,CD8 T cells,0.9999949,CD8 T cells,train
GCCGGAACGTTCTT-1,NK cells,0.99971753,NK cells,train
GCCGGAACTGCACA-1,CD8 T cells,0.97147006,CD8 T cells,train
GCCGGAACTTACTC-1,CD4 T cells,0.9999912,CD4 T cells,test
GCCGTACTACCTGA-1,CD4 T cells,0.99999475,CD4 T cells,train
GCCGTACTGGCAAG-1,CD14+ Monocytes,0.99986386,CD14+ Monocytes,train
GCCTACACAGTTCG-1,NK cells,0.9999273,NK cells,train
GCCTACACCACTGA-1,FCGR3A+ Monocytes,0.99960536,FCGR3A+ Monocytes,train
GCCTACACCTTGAG-1,CD4 T cells,0.9999927,CD4 T cells,train
GCCTAGCTACGGAG-1,B cells,0.9984261,B cells,test
GCCTAGCTCTATTC-1,CD4 T cells,0.99969876,CD4 T cells,test
GCCTAGCTTCTCAT-1,CD4 T cells,0.9998658,CD4 T cells,train
GCCTAGCTTCTCTA-1,FCGR3A+ Monocytes,0.9986016,FCGR3A+ Monocytes,train
GCCTCAACCATGGT-1,CD4 T cells,0.9936113,CD4 T cells,test
GCCTCAACTCTTTG-1,CD8 T cells,0.6874431,CD8 T cells,test
GCCTCATGTCTTAC-1,CD8 T cells,0.8523067,CD8 T cells,test
GCCTGACTCTCAAG-1,CD14+ Monocytes,0.99986696,CD14+ Monocytes,train
GCGAAGGAACTCTT-1,CD4 T cells,0.4361294,CD4 T cells,train
GCGAAGGATGCCAA-1,CD4 T cells,0.9997074,CD4 T cells,train
GCGAGAGAGGGACA-1,CD4 T cells,0.9991623,CD4 T cells,test
GCGAGCACTGTCGA-1,B cells,0.9982292,B cells,train
GCGAGCACTTGACG-1,CD4 T cells,0.9995803,CD4 T cells,test
GCGAGCACTTGCTT-1,CD14+ Monocytes,0.9980312,CD14+ Monocytes,test
GCGATATGGTACGT-1,CD4 T cells,0.99982494,CD4 T cells,train
GCGATATGGTGTTG-1,CD4 T cells,0.9999896,CD4 T cells,train
GCGCACGAAGTCGT-1,CD4 T cells,0.9999987,CD4 T cells,test
GCGCACGACTTTAC-1,CD14+ Monocytes,0.999951,CD14+ Monocytes,test
GCGCATCTAGGTCT-1,CD4 T cells,0.99956363,CD4 T cells,train
GCGCATCTGGTTAC-1,Megakaryocytes,0.9719193,Megakaryocytes,train
GCGCATCTTCGATG-1,CD4 T cells,0.99999213,CD4 T cells,test
GCGCATCTTGCTCC-1,NK cells,0.9993673,NK cells,train
GCGCATCTTTCTAC-1,CD4 T cells,0.9999894,CD4 T cells,train
GCGCGAACGTTCTT-1,B cells,0.9994448,B cells,train
GCGCGATGAACGGG-1,CD4 T cells,0.99704224,CD4 T cells,test
GCGCGATGGTGCAT-1,NK cells,0.99976367,NK cells,train
GCGGAGCTCCTGAA-1,CD4 T cells,0.9988104,CD4 T cells,test
GCGGCAACCCGATA-1,CD4 T cells,0.9999906,CD4 T cells,train
GCGGCAACGGAGGT-1,B cells,0.9988153,B cells,test
GCGGCAACTGTCGA-1,CD14+ Monocytes,0.9999566,CD14+ Monocytes,test
GCGTAAACACGGTT-1,Dendritic cells,0.9977246,Dendritic cells,train
GCGTAATGCACCAA-1,FCGR3A+ Monocytes,0.9969117,FCGR3A+ Monocytes,train
GCGTATGAACACCA-1,CD4 T cells,0.9998443,CD4 T cells,train
GCGTATGATGAGAA-1,CD14+ Monocytes,0.999881,CD14+ Monocytes,train
GCTACAGAAAGGTA-1,CD4 T cells,0.99996185,CD4 T cells,train
GCTACAGAATCTTC-1,B cells,0.9967989,B cells,test
GCTACCTGAGAAGT-1,CD14+ Monocytes,0.99806505,CD14+ Monocytes,train
GCTACCTGATCACG-1,CD4 T cells,0.99994504,CD4 T cells,train
GCTACGCTAGAATG-1,CD4 T cells,0.9999949,CD4 T cells,train
GCTACGCTAGCTAC-1,CD4 T cells,0.9988801,CD4 T cells,test
GCTACGCTCCCTAC-1,CD4 T cells,0.9999697,CD4 T cells,train
GCTAGAACAGAGGC-1,B cells,0.99867505,B cells,train
GCTAGAACGGATCT-1,CD4 T cells,0.99999523,CD4 T cells,train
GCTAGAACTCCCGT-1,CD4 T cells,0.9984666,CD4 T cells,train
GCTAGATGAGCTCA-1,CD14+ Monocytes,0.99997187,CD14+ Monocytes,test
GCTAGATGGCGATT-1,CD8 T cells,0.9988176,CD8 T cells,train
GCTATACTAAGGCG-1,CD4 T cells,0.99993,CD4 T cells,train
GCTATACTAGCGTT-1,CD8 T cells,0.9999566,CD8 T cells,train
GCTATACTCTCTTA-1,CD4 T cells,0.99998915,CD4 T cells,train
GCTATACTGGACGA-1,CD4 T cells,0.99760336,CD4 T cells,test
GCTCAAGAACCATG-1,B cells,0.92186964,B cells,train
GCTCAAGAAGTCAC-1,CD14+ Monocytes,0.99385333,CD14+ Monocytes,train
GCTCAGCTGTCTAG-1,CD4 T cells,0.9974396,CD4 T cells,train
GCTCCATGAGAAGT-1,CD8 T cells,0.9977768,CD8 T cells,test
GCTCCATGCCGAAT-1,CD4 T cells,0.99968743,CD4 T cells,train
GCTCGACTCTAGTG-1,CD14+ Monocytes,0.9999119,CD14+ Monocytes,train
GCTGATGAGGTATC-1,CD14+ Monocytes,0.99972576,CD14+ Monocytes,train
GCTTAACTACAGTC-1,CD14+ Monocytes,0.99992836,CD14+ Monocytes,train
GCTTAACTACTGGT-1,CD8 T cells,0.99991703,CD8 T cells,train
GCTTAACTGCTGAT-1,CD4 T cells,0.9260403,CD4 T cells,test
GCTTAACTTAGACC-1,CD14+ Monocytes,0.99951196,CD14+ Monocytes,test
GCTTAACTTCAGTG-1,CD4 T cells,0.9994717,CD4 T cells,train
GGAACACTCACTTT-1,CD14+ Monocytes,0.9997521,CD14+ Monocytes,test
GGAACACTTCAGAC-1,Megakaryocytes,0.9973476,Megakaryocytes,train
GGAACTACTACTTC-1,CD4 T cells,0.99932075,CD4 T cells,train
GGAACTTGAAGGTA-1,CD14+ Monocytes,0.9997526,CD14+ Monocytes,train
GGAACTTGAGAATG-1,CD4 T cells,0.99958426,CD4 T cells,train
GGAACTTGCTCCAC-1,CD14+ Monocytes,0.9993358,CD14+ Monocytes,train
GGAACTTGGGTAGG-1,B cells,0.99847454,B cells,test
GGAAGGACATCGGT-1,CD14+ Monocytes,0.9999404,CD14+ Monocytes,train
GGAAGGACCACTAG-1,CD4 T cells,0.999587,CD4 T cells,train
GGAAGGACGAGGGT-1,CD4 T cells,0.99911314,CD4 T cells,test
GGAAGGACGCGAAG-1,CD8 T cells,0.9975781,CD8 T cells,test
GGAAGGTGGCGAGA-1,NK cells,0.9996075,NK cells,train
GGAATCTGAAGGGC-1,CD4 T cells,0.9995284,CD4 T cells,test
GGAATCTGAGGAGC-1,CD4 T cells,0.99980706,CD4 T cells,test
GGAATCTGCTTAGG-1,B cells,0.99984264,B cells,test
GGAATCTGCTTGTT-1,CD14+ Monocytes,0.9998994,CD14+ Monocytes,train
GGAATCTGGGAGGT-1,CD4 T cells,0.99999845,CD4 T cells,test
GGAATGCTTTCTAC-1,CD4 T cells,0.9999752,CD4 T cells,test
GGACAGGAAAGGGC-1,CD8 T cells,0.9853779,CD8 T cells,test
GGACAGGAGTGCTA-1,B cells,0.9999566,B cells,train
GGACAGGATCTCGC-1,CD4 T cells,0.9997539,CD4 T cells,train
GGACCCGAAGCTAC-1,CD14+ Monocytes,0.9987783,CD14+ Monocytes,test
GGACCGTGCTTACT-1,CD14+ Monocytes,0.9999367,CD14+ Monocytes,train
GGACCGTGGGAACG-1,Dendritic cells,0.5349494,Dendritic cells,test
GGACCGTGTAACGC-1,CD4 T cells,0.9995813,CD4 T cells,test
GGACCTCTGTAAGA-1,CD14+ Monocytes,0.9997328,CD14+ Monocytes,train
GGACCTCTTTTCTG-1,CD8 T cells,0.99988353,CD8 T cells,train
GGACGAGAGTGTCA-1,CD14+ Monocytes,0.9999231,CD14+ Monocytes,train
GGACGCTGACGCAT-1,CD8 T cells,0.99995446,CD8 T cells,train
GGACGCTGCTAGCA-1,CD4 T cells,0.99993527,CD4 T cells,train
GGACGCTGTCCTCG-1,NK cells,0.9997608,NK cells,train
GGAGAGACGTGAGG-1,B cells,0.9912282,B cells,train
GGAGCAGATTCAGG-1,B cells,0.9780924,B cells,test
GGAGCCACCTTCTA-1,B cells,0.99924767,B cells,train
GGAGCGCTACGCAT-1,CD14+ Monocytes,0.99242675,CD14+ Monocytes,train
GGAGCGCTCCGAAT-1,CD4 T cells,0.9994405,CD8 T cells,test
GGAGGATGCCACCT-1,CD4 T cells,0.9997143,CD4 T cells,train
GGAGGATGGTTGAC-1,CD14+ Monocytes,0.999678,CD14+ Monocytes,train
GGAGGATGTCAGTG-1,CD14+ Monocytes,0.99999166,CD14+ Monocytes,test
GGAGGCCTCGTTGA-1,NK cells,0.9997757,NK cells,test
GGAGGCCTTTCTTG-1,CD4 T cells,0.99999034,CD4 T cells,train
GGAGGTGATACGCA-1,CD4 T cells,0.99466515,CD4 T cells,train
GGAGGTGATCGCTC-1,CD4 T cells,0.999716,CD4 T cells,test
GGATACTGCAGCTA-1,CD8 T cells,0.98858213,CD8 T cells,train
GGATACTGTCTAGG-1,CD4 T cells,0.9999697,CD4 T cells,train
GGATAGCTCGTCTC-1,CD4 T cells,0.9998702,CD4 T cells,test
GGATAGCTCTGAAC-1,CD8 T cells,0.99606234,CD8 T cells,train
GGATGTACCAAAGA-1,B cells,0.9990159,B cells,test
GGATGTACGCGAAG-1,CD4 T cells,0.9995615,CD4 T cells,train
GGATGTACGTCTTT-1,CD14+ Monocytes,0.9998739,CD14+ Monocytes,train
GGATGTACGTGTCA-1,CD4 T cells,0.99831665,CD4 T cells,train
GGATTTCTAGGTTC-1,CD4 T cells,0.9991836,CD4 T cells,train
GGATTTCTTTGTCT-1,CD14+ Monocytes,0.9666598,CD14+ Monocytes,test
GGCAAGGAAAAAGC-1,NK cells,0.9966537,NK cells,test
GGCAAGGAAGAAGT-1,CD4 T cells,0.9989506,CD4 T cells,train
GGCAAGGACTTGGA-1,CD14+ Monocytes,0.9553258,Dendritic cells,test
GGCAAGGAGGACTT-1,CD4 T cells,0.9999815,CD4 T cells,train
GGCAATACGCTAAC-1,B cells,0.99938035,B cells,test
GGCAATACGGCATT-1,CD8 T cells,0.99999154,CD8 T cells,train
GGCAATACGTTTCT-1,B cells,0.99990916,B cells,test
GGCACGTGGCTTAG-1,FCGR3A+ Monocytes,0.79108906,FCGR3A+ Monocytes,test
GGCACTCTTTTGTC-1,CD4 T cells,0.999995,CD4 T cells,train
GGCATATGCTTATC-1,NK cells,0.9990797,NK cells,train
GGCATATGGGGAGT-1,Megakaryocytes,0.99604565,Megakaryocytes,test
GGCATATGTGTGAC-1,CD8 T cells,0.9958235,CD8 T cells,train
GGCCACGACAGAGG-1,CD4 T cells,0.9993793,CD4 T cells,test
GGCCAGACTGGTTG-1,CD4 T cells,0.9999865,CD4 T cells,train
GGCCCAGAAAGTAG-1,CD14+ Monocytes,0.9992872,CD14+ Monocytes,train
GGCCGAACAACGAA-1,CD4 T cells,0.999966,CD4 T cells,train
GGCCGAACGCAGAG-1,CD4 T cells,0.99996555,CD4 T cells,test
GGCCGAACGTAGGG-1,CD4 T cells,0.99997103,CD4 T cells,train
GGCCGAACTCTAGG-1,NK cells,0.99878997,NK cells,train
GGCCGATGCAGGAG-1,CD4 T cells,0.9999515,CD4 T cells,train
GGCCGATGCCGAAT-1,CD4 T cells,0.9999075,CD4 T cells,train
GGCCGATGTACTCT-1,CD4 T cells,0.86693275,CD8 T cells,test
GGCGACACTGCCCT-1,CD8 T cells,0.9131662,CD8 T cells,train
GGCGACTGCGTAAC-1,CD4 T cells,0.99969625,CD4 T cells,test
GGCGCATGCCTAAG-1,FCGR3A+ Monocytes,0.9995529,FCGR3A+ Monocytes,train
GGCGCATGCTCCAC-1,CD4 T cells,0.99986744,CD4 T cells,train
GGCGCATGTGGAAA-1,CD4 T cells,0.99998975,CD4 T cells,train
GGCGGACTAGAGGC-1,CD4 T cells,0.99890137,CD4 T cells,train
GGCGGACTAGGAGC-1,CD8 T cells,0.98917645,CD8 T cells,train
GGCGGACTCTGACA-1,CD4 T cells,0.99992394,CD4 T cells,train
GGCGGACTCTTGGA-1,CD8 T cells,0.9999496,CD8 T cells,train
GGCGGACTTACTGG-1,CD4 T cells,0.99926585,CD4 T cells,train
GGCGGACTTGAACC-1,CD4 T cells,0.99999356,CD4 T cells,train
GGCTAAACACCTGA-1,NK cells,0.99919194,NK cells,train
GGCTAAACTCTTAC-1,CD4 T cells,0.99994695,CD4 T cells,train
GGCTAATGAGCACT-1,CD8 T cells,0.9997199,CD8 T cells,train
GGCTAATGGTCTAG-1,CD4 T cells,0.9997639,CD4 T cells,train
GGCTCACTACTCAG-1,CD14+ Monocytes,0.9981274,CD14+ Monocytes,train
GGGAACGAAGCTCA-1,FCGR3A+ Monocytes,0.9997075,FCGR3A+ Monocytes,train
GGGAACGACACAAC-1,B cells,0.99971884,B cells,train
GGGAACGAGTGTCA-1,CD14+ Monocytes,0.9977703,CD14+ Monocytes,train
GGGAAGTGTTGAGC-1,CD14+ Monocytes,0.99951065,CD14+ Monocytes,test
GGGACCACACGTTG-1,CD8 T cells,0.95467085,CD8 T cells,train
GGGACCACAGAACA-1,CD4 T cells,0.9976973,CD4 T cells,train
GGGACCACGAATAG-1,CD4 T cells,0.9992329,CD4 T cells,train
GGGACCACGTCATG-1,CD4 T cells,0.99941754,CD4 T cells,train
GGGACCACTCAAGC-1,CD4 T cells,0.99923396,CD4 T cells,train
GGGACCACTCGTGA-1,CD4 T cells,0.999998,CD4 T cells,test
GGGACCACTGCATG-1,CD4 T cells,0.9999789,CD4 T cells,test
GGGACCTGACCCTC-1,CD14+ Monocytes,0.9998605,CD14+ Monocytes,train
GGGACCTGCTTGCC-1,CD4 T cells,0.9999813,CD4 T cells,test
GGGACCTGTGGAGG-1,B cells,0.99988616,B cells,train
GGGATGGACGACAT-1,B cells,0.99875844,B cells,train
GGGATGGATACTTC-1,CD4 T cells,0.9999759,CD4 T cells,test
GGGATGGATGGTTG-1,CD14+ Monocytes,0.99944216,CD14+ Monocytes,train
GGGATTACGTCTAG-1,CD4 T cells,0.9998903,CD4 T cells,train
GGGCAAGATGCATG-1,CD14+ Monocytes,0.9999485,CD14+ Monocytes,train
GGGCACACGGTGAG-1,CD4 T cells,0.99040633,CD4 T cells,train
GGGCACACGTTGCA-1,CD4 T cells,0.9966139,CD4 T cells,train
GGGCAGCTTGGGAG-1,CD8 T cells,0.99956876,CD8 T cells,train
GGGCAGCTTTTCTG-1,CD4 T cells,0.99976796,CD4 T cells,train
GGGCCAACCTTGGA-1,Dendritic cells,0.99739194,Dendritic cells,train
GGGCCAACGCGTTA-1,B cells,0.99956614,B cells,train
GGGCCAACTACGCA-1,CD14+ Monocytes,0.99969363,CD14+ Monocytes,train
GGGCCAACTCCAAG-1,B cells,0.99982005,B cells,test
GGGCCATGATGGTC-1,CD8 T cells,0.9788396,CD8 T cells,train
GGGCCATGTTGACG-1,CD4 T cells,0.999813,CD4 T cells,test
GGGTAACTCAGCTA-1,CD4 T cells,0.999201,CD4 T cells,train
GGGTAACTCTAGTG-1,B cells,0.999569,B cells,train
GGGTAACTCTGGAT-1,CD4 T cells,0.9999709,CD4 T cells,train
GGGTTAACGTGCAT-1,NK cells,0.9989729,NK cells,train
GGTAAAGAGCTAAC-1,NK cells,0.9977723,NK cells,train
GGTACAACTGCAAC-1,CD4 T cells,0.99998426,CD4 T cells,train
GGTACATGAAAGCA-1,B cells,0.9996463,B cells,train
GGTACATGAGCTCA-1,CD4 T cells,0.9968562,CD4 T cells,train
GGTACATGCGGTAT-1,CD4 T cells,0.99699545,CD4 T cells,train
GGTACATGGTTACG-1,CD8 T cells,0.99791056,CD8 T cells,train
GGTACATGTGGGAG-1,CD4 T cells,0.999647,CD4 T cells,train
GGTACTGAACTCTT-1,CD14+ Monocytes,0.99956506,CD14+ Monocytes,train
GGTAGTACACCACA-1,CD8 T cells,0.99812394,CD8 T cells,train
GGTAGTACACTAGC-1,CD14+ Monocytes,0.99996567,CD14+ Monocytes,test
GGTAGTACCCTGTC-1,CD4 T cells,0.99987805,CD4 T cells,train
GGTAGTACGCCATA-1,CD14+ Monocytes,0.9999614,CD14+ Monocytes,train
GGTAGTACTGTCTT-1,CD8 T cells,0.9918656,CD8 T cells,train
GGTATCGAGACAAA-1,CD14+ Monocytes,0.9998665,CD14+ Monocytes,train
GGTATCGATGAACC-1,B cells,0.9997305,B cells,test
GGTCAAACCAAAGA-1,CD4 T cells,0.999954,CD4 T cells,train
GGTCTAGAGAAACA-1,CD14+ Monocytes,0.9988439,CD14+ Monocytes,train
GGTCTAGATAGCGT-1,CD14+ Monocytes,0.73003,CD14+ Monocytes,test
GGTGATACCGACTA-1,B cells,0.99984133,B cells,train
GGTGATACGACTAC-1,CD14+ Monocytes,0.9998518,CD14+ Monocytes,train
GGTGATACTGTTTC-1,CD4 T cells,0.99975854,CD4 T cells,train
GGTGGAGAAACGGG-1,NK cells,0.9988865,NK cells,train
GGTGGAGAAGTAGA-1,CD4 T cells,0.9996805,CD4 T cells,train
GGTGGAGACAGATC-1,CD8 T cells,0.9957337,CD8 T cells,train
GGTGGAGATCGATG-1,CD4 T cells,0.999017,CD4 T cells,train
GGTGGAGATCTCTA-1,CD14+ Monocytes,0.99847454,CD14+ Monocytes,train
GGTGGAGATTACTC-1,CD8 T cells,0.9983419,CD8 T cells,train
GGTTTACTACGCAT-1,CD8 T cells,0.99935454,CD8 T cells,train
GTAACGTGACCTCC-1,CD14+ Monocytes,0.9996749,CD14+ Monocytes,train
GTAACGTGATCGGT-1,B cells,0.9999453,B cells,train
GTAACGTGCAGCTA-1,B cells,0.9998542,B cells,train
GTAACGTGGTTGAC-1,B cells,0.9990835,B cells,train
GTAAGCACAACGGG-1,CD4 T cells,0.9995912,CD4 T cells,train
GTAAGCACTCATTC-1,B cells,0.99983966,B cells,train
GTAAGCTGGTACCA-1,CD14+ Monocytes,0.9996451,CD14+ Monocytes,train
GTAATAACCTTCTA-1,CD14+ Monocytes,0.999191,CD14+ Monocytes,train
GTAATAACGTTGTG-1,CD4 T cells,0.99970275,CD4 T cells,test
GTACCCTGACAGTC-1,FCGR3A+ Monocytes,0.9998878,FCGR3A+ Monocytes,train
GTACCCTGGAGCTT-1,CD4 T cells,0.9999683,CD4 T cells,train
GTACCCTGTCCTTA-1,CD8 T cells,0.99897623,CD8 T cells,train
GTACCCTGTGAACC-1,CD4 T cells,0.9983084,CD4 T cells,train
GTACGTGAACGTTG-1,CD8 T cells,0.99991643,CD8 T cells,test
GTACTTTGTCGACA-1,CD8 T cells,0.9985033,CD8 T cells,train
GTAGACTGAGATGA-1,CD14+ Monocytes,0.99996746,CD14+ Monocytes,train
GTAGACTGTATTCC-1,CD4 T cells,0.99947613,CD4 T cells,test
GTAGCAACAGTCGT-1,CD14+ Monocytes,0.9998456,CD14+ Monocytes,train
GTAGCAACCATTTC-1,B cells,0.9999409,B cells,train
GTAGCAACGGTAGG-1,CD14+ Monocytes,0.9996927,CD14+ Monocytes,train
GTAGCATGCACTCC-1,B cells,0.99986565,B cells,test
GTAGCATGTAAGCC-1,CD14+ Monocytes,0.9988211,CD14+ Monocytes,train
GTAGCCCTGACGTT-1,CD4 T cells,0.99821544,CD4 T cells,train
GTAGCTGAAGCTAC-1,FCGR3A+ Monocytes,0.9861064,FCGR3A+ Monocytes,test
GTAGCTGAATTCGG-1,CD4 T cells,0.9998124,CD4 T cells,test
GTAGGTACACGGGA-1,CD14+ Monocytes,0.9997603,CD14+ Monocytes,train
GTAGTGACCTCATT-1,CD4 T cells,0.9999689,CD4 T cells,train
GTAGTGTGAGCGGA-1,NK cells,0.99918693,NK cells,test
GTAGTGTGAGGCGA-1,CD14+ Monocytes,0.99989617,CD14+ Monocytes,train
GTAGTGTGTGGTTG-1,CD4 T cells,0.99981076,CD4 T cells,train
GTATCACTGGTAGG-1,CD14+ Monocytes,0.9996499,CD14+ Monocytes,train
GTATCTACAGAAGT-1,CD8 T cells,0.9965299,CD8 T cells,train
GTATCTACGACGAG-1,CD8 T cells,0.99945575,CD8 T cells,test
GTATCTACGTTACG-1,CD4 T cells,0.9968786,CD4 T cells,train
GTATTAGAAACAGA-1,CD4 T cells,0.996157,CD4 T cells,train
GTATTAGAGGTCTA-1,CD4 T cells,0.9998896,CD4 T cells,train
GTATTCACACAGCT-1,CD4 T cells,0.9999831,CD4 T cells,train
GTATTCACGGGTGA-1,CD8 T cells,0.9999455,CD8 T cells,train
GTCAACGACACTGA-1,CD4 T cells,0.99806386,CD4 T cells,train
GTCAACGAGTGTAC-1,CD14+ Monocytes,0.99976987,CD14+ Monocytes,test
GTCAATCTACACCA-1,CD8 T cells,0.9971431,CD8 T cells,train
GTCAATCTGTAGCT-1,CD8 T cells,0.9957657,CD8 T cells,train
GTCAATCTTGTGGT-1,CD4 T cells,0.9999758,CD4 T cells,test
GTCACCTGCCTCCA-1,CD4 T cells,0.9998547,CD4 T cells,train
GTCACCTGTCCCGT-1,CD4 T cells,0.99997675,CD4 T cells,train
GTCATACTAATCGC-1,B cells,0.99855036,B cells,train
GTCATACTGCGATT-1,CD8 T cells,0.9968637,CD8 T cells,train
GTCATACTTCGCCT-1,Megakaryocytes,0.9967123,Megakaryocytes,train
GTCATACTTTACCT-1,CD8 T cells,0.99910706,CD8 T cells,train
GTCATACTTTGACG-1,CD4 T cells,0.9990355,CD4 T cells,train
GTCCAAGAAAAACG-1,CD4 T cells,0.9999939,CD4 T cells,train
GTCCACTGACCTCC-1,CD8 T cells,0.98816174,CD8 T cells,train
GTCCACTGGGTACT-1,FCGR3A+ Monocytes,0.9384336,FCGR3A+ Monocytes,test
GTCCAGCTACGGGA-1,CD4 T cells,0.9999852,CD4 T cells,train
GTCCCATGTGGTGT-1,CD14+ Monocytes,0.9976471,CD14+ Monocytes,train
GTCGAATGAAGGCG-1,CD14+ Monocytes,0.9971064,CD14+ Monocytes,test
GTCGACCTGAATGA-1,NK cells,0.9954997,NK cells,test
GTCGACCTGTTCAG-1,CD4 T cells,0.99998367,CD4 T cells,train
GTCGCACTTGAGAA-1,B cells,0.99963605,B cells,train
GTCTAACTGGTCTA-1,CD14+ Monocytes,0.6068043,CD14+ Monocytes,test
GTCTAGGAGCTTCC-1,CD14+ Monocytes,0.9999796,CD14+ Monocytes,test
GTGAACACACTCTT-1,CD4 T cells,0.99994636,CD4 T cells,train
GTGAACACTCAGGT-1,CD4 T cells,0.99651426,CD4 T cells,test
GTGACCCTTAAGCC-1,CD8 T cells,0.99713755,CD8 T cells,train
GTGATGACAAGTGA-1,CD4 T cells,0.5718943,CD4 T cells,test
GTGATGACCTGAGT-1,B cells,0.9999014,B cells,train
GTGATGACGGTTTG-1,CD8 T cells,0.9971449,CD8 T cells,train
GTGATTCTCATTTC-1,CD4 T cells,0.9997671,CD4 T cells,train
GTGATTCTCTCTCG-1,CD14+ Monocytes,0.9999316,CD14+ Monocytes,test
GTGATTCTGGTTCA-1,NK cells,0.9099219,NK cells,test
GTGATTCTGTCGAT-1,CD4 T cells,0.9995788,CD4 T cells,train
GTGATTCTTAGCGT-1,B cells,0.9995258,B cells,train
GTGCCACTCAGGAG-1,CD4 T cells,0.9999076,CD4 T cells,train
GTGGATTGCACTAG-1,FCGR3A+ Monocytes,0.9989421,FCGR3A+ Monocytes,test
GTGGATTGCGGAGA-1,CD4 T cells,0.9992974,CD4 T cells,train
GTGGATTGTAACGC-1,CD4 T cells,0.9999813,CD4 T cells,train
GTGTACGATCAGTG-1,CD4 T cells,0.9990796,CD4 T cells,train
GTGTAGTGGGTACT-1,CD4 T cells,0.99996686,CD4 T cells,train
GTGTATCTAGCCTA-1,B cells,0.9997546,B cells,train
GTGTATCTAGTAGA-1,CD8 T cells,0.9920328,CD8 T cells,train
GTGTATCTGTTACG-1,B cells,0.99969435,B cells,train
GTGTCAGAAGCGTT-1,CD8 T cells,0.98492706,CD8 T cells,test
GTTAAAACCGAGAG-1,NK cells,0.9980647,NK cells,train
GTTAAATGCTCGAA-1,CD4 T cells,0.9990839,CD4 T cells,train
GTTAAATGTCGACA-1,B cells,0.99986744,B cells,test
GTTAACCTAGCTAC-1,CD4 T cells,0.9988998,CD4 T cells,train
GTTAACCTTGCTTT-1,Dendritic cells,0.9964192,Dendritic cells,train
GTTAGGTGCACTCC-1,CD4 T cells,0.9997018,CD4 T cells,train
GTTAGGTGCCAGTA-1,CD14+ Monocytes,0.9997713,CD14+ Monocytes,train
GTTAGGTGCCCAAA-1,FCGR3A+ Monocytes,0.9987179,FCGR3A+ Monocytes,train
GTTAGGTGGAACTC-1,B cells,0.99860734,B cells,train
GTTAGTCTAAGAAC-1,CD8 T cells,0.98746675,CD8 T cells,test
GTTATAGAGGACAG-1,CD4 T cells,0.99537164,CD4 T cells,train
GTTATGCTTTCATC-1,CD4 T cells,0.9950051,CD4 T cells,test
GTTCAACTGGGACA-1,NK cells,0.99706215,NK cells,test
GTTCAACTTATGCG-1,CD4 T cells,0.99892515,CD4 T cells,test
GTTGACGAGCCCTT-1,NK cells,0.99689984,NK cells,train
GTTGACGATATCGG-1,NK cells,0.99995136,NK cells,train
GTTGAGTGGTCTTT-1,CD14+ Monocytes,0.988889,CD14+ Monocytes,train
GTTGAGTGTGCTTT-1,CD4 T cells,0.9997507,CD4 T cells,train
GTTGATCTGGGACA-1,CD4 T cells,0.99905723,CD4 T cells,train
GTTGATCTTTTCAC-1,CD8 T cells,0.9999175,CD8 T cells,train
GTTGGATGTTTACC-1,FCGR3A+ Monocytes,0.9946414,FCGR3A+ Monocytes,test
GTTGTACTATTCCT-1,CD14+ Monocytes,0.99972576,CD14+ Monocytes,train
GTTGTACTTTTGGG-1,CD4 T cells,0.99967766,CD4 T cells,test
GTTTAAGACCATGA-1,CD14+ Monocytes,0.99980277,CD14+ Monocytes,test
GTTTAAGACTGTCC-1,CD8 T cells,0.9992083,CD8 T cells,train
TAAACAACCAACCA-1,CD4 T cells,0.99916637,CD4 T cells,train
TAAACAACGAATCC-1,B cells,0.99940586,B cells,train
TAAAGACTCAGGAG-1,CD4 T cells,0.9958681,CD4 T cells,train
TAAATCGATGAGGG-1,CD4 T cells,0.9999945,CD4 T cells,train
TAACAATGTGCCCT-1,B cells,0.999853,B cells,train
TAACACCTTCGCTC-1,CD14+ Monocytes,0.9998934,CD14+ Monocytes,train
TAACACCTTCGTAG-1,CD14+ Monocytes,0.99979585,CD14+ Monocytes,train
TAACACCTTGTTTC-1,Megakaryocytes,0.9982875,Megakaryocytes,train
TAACATGACACTAG-1,CD8 T cells,0.93238604,B cells,test
TAACCGGACTTACT-1,CD4 T cells,0.9999398,CD4 T cells,train
TAACGTCTCAACCA-1,CD14+ Monocytes,0.99993455,CD14+ Monocytes,train
TAACGTCTCATTGG-1,CD4 T cells,0.9999907,CD4 T cells,train
TAACTAGAATTTCC-1,CD4 T cells,0.99978787,CD4 T cells,train
TAACTAGACTTAGG-1,CD4 T cells,0.99974066,CD4 T cells,train
TAACTAGATCTGGA-1,CD4 T cells,0.9999784,CD4 T cells,test
TAACTCACGAGGAC-1,CD14+ Monocytes,0.99998534,CD14+ Monocytes,train
TAACTCACGTACAC-1,B cells,0.99926287,B cells,train
TAACTCACGTATCG-1,CD14+ Monocytes,0.99869967,CD14+ Monocytes,train
TAACTCACTCTACT-1,NK cells,0.9973918,NK cells,train
TAAGAACTGTGTCA-1,CD14+ Monocytes,0.99634343,CD14+ Monocytes,train
TAAGAGGACTAAGC-1,B cells,0.9961164,B cells,train
TAAGAGGACTTGTT-1,NK cells,0.998992,NK cells,train
TAAGATACGGTTCA-1,CD14+ Monocytes,0.9999075,CD14+ Monocytes,train
TAAGATTGCGTAGT-1,CD4 T cells,0.9999865,CD4 T cells,train
TAAGATTGTTGCTT-1,CD4 T cells,0.9988306,CD4 T cells,train
TAAGCGTGAGGTTC-1,CD14+ Monocytes,0.9996836,CD14+ Monocytes,train
TAAGCGTGGACAAA-1,FCGR3A+ Monocytes,0.6332225,CD14+ Monocytes,test
TAAGCGTGGGAAAT-1,CD4 T cells,0.9855327,CD4 T cells,train
TAAGCGTGTGCTCC-1,FCGR3A+ Monocytes,0.9988366,FCGR3A+ Monocytes,train
TAAGGCTGCCATGA-1,CD8 T cells,0.99186033,CD8 T cells,train
TAAGGCTGCTGCTC-1,CD4 T cells,0.99997747,CD4 T cells,test
TAAGGCTGTCTCGC-1,CD14+ Monocytes,0.998889,CD14+ Monocytes,train
TAAGGGCTGCTGTA-1,CD4 T cells,0.9968844,CD4 T cells,train
TAAGGGCTTTACTC-1,CD4 T cells,0.99964654,CD4 T cells,train
TAAGTAACCGAGAG-1,B cells,0.99923813,B cells,test
TAAGTAACCTCCAC-1,B cells,0.9993086,B cells,train
TAAGTAACCTGTAG-1,CD4 T cells,0.93263406,CD4 T cells,train
TAAGTAACTTGTCT-1,CD4 T cells,0.999938,CD4 T cells,train
TAATGATGAGCGGA-1,CD4 T cells,0.9974087,CD4 T cells,train
TAATGCCTCATGAC-1,CD4 T cells,0.99998,CD4 T cells,train
TAATGCCTCGTCTC-1,NK cells,0.9999546,NK cells,train
TAATGTGAAGATGA-1,CD4 T cells,0.9998578,CD4 T cells,train
TAATGTGACTGCAA-1,CD14+ Monocytes,0.9998696,CD14+ Monocytes,train
TAATGTGATTACTC-1,CD4 T cells,0.85140383,CD8 T cells,test
TACAAATGGGTACT-1,CD4 T cells,0.9999889,CD4 T cells,train
TACAATGAAAACAG-1,CD14+ Monocytes,0.99998486,CD14+ Monocytes,train
TACAATGACTTAGG-1,CD4 T cells,0.99796164,CD4 T cells,test
TACAATGATGCTAG-1,CD8 T cells,0.90423304,CD8 T cells,test
TACACACTCACACA-1,CD4 T cells,0.9999869,CD4 T cells,test
TACACACTCTTACT-1,CD4 T cells,0.9994735,CD4 T cells,train
TACATAGAACGCAT-1,CD8 T cells,0.99731284,CD8 T cells,train
TACATCACACGGGA-1,CD4 T cells,0.9998845,CD4 T cells,train
TACATCACCTGTTT-1,FCGR3A+ Monocytes,0.99919707,FCGR3A+ Monocytes,train
TACATCACGCTAAC-1,B cells,0.9999262,B cells,test
TACATCACTGAACC-1,FCGR3A+ Monocytes,0.99933225,FCGR3A+ Monocytes,test
TACCATTGAGGTTC-1,CD4 T cells,0.99999523,CD4 T cells,train
TACCATTGCGGGAA-1,CD14+ Monocytes,0.9911608,CD14+ Monocytes,train
TACCATTGGGGATG-1,CD14+ Monocytes,0.9999734,CD14+ Monocytes,test
TACCATTGTGAGGG-1,CD14+ Monocytes,0.9998091,CD14+ Monocytes,train
TACCGGCTGTTGGT-1,CD4 T cells,0.9994978,CD4 T cells,train
TACGAGTGATCTCT-1,CD4 T cells,0.99934095,CD4 T cells,train
TACGAGTGATGCTG-1,CD14+ Monocytes,0.9965842,CD14+ Monocytes,train
TACGAGTGCGGAGA-1,CD4 T cells,0.9996202,CD4 T cells,train
TACGAGTGGTTGGT-1,CD4 T cells,0.9991829,CD4 T cells,test
TACGATCTAGTGTC-1,CD4 T cells,0.9999701,CD4 T cells,test
TACGATCTCACTGA-1,CD14+ Monocytes,0.9992859,CD14+ Monocytes,train
TACGATCTTACGAC-1,CD4 T cells,0.9996039,CD4 T cells,train
TACGCAGAGAATCC-1,CD8 T cells,0.9958603,CD8 T cells,train
TACGCCACATTCCT-1,CD4 T cells,0.984445,CD4 T cells,train
TACGCCACTCCCAC-1,FCGR3A+ Monocytes,0.9995827,FCGR3A+ Monocytes,train
TACGCCACTCCGAA-1,B cells,0.9990252,B cells,train
TACGGAACGCGTTA-1,B cells,0.99969435,B cells,train
TACGGCCTGGGACA-1,NK cells,0.99966526,NK cells,train
TACGTACTACGGAG-1,CD4 T cells,0.48633987,CD8 T cells,test
TACGTACTCAGTTG-1,CD4 T cells,0.99989974,CD4 T cells,train
TACGTACTCCCGTT-1,B cells,0.9992003,B cells,train
TACGTTACAGAAGT-1,CD4 T cells,0.9998876,CD4 T cells,train
TACGTTACCAAGCT-1,CD14+ Monocytes,0.99995136,CD14+ Monocytes,test
TACTAAGAAAGGTA-1,B cells,0.99961793,B cells,train
TACTAAGAATCACG-1,CD4 T cells,0.9999559,CD4 T cells,test
TACTAAGATGATGC-1,CD14+ Monocytes,0.99978656,CD14+ Monocytes,train
TACTAAGATTGCGA-1,CD4 T cells,0.9999987,CD4 T cells,train
TACTACACGAGAGC-1,CD4 T cells,0.9997714,CD4 T cells,train
TACTACACTTACCT-1,CD4 T cells,0.9947648,CD4 T cells,train
TACTACTGAACCTG-1,CD14+ Monocytes,0.99334973,CD14+ Monocytes,test
TACTACTGATGTCG-1,CD8 T cells,0.98993987,CD8 T cells,train
TACTACTGATTCTC-1,CD4 T cells,0.99991465,CD4 T cells,test
TACTACTGTATGGC-1,CD4 T cells,0.9992932,CD4 T cells,train
TACTCAACGGTCTA-1,CD14+ Monocytes,0.99997175,CD14+ Monocytes,train
TACTCAACTGCTAG-1,B cells,0.9999498,B cells,train
TACTCCCTCAGTTG-1,CD4 T cells,0.99976045,CD4 T cells,train
TACTCTGAATCGAC-1,NK cells,0.9994363,NK cells,train
TACTCTGACGAGTT-1,CD4 T cells,0.999683,CD4 T cells,test
TACTCTGATTGACG-1,B cells,0.9999063,B cells,train
TACTGGGATCGATG-1,CD4 T cells,0.9998964,CD4 T cells,train
TACTGTTGAAAGCA-1,CD4 T cells,0.99970907,CD4 T cells,train
TACTGTTGAGGCGA-1,NK cells,0.9999095,NK cells,train
TACTGTTGCTGAAC-1,B cells,0.9970981,B cells,train
TACTTGACTCCTCG-1,CD8 T cells,0.9996413,CD8 T cells,train
TACTTGACTGGTGT-1,B cells,0.9993587,B cells,train
TACTTTCTTTTGGG-1,CD4 T cells,0.99762815,CD4 T cells,train
TAGAAACTAATCGC-1,CD4 T cells,0.9999883,CD4 T cells,train
TAGAAACTGCTTCC-1,CD14+ Monocytes,0.9996624,CD14+ Monocytes,test
TAGAAACTGGGATG-1,CD8 T cells,0.99884343,CD8 T cells,train
TAGAATTGCGACAT-1,CD4 T cells,0.99981946,CD4 T cells,test
TAGAATTGTATCGG-1,CD4 T cells,0.99868876,CD4 T cells,train
TAGACGTGCTTGAG-1,CD4 T cells,0.99965537,CD4 T cells,test
TAGACGTGTCGCTC-1,CD4 T cells,0.9999752,CD4 T cells,test
TAGAGCACCTTACT-1,B cells,0.99988925,B cells,test
TAGATTGACTTGTT-1,B cells,0.9979049,B cells,train
TAGATTGAGGCATT-1,CD8 T cells,0.87330973,CD8 T cells,train
TAGCATCTCAGCTA-1,NK cells,0.9996203,NK cells,train
TAGCATCTCCCTCA-1,CD4 T cells,0.99871266,CD4 T cells,train
TAGCATCTGCTGTA-1,FCGR3A+ Monocytes,0.985849,FCGR3A+ Monocytes,test
TAGCATCTGGGACA-1,CD4 T cells,0.99999857,CD4 T cells,train
TAGCATCTTGTCGA-1,CD4 T cells,0.9999988,CD4 T cells,train
TAGCCCACAAAAGC-1,CD4 T cells,0.99811125,CD4 T cells,train
TAGCCCACAGCCAT-1,CD8 T cells,0.98481476,CD8 T cells,test
TAGCCCACAGCTAC-1,NK cells,0.9978556,NK cells,train
TAGCCCACCCACAA-1,CD4 T cells,0.99980336,CD4 T cells,train
TAGCCCTGCGGAGA-1,CD8 T cells,0.99358493,CD8 T cells,train
TAGCCGCTTACGAC-1,CD4 T cells,0.9995708,CD4 T cells,test
TAGCCGCTTACTTC-1,CD8 T cells,0.9986683,CD8 T cells,test
TAGCCGCTTTCCAT-1,CD14+ Monocytes,0.9990388,CD14+ Monocytes,train
TAGCTACTGAATAG-1,B cells,0.999637,B cells,train
TAGCTACTGTAGCT-1,CD4 T cells,0.99993396,CD4 T cells,train
TAGCTACTTTTGCT-1,CD8 T cells,0.9885548,CD8 T cells,test
TAGGACTGTGCTGA-1,CD4 T cells,0.99971,CD4 T cells,train
TAGGAGCTAAGGCG-1,B cells,0.99950516,B cells,train
TAGGAGCTGAGGGT-1,CD4 T cells,0.99999905,CD4 T cells,train
TAGGAGCTTGCATG-1,B cells,0.99977416,B cells,train
TAGGCAACCGTCTC-1,B cells,0.9998909,B cells,train
TAGGCATGCTCTCG-1,NK cells,0.98621595,Dendritic cells,test
TAGGCATGGCGAGA-1,CD8 T cells,0.9992618,CD8 T cells,train
TAGGCTGATGCCTC-1,CD14+ Monocytes,0.9999591,CD14+ Monocytes,train
TAGGGACTGAACTC-1,CD8 T cells,0.9967638,CD8 T cells,train
TAGGTCGACACTGA-1,CD4 T cells,0.9980013,CD4 T cells,test
TAGGTCGAGGATCT-1,B cells,0.99969745,B cells,train
TAGGTGACACACTG-1,CD4 T cells,0.9997445,CD4 T cells,train
TAGGTGACACGTTG-1,B cells,0.9997634,B cells,test
TAGGTGTGTTCTGT-1,CD4 T cells,0.9984078,CD4 T cells,train
TAGGTTCTGAAGGC-1,CD4 T cells,0.9999753,CD4 T cells,test
TAGGTTCTTCTTAC-1,FCGR3A+ Monocytes,0.99788433,FCGR3A+ Monocytes,train
TAGGTTCTTGCTGA-1,CD14+ Monocytes,0.9997936,CD14+ Monocytes,test
TAGTAAACCTCGCT-1,CD4 T cells,0.9999572,CD4 T cells,train
TAGTAAACGTCACA-1,CD4 T cells,0.98511076,CD4 T cells,train
TAGTAATGAGATCC-1,CD4 T cells,0.99999,CD4 T cells,train
TAGTACCTAAGAAC-1,CD14+ Monocytes,0.999972,CD14+ Monocytes,train
TAGTATGATCTTAC-1,B cells,0.9990165,B cells,train
TAGTATGATTCTCA-1,CD4 T cells,0.9986412,CD4 T cells,train
TAGTCTTGGCTGTA-1,CD4 T cells,0.9999217,CD4 T cells,train
TAGTCTTGGGACTT-1,CD4 T cells,0.98587453,CD4 T cells,test
TAGTCTTGTGGAAA-1,CD8 T cells,0.6914303,CD8 T cells,test
TAGTGGTGAAGTGA-1,NK cells,0.99961144,NK cells,train
TAGTTAGAACCACA-1,NK cells,0.9979473,NK cells,test
TAGTTAGATGAACC-1,CD4 T cells,0.9996252,CD4 T cells,train
TATAAGACAACAGA-1,CD4 T cells,0.99388885,CD4 T cells,train
TATAAGACAGCTCA-1,FCGR3A+ Monocytes,0.9998728,FCGR3A+ Monocytes,test
TATAAGTGACACCA-1,FCGR3A+ Monocytes,0.9889958,FCGR3A+ Monocytes,train
TATAAGTGTATCGG-1,CD14+ Monocytes,0.9999008,CD14+ Monocytes,train
TATAAGTGTGGTGT-1,FCGR3A+ Monocytes,0.99996054,FCGR3A+ Monocytes,test
TATACAGAACCCTC-1,CD8 T cells,0.99947935,CD8 T cells,test
TATACAGAAGAACA-1,CD4 T cells,0.9997991,CD4 T cells,test
TATACAGATCCAGA-1,CD4 T cells,0.9993036,CD4 T cells,test
TATACCACCTGATG-1,B cells,0.99980944,B cells,train
TATACGCTACCAAC-1,CD4 T cells,0.99971825,CD4 T cells,test
TATAGATGGACGGA-1,CD4 T cells,0.9995357,CD4 T cells,test
TATAGATGTTCCGC-1,FCGR3A+ Monocytes,0.99765563,FCGR3A+ Monocytes,train
TATCCAACCAGCTA-1,CD14+ Monocytes,0.99995184,CD14+ Monocytes,test
TATCCAACTCTCTA-1,CD8 T cells,0.9973573,CD8 T cells,train
TATCGACTACTAGC-1,NK cells,0.99687034,NK cells,train
TATCGACTCGATAC-1,CD14+ Monocytes,0.974341,CD14+ Monocytes,train
TATCGTACAGATGA-1,CD8 T cells,0.9964725,CD8 T cells,train
TATCGTACATTCCT-1,CD14+ Monocytes,0.9999671,CD14+ Monocytes,test
TATCTCGAGAGATA-1,CD4 T cells,0.99932384,CD4 T cells,test
TATCTGACAGGTTC-1,CD8 T cells,0.99982387,CD8 T cells,train
TATCTGACTGTTTC-1,CD8 T cells,0.9981633,CD8 T cells,train
TATCTTCTAAACAG-1,CD4 T cells,0.99993706,CD4 T cells,train
TATGAATGGAGGAC-1,NK cells,0.99853146,NK cells,train
TATGAATGTTTGCT-1,FCGR3A+ Monocytes,0.99984777,FCGR3A+ Monocytes,train
TATGCGGATAACCG-1,CD4 T cells,0.99969304,CD4 T cells,test
TATGGGTGCATCAG-1,NK cells,0.99952316,NK cells,train
TATGGGTGCTAGCA-1,B cells,0.99540246,B cells,test
TATGGTCTCTACCC-1,CD4 T cells,0.9997491,CD4 T cells,train
TATGTCACGGAACG-1,B cells,0.9982503,B cells,train
TATGTCACTAACCG-1,CD14+ Monocytes,0.9980844,CD14+ Monocytes,train
TATGTCACTTCTCA-1,B cells,0.9980574,B cells,train
TATGTGCTCCGATA-1,CD14+ Monocytes,0.9999002,CD14+ Monocytes,train
TATGTGCTGGATTC-1,CD4 T cells,0.9989736,CD4 T cells,train
TATTGCTGAAGAAC-1,CD14+ Monocytes,0.9997008,CD14+ Monocytes,train
TATTGCTGCCGTTC-1,B cells,0.9964401,CD4 T cells,test
TATTGCTGTCTGGA-1,CD4 T cells,0.99999344,CD4 T cells,train
TATTGCTGTGCACA-1,CD8 T cells,0.9997112,CD8 T cells,train
TATTTCCTATTGGC-1,CD14+ Monocytes,0.8448921,CD14+ Monocytes,test
TATTTCCTGGAGGT-1,NK cells,0.9947562,NK cells,train
TATTTCCTGGTGTT-1,CD4 T cells,0.9944565,CD4 T cells,test
TCAACACTGTTTGG-1,NK cells,0.99914384,NK cells,train
TCAAGGACAGCGTT-1,CD4 T cells,0.99830544,CD4 T cells,train
TCAAGGACATTCTC-1,CD8 T cells,0.9970385,CD8 T cells,train
TCAAGGACGGTGTT-1,CD14+ Monocytes,0.99984944,CD14+ Monocytes,train
TCAATCACACTCTT-1,CD8 T cells,0.9994733,CD8 T cells,test
TCAATCACAGTCGT-1,FCGR3A+ Monocytes,0.9809029,FCGR3A+ Monocytes,train
TCACAACTATGTGC-1,CD4 T cells,0.99795145,CD4 T cells,train
TCACAACTTTGCTT-1,CD14+ Monocytes,0.99982053,CD14+ Monocytes,test
TCACATACACTTTC-1,CD8 T cells,0.9986935,CD8 T cells,train
TCACATACAGGGTG-1,CD4 T cells,0.9999583,CD4 T cells,test
TCACCCGAGACGGA-1,CD14+ Monocytes,0.999065,CD14+ Monocytes,train
TCACCGTGCTCGCT-1,FCGR3A+ Monocytes,0.99771947,FCGR3A+ Monocytes,train
TCACCTCTACGACT-1,CD8 T cells,0.9956037,CD8 T cells,train
TCACCTCTTCCAAG-1,FCGR3A+ Monocytes,0.9979504,FCGR3A+ Monocytes,train
TCACGAGAGGAGGT-1,B cells,0.9966487,B cells,test
TCACTATGGGGCAA-1,CD8 T cells,0.9998673,CD8 T cells,train
TCACTATGGTTGTG-1,B cells,0.99894434,B cells,train
TCAGACGACGCTAA-1,CD4 T cells,0.9987398,CD4 T cells,train
TCAGACGACGTTAG-1,NK cells,0.99996316,NK cells,train
TCAGAGACTCCAGA-1,CD4 T cells,0.9593075,CD4 T cells,test
TCAGCAGACTCCAC-1,CD4 T cells,0.99992156,CD4 T cells,train
TCAGCGCTCTAGTG-1,CD8 T cells,0.99085,CD8 T cells,test
TCAGCGCTGGATCT-1,B cells,0.9997534,B cells,train
TCAGCGCTGGTATC-1,CD8 T cells,0.8235758,CD8 T cells,test
TCAGGATGAAGTAG-1,CD4 T cells,0.9999697,CD4 T cells,train
TCAGGATGCCTTTA-1,FCGR3A+ Monocytes,0.9940971,FCGR3A+ Monocytes,test
TCAGTGGAAGATCC-1,CD8 T cells,0.99263495,NK cells,test
TCAGTTACCTACGA-1,CD14+ Monocytes,0.99884856,CD14+ Monocytes,train
TCAGTTACTAGAAG-1,CD4 T cells,0.9999585,CD4 T cells,train
TCATCAACCCGATA-1,CD4 T cells,0.99989986,CD4 T cells,train
TCATCAACTGTTCT-1,CD14+ Monocytes,0.9995208,CD14+ Monocytes,train
TCATCATGCAGTTG-1,CD4 T cells,0.9999658,CD4 T cells,test
TCATCCCTTACTGG-1,CD8 T cells,0.970828,CD8 T cells,train
TCATTCGATACAGC-1,FCGR3A+ Monocytes,0.9966918,FCGR3A+ Monocytes,train
TCCACGTGGAAACA-1,CD8 T cells,0.99231756,CD8 T cells,train
TCCACTCTACACTG-1,CD4 T cells,0.99953496,CD4 T cells,train
TCCACTCTGAGCTT-1,CD14+ Monocytes,0.996527,CD14+ Monocytes,test
TCCACTCTTACTTC-1,B cells,0.9999112,B cells,train
TCCATAACAAAGTG-1,CD4 T cells,0.9980197,CD4 T cells,test
TCCATAACCGTAGT-1,B cells,0.9999391,B cells,train
TCCATAACGATGAA-1,CD4 T cells,0.9997249,CD4 T cells,train
TCCATAACTACGCA-1,CD4 T cells,0.9993228,CD4 T cells,test
TCCATCCTCCCTAC-1,CD8 T cells,0.9883874,CD8 T cells,test
TCCCACGATCATTC-1,CD4 T cells,0.9996055,CD4 T cells,test
TCCCATCTCAAAGA-1,CD14+ Monocytes,0.99984646,CD14+ Monocytes,test
TCCCGAACACAGTC-1,NK cells,0.996262,NK cells,test
TCCCGAACTTCGCC-1,FCGR3A+ Monocytes,0.9999218,FCGR3A+ Monocytes,train
TCCCGATGAGATCC-1,CD4 T cells,0.99725777,CD4 T cells,test
TCCCGATGCCTGAA-1,CD14+ Monocytes,0.9999225,CD14+ Monocytes,test
TCCCTACTCAACTG-1,B cells,0.99984455,B cells,test
TCCGAAGACAATCG-1,CD14+ Monocytes,0.9998056,CD14+ Monocytes,train
TCCGAAGACGTTAG-1,CD4 T cells,0.99996555,CD4 T cells,train
TCCGGACTGAGGTG-1,CD4 T cells,0.99976784,CD4 T cells,test
TCCGGACTGTACGT-1,CD8 T cells,0.98464346,CD8 T cells,train
TCCTAAACATCGAC-1,CD4 T cells,0.9985066,CD4 T cells,train
TCCTAAACCGAGAG-1,CD4 T cells,0.9765127,CD4 T cells,test
TCCTAAACCGCATA-1,NK cells,0.80466104,NK cells,test
TCCTAATGGTTTGG-1,CD8 T cells,0.9869746,CD8 T cells,train
TCCTACCTGTCGTA-1,CD4 T cells,0.9991239,CD4 T cells,train
TCCTATGAAAAGCA-1,CD8 T cells,0.99894124,CD8 T cells,train
TCGAATCTCTGGTA-1,CD8 T cells,0.997926,CD8 T cells,train
TCGACCTGCCGATA-1,FCGR3A+ Monocytes,0.87535834,FCGR3A+ Monocytes,test
TCGACGCTTCTATC-1,CD14+ Monocytes,0.99996996,CD14+ Monocytes,train
TCGACGCTTTGACG-1,CD4 T cells,0.99982554,CD4 T cells,train
TCGAGAACGACAGG-1,CD4 T cells,0.9994823,CD4 T cells,train
TCGAGAACGTTAGC-1,CD4 T cells,0.9983437,CD4 T cells,train
TCGAGCCTATCAGC-1,B cells,0.99909365,B cells,test
TCGAGCCTGCGAGA-1,CD8 T cells,0.93706137,CD8 T cells,test
TCGAGCCTTGTGAC-1,CD8 T cells,0.57290274,CD4 T cells,test
TCGATACTATTCCT-1,CD8 T cells,0.7272547,CD4 T cells,test
TCGATACTTGCACA-1,CD4 T cells,0.99875224,CD4 T cells,train
TCGATTTGATGCCA-1,CD14+ Monocytes,0.99996734,CD14+ Monocytes,train
TCGATTTGCACTCC-1,CD4 T cells,0.9992091,CD4 T cells,test
TCGATTTGCAGCTA-1,NK cells,0.99945766,NK cells,train
TCGATTTGCCTACC-1,CD14+ Monocytes,0.9998785,CD14+ Monocytes,test
TCGATTTGTCGTGA-1,B cells,0.9998155,B cells,train
TCGCAGCTAGATCC-1,CD8 T cells,0.9995333,CD8 T cells,test
TCGCCATGAGACTC-1,CD4 T cells,0.99927944,CD4 T cells,test
TCGCCATGTGGTCA-1,B cells,0.9998235,B cells,train
TCGGACCTAACAGA-1,CD4 T cells,0.9999821,CD4 T cells,train
TCGGACCTATAAGG-1,B cells,0.999729,B cells,train
TCGGACCTGTACAC-1,CD4 T cells,0.99999857,CD4 T cells,test
TCGGTAGAGTAGGG-1,CD4 T cells,0.99972147,CD4 T cells,train
TCGGTAGATCCCAC-1,B cells,0.99939144,B cells,train
TCGTAGGATCGACA-1,CD4 T cells,0.999889,CD4 T cells,train
TCGTTATGGACAAA-1,CD4 T cells,0.9988809,CD4 T cells,test
TCTAACACCAGTTG-1,NK cells,0.99498343,NK cells,train
TCTAACACGAGCAG-1,Dendritic cells,0.9936346,Dendritic cells,train
TCTAACTGAACCAC-1,CD4 T cells,0.9990263,CD4 T cells,train
TCTAAGCTAATGCC-1,CD4 T cells,0.99965405,CD4 T cells,test
TCTAAGCTTAGTCG-1,CD8 T cells,0.9964198,CD8 T cells,train
TCTAAGCTTCTAGG-1,FCGR3A+ Monocytes,0.9995555,FCGR3A+ Monocytes,test
TCTAAGCTTGTTCT-1,CD14+ Monocytes,0.99982065,CD14+ Monocytes,train
TCTAAGCTTTCGCC-1,B cells,0.99977714,B cells,train
TCTACAACGACTAC-1,CD14+ Monocytes,0.9997451,CD14+ Monocytes,test
TCTAGACTTAGAAG-1,CD14+ Monocytes,0.99965096,CD14+ Monocytes,test
TCTAGTTGCACCAA-1,CD14+ Monocytes,0.9970874,CD14+ Monocytes,test
TCTATGTGAAGAGT-1,CD14+ Monocytes,0.94446015,CD14+ Monocytes,test
TCTATGTGAGTCTG-1,CD8 T cells,0.9992512,CD8 T cells,train
TCTCAAACCTAAGC-1,B cells,0.9918487,B cells,test
TCTCTAGAATTTCC-1,CD4 T cells,0.99581677,CD4 T cells,train
TCTGATACACGTGT-1,CD4 T cells,0.99998116,CD4 T cells,test
TCTGATACTCGCCT-1,CD4 T cells,0.9993148,CD4 T cells,train
TCTTACGAACCTGA-1,CD14+ Monocytes,0.9999523,CD14+ Monocytes,test
TCTTCAGAGCTACA-1,CD14+ Monocytes,0.99684566,CD14+ Monocytes,train
TCTTGATGCGGAGA-1,CD8 T cells,0.57714695,CD8 T cells,test
TGAAATTGGTGAGG-1,CD14+ Monocytes,0.998164,CD14+ Monocytes,train
TGAACCGAAAACGA-1,CD4 T cells,0.9998331,CD4 T cells,test
TGAACCGACTACTT-1,FCGR3A+ Monocytes,0.9990282,FCGR3A+ Monocytes,train
TGAACCGATTCGGA-1,FCGR3A+ Monocytes,0.99918956,FCGR3A+ Monocytes,train
TGAAGCACTCACGA-1,CD8 T cells,0.9924499,CD8 T cells,train
TGAAGCTGAACGAA-1,CD4 T cells,0.9999994,CD4 T cells,train
TGAAGCTGCATGGT-1,B cells,0.9985423,B cells,test
TGAAGCTGCGTAAC-1,CD4 T cells,0.9999883,CD4 T cells,train
TGAATAACCACTTT-1,CD4 T cells,0.9999925,CD4 T cells,train
TGAATAACTCCCAC-1,NK cells,0.76445955,CD8 T cells,train
TGACACGACCTTAT-1,B cells,0.9995347,B cells,train
TGACCAGACAACCA-1,CD4 T cells,0.999684,CD4 T cells,train
TGACCAGAGGATTC-1,CD4 T cells,0.999926,CD4 T cells,train
TGACCGCTAAAAGC-1,CD4 T cells,0.9996131,CD4 T cells,train
TGACCGCTCTGCAA-1,CD4 T cells,0.9999964,CD4 T cells,train
TGACGATGCAAAGA-1,CD14+ Monocytes,0.9998437,CD14+ Monocytes,train
TGACGCCTGTACCA-1,CD8 T cells,0.9871903,CD8 T cells,train
TGACGCCTTTACTC-1,CD4 T cells,0.9995528,CD4 T cells,train
TGACTGGAAGAGAT-1,CD14+ Monocytes,0.9999962,CD14+ Monocytes,train
TGACTGGACCGTAA-1,CD4 T cells,0.9968388,CD4 T cells,test
TGACTGGACGCAAT-1,CD4 T cells,0.9992163,CD4 T cells,train
TGACTGGAGGACAG-1,B cells,0.9989843,B cells,test
TGACTGGATTCTCA-1,CD4 T cells,0.9967879,CD8 T cells,test
TGACTTACACACCA-1,CD4 T cells,0.988951,CD4 T cells,test
TGACTTACAGTCTG-1,CD14+ Monocytes,0.99987507,CD14+ Monocytes,train
TGACTTTGCGCATA-1,CD4 T cells,0.9999993,CD4 T cells,train
TGACTTTGTTTGTC-1,CD4 T cells,0.99994755,CD4 T cells,train
TGAGACACAAGGTA-1,CD4 T cells,0.98603827,CD4 T cells,test
TGAGACACTCAAGC-1,CD8 T cells,0.9956904,CD8 T cells,train
TGAGCTGAATGCTG-1,FCGR3A+ Monocytes,0.99954057,FCGR3A+ Monocytes,train
TGAGCTGACTGGAT-1,CD14+ Monocytes,0.99978536,CD14+ Monocytes,train
TGAGCTGATGCTAG-1,CD14+ Monocytes,0.9999106,CD14+ Monocytes,test
TGAGGACTCTCATT-1,CD14+ Monocytes,0.9999262,CD14+ Monocytes,test
TGAGGACTTCATTC-1,CD4 T cells,0.99983597,CD4 T cells,test
TGAGGTACGAACCT-1,FCGR3A+ Monocytes,0.9998517,FCGR3A+ Monocytes,test
TGAGTCGAGTTACG-1,B cells,0.99947363,B cells,train
TGAGTGACTGAGCT-1,CD4 T cells,0.9999385,CD4 T cells,test
TGATAAACGAATCC-1,CD4 T cells,0.9993166,CD4 T cells,train
TGATAAACTCCGTC-1,NK cells,0.97850317,NK cells,test
TGATAAACTTTCAC-1,CD4 T cells,0.99982196,CD4 T cells,test
TGATACCTCACTAG-1,CD14+ Monocytes,0.99994934,CD14+ Monocytes,train
TGATACCTGTTGGT-1,CD4 T cells,0.9985323,CD4 T cells,train
TGATACCTTATGCG-1,CD4 T cells,0.99998426,CD4 T cells,train
TGATACCTTGAAGA-1,CD4 T cells,0.9999019,CD4 T cells,test
TGATATGAACCTTT-1,CD4 T cells,0.99998677,CD4 T cells,train
TGATCACTAGCATC-1,CD8 T cells,0.99652004,CD8 T cells,train
TGATCACTCTCGCT-1,CD4 T cells,0.9999937,CD4 T cells,test
TGATCACTTCTACT-1,B cells,0.99908984,B cells,train
TGATCGGACTGACA-1,FCGR3A+ Monocytes,0.99973696,FCGR3A+ Monocytes,train
TGATCGGAGGAGCA-1,B cells,0.99968636,B cells,test
TGATCGGATATGCG-1,FCGR3A+ Monocytes,0.9983512,FCGR3A+ Monocytes,train
TGATTAGACATTGG-1,CD4 T cells,0.99951184,CD4 T cells,train
TGATTAGATGACTG-1,B cells,0.99855536,B cells,test
TGATTAGATGCTAG-1,CD4 T cells,0.9998276,CD4 T cells,train
TGATTCACTATGCG-1,CD4 T cells,0.99996006,CD4 T cells,train
TGATTCACTGTCAG-1,B cells,0.99987674,B cells,train
TGATTCTGCCGAAT-1,CD4 T cells,0.99971646,CD4 T cells,train
TGATTCTGCTCTTA-1,CD4 T cells,0.9995454,CD4 T cells,test
TGCAAGTGAGAACA-1,CD4 T cells,0.9998023,CD4 T cells,train
TGCAAGTGGGTAGG-1,CD14+ Monocytes,0.99989974,CD14+ Monocytes,test
TGCAATCTTCAGGT-1,B cells,0.93056667,B cells,train
TGCACAGACGACAT-1,NK cells,0.9997229,NK cells,train
TGCCAAGAGCAGTT-1,FCGR3A+ Monocytes,0.80035263,FCGR3A+ Monocytes,test
TGCCAAGATCTCTA-1,CD4 T cells,0.9999566,CD4 T cells,train
TGCCACTGAACGTC-1,CD4 T cells,0.999995,CD4 T cells,train
TGCCACTGCGATAC-1,NK cells,0.99959105,NK cells,train
TGCCAGCTTGGCAT-1,CD4 T cells,0.9999964,CD4 T cells,test
TGCCCAACAGCAAA-1,CD4 T cells,0.9999769,CD4 T cells,train
TGCCCAACCGCATA-1,FCGR3A+ Monocytes,0.9993753,FCGR3A+ Monocytes,train
TGCCGACTCTCCCA-1,B cells,0.9992704,B cells,train
TGCGAAACAGTCAC-1,B cells,0.99159414,B cells,train
TGCGAAACGTTGCA-1,B cells,0.99837,B cells,test
TGCGATGAACGGTT-1,CD4 T cells,0.99704415,CD4 T cells,test
TGCGATGACCTCGT-1,CD4 T cells,0.9999031,CD4 T cells,train
TGCGATGACTAGTG-1,B cells,0.9990791,B cells,test
TGCGATGACTGCTC-1,B cells,0.9985746,B cells,train
TGCGATGACTTGCC-1,B cells,0.99769944,B cells,train
TGCGATGAGTGCTA-1,CD14+ Monocytes,0.99991727,CD14+ Monocytes,train
TGCGCACTCTTGAG-1,CD14+ Monocytes,0.9999621,CD14+ Monocytes,train
TGCGTAGAATAAGG-1,CD14+ Monocytes,0.9968658,CD14+ Monocytes,test
TGCGTAGACGGGAA-1,B cells,0.99936336,B cells,train
TGCGTAGATGGTCA-1,FCGR3A+ Monocytes,0.99994147,FCGR3A+ Monocytes,train
TGCTAGGAAACCGT-1,CD8 T cells,0.99844307,CD8 T cells,train
TGCTAGGATAGTCG-1,CD4 T cells,0.9997763,CD4 T cells,train
TGCTATACGGTTCA-1,CD14+ Monocytes,0.9935377,CD14+ Monocytes,train
TGCTATACTGCTGA-1,CD8 T cells,0.998953,CD8 T cells,train
TGCTGAGAGAGCAG-1,NK cells,0.99393725,NK cells,test
TGCTGAGATTATCC-1,CD4 T cells,0.9986584,CD4 T cells,train
TGGAAAGACTCTCG-1,B cells,0.9995123,B cells,train
TGGAAAGAGCGATT-1,CD4 T cells,0.9998356,CD4 T cells,test
TGGAAAGAGGTCAT-1,FCGR3A+ Monocytes,0.99945456,FCGR3A+ Monocytes,train
TGGAAAGATATGGC-1,CD4 T cells,0.9977303,CD4 T cells,train
TGGAACACAAACAG-1,NK cells,0.9977786,NK cells,train
TGGAACACGCTAAC-1,CD8 T cells,0.99360996,CD8 T cells,train
TGGAAGCTCAGATC-1,CD4 T cells,0.99956614,CD4 T cells,train
TGGACCCTACACTG-1,CD14+ Monocytes,0.999813,CD14+ Monocytes,train
TGGACCCTCATGGT-1,CD8 T cells,0.99857724,CD8 T cells,train
TGGACCCTGGTACT-1,CD14+ Monocytes,0.99948394,CD14+ Monocytes,train
TGGACTGAGTATGC-1,CD4 T cells,0.9533871,CD4 T cells,test
TGGAGACTATCAGC-1,CD14+ Monocytes,0.99880826,CD14+ Monocytes,train
TGGAGACTTCAAGC-1,CD4 T cells,0.99999774,CD4 T cells,train
TGGAGACTTGACCA-1,CD8 T cells,0.99987173,CD8 T cells,train
TGGAGGGACGGAGA-1,CD14+ Monocytes,0.9931632,CD14+ Monocytes,train
TGGAGGGAGCTATG-1,CD8 T cells,0.79746175,CD4 T cells,test
TGGATCGATAAAGG-1,CD4 T cells,0.9997515,CD4 T cells,train
TGGATGTGACCTAG-1,B cells,0.9999163,B cells,train
TGGATGTGTGAAGA-1,B cells,0.9988236,B cells,train
TGGATTCTCATACG-1,CD8 T cells,0.9999403,CD8 T cells,train
TGGCAATGCTTGTT-1,B cells,0.9970878,B cells,train
TGGCACCTTCACGA-1,CD4 T cells,0.99136996,CD4 T cells,train
TGGCACCTTCAGTG-1,CD14+ Monocytes,0.9994122,CD14+ Monocytes,train
TGGGTATGAAGAGT-1,CD4 T cells,0.9995189,CD4 T cells,test
TGGGTATGCACAAC-1,CD4 T cells,0.9999733,CD4 T cells,test
TGGGTATGGTACGT-1,B cells,0.99806076,B cells,train
TGGGTATGTTTGGG-1,CD14+ Monocytes,0.99990916,CD14+ Monocytes,train
TGGTAGACATGCCA-1,CD4 T cells,0.998384,CD8 T cells,train
TGGTAGACCCTCAC-1,NK cells,0.99909544,NK cells,test
TGGTAGACCTGATG-1,CD4 T cells,0.9998324,CD4 T cells,train
TGGTAGTGCACTGA-1,CD14+ Monocytes,0.9784163,CD14+ Monocytes,test
TGGTATCTAAACAG-1,CD4 T cells,0.9994023,CD4 T cells,train
TGGTATCTCTTCCG-1,CD4 T cells,0.9989667,CD4 T cells,train
TGGTCAGACCCAAA-1,CD4 T cells,0.9940772,CD4 T cells,train
TGGTTACTGACGTT-1,CD14+ Monocytes,0.9999182,CD14+ Monocytes,train
TGGTTACTGTTCTT-1,CD4 T cells,0.99997246,CD4 T cells,train
TGTAACCTAGAGGC-1,CD4 T cells,0.99962366,CD4 T cells,train
TGTAACCTTGCCTC-1,CD14+ Monocytes,0.9995827,CD14+ Monocytes,train
TGTAATGACACAAC-1,NK cells,0.9223552,NK cells,test
TGTAATGAGGTAAA-1,NK cells,0.9987042,NK cells,train
TGTACTTGCTCTAT-1,FCGR3A+ Monocytes,0.99998987,FCGR3A+ Monocytes,train
TGTAGGTGCGAGAG-1,B cells,0.9965888,B cells,test
TGTAGGTGCTATGG-1,CD4 T cells,0.9998636,CD4 T cells,test
TGTAGGTGCTCTAT-1,Dendritic cells,0.9995388,Dendritic cells,train
TGTAGGTGTGCTGA-1,CD4 T cells,0.99913114,CD4 T cells,train
TGTAGTCTTCCAGA-1,CD4 T cells,0.9153673,CD4 T cells,test
TGTAGTCTTGCACA-1,CD8 T cells,0.99601907,CD8 T cells,train
TGTATCTGTTAGGC-1,CD4 T cells,0.99998426,CD4 T cells,train
TGTATGCTCATGGT-1,B cells,0.99986935,B cells,test
TGTATGCTGTAGGG-1,CD4 T cells,0.9986424,CD4 T cells,train
TGTATGCTTTCATC-1,CD8 T cells,0.9861638,CD8 T cells,train
TGTCAGGAATACCG-1,CD4 T cells,0.9999987,CD4 T cells,test
TGTCAGGAGATGAA-1,FCGR3A+ Monocytes,0.99720204,FCGR3A+ Monocytes,test
TGTCTAACCCCTTG-1,CD4 T cells,0.9999423,CD4 T cells,train
TGTGACGATTCTCA-1,CD8 T cells,0.9988902,CD8 T cells,train
TGTGAGACTGTCAG-1,FCGR3A+ Monocytes,0.98925763,CD14+ Monocytes,test
TGTGAGACTTGAGC-1,CD4 T cells,0.99528116,CD4 T cells,train
TGTGAGTGACCACA-1,CD4 T cells,0.99998057,CD4 T cells,train
TGTGAGTGAGTGCT-1,FCGR3A+ Monocytes,0.9662329,CD14+ Monocytes,test
TGTGAGTGGAGATA-1,CD8 T cells,0.99991596,CD8 T cells,test
TGTGATCTCTCTAT-1,B cells,0.99346817,B cells,test
TGTGATCTGACACT-1,CD4 T cells,0.99138653,CD4 T cells,train
TGTGGATGGCCAAT-1,B cells,0.999856,B cells,train
TGTTAAGACAAAGA-1,CD14+ Monocytes,0.9994599,CD14+ Monocytes,train
TGTTAAGATAAGGA-1,CD14+ Monocytes,0.99498284,CD14+ Monocytes,test
TGTTACACCGCATA-1,FCGR3A+ Monocytes,0.9973761,FCGR3A+ Monocytes,train
TGTTACACGACTAC-1,CD14+ Monocytes,0.99770075,FCGR3A+ Monocytes,train
TGTTACTGGCTACA-1,CD8 T cells,0.99951327,CD8 T cells,train
TGTTACTGTAGTCG-1,CD8 T cells,0.9938665,CD8 T cells,train
TTAACCACCGTAAC-1,CD4 T cells,0.9999063,CD4 T cells,train
TTAACCACTAAGGA-1,CD8 T cells,0.9979668,CD8 T cells,train
TTAACCACTCAGAC-1,CD8 T cells,0.92482716,CD8 T cells,train
TTACACACGTGTTG-1,CD4 T cells,0.999723,CD4 T cells,train
TTACACACTCCTAT-1,CD4 T cells,0.99823403,CD4 T cells,train
TTACCATGAATCGC-1,CD14+ Monocytes,0.9987232,CD14+ Monocytes,train
TTACCATGGTTGAC-1,CD4 T cells,0.9999771,CD4 T cells,train
TTACCATGTGTCTT-1,CD4 T cells,0.9941995,CD4 T cells,train
TTACCATGTTGTGG-1,B cells,0.99991775,B cells,test
TTACGACTGAGAGC-1,CD4 T cells,0.9999201,CD4 T cells,train
TTACGACTTGACAC-1,CD14+ Monocytes,0.99988747,CD14+ Monocytes,test
TTACGTACGTTCAG-1,Megakaryocytes,0.99731916,Megakaryocytes,train
TTACTCGAAGAATG-1,CD14+ Monocytes,0.9997501,CD14+ Monocytes,train
TTACTCGACGCAAT-1,Dendritic cells,0.9976362,Dendritic cells,train
TTACTCGAGGGTGA-1,CD4 T cells,0.9996468,CD4 T cells,train
TTACTCGATCTACT-1,NK cells,0.9996793,NK cells,train
TTAGAATGTGGTGT-1,CD4 T cells,0.99986565,CD4 T cells,train
TTAGAATGTGTAGC-1,CD4 T cells,0.9932481,CD4 T cells,test
TTAGACCTCCTACC-1,CD4 T cells,0.99995875,CD4 T cells,train
TTAGACCTCCTTTA-1,CD14+ Monocytes,0.99950063,CD14+ Monocytes,train
TTAGCTACAACCGT-1,CD4 T cells,0.99999547,CD4 T cells,train
TTAGCTACTGTCCC-1,FCGR3A+ Monocytes,0.5657955,CD14+ Monocytes,test
TTAGCTACTTTCGT-1,CD4 T cells,0.99994016,CD4 T cells,train
TTAGGGACGCGAAG-1,CD8 T cells,0.99962807,CD8 T cells,train
TTAGGGTGCTGGAT-1,B cells,0.9999597,B cells,train
TTAGGGTGTCCTGC-1,CD14+ Monocytes,0.9739386,CD14+ Monocytes,test
TTAGGTCTACTTTC-1,CD14+ Monocytes,0.9998797,CD14+ Monocytes,train
TTAGTCACCAGTTG-1,CD4 T cells,0.99858874,CD4 T cells,train
TTAGTCTGAAAGCA-1,B cells,0.99217564,B cells,train
TTAGTCTGCCAACA-1,NK cells,0.9990176,NK cells,train
TTAGTCTGTGCACA-1,CD4 T cells,0.99964154,CD4 T cells,train
TTATCCGACTAGTG-1,B cells,0.99984694,B cells,train
TTATCCGAGAAAGT-1,FCGR3A+ Monocytes,0.9838974,FCGR3A+ Monocytes,train
TTATGAGAGATAAG-1,CD4 T cells,0.9929644,CD4 T cells,test
TTATGCACGTCACA-1,B cells,0.9998739,B cells,test
TTATGGCTTATGGC-1,Dendritic cells,0.9988883,Dendritic cells,train
TTATTCCTATGCTG-1,CD14+ Monocytes,0.9926116,CD14+ Monocytes,train
TTATTCCTGGACAG-1,B cells,0.999383,B cells,train
TTATTCCTGGTACT-1,B cells,0.9999167,B cells,train
TTATTCCTTCGTGA-1,CD4 T cells,0.99984956,CD4 T cells,train
TTCAAAGATAAAGG-1,CD8 T cells,0.99388534,CD8 T cells,train
TTCAACACAACAGA-1,CD4 T cells,0.99999523,CD4 T cells,test
TTCAACACCCCAAA-1,CD14+ Monocytes,0.99996996,CD14+ Monocytes,train
TTCAACACGGACGA-1,FCGR3A+ Monocytes,0.9969304,FCGR3A+ Monocytes,train
TTCAAGCTAAGAAC-1,CD14+ Monocytes,0.99968493,CD14+ Monocytes,train
TTCAAGCTAGATGA-1,CD4 T cells,0.9999945,CD4 T cells,train
TTCAAGCTGTTGAC-1,CD4 T cells,0.98836726,CD8 T cells,test
TTCAAGCTTGATGC-1,CD4 T cells,0.9999702,CD4 T cells,train
TTCAAGCTTTCGCC-1,CD4 T cells,0.9993393,CD4 T cells,test
TTCACAACCCGTTC-1,CD14+ Monocytes,0.9996389,CD14+ Monocytes,train
TTCACAACGTCTGA-1,FCGR3A+ Monocytes,0.99422425,FCGR3A+ Monocytes,train
TTCAGACTACCCAA-1,CD4 T cells,0.99943215,CD4 T cells,train
TTCAGACTCTCGAA-1,CD4 T cells,0.9953146,CD8 T cells,test
TTCAGTACCGACTA-1,CD4 T cells,0.99973303,CD4 T cells,test
TTCAGTACTCAAGC-1,CD4 T cells,0.9997546,CD4 T cells,train
TTCAGTACTCCTAT-1,CD14+ Monocytes,0.9999715,CD14+ Monocytes,train
TTCAGTTGCCAAGT-1,CD4 T cells,0.9997137,CD4 T cells,train
TTCAGTTGTCCTTA-1,Dendritic cells,0.99204165,Dendritic cells,train
TTCAGTTGTCTAGG-1,CD4 T cells,0.99816954,CD4 T cells,train
TTCAGTTGTCTCGC-1,B cells,0.99903846,B cells,test
TTCATCGAGGTGGA-1,CD14+ Monocytes,0.99998164,CD14+ Monocytes,test
TTCATGTGTGGTGT-1,CD4 T cells,0.99992216,CD4 T cells,train
TTCATTCTATGTCG-1,CD14+ Monocytes,0.9998505,CD14+ Monocytes,train
TTCATTCTTCTCTA-1,CD4 T cells,0.99868256,CD4 T cells,test
TTCCAAACCTATGG-1,CD14+ Monocytes,0.999948,CD14+ Monocytes,train
TTCCAAACCTCCCA-1,B cells,0.99963355,B cells,train
TTCCAAACTCCCAC-1,NK cells,0.99909174,NK cells,train
TTCCAAACTTGACG-1,CD8 T cells,0.9992378,CD8 T cells,train
TTCCATGACGAGAG-1,CD14+ Monocytes,0.99899286,CD14+ Monocytes,train
TTCCATGACTGTCC-1,CD4 T cells,0.91831124,CD4 T cells,train
TTCCCACTTGAGGG-1,NK cells,0.99946874,NK cells,train
TTCCCACTTGTCTT-1,CD14+ Monocytes,0.99871266,CD14+ Monocytes,train
TTCCTAGAAAGTGA-1,CD4 T cells,0.9999329,CD4 T cells,test
TTCCTAGACTAGTG-1,FCGR3A+ Monocytes,0.99531156,FCGR3A+ Monocytes,train
TTCGAGGACTCTAT-1,CD4 T cells,0.9999933,CD4 T cells,train
TTCGAGGAGGGCAA-1,CD4 T cells,0.9684448,CD4 T cells,test
TTCGAGGATAGAAG-1,FCGR3A+ Monocytes,0.9984518,FCGR3A+ Monocytes,train
TTCGATTGAGCATC-1,CD4 T cells,0.99792826,CD4 T cells,train
TTCGGAGAATGCCA-1,CD14+ Monocytes,0.99975544,CD14+ Monocytes,train
TTCGGAGATGTGCA-1,CD4 T cells,0.99990356,CD4 T cells,train
TTCGTATGAAAAGC-1,CD8 T cells,0.99924266,CD8 T cells,train
TTCGTATGGATAGA-1,CD8 T cells,0.98973745,CD8 T cells,train
TTCGTATGGTCTGA-1,CD4 T cells,0.99991846,CD4 T cells,train
TTCGTATGTCCTTA-1,CD14+ Monocytes,0.95937216,CD14+ Monocytes,test
TTCTACGAACGTAC-1,CD4 T cells,0.9990559,CD4 T cells,train
TTCTACGAGTTGGT-1,CD4 T cells,0.9991097,CD4 T cells,train
TTCTAGTGACACGT-1,CD4 T cells,0.9999902,CD4 T cells,train
TTCTAGTGCATGAC-1,CD14+ Monocytes,0.99991703,CD14+ Monocytes,train
TTCTAGTGGAGAGC-1,NK cells,0.99931335,NK cells,test
TTCTAGTGGTCACA-1,CD14+ Monocytes,0.9977729,CD14+ Monocytes,train
TTCTCAGAAGAGAT-1,CD4 T cells,0.9993736,CD4 T cells,train
TTCTCAGAAGCATC-1,B cells,0.999491,B cells,train
TTCTCAGATGGAGG-1,CD4 T cells,0.9997217,CD4 T cells,test
TTCTGATGGAGACG-1,NK cells,0.9872858,NK cells,test
TTCTTACTCTGGAT-1,FCGR3A+ Monocytes,0.9954833,FCGR3A+ Monocytes,train
TTGAACCTCCTTGC-1,B cells,0.9995454,B cells,train
TTGAATGAACTACG-1,FCGR3A+ Monocytes,0.99954957,FCGR3A+ Monocytes,train
TTGAATGACTTACT-1,CD4 T cells,0.9962768,CD4 T cells,train
TTGAATGATCTCAT-1,B cells,0.99936956,B cells,train
TTGACACTCTGTAG-1,CD4 T cells,0.9997602,CD4 T cells,train
TTGACACTGATAAG-1,B cells,0.99960846,B cells,train
TTGAGGACAGAACA-1,CD14+ Monocytes,0.99978346,CD14+ Monocytes,train
TTGAGGACTACGCA-1,Dendritic cells,0.99683195,Dendritic cells,train
TTGAGGTGGACGGA-1,CD4 T cells,0.9947438,CD4 T cells,test
TTGCATTGAGCTAC-1,CD8 T cells,0.9999678,CD8 T cells,train
TTGCATTGCTAAGC-1,CD14+ Monocytes,0.99993825,CD14+ Monocytes,test
TTGCATTGTGACTG-1,CD4 T cells,0.999995,CD4 T cells,train
TTGCTAACACCAAC-1,CD8 T cells,0.9970583,CD8 T cells,train
TTGCTAACACGCTA-1,FCGR3A+ Monocytes,0.9985464,FCGR3A+ Monocytes,train
TTGCTAACCACTCC-1,CD4 T cells,0.9999448,CD4 T cells,train
TTGCTATGGTACGT-1,CD14+ Monocytes,0.9986767,CD14+ Monocytes,train
TTGCTATGGTAGGG-1,FCGR3A+ Monocytes,0.9997962,FCGR3A+ Monocytes,train
TTGGAGACCAATCG-1,CD4 T cells,0.9999454,CD8 T cells,test
TTGGAGACGCTATG-1,CD14+ Monocytes,0.99998534,CD14+ Monocytes,test
TTGGAGACTATGGC-1,B cells,0.9969326,B cells,test
TTGGGAACTGAACC-1,CD4 T cells,0.9991345,CD4 T cells,test
TTGGTACTACTGGT-1,FCGR3A+ Monocytes,0.9983771,FCGR3A+ Monocytes,train
TTGGTACTCTTAGG-1,CD4 T cells,0.997736,CD4 T cells,train
TTGGTACTGAATCC-1,B cells,0.9996865,B cells,train
TTGGTACTGGATTC-1,B cells,0.9999428,B cells,train
TTGTACACGTTGTG-1,B cells,0.99980694,B cells,train
TTGTACACTTGCAG-1,CD4 T cells,0.9905003,CD4 T cells,train
TTGTAGCTAGCTCA-1,CD4 T cells,0.81598413,CD4 T cells,test
TTGTAGCTCTCTTA-1,B cells,0.99847454,B cells,train
TTGTCATGGACGGA-1,NK cells,0.99996316,NK cells,train
TTTAGAGATCCTCG-1,B cells,0.9998555,B cells,train
TTTAGCTGATACCG-1,CD4 T cells,0.99999595,CD4 T cells,train
TTTAGCTGGATACC-1,CD14+ Monocytes,0.9998784,CD14+ Monocytes,train
TTTAGCTGTACTCT-1,Dendritic cells,0.9662281,Dendritic cells,train
TTTAGGCTCCTTTA-1,CD14+ Monocytes,0.9999405,CD14+ Monocytes,test
TTTATCCTGTTGTG-1,CD14+ Monocytes,0.9994042,CD14+ Monocytes,train
TTTCACGAGGTTCA-1,CD4 T cells,0.9999796,CD4 T cells,train
TTTCAGTGGAAGGC-1,CD8 T cells,0.99966455,CD8 T cells,train
TTTCAGTGTCACGA-1,B cells,0.9997583,B cells,test
TTTCAGTGTCTATC-1,CD14+ Monocytes,0.9999436,CD14+ Monocytes,test
TTTCAGTGTGCAGT-1,B cells,0.9989911,B cells,train
TTTCCAGAGGTGAG-1,CD4 T cells,0.99389064,CD4 T cells,train
TTTCGAACACCTGA-1,Dendritic cells,0.99085677,Dendritic cells,train
TTTCGAACTCTCAT-1,CD14+ Monocytes,0.99935776,CD14+ Monocytes,train
TTTCTACTGAGGCA-1,B cells,0.9946897,B cells,train
TTTCTACTTCCTCG-1,B cells,0.99924785,B cells,train
TTTGCATGAGAGGC-1,B cells,0.99991584,B cells,test
TTTGCATGCCTCAC-1,CD4 T cells,0.9999243,CD4 T cells,train
