barcode,label,confidence,true_label,split
AAACATACAACCAC-1,CD4 T cells,0.9995653,CD4 T cells,train
AAACATTGAGCTAC-1,B cells,0.997997,B cells,test
AAACATTGATCAGC-1,CD4 T cells,0.99998295,CD4 T cells,train
AAACCGTGCTTCCG-1,CD14+ Monocytes,0.9994771,CD14+ Monocytes,train
AAACCGTGTATGCG-1,NK cells,0.99878377,NK cells,train
AAACGCACTGGTAC-1,CD4 T cells,0.99976724,CD8 T cells,test
AAACGCTGACCAGT-1,CD8 T cells,0.9999907,CD8 T cells,train
AAACGCTGGTTCTT-1,CD8 T cells,0.99955946,CD8 T cells,train
AAACGCTGTAGCCA-1,CD8 T cells,0.92701524,CD4 T cells,train
AAACGCTGTTTCTG-1,FCGR3A+ Monocytes,0.9583846,FCGR3A+ Monocytes,test
AAACTTGAAAAACG-1,B cells,0.99884987,B cells,train
AAACTTGATCCAGA-1,CD4 T cells,0.9999918,CD4 T cells,test
AAAGAGACGAGATA-1,CD4 T cells,0.9993857,CD4 T cells,train
AAAGAGACGCGAGA-1,CD14+ Monocytes,0.99899775,CD14+ Monocytes,train
AAAGAGACGGACTT-1,CD8 T cells,0.9995074,CD8 T cells,train
AAAGAGACGGCATT-1,CD4 T cells,0.9992679,CD4 T cells,train
AAAGCAGATATCGG-1,CD14+ Monocytes,0.9988997,CD14+ Monocytes,train
AAAGCCTGTATGCG-1,CD4 T cells,0.9994205,CD4 T cells,train
AAAGGCCTGTCTAG-1,B cells,0.74987966,B cells,train
AAAGTTTGATCACG-1,B cells,0.9997489,B cells,train
AAAGTTTGGGGTGA-1,B cells,0.9989241,B cells,train
AAAGTTTGTAGAGA-1,CD4 T cells,0.99990857,CD4 T cells,test
AAAGTTTGTAGCGT-1,CD14+ Monocytes,0.9997472,CD14+ Monocytes,test
AAATCAACAATGCC-1,B cells,0.9969312,B cells,train
AAATCAACACCAGT-1,CD4 T cells,0.9973694,CD4 T cells,train
AAATCAACCAGGAG-1,CD4 T cells,0.9994174,CD4 T cells,train
AAATCAACCCTATT-1,FCGR3A+ Monocytes,0.9835486,CD4 T cells,test
AAATCAACGGAAGC-1,CD4 T cells,0.999946,CD4 T cells,train
AAATCAACTCGCAA-1,CD4 T cells,0.9993886,CD4 T cells,train
AAATCATGACCACA-1,FCGR3A+ Monocytes,0.99871147,FCGR3A+ Monocytes,train
AAATCCCTCCACAA-1,CD8 T cells,0.79556626,CD8 T cells,test
AAATCCCTGCTATG-1,B cells,0.99945647,B cells,train
AAATGTTGAACGAA-1,CD14+ Monocytes,0.9998041,CD14+ Monocytes,test
AAATGTTGCCACAA-1,CD4 T cells,0.99912304,CD4 T cells,train
AAATGTTGTGGCAT-1,CD14+ Monocytes,0.9990338,CD14+ Monocytes,train
AAATTCGAAGGTTC-1,CD4 T cells,0.9997906,CD4 T cells,train
AAATTCGAATCACG-1,CD14+ Monocytes,0.99991,CD14+ Monocytes,train
AAATTCGAGCTGAT-1,FCGR3A+ Monocytes,0.9880266,FCGR3A+ Monocytes,train
AAATTCGAGGAGTG-1,CD4 T cells,0.9744298,CD4 T cells,test
AAATTCGATTCTCA-1,NK cells,0.99461186,CD8 T cells,test
AAATTGACACGACT-1,CD8 T cells,0.98102313,CD8 T cells,test
AAATTGACTCGCTC-1,CD8 T cells,0.9503128,CD8 T cells,test
AACAAACTCATTTC-1,CD4 T cells,0.9990343,CD4 T cells,train
AACAAACTTTCGTT-1,CD4 T cells,0.9999964,CD4 T cells,train
AACAATACGACGAG-1,CD4 T cells,0.999979,CD4 T cells,train
AACACGTGCAGAGG-1,CD4 T cells,0.98972523,CD4 T cells,train
AACACGTGGAAAGT-1,CD4 T cells,0.9999975,CD4 T cells,test
AACACGTGGAACCT-1,CD14+ Monocytes,0.99896836,CD14+ Monocytes,test
AACACGTGGCTACA-1,CD4 T cells,0.9769033,CD4 T cells,test
AACACGTGTACGAC-1,FCGR3A+ Monocytes,0.99958926,FCGR3A+ Monocytes,train
AACAGCACAAGAGT-1,CD14+ Monocytes,0.9989311,CD14+ Monocytes,train
AACATTGATGGGAG-1,FCGR3A+ Monocytes,0.72139835,FCGR3A+ Monocytes,test
AACCAGTGATACCG-1,FCGR3A+ Monocytes,0.99620026,FCGR3A+ Monocytes,train
AACCCAGATCGCTC-1,CD4 T cells,0.9999796,CD4 T cells,train
AACCGATGCTCCCA-1,CD4 T cells,0.99973017,CD4 T cells,train
AACCGATGGTCATG-1,B cells,0.9998963,B cells,train
AACCGATGTTCTAC-1,CD14+ Monocytes,0.9998092,CD14+ Monocytes,train
AACCGCCTAGCGTT-1,CD4 T cells,0.99997485,CD4 T cells,train
AACCGCCTCTACGA-1,CD14+ Monocytes,0.99883467,CD14+ Monocytes,train
AACCTACTGTGAGG-1,CD14+ Monocytes,0.998281,CD14+ Monocytes,train
AACCTACTGTGTTG-1,CD4 T cells,0.9995316,CD4 T cells,train
AACCTTACGAGACG-1,CD4 T cells,0.999974,CD4 T cells,train
AACCTTACGCGAGA-1,NK cells,0.9987571,NK cells,train
AACCTTACTAACGC-1,FCGR3A+ Monocytes,0.999151,FCGR3A+ Monocytes,train
AACCTTTGGACGGA-1,CD4 T cells,0.9996362,CD4 T cells,train
AACCTTTGTACGCA-1,FCGR3A+ Monocytes,0.9985476,FCGR3A+ Monocytes,train
AACGCAACAAGTAG-1,CD4 T cells,0.9996867,CD4 T cells,train
AACGCATGACCCAA-1,CD4 T cells,0.9999461,CD4 T cells,train
AACGCATGCCTTCG-1,CD4 T cells,0.99811614,CD4 T cells,train
AACGCATGTACTTC-1,CD4 T cells,0.9999733,CD4 T cells,train
AACGCCCTCGGGAA-1,CD4 T cells,0.9999908,CD4 T cells,train
AACGCCCTCGTACA-1,NK cells,0.9948212,NK cells,train
AACGCCCTGGCATT-1,CD4 T cells,0.99076277,CD4 T cells,test
AACGTCGAGTATCG-1,NK cells,0.9763599,NK cells,train
AACGTGTGAAAGCA-1,CD4 T cells,0.9999224,CD4 T cells,train
AACGTGTGGCGGAA-1,B cells,0.99857855,B cells,train
AACGTGTGTCCAAG-1,CD4 T cells,0.9999813,CD4 T cells,train
AACGTGTGTGCTTT-1,CD4 T cells,0.999944,CD4 T cells,train
AACTACCTTAGAGA-1,CD4 T cells,0.99999404,CD4 T cells,train
AACTCACTCAAGCT-1,CD14+ Monocytes,0.9993647,CD14+ Monocytes,train
AACTCACTTGGAGG-1,CD14+ Monocytes,0.9992269,CD14+ Monocytes,test
AACTCGGAAAGTGA-1,CD8 T cells,0.996119,CD8 T cells,train
AACTCGGAAGGTCT-1,CD14+ Monocytes,0.9982521,CD14+ Monocytes,train
AACTCTTGCAGGAG-1,CD4 T cells,0.97681695,CD4 T cells,test
AACTGTCTCCCTTG-1,CD14+ Monocytes,0.99996877,CD14+ Monocytes,train
AACTTGCTACGCTA-1,B cells,0.98921835,B cells,test
AACTTGCTGGGACA-1,CD4 T cells,0.9997547,CD4 T cells,train
AAGAACGAGTGTTG-1,CD4 T cells,0.99893206,CD4 T cells,train
AAGAAGACGTAGGG-1,B cells,0.9997942,B cells,train
AAGACAGAAGTCTG-1,B cells,0.99912244,B cells,train
AAGACAGAGGATCT-1,CD4 T cells,0.9675809,CD4 T cells,test
AAGACAGATTACCT-1,CD14+ Monocytes,0.9998142,CD14+ Monocytes,train
AAGAGATGGGTAGG-1,B cells,0.9990938,B cells,train
AAGATGGAAAACAG-1,B cells,0.99935085,B cells,train
AAGATGGAGAACTC-1,CD14+ Monocytes,0.999699,CD14+ Monocytes,train
AAGATGGAGATAAG-1,CD14+ Monocytes,0.9986532,CD14+ Monocytes,train
AAGATTACAACCTG-1,CD4 T cells,0.99999607,CD4 T cells,train
AAGATTACAGATCC-1,CD14+ Monocytes,0.99981683,CD14+ Monocytes,train
AAGATTACCCGTTC-1,CD14+ Monocytes,0.9998653,CD14+ Monocytes,test
AAGATTACCGCCTT-1,CD14+ Monocytes,0.9294921,Dendritic cells,train
AAGATTACCTCAAG-1,NK cells,0.9953689,NK cells,test
AAGATTACTCCTCG-1,CD14+ Monocytes,0.999097,CD14+ Monocytes,train
AAGCAAGAGCGAGA-1,CD4 T cells,0.9998274,CD4 T cells,train
AAGCAAGAGCTTAG-1,CD8 T cells,0.999443,CD8 T cells,train
AAGCAAGAGGTGTT-1,NK cells,0.9485087,NK cells,train
AAGCACTGAGCAAA-1,B cells,0.99843055,B cells,train
AAGCACTGCATACG-1,CD8 T cells,0.9987237,CD8 T cells,train
AAGCACTGGTTCTT-1,B cells,0.99316883,B cells,train
AAGCCAACGTGTTG-1,CD4 T cells,0.99942636,CD4 T cells,test
AAGCCATGAACTGC-1,Dendritic cells,0.97771615,Dendritic cells,test
AAGCCATGACACGT-1,CD14+ Monocytes,0.99947304,CD14+ Monocytes,test
AAGCCATGCGTGAT-1,CD4 T cells,0.99847907,CD4 T cells,train
AAGCCATGTCTCGC-1,CD8 T cells,0.99502975,CD4 T cells,train
AAGCCTGACATGCA-1,CD4 T cells,0.99901855,CD4 T cells,train
AAGCCTGACCGAAT-1,CD14+ Monocytes,0.99939466,CD14+ Monocytes,train
AAGCGACTCCTCAC-1,FCGR3A+ Monocytes,0.99129885,FCGR3A+ Monocytes,train
AAGCGACTGTGTCA-1,CD4 T cells,0.9999255,CD4 T cells,train
AAGCGACTTACAGC-1,B cells,0.99992883,B cells,train
AAGCGACTTTGACG-1,FCGR3A+ Monocytes,0.99850464,FCGR3A+ Monocytes,train
AAGCGTACGTCTTT-1,CD4 T cells,0.997922,CD4 T cells,test
AAGGCTTGCGAACT-1,CD8 T cells,0.99968445,CD8 T cells,test
AAGGTCACGGTTAC-1,CD14+ Monocytes,0.99983835,CD14+ Monocytes,test
AAGGTCACTGTTTC-1,B cells,0.9993197,B cells,train
AAGGTCACTTCCCG-1,CD8 T cells,0.9991906,CD8 T cells,train
AAGGTCTGACAGTC-1,CD4 T cells,0.99887913,CD4 T cells,train
AAGGTCTGCAGATC-1,CD4 T cells,0.99984276,CD4 T cells,test
AAGTAACTCTGAAC-1,CD14+ Monocytes,0.9999597,CD14+ Monocytes,train
AAGTAACTGAGATA-1,B cells,0.99977976,B cells,train
AAGTAGGATACAGC-1,CD8 T cells,0.8436603,NK cells,test
AAGTATACCGAACT-1,CD4 T cells,0.99868685,CD4 T cells,train
AAGTCCGACTTGTT-1,CD4 T cells,0.9998217,CD4 T cells,train
AAGTCCGATAGAAG-1,CD4 T cells,0.99954885,CD4 T cells,train
AAGTCTCTAGTCGT-1,CD4 T cells,0.9997712,CD4 T cells,train
AAGTCTCTCGGAGA-1,CD8 T cells,0.9975599,CD8 T cells,train
AAGTGGCTTGGAGG-1,B cells,0.9997929,B cells,train
AAGTTCCTCATTCT-1,FCGR3A+ Monocytes,0.8382705,CD14+ Monocytes,test
AAGTTCCTTCTTAC-1,CD4 T cells,0.9996989,CD4 T cells,train
AATAAGCTCGAATC-1,CD4 T cells,0.9999969,CD4 T cells,train
AATAAGCTCGTTGA-1,CD4 T cells,0.9999943,CD4 T cells,train
AATACCCTGGACGA-1,B cells,0.99908686,B cells,train
AATACCCTGGCATT-1,CD4 T cells,1.0,CD4 T cells,test
AATACTGAAAGGGC-1,NK cells,0.85852957,CD8 T cells,train
AATACTGAATTGGC-1,NK cells,0.98799187,NK cells,train
AATAGGGAACCCTC-1,B cells,0.99900997,B cells,train
AATAGGGAGAATGA-1,CD8 T cells,0.9998784,CD8 T cells,train
AATCAAACTATCGG-1,CD8 T cells,0.9955446,CD8 T cells,train
AATCCGGAATGCTG-1,B cells,0.99975854,B cells,train
AATCCTACCGGTAT-1,CD4 T cells,0.99997544,CD4 T cells,test
AATCCTTGACGGGA-1,CD14+ Monocytes,0.9989077,CD14+ Monocytes,train
AATCCTTGGTGAGG-1,NK cells,0.9992054,NK cells,train
AATCGGTGGAACTC-1,CD8 T cells,0.95361763,CD8 T cells,test
AATCGGTGTGCTTT-1,CD4 T cells,0.9999907,CD4 T cells,train
AATCTAGAAAAGTG-1,CD4 T cells,0.9994604,CD4 T cells,train
AATCTAGAATCGGT-1,CD8 T cells,0.9898773,CD8 T cells,train
AATCTCACAGCCTA-1,CD14+ Monocytes,0.9995745,CD14+ Monocytes,train
AATCTCACTCTAGG-1,CD4 T cells,0.9998933,CD4 T cells,train
AATCTCTGAACAGA-1,CD4 T cells,0.99995553,CD4 T cells,test
AATCTCTGCTTTAC-1,NK cells,0.9969157,NK cells,test
AATGATACACCAAC-1,CD8 T cells,0.9998883,CD8 T cells,train
AATGATACGGTCAT-1,CD14+ Monocytes,0.9653089,CD14+ Monocytes,test
AATGCGTGACACCA-1,B cells,0.99668545,B cells,test
AATGCGTGGACGGA-1,Dendritic cells,0.9849513,Dendritic cells,train
AATGCGTGGCTATG-1,B cells,0.999928,B cells,train
AATGGAGAATCGTG-1,CD14+ Monocytes,0.9999217,CD14+ Monocytes,test
AATGGAGATCCTTA-1,CD8 T cells,0.9991103,CD8 T cells,train
AATGGCTGACACCA-1,B cells,0.9843538,B cells,test
AATGGCTGCGTGAT-1,CD4 T cells,0.99973506,CD4 T cells,train
AATGGCTGTAAAGG-1,CD8 T cells,0.94753575,CD8 T cells,test
AATGGCTGTACTCT-1,CD8 T cells,0.9990306,CD8 T cells,train
AATGGCTGTGAAGA-1,CD4 T cells,0.99985945,CD4 T cells,train
AATGTAACGGTGGA-1,CD4 T cells,0.99998164,CD4 T cells,train
AATGTCCTCTTCTA-1,CD4 T cells,0.9987294,CD4 T cells,train
AATGTTGACAGTCA-1,CD4 T cells,0.9995115,CD4 T cells,train
AATGTTGAGTTGAC-1,CD14+ Monocytes,0.99981993,CD14+ Monocytes,train
AATGTTGATCTACT-1,CD4 T cells,0.99905235,CD4 T cells,test
AATTACGAATTCCT-1,CD14+ Monocytes,0.94216704,Dendritic cells,test
AATTACGACTTCTA-1,CD4 T cells,0.9996872,CD4 T cells,train
AATTACGAGTGAGG-1,CD4 T cells,0.99888366,CD4 T cells,train
AATTACGATTGGCA-1,B cells,0.995501,B cells,train
AATTCCTGCTCAGA-1,B cells,0.99989045,B cells,train
AATTGATGTCGCAA-1,FCGR3A+ Monocytes,0.99742776,FCGR3A+ Monocytes,test
AATTGTGACTTGGA-1,B cells,0.9998822,B cells,test
ACAAAGGAGGGTGA-1,CD4 T cells,0.999258,CD4 T cells,train
ACAAATTGATTCTC-1,FCGR3A+ Monocytes,0.9998635,FCGR3A+ Monocytes,train
ACAAATTGCTCAGA-1,CD14+ Monocytes,0.9998061,CD14+ Monocytes,train
ACAAATTGTTGCGA-1,NK cells,0.9985499,NK cells,test
ACAACCGAGGGATG-1,NK cells,0.9972198,NK cells,train
ACAACCGAGTTACG-1,CD4 T cells,0.9997321,CD4 T cells,test
ACAAGAGAAGTCGT-1,CD14+ Monocytes,0.9999212,CD14+ Monocytes,train
ACAAGAGACTTATC-1,CD4 T cells,0.99998915,CD4 T cells,train
ACAAGAGAGTTGAC-1,B cells,0.9988422,B cells,train
ACAATCCTAACCGT-1,CD4 T cells,0.9987129,CD4 T cells,train
ACAATCCTTAGCGT-1,B cells,0.99962986,B cells,train
ACAATTGACTGACA-1,CD8 T cells,0.999073,CD8 T cells,train
ACAATTGATGACTG-1,NK cells,0.9185373,NK cells,test
ACACAGACCATACG-1,CD8 T cells,0.99650586,CD8 T cells,train
ACACCAGAGGGCAA-1,CD8 T cells,0.6543516,CD8 T cells,test
ACACCCTGGTGTTG-1,NK cells,0.9703177,NK cells,test
ACACGAACAGTTCG-1,CD4 T cells,0.9979972,CD4 T cells,train
ACACGATGACGCAT-1,CD8 T cells,0.99949944,CD8 T cells,train
ACACGATGATGTGC-1,CD14+ Monocytes,0.9984434,CD14+ Monocytes,train
ACACGATGTCGTAG-1,CD8 T cells,0.99981827,CD8 T cells,train
ACACGATGTGGTCA-1,CD8 T cells,0.9999944,CD8 T cells,test
ACAGACACGGCATT-1,CD4 T cells,0.9642589,CD4 T cells,test
ACAGACACGTTGTG-1,CD4 T cells,0.98230284,CD4 T cells,test
ACAGCAACACCTAG-1,CD14+ Monocytes,0.99804986,CD14+ Monocytes,train
ACAGCAACCTCAAG-1,FCGR3A+ Monocytes,0.9996551,FCGR3A+ Monocytes,train
ACAGGTACCCCACT-1,CD4 T cells,0.9680132,CD4 T cells,train
ACAGGTACGCTGTA-1,CD8 T cells,0.9909718,CD8 T cells,train
ACAGGTACTGGTGT-1,NK cells,0.9986078,NK cells,train
ACAGTCGACCCAAA-1,CD8 T cells,0.6098117,CD4 T cells,test
ACAGTCGACCGATA-1,CD8 T cells,0.99999964,CD8 T cells,test
ACAGTGACTCACCC-1,CD8 T cells,0.99917895,CD8 T cells,train
ACAGTGACTCTATC-1,CD8 T cells,0.98266923,CD8 T cells,train
ACAGTGTGGTCACA-1,CD4 T cells,0.99798346,CD4 T cells,train
ACAGTGTGTTGCGA-1,CD14+ Monocytes,0.9996706,CD14+ Monocytes,train
ACATCACTCTACTT-1,CD14+ Monocytes,0.9996594,CD14+ Monocytes,train
ACATGGTGAAGCCT-1,CD4 T cells,0.9992893,CD4 T cells,test
ACATGGTGCAACCA-1,B cells,0.9900271,B cells,test
ACATGGTGCGAGTT-1,CD4 T cells,0.9956067,CD4 T cells,train
ACATTCTGGCATAC-1,CD4 T cells,0.99996567,CD4 T cells,train
ACATTCTGGGAACG-1,CD14+ Monocytes,0.993536,CD14+ Monocytes,test
ACCAACGACATGCA-1,CD4 T cells,0.99942625,CD4 T cells,train
ACCACAGAAAGTAG-1,CD4 T cells,0.9997093,CD4 T cells,train
ACCACAGAGTTGGT-1,CD4 T cells,0.99977785,CD4 T cells,test
ACCACCTGTGTGCA-1,CD4 T cells,0.9985934,CD4 T cells,train
ACCACGCTACAGCT-1,CD4 T cells,0.99995744,CD4 T cells,test
ACCACGCTACCCAA-1,CD8 T cells,0.9998011,CD8 T cells,test
ACCACGCTGCGAGA-1,CD4 T cells,0.9912661,CD4 T cells,test
ACCACGCTGCTGTA-1,CD4 T cells,0.9991351,CD4 T cells,train
ACCAGCCTGACAGG-1,CD4 T cells,0.9998665,CD4 T cells,train
ACCAGTGAACGGTT-1,B cells,0.9999479,B cells,test
ACCAGTGAATACCG-1,CD14+ Monocytes,0.62215036,FCGR3A+ Monocytes,test
ACCAGTGAGGGATG-1,CD4 T cells,0.9999763,CD4 T cells,train
ACCAGTGATGACTG-1,CD14+ Monocytes,0.99996245,CD14+ Monocytes,train
ACCATTACCTTCTA-1,CD4 T cells,0.99959666,CD4 T cells,train
ACCATTACGAGATA-1,CD4 T cells,0.99869955,CD4 T cells,train
ACCATTTGTCATTC-1,CD4 T cells,0.99999666,CD4 T cells,test
ACCCAAGAACTGTG-1,CD8 T cells,0.9990163,CD8 T cells,train
ACCCAAGAATTCCT-1,FCGR3A+ Monocytes,0.9997427,FCGR3A+ Monocytes,test
ACCCAAGAGGACAG-1,CD4 T cells,0.99931157,CD4 T cells,train
ACCCAAGATTCACT-1,B cells,0.99953866,B cells,train
ACCCACTGCGCCTT-1,CD14+ Monocytes,0.99905115,CD14+ Monocytes,train
ACCCACTGGACAGG-1,CD4 T cells,0.9999689,CD4 T cells,train
ACCCACTGGTTCAG-1,Megakaryocytes,0.99722666,Megakaryocytes,test
ACCCACTGTCGTAG-1,CD14+ Monocytes,0.99958676,CD14+ Monocytes,train
ACCCAGCTCAGAAA-1,CD4 T cells,0.999138,CD4 T cells,test
ACCCAGCTGTTAGC-1,CD14+ Monocytes,0.99979144,CD14+ Monocytes,train
ACCCAGCTTGCTTT-1,CD4 T cells,0.99999964,CD4 T cells,test
ACCCGTTGATGACC-1,B cells,0.99986005,B cells,train
ACCCGTTGCTGCAA-1,CD4 T cells,0.9987067,CD4 T cells,train
ACCCGTTGCTTCTA-1,Dendritic cells,0.99074465,Dendritic cells,train
ACCCTCGACCTATT-1,CD4 T cells,0.99598736,CD4 T cells,test
ACCCTCGACGGTAT-1,B cells,0.9992424,B cells,train
ACCCTCGATAAGGA-1,CD14+ Monocytes,0.9980527,CD14+ Monocytes,test
ACCCTCGATCAAGC-1,FCGR3A+ Monocytes,0.9094326,CD14+ Monocytes,train
ACCGTGCTACCAGT-1,CD4 T cells,0.99985933,CD4 T cells,train
ACCGTGCTGGAACG-1,B cells,0.9998877,B cells,train
ACCTATTGCTGAGT-1,B cells,0.99955624,B cells,train
ACCTATTGTGCCCT-1,FCGR3A+ Monocytes,0.99912375,FCGR3A+ Monocytes,train
ACCTCCGAGTCCTC-1,CD4 T cells,0.9996691,CD4 T cells,train
ACCTCCGATATGCG-1,CD4 T cells,0.99991167,CD4 T cells,test
ACCTCCGATGCTGA-1,CD4 T cells,0.9989942,CD4 T cells,train
ACCTCGTGAACCAC-1,CD8 T cells,0.99973696,CD8 T cells,train
ACCTGAGATATCGG-1,Megakaryocytes,0.9610093,Megakaryocytes,train
ACCTGGCTAAGTAG-1,NK cells,0.9998685,NK cells,train
ACCTTTGACTCCCA-1,CD14+ Monocytes,0.99962676,CD14+ Monocytes,train
ACCTTTGAGGAACG-1,CD14+ Monocytes,0.99936706,CD14+ Monocytes,train
ACCTTTGAGGAAGC-1,CD14+ Monocytes,0.9711737,FCGR3A+ Monocytes,test
ACGAACACCTTGTT-1,NK cells,0.995555,NK cells,train
ACGAACTGGCTATG-1,Megakaryocytes,0.993042,Megakaryocytes,train
ACGAAGCTCTCCAC-1,CD4 T cells,0.99942434,CD4 T cells,train
ACGAAGCTCTGAGT-1,B cells,0.9864633,B cells,test
ACGACCCTATCTCT-1,CD14+ Monocytes,0.65431035,FCGR3A+ Monocytes,test
ACGACCCTGATGAA-1,CD8 T cells,0.9984975,CD8 T cells,train
ACGACCCTTGACAC-1,B cells,0.99902225,B cells,test
ACGACCCTTGACCA-1,CD4 T cells,0.9994229,CD4 T cells,train
ACGAGGGACAGGAG-1,Dendritic cells,0.992934,Dendritic cells,train
ACGAGGGACGAACT-1,CD4 T cells,0.99994993,CD4 T cells,test
ACGAGGGATGTAGC-1,CD4 T cells,0.9891131,CD4 T cells,test
ACGAGTACCCTAAG-1,B cells,0.999948,B cells,train
ACGAGTACGAATCC-1,B cells,0.99568343,B cells,train
ACGATCGAGGACTT-1,NK cells,0.9984389,NK cells,train
ACGATCGAGTCACA-1,CD14+ Monocytes,0.9999354,CD14+ Monocytes,train
ACGATGACAATGCC-1,CD4 T cells,0.99972504,CD4 T cells,train
ACGATGACTGGTCA-1,CD4 T cells,0.99972326,CD4 T cells,train
ACGATTCTACGGGA-1,CD4 T cells,0.99907994,CD4 T cells,train
ACGCAATGGTTCAG-1,CD8 T cells,0.5824142,NK cells,test
ACGCACCTGTTAGC-1,B cells,0.99981564,B cells,test
ACGCCACTGAACTC-1,CD14+ Monocytes,0.9970824,CD14+ Monocytes,train
ACGCCGGAAACCAC-1,CD14+ Monocytes,0.999818,CD14+ Monocytes,train
ACGCCGGAAAGCCT-1,CD4 T cells,0.9988268,CD4 T cells,train
ACGCCGGAAATGCC-1,CD4 T cells,0.9979583,CD4 T cells,train
ACGCCTTGCTCCCA-1,FCGR3A+ Monocytes,0.9989791,FCGR3A+ Monocytes,train
ACGCGGTGGCGAGA-1,CD4 T cells,0.99942124,CD4 T cells,test
ACGCGGTGTGTGGT-1,B cells,0.99705267,B cells,test
ACGCGGTGTTTGCT-1,CD8 T cells,0.99466866,CD8 T cells,test
ACGCTCACAGTACC-1,CD4 T cells,0.99840516,CD4 T cells,train
ACGCTCACCCTTGC-1,CD4 T cells,0.9999981,CD4 T cells,test
ACGCTGCTGTTCTT-1,NK cells,0.99450266,NK cells,train
ACGGAACTCAGATC-1,NK cells,0.9985158,NK cells,train
ACGGAACTGTCGTA-1,FCGR3A+ Monocytes,0.841315,FCGR3A+ Monocytes,test
ACGGAGGACTCTTA-1,CD14+ Monocytes,0.9999962,CD14+ Monocytes,train
ACGGATTGGGAGGT-1,B cells,0.9998472,B cells,train
ACGGATTGGTTAGC-1,CD4 T cells,0.999967,CD4 T cells,train
ACGGCTCTGAGCAG-1,CD4 T cells,0.99911076,CD4 T cells,train
ACGGCTCTTGCACA-1,CD4 T cells,0.9998733,CD4 T cells,train
ACGGTAACCGCTAA-1,CD4 T cells,0.9897711,CD4 T cells,test
ACGGTAACCTTCGC-1,CD8 T cells,0.99188215,CD8 T cells,test
ACGGTAACGGTGGA-1,CD4 T cells,0.9994721,CD4 T cells,train
ACGGTAACTCGCAA-1,CD8 T cells,0.999049,CD8 T cells,train
ACGGTATGAGTCGT-1,CD14+ Monocytes,0.99997866,CD14+ Monocytes,test
ACGGTATGGGTATC-1,B cells,0.9998294,B cells,train
ACGGTATGGTTGTG-1,B cells,0.99994016,B cells,train
ACGGTCCTAACGGG-1,CD4 T cells,0.9999635,CD4 T cells,train
ACGGTCCTCGGGAA-1,CD4 T cells,0.99667907,CD4 T cells,train
ACGTAGACAACCAC-1,CD4 T cells,0.9973074,CD4 T cells,train
ACGTAGACTACAGC-1,B cells,0.999741,B cells,test
ACGTCAGAAACGAA-1,CD4 T cells,0.99983454,CD4 T cells,train
ACGTCAGAGAGCTT-1,CD14+ Monocytes,0.9998035,CD14+ Monocytes,train
ACGTCAGAGGGATG-1,CD4 T cells,0.99985003,CD4 T cells,test
ACGTCCTGATAAGG-1,CD14+ Monocytes,0.9998122,CD14+ Monocytes,test
ACGTCCTGTGAACC-1,CD14+ Monocytes,0.9997676,CD14+ Monocytes,test
ACGTCGCTCCTGAA-1,CD8 T cells,0.7712443,NK cells,train
ACGTCGCTCTATTC-1,CD14+ Monocytes,0.98130864,CD14+ Monocytes,train
ACGTCGCTTCTCAT-1,B cells,0.9982955,B cells,test
ACGTGATGCCATGA-1,Dendritic cells,0.92605406,Dendritic cells,train
ACGTGATGGGTCTA-1,CD4 T cells,0.9999244,CD4 T cells,train
ACGTGATGTAACCG-1,FCGR3A+ Monocytes,0.8458455,FCGR3A+ Monocytes,train
ACGTGATGTGACAC-1,NK cells,0.95828867,NK cells,test
ACGTGCCTCCGTAA-1,CD4 T cells,0.99847525,CD4 T cells,test
ACGTGCCTTCTATC-1,CD8 T cells,0.9995869,CD8 T cells,test
ACGTTACTTTCCAT-1,CD4 T cells,0.9991547,CD4 T cells,train
ACGTTGGAAAAGCA-1,CD4 T cells,0.999966,CD4 T cells,train
ACGTTGGAAACCTG-1,CD8 T cells,0.99967873,CD8 T cells,train
ACGTTGGACCGTAA-1,CD14+ Monocytes,0.9998913,CD14+ Monocytes,test
ACGTTGGAGCCAAT-1,NK cells,0.77895194,NK cells,test
ACGTTGGATATGGC-1,B cells,0.9988329,B cells,train
ACGTTGGATCAGGT-1,CD14+ Monocytes,0.99705637,CD14+ Monocytes,train
ACGTTTACATCAGC-1,CD4 T cells,0.9997092,CD4 T cells,train
ACTAAAACCCACAA-1,CD8 T cells,0.95176035,CD8 T cells,test
ACTAAAACTCGACA-1,CD14+ Monocytes,0.9999658,CD14+ Monocytes,test
ACTACGGAATTTCC-1,CD4 T cells,0.93449014,CD4 T cells,train
ACTACGGACCTATT-1,CD4 T cells,0.999954,CD4 T cells,train
ACTACGGATCGCTC-1,CD4 T cells,0.99998486,CD4 T cells,train
ACTACTACTAAGGA-1,CD4 T cells,0.99983025,CD4 T cells,train
ACTAGGTGGAACCT-1,CD8 T cells,0.9952945,CD8 T cells,train
ACTAGGTGGAACTC-1,CD4 T cells,0.99384224,CD4 T cells,train
ACTATCACCTTGGA-1,CD8 T cells,0.99992156,CD8 T cells,train
ACTATCACTGCCAA-1,CD4 T cells,0.9998795,CD4 T cells,train
ACTCAGGACTGAAC-1,CD4 T cells,0.9945893,CD4 T cells,train
ACTCAGGATCTATC-1,B cells,0.99983,B cells,train
ACTCAGGATTCGTT-1,CD14+ Monocytes,0.99969983,CD14+ Monocytes,test
ACTCCTCTCAACTG-1,CD4 T cells,0.99853253,CD4 T cells,train
ACTCGCACGAAAGT-1,CD14+ Monocytes,0.9998369,CD14+ Monocytes,test
ACTCGCACTACGAC-1,CD14+ Monocytes,0.99947435,CD14+ Monocytes,train
ACTCTCCTGACACT-1,CD4 T cells,0.99986494,CD4 T cells,test
ACTCTCCTGCATAC-1,CD4 T cells,0.9950883,CD4 T cells,train
ACTCTCCTGTTTGG-1,CD4 T cells,0.9990219,CD4 T cells,train
ACTGAGACAACCAC-1,CD8 T cells,0.998287,CD8 T cells,train
ACTGAGACCCATAG-1,FCGR3A+ Monocytes,0.99927765,FCGR3A+ Monocytes,train
ACTGAGACGTTGGT-1,B cells,0.9987919,B cells,train
ACTGCCACACACGT-1,CD8 T cells,0.9999404,CD8 T cells,train
ACTGCCACTCCGTC-1,NK cells,0.9906612,NK cells,train
ACTGGCCTTCAGTG-1,NK cells,0.99843925,NK cells,train
ACTGTGGACGTGTA-1,CD8 T cells,0.910059,CD8 T cells,test
ACTGTGGATCTAGG-1,B cells,0.99328834,B cells,train
ACTGTTACCCACAA-1,CD14+ Monocytes,0.9999846,CD14+ Monocytes,train
ACTGTTACTGCAGT-1,CD4 T cells,0.999987,CD4 T cells,train
ACTTAAGAACCACA-1,CD4 T cells,0.9998553,CD4 T cells,train
ACTTAAGATTACTC-1,Dendritic cells,0.9792163,Dendritic cells,train
ACTTAGCTGCGTAT-1,FCGR3A+ Monocytes,0.9900545,FCGR3A+ Monocytes,test
ACTTAGCTGGGAGT-1,CD4 T cells,0.99680686,CD4 T cells,train
ACTTCAACAAGCAA-1,CD8 T cells,0.9994962,CD8 T cells,train
ACTTCAACGTAGGG-1,NK cells,0.9993981,NK cells,train
ACTTCCCTTTCCGC-1,CD4 T cells,0.9999478,CD4 T cells,train
ACTTCTGACATGCA-1,B cells,0.99970144,B cells,test
ACTTGACTCCACAA-1,B cells,0.9998778,B cells,train
ACTTGGGAGAAAGT-1,CD14+ Monocytes,0.99998426,CD14+ Monocytes,test
ACTTGGGAGGTTTG-1,CD4 T cells,0.9991142,CD4 T cells,train
ACTTGGGATGTGAC-1,FCGR3A+ Monocytes,0.9950163,FCGR3A+ Monocytes,test
ACTTGGGATTGACG-1,CD14+ Monocytes,0.9998592,CD14+ Monocytes,train
ACTTGTACCTGTCC-1,CD4 T cells,0.99994075,CD4 T cells,train
ACTTTGTGGAAAGT-1,CD4 T cells,0.9998665,CD4 T cells,train
ACTTTGTGGATAGA-1,CD14+ Monocytes,0.99906474,CD14+ Monocytes,test
AGAAACGAAAGTAG-1,B cells,0.99946624,B cells,train
AGAAAGTGCGCAAT-1,CD8 T cells,0.9985057,CD8 T cells,train
AGAAAGTGGGGATG-1,CD14+ Monocytes,0.9999863,CD14+ Monocytes,train
AGAACAGAAATGCC-1,NK cells,0.9953994,NK cells,test
AGAACAGACGACTA-1,B cells,0.9986217,B cells,train
AGAACAGAGACAAA-1,CD4 T cells,0.99975353,CD4 T cells,train
AGAACGCTTTGCTT-1,CD4 T cells,0.9999864,CD4 T cells,train
AGAAGATGTGACTG-1,CD4 T cells,0.9991579,CD4 T cells,train
AGAATGGAAGAAGT-1,CD8 T cells,0.9999671,CD8 T cells,train
AGAATTTGTAACCG-1,CD4 T cells,1.0,CD4 T cells,train
AGAATTTGTAGAGA-1,CD4 T cells,0.9999969,CD4 T cells,train
AGACACACTGTAGC-1,CD4 T cells,0.9998124,CD4 T cells,test
AGACACTGTCAAGC-1,CD14+ Monocytes,0.999926,CD14+ Monocytes,train
AGACCTGAAGTAGA-1,CD14+ Monocytes,0.99963737,CD14+ Monocytes,train
AGACCTGACCAACA-1,CD4 T cells,0.9999044,CD4 T cells,train
AGACCTGAGGAAGC-1,CD8 T cells,0.9996525,CD8 T cells,train
AGACGTACAGAGGC-1,CD4 T cells,0.98082435,CD4 T cells,test
AGACGTACCCCTAC-1,B cells,0.99943,B cells,test
AGACGTACCTCTTA-1,Dendritic cells,0.91060716,Dendritic cells,train
AGACGTACTCGTGA-1,FCGR3A+ Monocytes,0.987706,FCGR3A+ Monocytes,train
AGACTGACCATCAG-1,CD8 T cells,0.99914753,CD8 T cells,train
AGACTGACCCTTTA-1,CD4 T cells,0.99925715,CD4 T cells,train
AGACTTCTCATGCA-1,B cells,0.9998487,B cells,train
AGAGATGACAGTCA-1,B cells,0.999424,B cells,train
AGAGATGACTGAAC-1,CD4 T cells,0.9997645,CD4 T cells,test
AGAGATGAGGTTTG-1,CD14+ Monocytes,0.9997992,CD14+ Monocytes,train
AGAGATGATCTCGC-1,B cells,0.99894196,B cells,train
AGAGATGATTGTGG-1,CD4 T cells,0.99396294,CD4 T cells,train
AGAGCGGAGGCAAG-1,CD14+ Monocytes,0.99984086,CD14+ Monocytes,train
AGAGTCTGGTCGTA-1,FCGR3A+ Monocytes,0.99956757,FCGR3A+ Monocytes,train
AGAGTGCTCAGCTA-1,CD4 T cells,0.9997613,CD4 T cells,train
AGAGTGCTCGAATC-1,CD4 T cells,0.99988043,CD4 T cells,test
AGAGTGCTGTCATG-1,CD4 T cells,0.99969363,CD4 T cells,train
AGAGTGCTGTCCTC-1,CD8 T cells,0.9982559,CD8 T cells,train
AGAGTGCTGTGTTG-1,B cells,0.9997235,B cells,train
AGATATACCCGTAA-1,NK cells,0.9772538,NK cells,train
AGATATACGATGAA-1,CD4 T cells,0.9995845,CD4 T cells,train
AGATATACTGTTCT-1,B cells,0.99775666,B cells,train
AGATATTGCCTACC-1,CD8 T cells,0.9999529,CD8 T cells,train
AGATATTGGCCAAT-1,CD14+ Monocytes,0.99777824,CD14+ Monocytes,train
AGATCGTGTCTGGA-1,CD14+ Monocytes,0.99535286,CD14+ Monocytes,test
AGATCGTGTTTGTC-1,B cells,0.99980754,B cells,train
AGATCTCTATCACG-1,B cells,0.9998312,B cells,train
AGATTAACGTTCTT-1,FCGR3A+ Monocytes,0.99641895,FCGR3A+ Monocytes,train
AGATTCCTATCGTG-1,CD4 T cells,0.99979216,CD4 T cells,train
AGATTCCTCACTTT-1,CD14+ Monocytes,0.9999982,CD14+ Monocytes,train
AGATTCCTGACGAG-1,CD14+ Monocytes,0.9998907,CD14+ Monocytes,train
AGATTCCTGTTCAG-1,NK cells,0.9970161,NK cells,test
AGCAAAGATATGCG-1,CD4 T cells,0.9999739,CD4 T cells,train
AGCACAACAGTCTG-1,CD4 T cells,0.9996866,CD4 T cells,train
AGCACTGAGGGAGT-1,CD4 T cells,0.99999094,CD4 T cells,train
AGCACTGATATGCG-1,CD4 T cells,0.99936587,CD4 T cells,test
AGCACTGATGCTTT-1,Dendritic cells,0.99724066,Dendritic cells,train
AGCACTGATTGCGA-1,CD4 T cells,0.9999505,CD4 T cells,train
AGCATCGAAGATCC-1,CD4 T cells,0.9995347,CD4 T cells,train
AGCATCGAAGGGTG-1,B cells,0.9990709,B cells,train
AGCATCGAGCTTCC-1,CD14+ Monocytes,0.9999256,CD14+ Monocytes,train
AGCATCGAGTGAGG-1,CD4 T cells,0.9995528,CD4 T cells,train
AGCATCGATAACCG-1,CD14+ Monocytes,0.9998698,CD14+ Monocytes,train
AGCATGACGATGAA-1,CD8 T cells,0.99920374,CD8 T cells,train
AGCCAATGGGGAGT-1,FCGR3A+ Monocytes,0.9926932,FCGR3A+ Monocytes,train
AGCCAATGTATCTC-1,CD4 T cells,0.9999435,CD4 T cells,train
AGCCACCTGGATCT-1,CD8 T cells,0.9999969,CD8 T cells,train
AGCCGGTGCCAATG-1,CD4 T cells,0.9931526,CD4 T cells,train
AGCCGGTGTGTTTC-1,CD4 T cells,0.9999958,CD4 T cells,train
AGCCGTCTCAATCG-1,CD4 T cells,0.9993024,CD4 T cells,train
AGCCGTCTGAGAGC-1,CD4 T cells,0.99997413,CD4 T cells,test
AGCCTCACGTTCGA-1,CD4 T cells,0.9999279,CD4 T cells,train
AGCCTCACTGTCAG-1,FCGR3A+ Monocytes,0.9689343,FCGR3A+ Monocytes,train
AGCCTCTGCAGTTG-1,B cells,0.99925035,B cells,train
AGCCTCTGCCAATG-1,NK cells,0.9991135,NK cells,train
AGCGAACTGGATCT-1,CD4 T cells,0.99850345,CD4 T cells,train
AGCGAACTTACTGG-1,CD4 T cells,0.96056867,CD4 T cells,test
AGCGATACGGAGCA-1,CD4 T cells,0.9999819,CD4 T cells,train
AGCGATTGAGATCC-1,NK cells,0.9997249,NK cells,train
AGCGCCGAATCTCT-1,CD4 T cells,0.99363047,CD4 T cells,test
AGCGCCGACAGAGG-1,CD4 T cells,0.9999726,CD4 T cells,train
AGCGCTCTACCTTT-1,CD4 T cells,0.9999498,CD4 T cells,train
AGCGGCACCGGGAA-1,CD4 T cells,0.9992188,CD4 T cells,test
AGCGGCTGATGTGC-1,CD4 T cells,0.9999968,CD4 T cells,train
AGCGGGCTTGCCAA-1,CD4 T cells,0.99999046,CD4 T cells,train
AGCGTAACATGCTG-1,CD4 T cells,0.99875414,CD4 T cells,train
AGCGTAACTGAGAA-1,CD14+ Monocytes,0.9989563,CD14+ Monocytes,train
AGCTCGCTACTGGT-1,CD4 T cells,0.9998845,CD4 T cells,train
AGCTCGCTCTGCTC-1,CD4 T cells,0.99999964,CD4 T cells,train
AGCTGAACCATACG-1,FCGR3A+ Monocytes,0.97974193,FCGR3A+ Monocytes,test
AGCTGAACCTCTCG-1,CD4 T cells,0.99991584,CD4 T cells,test
AGCTGCCTTGGGAG-1,CD14+ Monocytes,0.99952734,CD14+ Monocytes,train
AGCTGCCTTTCATC-1,CD4 T cells,0.99326634,CD4 T cells,test
AGCTGCCTTTCTGT-1,CD4 T cells,0.72144455,CD4 T cells,train
AGCTGTGATCCAAG-1,CD4 T cells,0.9990783,CD4 T cells,train
AGCTTTACAAGTAG-1,CD4 T cells,0.9999492,CD4 T cells,train
AGCTTTACACCAAC-1,CD8 T cells,0.99958473,CD8 T cells,train
AGCTTTACTCTCAT-1,B cells,0.9958811,B cells,train
AGGAAATGAGGAGC-1,CD4 T cells,0.9989672,CD4 T cells,train
AGGAACCTCTTAGG-1,FCGR3A+ Monocytes,0.9608341,FCGR3A+ Monocytes,train
AGGAACCTTGCCTC-1,CD8 T cells,0.9996425,CD8 T cells,test
AGGAATGATAACGC-1,CD4 T cells,0.9992793,CD4 T cells,train
AGGAATGATTTGTC-1,CD4 T cells,0.99997675,CD4 T cells,train
AGGAGTCTGGTTTG-1,CD4 T cells,0.9995869,CD4 T cells,train
AGGAGTCTTGTCAG-1,CD4 T cells,0.99980134,CD4 T cells,test
AGGATAGACATTTC-1,CD4 T cells,0.9995679,CD4 T cells,train
AGGATAGAGGATTC-1,CD8 T cells,0.9987686,CD8 T cells,train
AGGATGCTACTAGC-1,B cells,0.999652,B cells,train
AGGATGCTTTAGGC-1,NK cells,0.9948059,NK cells,train
AGGCAACTGAAGGC-1,CD4 T cells,0.9944712,CD4 T cells,test
AGGCAGGAGTACCA-1,CD8 T cells,0.9950518,CD8 T cells,test
AGGCCTCTAGTCGT-1,CD4 T cells,0.9997731,CD4 T cells,train
AGGCCTCTCGGAGA-1,CD4 T cells,0.99742573,CD4 T cells,train
AGGCCTCTCGTAAC-1,CD4 T cells,0.9988834,CD4 T cells,train
AGGGACGACGTTGA-1,CD4 T cells,0.99977523,CD4 T cells,train
AGGGACGAGTCAAC-1,NK cells,0.99786276,NK cells,train
AGGGACGAGTTGTG-1,CD4 T cells,0.99999726,CD4 T cells,train
AGGGACGATAGAGA-1,CD8 T cells,0.99178505,CD8 T cells,test
AGGGACGATGCATG-1,CD8 T cells,0.99991953,CD8 T cells,train
AGGGAGTGAGCCTA-1,CD4 T cells,0.9991122,CD4 T cells,train
AGGGCCACCATACG-1,CD4 T cells,0.99997616,CD4 T cells,train
AGGGCGCTAACCAC-1,CD14+ Monocytes,0.99446255,CD14+ Monocytes,train
AGGGCGCTATGGTC-1,CD4 T cells,0.99161184,CD4 T cells,test
AGGGTGGACAGTCA-1,B cells,0.99244046,B cells,test
AGGGTGGACTCAAG-1,CD14+ Monocytes,0.9995976,CD14+ Monocytes,train
AGGGTGGAGTTGCA-1,CD8 T cells,0.96299845,CD8 T cells,test
AGGGTTTGTTCATC-1,CD14+ Monocytes,0.9976458,CD14+ Monocytes,train
AGGTCATGAGTGTC-1,B cells,0.999212,B cells,test
AGGTCATGCTTATC-1,CD8 T cells,0.99767953,CD8 T cells,train
AGGTCTGATTCTCA-1,CD14+ Monocytes,0.9965855,CD14+ Monocytes,train
AGGTGGGAAGAATG-1,CD4 T cells,0.9999778,CD4 T cells,train
AGGTGGGAAGTTCG-1,CD4 T cells,0.9999385,CD4 T cells,train
AGGTGTTGGTTACG-1,B cells,0.99900824,B cells,train
AGGTTCGAACCTCC-1,CD14+ Monocytes,0.9998461,CD14+ Monocytes,test
AGGTTCGAACGTAC-1,CD14+ Monocytes,0.9992735,CD14+ Monocytes,train
AGGTTCGAGGGTGA-1,CD4 T cells,0.99989533,CD4 T cells,test
AGTAAGGAGTTTGG-1,CD4 T cells,0.99993825,CD4 T cells,train
AGTAAGGATTCTTG-1,CD4 T cells,0.99740905,CD4 T cells,train
AGTAATACATCACG-1,NK cells,0.9994572,NK cells,train
AGTAATACCGAACT-1,B cells,0.99936086,B cells,test
AGTAATTGTCCCAC-1,CD4 T cells,0.9980533,CD4 T cells,train
AGTACGTGAGGGTG-1,CD4 T cells,0.99985695,CD4 T cells,train
AGTACGTGCTGCAA-1,CD4 T cells,0.99960905,CD4 T cells,train
AGTACGTGCTTGGA-1,CD4 T cells,0.9999484,CD4 T cells,train
AGTACTCTACGTGT-1,B cells,0.9998167,B cells,train
AGTACTCTCAACCA-1,CD8 T cells,0.999671,CD8 T cells,train
AGTACTCTCGGTAT-1,CD8 T cells,0.9995453,CD8 T cells,train
AGTAGGCTTGCCTC-1,FCGR3A+ Monocytes,0.99173003,FCGR3A+ Monocytes,train
AGTATAACTTGTCT-1,FCGR3A+ Monocytes,0.9994493,FCGR3A+ Monocytes,train
AGTATCCTAGAACA-1,CD4 T cells,0.9994466,CD4 T cells,train
AGTCACGATGAGCT-1,NK cells,0.996942,NK cells,train
AGTCAGACGAATAG-1,CD4 T cells,0.95568365,CD4 T cells,train
AGTCAGACGCTTAG-1,CD8 T cells,0.8714835,CD4 T cells,test
AGTCAGACTAGAGA-1,CD8 T cells,0.9998067,CD8 T cells,train
AGTCAGACTGCACA-1,CD8 T cells,0.9803309,CD8 T cells,train
AGTCCAGATATCTC-1,CD4 T cells,0.9981811,CD4 T cells,test
AGTCCAGATTTCAC-1,CD4 T cells,0.9993038,CD4 T cells,train
AGTCGAACCAACCA-1,CD4 T cells,0.9999945,CD4 T cells,test
AGTCGCCTCCGTAA-1,CD4 T cells,0.9970433,CD4 T cells,train
AGTCTACTAGGGTG-1,CD14+ Monocytes,0.9997192,CD14+ Monocytes,train
AGTCTACTTGCATG-1,FCGR3A+ Monocytes,0.98257244,FCGR3A+ Monocytes,train
AGTCTTACACCACA-1,CD4 T cells,0.9996549,CD4 T cells,test
AGTCTTACTTCGCC-1,CD8 T cells,0.9999627,CD8 T cells,train
AGTCTTACTTCGGA-1,Megakaryocytes,0.99862814,Megakaryocytes,test
AGTGACTGCAACTG-1,FCGR3A+ Monocytes,0.99642426,FCGR3A+ Monocytes,test
AGTGTTCTAACCTG-1,CD4 T cells,0.9994937,CD4 T cells,train
AGTGTTCTATAAGG-1,CD4 T cells,0.9994498,CD4 T cells,train
AGTGTTCTCACTTT-1,CD14+ Monocytes,0.99983263,CD14+ Monocytes,train
AGTTAAACCACTTT-1,CD4 T cells,0.9999907,CD4 T cells,train
AGTTATGAACAGTC-1,CD14+ Monocytes,0.99992025,CD14+ Monocytes,train
AGTTATGACTGAGT-1,CD4 T cells,0.99941885,CD4 T cells,train
AGTTATGAGTTCAG-1,CD4 T cells,0.7220242,CD4 T cells,test
AGTTCTACCAGCTA-1,CD14+ Monocytes,0.999114,CD14+ Monocytes,train
AGTTCTTGAAGCCT-1,CD8 T cells,0.99986637,CD8 T cells,train
AGTTGTCTACTACG-1,CD4 T cells,0.99909973,CD4 T cells,test
AGTTTAGATGGTCA-1,CD4 T cells,0.99986815,CD4 T cells,train
AGTTTCACGGTCTA-1,CD8 T cells,0.9998196,CD8 T cells,train
AGTTTGCTACAGTC-1,CD4 T cells,0.99992394,CD4 T cells,test
AGTTTGCTACTGGT-1,NK cells,0.9387544,CD8 T cells,test
AGTTTGCTCCAAGT-1,CD4 T cells,0.9961176,CD4 T cells,test
ATAAACACAGTGCT-1,B cells,0.99817514,B cells,train
ATAAACACCACCAA-1,CD4 T cells,0.9999778,CD4 T cells,train
ATAACAACATGCTG-1,CD14+ Monocytes,0.99971825,CD14+ Monocytes,train
ATAACAACGTCTAG-1,CD4 T cells,0.99971884,CD4 T cells,train
ATAACAACTTTGTC-1,CD4 T cells,0.9999523,CD4 T cells,train
ATAACATGTACTCT-1,CD4 T cells,0.99997044,CD4 T cells,test
ATAACCCTGTTGGT-1,CD8 T cells,0.99897385,CD8 T cells,train
ATAACCCTTGGTAC-1,CD4 T cells,0.9997235,CD4 T cells,test
ATAAGTACGAATGA-1,B cells,0.99981755,B cells,train
ATAAGTTGGTACGT-1,FCGR3A+ Monocytes,0.9980458,FCGR3A+ Monocytes,train
ATAAGTTGTCTAGG-1,CD4 T cells,0.5797278,CD4 T cells,test
ATAATCGAGCTGAT-1,B cells,0.99982125,B cells,train
ATAATCGATGGTTG-1,CD4 T cells,0.99975485,CD4 T cells,train
ATAATGACCTACTT-1,CD4 T cells,0.99994254,CD4 T cells,train
ATAATGACTCGTGA-1,CD14+ Monocytes,0.9999716,CD14+ Monocytes,train
ATACAATGTTAGGC-1,CD4 T cells,0.9999924,CD4 T cells,train
ATACCACTCGTACA-1,CD14+ Monocytes,0.99998677,CD14+ Monocytes,test
ATACCACTCTAAGC-1,CD14+ Monocytes,0.43257585,Dendritic cells,test
ATACCACTGCCAAT-1,CD8 T cells,0.997051,CD8 T cells,train
ATACCGGAATGCTG-1,Dendritic cells,0.9565255,Dendritic cells,train
ATACCGGACATTTC-1,CD14+ Monocytes,0.99996257,CD14+ Monocytes,train
ATACCGGACTTCGC-1,CD4 T cells,0.9998004,CD4 T cells,train
ATACCGGAGGTGTT-1,CD14+ Monocytes,0.9998895,CD14+ Monocytes,train
ATACCGGATCTCGC-1,CD4 T cells,0.9997894,CD4 T cells,train
ATACCTACGCATCA-1,CD4 T cells,0.99952626,CD4 T cells,train
ATACCTTGGGGCAA-1,CD4 T cells,0.9991929,CD4 T cells,test
ATACGGACAGACTC-1,CD14+ Monocytes,0.9999813,CD14+ Monocytes,test
ATACGGACCTACTT-1,CD14+ Monocytes,0.9999161,CD14+ Monocytes,train
ATACGGACGAGGTG-1,B cells,0.9998629,B cells,train
ATACGGACTATGCG-1,B cells,0.99905854,B cells,train
ATACGGACTCTGGA-1,CD14+ Monocytes,0.99978024,CD14+ Monocytes,train
ATACGTCTTAACGC-1,CD14+ Monocytes,0.9996933,CD14+ Monocytes,train
ATACTCTGCTTCGC-1,CD14+ Monocytes,0.99839574,CD14+ Monocytes,train
ATACTCTGGTATGC-1,NK cells,0.9995524,NK cells,train
ATAGATACCATGGT-1,CD4 T cells,0.99992406,CD4 T cells,train
ATAGATACGACGAG-1,CD4 T cells,0.9995832,CD4 T cells,train
ATAGATTGGTGTAC-1,B cells,0.9979571,B cells,train
ATAGCCGAACGGAG-1,CD4 T cells,0.9997193,CD4 T cells,test
ATAGCGTGCAGATC-1,CD4 T cells,0.99791497,CD4 T cells,train
ATAGCGTGCCCTTG-1,CD14+ Monocytes,0.99993896,CD14+ Monocytes,train
ATAGCGTGGTATCG-1,CD14+ Monocytes,0.99990666,CD14+ Monocytes,test
ATAGCGTGTCTCTA-1,CD4 T cells,0.9995302,CD4 T cells,test
ATAGCTCTCTGATG-1,CD4 T cells,0.9999819,CD4 T cells,train
ATAGCTCTGAGGTG-1,CD4 T cells,0.99950504,CD4 T cells,train
ATAGGAGAAACAGA-1,CD14+ Monocytes,0.999405,CD14+ Monocytes,train
ATAGGCTGTCAGAC-1,CD4 T cells,0.9999403,CD4 T cells,train
ATAGTCCTAGTGTC-1,CD14+ Monocytes,0.99997294,CD14+ Monocytes,test
ATAGTCCTTGCATG-1,CD8 T cells,0.9968569,CD8 T cells,train
ATAGTCCTTGTCGA-1,CD4 T cells,0.99994445,CD4 T cells,test
ATAGTTGACAACTG-1,CD4 T cells,0.99988484,CD4 T cells,train
ATAGTTGACCCTCA-1,FCGR3A+ Monocytes,0.74880755,FCGR3A+ Monocytes,test
ATAGTTGAGACGTT-1,CD4 T cells,0.99992406,CD4 T cells,test
ATAGTTGATAAGCC-1,CD4 T cells,0.9999702,CD4 T cells,train
ATATACGAAGCCAT-1,CD4 T cells,0.99992955,CD4 T cells,train
ATATACGAATTGGC-1,CD4 T cells,0.9999999,CD4 T cells,test
ATATAGTGGAATGA-1,CD14+ Monocytes,0.9999449,CD14+ Monocytes,train
ATATGCCTAGATCC-1,CD14+ Monocytes,0.99997234,CD14+ Monocytes,train
ATATGCCTGGACAG-1,CD4 T cells,0.99997425,CD4 T cells,test
ATATGCCTTCTCTA-1,CD4 T cells,0.99950826,CD4 T cells,train
ATATGCCTTGGTAC-1,CD4 T cells,0.99988306,CD4 T cells,test
ATCAAATGAGCCTA-1,CD14+ Monocytes,0.9998447,CD14+ Monocytes,test
ATCAAATGGGTAAA-1,FCGR3A+ Monocytes,0.99163425,FCGR3A+ Monocytes,test
ATCAACCTAAACGA-1,CD4 T cells,0.99975926,CD4 T cells,train
ATCAACCTGAGGAC-1,CD4 T cells,0.99995196,CD4 T cells,train
ATCAACCTTCTCTA-1,CD8 T cells,0.99917644,CD8 T cells,train
ATCAACCTTTGTCT-1,CD8 T cells,0.9999813,CD8 T cells,train
ATCACACTTTGTCT-1,CD4 T cells,0.9999279,CD4 T cells,train
ATCACGGATTTCGT-1,B cells,0.9989318,B cells,train
ATCATCTGACACCA-1,Megakaryocytes,0.997979,Megakaryocytes,train
ATCATGCTAGAGTA-1,CD8 T cells,0.98103905,CD8 T cells,test
ATCATGCTGAACCT-1,B cells,0.9991072,B cells,train
ATCCAGGACGCTAA-1,FCGR3A+ Monocytes,0.9926698,FCGR3A+ Monocytes,train
ATCCAGGATGGAAA-1,CD4 T cells,0.9984395,CD4 T cells,test
ATCCATACTCCTTA-1,CD14+ Monocytes,0.9993839,CD14+ Monocytes,test
ATCCATACTTCATC-1,FCGR3A+ Monocytes,0.9976031,FCGR3A+ Monocytes,train
ATCCCGTGCAGTCA-1,NK cells,0.9986854,NK cells,train
ATCCCGTGCATGCA-1,B cells,0.9994697,B cells,test
ATCCCGTGGCTGAT-1,B cells,0.99957997,B cells,train
ATCCGCACGCATCA-1,B cells,0.99801993,B cells,test
ATCCTAACGACGGA-1,B cells,0.99795365,B cells,train
ATCCTAACGCTACA-1,CD8 T cells,0.9984664,CD8 T cells,train
ATCGACGAAACTGC-1,CD14+ Monocytes,0.9999248,CD14+ Monocytes,train
ATCGACGAATGACC-1,CD4 T cells,0.9999963,CD4 T cells,train
ATCGAGTGGACGTT-1,CD8 T cells,0.99972457,CD8 T cells,train
ATCGCAGAATCTCT-1,FCGR3A+ Monocytes,0.9996074,FCGR3A+ Monocytes,test
ATCGCAGAGTGTCA-1,B cells,0.9997938,B cells,train
ATCGCCACTGAGGG-1,CD8 T cells,0.91638535,CD8 T cells,test
ATCGCCTGGGTCAT-1,CD4 T cells,0.999846,CD4 T cells,train
ATCGCCTGTGGCAT-1,B cells,0.9946403,B cells,test
ATCGCGCTCAGAGG-1,CD14+ Monocytes,0.99997914,CD14+ Monocytes,test
ATCGCGCTGGGATG-1,CD4 T cells,0.9973103,CD4 T cells,train
ATCGCGCTTTTCGT-1,B cells,0.9974504,B cells,test
ATCGGAACCAGTCA-1,CD4 T cells,0.99979013,CD4 T cells,train
ATCGGTGAGTCAAC-1,CD4 T cells,0.9997223,CD4 T cells,train
ATCGGTGATTGCAG-1,CD4 T cells,0.99911517,CD4 T cells,train
ATCGTTTGCCTACC-1,CD14+ Monocytes,0.9997762,CD14+ Monocytes,train
ATCGTTTGGGTACT-1,CD14+ Monocytes,0.99993575,CD14+ Monocytes,train
ATCGTTTGTGCCAA-1,CD14+ Monocytes,0.99498653,CD14+ Monocytes,test
ATCTACACCCGCTT-1,CD14+ Monocytes,0.99986434,CD14+ Monocytes,test
ATCTACACCGGGAA-1,CD4 T cells,0.99992466,CD4 T cells,train
ATCTCAACAGGAGC-1,B cells,0.9998914,B cells,train
ATCTCAACCTCGAA-1,CD4 T cells,0.9998933,CD4 T cells,test
ATCTCAACCTTGTT-1,CD14+ Monocytes,0.99988544,CD14+ Monocytes,train
ATCTGGGAAACCAC-1,CD14+ Monocytes,0.9998659,CD14+ Monocytes,train
ATCTGGGAAGTGTC-1,CD14+ Monocytes,0.99792826,CD14+ Monocytes,train
ATCTGGGATTCCGC-1,CD8 T cells,0.99934644,CD8 T cells,train
ATCTGTTGAACGGG-1,CD4 T cells,0.99932516,CD4 T cells,test
ATCTGTTGACCTCC-1,CD4 T cells,0.99764025,CD4 T cells,test
ATCTGTTGCCTTCG-1,CD14+ Monocytes,0.4259935,FCGR3A+ Monocytes,test
ATCTGTTGGTTGCA-1,CD4 T cells,0.9999348,CD4 T cells,test
ATCTTGACACCAAC-1,CD4 T cells,0.99999475,CD4 T cells,test
ATCTTGACCTCCCA-1,CD14+ Monocytes,0.99939,CD14+ Monocytes,train
ATCTTTCTGCATCA-1,CD8 T cells,0.99992883,CD8 T cells,train
ATCTTTCTGTTTCT-1,CD8 T cells,0.97863585,CD8 T cells,test
ATCTTTCTTGTCCC-1,NK cells,0.9979074,NK cells,train
ATGAAACTCTGTGA-1,CD8 T cells,0.99938107,CD8 T cells,train
ATGAAACTGAGGCA-1,CD4 T cells,0.9997675,CD4 T cells,train
ATGAAGGAACAGCT-1,CD8 T cells,0.999689,CD8 T cells,train
ATGAAGGACCTGTC-1,B cells,0.9987953,B cells,train
ATGAAGGACCTTAT-1,B cells,0.9998627,B cells,test
ATGAAGGACTAGTG-1,B cells,0.99876213,B cells,train
ATGAAGGACTTGCC-1,NK cells,0.99938595,NK cells,train
ATGACGTGACGACT-1,B cells,0.99996984,B cells,train
ATGACGTGATCGGT-1,FCGR3A+ Monocytes,0.99157107,FCGR3A+ Monocytes,train
ATGAGAGAAAGTGA-1,CD4 T cells,0.9711685,CD4 T cells,test
ATGAGAGAACGCAT-1,CD4 T cells,0.999864,CD4 T cells,train
ATGAGAGAAGTAGA-1,B cells,0.9990446,B cells,test
ATGAGCACACAGCT-1,CD4 T cells,0.9999919,CD4 T cells,train
ATGAGCACATCTTC-1,CD4 T cells,0.99993074,CD4 T cells,test
ATGATAACTTCACT-1,NK cells,0.9988379,NK cells,train
ATGATATGAAACAG-1,CD4 T cells,0.9999759,CD4 T cells,train
ATGATATGACTGGT-1,CD4 T cells,0.99995565,CD4 T cells,train
ATGATATGAGCACT-1,CD4 T cells,0.9996977,CD4 T cells,train
ATGATATGGTCATG-1,CD4 T cells,0.99957615,CD4 T cells,train
ATGATATGGTGCTA-1,NK cells,0.9923994,NK cells,train
ATGATATGTTGTCT-1,CD14+ Monocytes,0.99875486,CD14+ Monocytes,train
ATGCACGAATGTCG-1,B cells,0.99904984,B cells,test
ATGCACGACTGTAG-1,CD4 T cells,0.9952957,CD4 T cells,train
ATGCACGAGAACCT-1,B cells,0.9946759,B cells,train
ATGCACGAGTTCGA-1,CD4 T cells,0.99994385,CD4 T cells,train
ATGCACGATTGGTG-1,CD14+ Monocytes,0.9932921,CD14+ Monocytes,train
ATGCAGTGTTACCT-1,B cells,0.99962914,B cells,train
ATGCAGTGTTCTAC-1,CD4 T cells,0.9981013,CD4 T cells,train
ATGCCAGAACGACT-1,CD4 T cells,0.9999956,CD4 T cells,train
ATGCCAGACAGTCA-1,CD14+ Monocytes,0.9998073,CD14+ Monocytes,test
ATGCCGCTTGAACC-1,CD14+ Monocytes,0.9994985,CD14+ Monocytes,train
ATGCGATGCTATGG-1,CD14+ Monocytes,0.99935824,CD14+ Monocytes,train
ATGCGATGCTGAGT-1,CD4 T cells,0.9980861,CD4 T cells,train
ATGCGATGGTTACG-1,B cells,0.99702626,B cells,test
ATGCGCCTTCATTC-1,CD4 T cells,0.9999516,CD4 T cells,test
ATGCTTTGCGAATC-1,CD4 T cells,0.99999106,CD4 T cells,test
ATGCTTTGGGCGAA-1,CD8 T cells,0.60291487,CD8 T cells,test
ATGCTTTGTAGTCG-1,B cells,0.9999578,B cells,test
ATGGACACATCGGT-1,CD4 T cells,0.9991209,CD4 T cells,train
ATGGACACGCATCA-1,NK cells,0.99671376,NK cells,train
ATGGGTACAACCTG-1,B cells,0.99841666,B cells,train
ATGGGTACATCGGT-1,NK cells,0.7617614,NK cells,test
ATGGGTACTATTCC-1,CD4 T cells,0.999925,CD4 T cells,train
ATGGGTACTGGGAG-1,CD4 T cells,0.99782395,CD4 T cells,test
ATGTAAACACCTCC-1,CD4 T cells,0.99997723,CD4 T cells,train
ATGTAAACCCGCTT-1,CD4 T cells,0.9999795,CD4 T cells,train
ATGTAAACGGGATG-1,CD14+ Monocytes,0.4939075,Dendritic cells,test
ATGTAAACTCTCCG-1,CD8 T cells,0.9986205,CD8 T cells,train
ATGTAAACTTCACT-1,CD14+ Monocytes,0.9996736,CD14+ Monocytes,train
ATGTACCTCAGTCA-1,CD4 T cells,0.9999603,CD4 T cells,train
ATGTACCTTAGTCG-1,CD4 T cells,0.99993205,CD4 T cells,train
ATGTACCTTTATCC-1,CD14+ Monocytes,0.99947363,CD14+ Monocytes,train
ATGTACCTTTCACT-1,CD8 T cells,0.99997413,CD8 T cells,train
ATGTCACTAATGCC-1,CD14+ Monocytes,0.9999969,CD14+ Monocytes,test
ATGTCACTCTGCTC-1,CD4 T cells,0.999767,CD4 T cells,train
ATGTCGGAGGTGAG-1,CD4 T cells,0.9999926,CD4 T cells,train
ATGTTCACAGTCTG-1,CD14+ Monocytes,0.9965844,CD14+ Monocytes,test
ATGTTCACCGTAGT-1,CD4 T cells,0.99995077,CD4 T cells,test
ATGTTGCTTTCAGG-1,CD4 T cells,0.9999883,CD4 T cells,train
ATTAACGATGAGAA-1,NK cells,0.9858085,NK cells,train
ATTAACGATGCAAC-1,CD8 T cells,0.99990463,CD8 T cells,train
ATTAAGACTGCAGT-1,CD4 T cells,0.9999945,CD4 T cells,test
ATTACCTGCCTTAT-1,CD14+ Monocytes,0.9993325,CD14+ Monocytes,test
ATTACCTGGAGGAC-1,FCGR3A+ Monocytes,0.99589276,FCGR3A+ Monocytes,train
ATTAGATGTTTCAC-1,CD4 T cells,0.9988807,CD4 T cells,train
ATTATGGAATCTCT-1,CD4 T cells,0.99801445,CD4 T cells,train
ATTCAAGAACGGGA-1,CD4 T cells,0.9999671,CD4 T cells,test
ATTCAAGACCTTTA-1,CD4 T cells,0.9963606,CD4 T cells,train
ATTCAGCTCATTGG-1,Megakaryocytes,0.99838066,Megakaryocytes,train
ATTCCAACCATTGG-1,CD14+ Monocytes,0.99989045,CD14+ Monocytes,train
ATTCCAACTTAGGC-1,NK cells,0.9934822,NK cells,train
ATTCGACTCACTAG-1,CD8 T cells,0.9184901,CD8 T cells,test
ATTCGACTGAATAG-1,CD14+ Monocytes,0.9999535,CD14+ Monocytes,test
ATTCGACTTTTGTC-1,FCGR3A+ Monocytes,0.9964091,FCGR3A+ Monocytes,test
ATTCGGGAAAGGCG-1,CD14+ Monocytes,0.99961424,CD14+ Monocytes,train
ATTCGGGATTAGGC-1,CD4 T cells,0.997531,CD4 T cells,train
ATTCTTCTGATACC-1,CD4 T cells,0.999283,CD4 T cells,train
ATTGAATGGACGGA-1,CD4 T cells,0.9861807,CD4 T cells,test
ATTGATGAAGGTTC-1,CD4 T cells,0.99998796,CD4 T cells,train
ATTGATGACTGAGT-1,CD4 T cells,0.9983346,CD4 T cells,train
ATTGATGAGCGAAG-1,CD4 T cells,0.99952817,CD4 T cells,train
ATTGATGATCTATC-1,CD4 T cells,0.9998927,CD4 T cells,test
ATTGCACTGACGGA-1,CD4 T cells,0.9997701,CD4 T cells,train
ATTGCACTGAGAGC-1,FCGR3A+ Monocytes,0.68147045,FCGR3A+ Monocytes,train
ATTGCACTGGAGCA-1,CD14+ Monocytes,0.9997676,CD14+ Monocytes,train
ATTGCACTTAGCCA-1,CD4 T cells,0.99998665,CD4 T cells,train
ATTGCACTTGCTTT-1,FCGR3A+ Monocytes,0.9998455,FCGR3A+ Monocytes,train
ATTGCTTGTTACTC-1,B cells,0.99173695,B cells,train
ATTGGTCTGACTAC-1,B cells,0.999428,B cells,train
ATTGGTCTTGTCTT-1,B cells,0.9997389,B cells,train
ATTGTAGATTCCCG-1,Dendritic cells,0.79395026,Dendritic cells,train
ATTGTAGATTGCAG-1,CD4 T cells,0.8610338,CD4 T cells,test
ATTGTCTGCGTACA-1,CD4 T cells,0.99998534,CD4 T cells,test
ATTTAGGAACCATG-1,FCGR3A+ Monocytes,0.9945281,FCGR3A+ Monocytes,test
ATTTAGGACAGAGG-1,CD4 T cells,0.99999785,CD4 T cells,train
ATTTCCGAGATGAA-1,CD4 T cells,0.99975127,CD4 T cells,train
ATTTCCGAGTGCTA-1,CD4 T cells,0.999754,CD4 T cells,train
ATTTCGTGTATGGC-1,NK cells,0.89800763,NK cells,test
ATTTCTCTACTTTC-1,FCGR3A+ Monocytes,0.96803945,FCGR3A+ Monocytes,test
ATTTCTCTAGCAAA-1,CD4 T cells,0.9979056,CD4 T cells,train
ATTTCTCTCACTTT-1,FCGR3A+ Monocytes,0.63253355,FCGR3A+ Monocytes,test
ATTTCTCTTCCCAC-1,CD4 T cells,0.9999976,CD4 T cells,train
ATTTGCACAAGATG-1,CD14+ Monocytes,0.99993193,CD14+ Monocytes,test
CAAAGCACAGCTCA-1,CD4 T cells,0.99986196,CD4 T cells,train
CAAAGCACCGTAAC-1,B cells,0.9968533,B cells,train
CAAAGCACGGTAAA-1,NK cells,0.9807531,NK cells,train
CAAAGCTGAAAGTG-1,CD4 T cells,0.99911636,CD4 T cells,train
CAAAGCTGTTGCTT-1,CD14+ Monocytes,0.99942565,CD14+ Monocytes,train
CAAATATGTGACAC-1,CD4 T cells,0.99785244,CD4 T cells,test
CAAATTGAGGGCAA-1,CD8 T cells,0.95450556,CD4 T cells,train
CAAATTGATGGAGG-1,CD14+ Monocytes,0.99976593,CD14+ Monocytes,train
CAACCAGAAAAGTG-1,CD4 T cells,0.99986506,CD4 T cells,test
CAACCAGAAGTGCT-1,CD4 T cells,0.9999286,CD4 T cells,train
CAACCAGAGTTCAG-1,CD14+ Monocytes,0.99905854,CD14+ Monocytes,test
CAACCAGATAGAAG-1,CD14+ Monocytes,0.9994648,CD14+ Monocytes,test
CAACCGCTGTTCAG-1,CD4 T cells,0.99987006,CD4 T cells,train
CAACCGCTTTGAGC-1,CD4 T cells,0.9998311,CD4 T cells,train
CAACGATGCGCAAT-1,FCGR3A+ Monocytes,0.98763496,FCGR3A+ Monocytes,train
CAACGTGACTCCAC-1,CD14+ Monocytes,0.9868695,CD14+ Monocytes,test
CAACGTGAGCCATA-1,CD8 T cells,0.9995578,CD8 T cells,train
CAACGTGATCAAGC-1,CD14+ Monocytes,0.9783295,CD14+ Monocytes,test
CAAGAAGACCACAA-1,CD4 T cells,0.95869136,CD4 T cells,train
CAAGAAGACGTCTC-1,CD14+ Monocytes,0.98091805,CD14+ Monocytes,test
CAAGAAGATTCTAC-1,CD8 T cells,0.48945066,CD4 T cells,test
CAAGACTGACCTGA-1,B cells,0.9997501,B cells,test
CAAGACTGAGTAGA-1,B cells,0.9999378,B cells,train
CAAGCTGACCATAG-1,FCGR3A+ Monocytes,0.99531156,FCGR3A+ Monocytes,test
CAAGCTGATCTATC-1,CD8 T cells,0.9992137,CD8 T cells,train
CAAGGACTGTTCAG-1,CD4 T cells,0.9998752,CD4 T cells,train
CAAGGACTTCTTTG-1,CD8 T cells,0.9998264,CD8 T cells,train
CAAGGTTGCTCCAC-1,CD4 T cells,0.99910045,CD4 T cells,train
CAAGGTTGTCATTC-1,B cells,0.99985135,B cells,train
CAAGGTTGTCTGGA-1,NK cells,0.99988914,NK cells,train
CAAGTCGAAACAGA-1,B cells,0.9990386,B cells,train
CAAGTCGATAGCGT-1,CD14+ Monocytes,0.9999939,CD14+ Monocytes,train
CAATAAACGCCATA-1,CD14+ Monocytes,0.9999256,CD14+ Monocytes,train
CAATAATGAACTGC-1,CD14+ Monocytes,0.99997056,CD14+ Monocytes,train
CAATATGACATGGT-1,CD4 T cells,0.9987663,CD4 T cells,train
CAATATGACCTTCG-1,NK cells,0.9951728,NK cells,train
CAATATGACGTTAG-1,CD4 T cells,0.9999354,CD4 T cells,train
CAATATGAGGAGCA-1,CD4 T cells,0.99974173,CD4 T cells,train
CAATCGGAGAAACA-1,CD4 T cells,0.99989855,CD4 T cells,test
CAATCTACTGACTG-1,NK cells,0.98103034,NK cells,train
CAATTCACCCAACA-1,CD8 T cells,0.9993789,CD8 T cells,train
CAATTCACGATAGA-1,CD4 T cells,0.9998877,CD4 T cells,train
CAATTCACTTGTGG-1,CD4 T cells,0.9995635,CD4 T cells,train
CAATTCTGCTTGTT-1,CD14+ Monocytes,0.99867505,CD14+ Monocytes,train
CAATTCTGGCGTAT-1,CD14+ Monocytes,0.99832016,CD14+ Monocytes,train
CACAACGATACGAC-1,CD4 T cells,0.99964666,CD4 T cells,train
CACAATCTTGTTCT-1,CD4 T cells,0.99947196,CD4 T cells,train
CACAATCTTTCCAT-1,CD8 T cells,0.9992161,CD8 T cells,train
CACACCTGCTTGAG-1,CD4 T cells,0.99997413,CD4 T cells,train
CACACCTGTATGGC-1,CD4 T cells,0.9998889,CD4 T cells,train
CACAGAACCCTTGC-1,CD8 T cells,0.9824802,CD4 T cells,test
CACAGAACCTGATG-1,CD4 T cells,0.999874,CD4 T cells,train
CACAGATGGGATTC-1,CD4 T cells,0.76923084,CD4 T cells,test
CACAGATGGTTTCT-1,CD14+ Monocytes,0.99952006,CD14+ Monocytes,train
CACAGCCTGATACC-1,CD4 T cells,0.94202685,CD4 T cells,test
CACAGCCTTGCCAA-1,FCGR3A+ Monocytes,0.99310255,FCGR3A+ Monocytes,train
CACAGCCTTGTAGC-1,CD4 T cells,0.9998753,CD4 T cells,train
CACAGTGATGAAGA-1,CD14+ Monocytes,0.99957126,CD14+ Monocytes,train
CACATACTACAGCT-1,CD8 T cells,0.9985972,CD8 T cells,train
CACATGGAACACGT-1,CD4 T cells,0.9997205,CD4 T cells,train
CACATGGAAGTCGT-1,CD4 T cells,0.99973613,CD4 T cells,train
CACCACTGCCAACA-1,CD4 T cells,0.98783743,CD4 T cells,test
CACCACTGGCGAAG-1,NK cells,0.99745125,NK cells,test
CACCCATGTTCTGT-1,CD4 T cells,0.9933756,CD4 T cells,train
CACCGGGAATCGAC-1,CD4 T cells,0.9996126,CD4 T cells,train
CACCGGGACGAGAG-1,CD8 T cells,0.99629456,CD8 T cells,train
CACCGGGACGTGTA-1,CD4 T cells,0.9998115,CD4 T cells,test
CACCGGGACTTCTA-1,CD8 T cells,0.99996364,CD8 T cells,train
CACCGGGACTTGCC-1,CD8 T cells,0.99900466,CD8 T cells,train
CACCGGGATTCGGA-1,CD8 T cells,0.99965227,CD8 T cells,test
CACCGTACTAAGGA-1,B cells,0.99943143,B cells,train
CACCGTACTAGCGT-1,CD4 T cells,0.9999951,CD4 T cells,train
CACCTGACACCCAA-1,CD8 T cells,0.9996594,CD8 T cells,train
CACCTGACCAGAAA-1,CD8 T cells,0.99861014,CD8 T cells,train
CACCTGACCTCAAG-1,CD8 T cells,0.9996339,CD8 T cells,train
CACCTGACGAAAGT-1,B cells,0.99873406,B cells,train
CACCTGACTCGTAG-1,CD4 T cells,0.9985109,CD4 T cells,train
CACGAAACTTCCGC-1,B cells,0.9998977,B cells,train
CACGACCTCGATAC-1,B cells,0.99726534,B cells,test
CACGCTACAGAAGT-1,CD4 T cells,0.9994955,CD4 T cells,train
CACGCTACTGTTCT-1,B cells,0.9998759,B cells,train
CACGGGACAGAGTA-1,CD4 T cells,0.99999106,CD4 T cells,test
CACGGGACATAAGG-1,CD4 T cells,0.9999075,CD4 T cells,test
CACGGGACGTAGGG-1,CD4 T cells,0.99998796,CD4 T cells,train
CACGGGTGCTTCGC-1,CD8 T cells,0.99980754,CD8 T cells,train
CACGGGTGGAGGAC-1,CD8 T cells,0.99601585,CD8 T cells,train
CACGGGTGTGTTTC-1,CD4 T cells,0.9997676,CD4 T cells,test
CACTAACTCCTAAG-1,B cells,0.99325114,B cells,test
CACTAACTGAAAGT-1,CD4 T cells,0.9999757,CD4 T cells,test
CACTAGGATGATGC-1,B cells,0.99417335,B cells,test
CACTATACCCCGTT-1,B cells,0.99968505,B cells,train
CACTATACGTTTGG-1,CD8 T cells,0.9995553,CD8 T cells,train
CACTGAGACAGTCA-1,CD14+ Monocytes,0.9995846,CD14+ Monocytes,train
CACTGCACTTCATC-1,CD4 T cells,0.9996424,CD4 T cells,train
CACTGCTGAGACTC-1,FCGR3A+ Monocytes,0.99893314,FCGR3A+ Monocytes,train
CACTGCTGGAAAGT-1,CD4 T cells,0.999912,CD4 T cells,train
CACTTAACCGAATC-1,CD4 T cells,0.999964,CD4 T cells,train
CACTTAACCGTACA-1,B cells,0.9996693,B cells,test
CACTTTGACTCTAT-1,CD8 T cells,0.9609653,CD8 T cells,test
CACTTTGAGCTGTA-1,CD8 T cells,0.999295,CD8 T cells,train
CAGAAGCTCTCAAG-1,CD4 T cells,0.999811,CD4 T cells,train
CAGACATGAACGGG-1,CD4 T cells,0.99998915,CD4 T cells,train
CAGACATGTCGACA-1,CD4 T cells,0.9999821,CD4 T cells,test
CAGACCCTAAGGTA-1,FCGR3A+ Monocytes,0.99198896,FCGR3A+ Monocytes,train
CAGACCCTAATGCC-1,CD4 T cells,0.9997981,CD4 T cells,train
CAGACCCTAGGAGC-1,CD4 T cells,0.99996614,CD4 T cells,test
CAGACTGAGTATGC-1,CD4 T cells,0.9998559,CD4 T cells,test
CAGATCGAATGTCG-1,B cells,0.9998431,B cells,train
CAGATCGACCTGAA-1,CD4 T cells,0.9991247,CD4 T cells,train
CAGATCGATATGGC-1,CD4 T cells,0.999998,CD4 T cells,train
CAGATGACATTCTC-1,NK cells,0.9694873,NK cells,train
CAGCAATGCCTTCG-1,CD4 T cells,0.99962044,CD4 T cells,train
CAGCAATGGAGGGT-1,NK cells,0.99901426,NK cells,train
CAGCAATGGTGCTA-1,CD4 T cells,0.99998736,CD4 T cells,train
CAGCAATGTCTACT-1,CD14+ Monocytes,0.9999827,CD14+ Monocytes,train
CAGCAATGTGACCA-1,CD4 T cells,0.9998585,CD4 T cells,train
CAGCAATGTGAGGG-1,CD14+ Monocytes,0.9995097,CD14+ Monocytes,test
CAGCACCTAAGCCT-1,CD4 T cells,0.99964166,CD4 T cells,train
CAGCACCTAGGCGA-1,CD4 T cells,0.9999926,CD4 T cells,train
CAGCACCTGTAGGG-1,CD14+ Monocytes,0.99897575,CD14+ Monocytes,train
CAGCATGACAACCA-1,CD14+ Monocytes,0.99836046,CD14+ Monocytes,train
CAGCATGAGACGTT-1,CD8 T cells,0.7918759,CD8 T cells,test
CAGCCTACCCAACA-1,CD4 T cells,0.9995499,CD4 T cells,test
CAGCCTTGCTACCC-1,CD14+ Monocytes,0.99988985,CD14+ Monocytes,test
CAGCCTTGGGGACA-1,CD4 T cells,0.9999689,CD4 T cells,train
CAGCGGACACCCTC-1,CD4 T cells,0.9999434,CD4 T cells,train
CAGCGGACCTTTAC-1,NK cells,0.9955649,NK cells,train
CAGCGTCTAAAGCA-1,CD4 T cells,0.99923193,CD4 T cells,train
CAGCGTCTTATCGG-1,CD4 T cells,0.98365504,CD4 T cells,test
CAGCTAGATGTGAC-1,CD14+ Monocytes,0.99943656,CD14+ Monocytes,train
CAGCTCTGAGGCGA-1,CD4 T cells,0.99998546,CD4 T cells,test
CAGCTCTGCAAGCT-1,CD8 T cells,0.88180053,CD8 T cells,train
CAGCTCTGTCGTAG-1,CD14+ Monocytes,0.9998894,CD14+ Monocytes,test
CAGCTCTGTGTGGT-1,NK cells,0.99916923,NK cells,train
CAGGAACTAACTGC-1,CD8 T cells,0.99998724,CD8 T cells,train
CAGGAACTCTCAGA-1,CD14+ Monocytes,0.99555075,CD14+ Monocytes,test
CAGGCCGAACACCA-1,CD4 T cells,0.9999757,CD4 T cells,test
CAGGCCGAACACGT-1,CD4 T cells,0.99999,CD4 T cells,train
CAGGCCGAACGACT-1,CD4 T cells,0.9996809,CD4 T cells,train
CAGGCCGAATCTCT-1,CD14+ Monocytes,0.9937921,CD14+ Monocytes,train
CAGGCCGACTAGCA-1,B cells,0.9986462,B cells,test
CAGGGCACCATACG-1,B cells,0.999899,B cells,train
CAGGGCACCCAACA-1,CD4 T cells,0.9998258,CD4 T cells,train
CAGGGCACTCCCGT-1,CD4 T cells,0.9999995,CD4 T cells,test
CAGGTAACAGACTC-1,CD14+ Monocytes,0.99318415,CD14+ Monocytes,train
CAGGTATGAGTCGT-1,CD4 T cells,0.9997626,CD4 T cells,train
CAGGTATGTGCTTT-1,CD4 T cells,0.9991365,CD4 T cells,test
CAGGTTGAGGATCT-1,B cells,0.999858,B cells,test
CAGTGATGGACGGA-1,B cells,0.9990324,B cells,train
CAGTGATGGCTAAC-1,CD8 T cells,0.9986437,CD8 T cells,train
CAGTGATGGGACAG-1,CD4 T cells,0.9998946,CD4 T cells,train
CAGTGATGTAAGGA-1,B cells,0.9998988,B cells,train
CAGTGATGTACGCA-1,CD4 T cells,0.99499375,CD4 T cells,train
CAGTGTGATGTCAG-1,CD4 T cells,0.9998697,CD4 T cells,test
CAGTTACTAAGGTA-1,B cells,0.9994992,B cells,train
CAGTTACTGATAGA-1,CD4 T cells,0.9999318,CD4 T cells,train
CAGTTGGAAAGAGT-1,CD14+ Monocytes,0.9972953,CD14+ Monocytes,train
CAGTTGGACATACG-1,CD4 T cells,0.99994874,CD4 T cells,train
CAGTTTACACACGT-1,NK cells,0.9884062,NK cells,train
CAGTTTACCCCAAA-1,CD4 T cells,0.9996402,CD4 T cells,train
CATAAAACGGAGCA-1,CD14+ Monocytes,0.99880755,CD14+ Monocytes,test
CATAAATGAACTGC-1,CD4 T cells,0.9976846,CD4 T cells,test
CATAACCTTCTCCG-1,CD4 T cells,0.9998417,CD4 T cells,train
CATACTACCTCGAA-1,CD4 T cells,0.99993074,CD4 T cells,train
CATACTACCTGAAC-1,CD4 T cells,0.9999995,CD4 T cells,test
CATACTACGTACCA-1,CD14+ Monocytes,0.99978906,CD14+ Monocytes,train
CATACTTGGGTTAC-1,CD4 T cells,0.8783009,CD4 T cells,train
CATAGTCTAATCGC-1,CD4 T cells,0.9997825,CD4 T cells,test
CATAGTCTCACTTT-1,CD4 T cells,0.9996544,CD4 T cells,test
CATATAGACTAAGC-1,Dendritic cells,0.9915835,Dendritic cells,train
CATATAGATCAGGT-1,B cells,0.99966073,B cells,train
CATCAACTAGAAGT-1,CD4 T cells,0.99880207,CD4 T cells,test
CATCAACTCCCTCA-1,CD4 T cells,0.99998295,CD4 T cells,test
CATCAGGACTTCCG-1,NK cells,0.9966832,NK cells,train
CATCAGGATAGCCA-1,NK cells,0.95521015,NK cells,test
CATCAGGATCCTAT-1,FCGR3A+ Monocytes,0.999866,FCGR3A+ Monocytes,train
CATCAGGATGCACA-1,CD14+ Monocytes,0.99976677,CD14+ Monocytes,train
CATCAGGATTTCGT-1,CD14+ Monocytes,0.99981827,CD14+ Monocytes,train
CATCATACCGCATA-1,CD14+ Monocytes,0.9991936,CD14+ Monocytes,train
CATCATACGGAGCA-1,B cells,0.9997218,B cells,train
CATCATACTCAAGC-1,CD4 T cells,0.9998641,CD4 T cells,train
CATCGCTGGGATCT-1,CD4 T cells,0.99981874,CD4 T cells,train
CATCGCTGTGGCAT-1,B cells,0.9999291,B cells,test
CATCGGCTATGCTG-1,CD4 T cells,0.9996327,CD4 T cells,test
CATCGGCTTTGGCA-1,CD4 T cells,0.9974366,CD4 T cells,train
CATCTCCTATGTGC-1,B cells,0.9999008,B cells,test
CATCTCCTCGAACT-1,CD14+ Monocytes,0.80841494,CD14+ Monocytes,test
CATGAGACACGGGA-1,B cells,0.9996203,B cells,train
CATGAGACGTTGAC-1,NK cells,0.9990232,NK cells,train
CATGAGACTCGCCT-1,CD4 T cells,0.9999869,CD4 T cells,train
CATGCCACGGGTGA-1,CD4 T cells,0.9996214,CD4 T cells,train
CATGCCACTGCCAA-1,CD4 T cells,0.99983096,CD4 T cells,train
CATGCGCTAGTCAC-1,FCGR3A+ Monocytes,0.99948597,FCGR3A+ Monocytes,train
CATGCGCTCAGATC-1,CD14+ Monocytes,0.99993634,CD14+ Monocytes,train
CATGCGCTTTGCAG-1,FCGR3A+ Monocytes,0.9981178,FCGR3A+ Monocytes,train
CATGGCCTAGGGTG-1,CD14+ Monocytes,0.9997081,CD14+ Monocytes,train
CATGGCCTGTGCAT-1,CD4 T cells,0.99996865,CD4 T cells,test
CATGTACTATCGTG-1,CD8 T cells,0.9990971,CD8 T cells,test
CATGTTACAGTCGT-1,CD8 T cells,0.9975068,CD8 T cells,test
CATGTTACCTGAGT-1,CD4 T cells,0.9996166,CD4 T cells,train
CATGTTTGGGGATG-1,CD14+ Monocytes,0.9982206,CD14+ Monocytes,train
CATTACACACGGAG-1,B cells,0.9985008,B cells,test
CATTACACCAACTG-1,CD8 T cells,0.9640489,NK cells,test
CATTACACGGAGTG-1,CD4 T cells,0.99999857,CD4 T cells,train
CATTACACTACTCT-1,CD4 T cells,0.999977,CD4 T cells,train
CATTAGCTCCACAA-1,CD14+ Monocytes,0.9998165,CD14+ Monocytes,test
CATTGACTAGCGGA-1,CD14+ Monocytes,0.9999219,CD14+ Monocytes,test
CATTGGGACTCGAA-1,CD4 T cells,0.95613277,CD4 T cells,test
CATTGTACAGCGTT-1,CD4 T cells,0.99994934,CD4 T cells,train
CATTGTACTCGATG-1,B cells,0.99981517,B cells,test
CATTGTACTTATCC-1,CD4 T cells,0.99995744,CD4 T cells,train
CATTGTACTTTGCT-1,FCGR3A+ Monocytes,0.99605703,FCGR3A+ Monocytes,train
CATTGTTGCTAGTG-1,CD4 T cells,0.999951,CD4 T cells,train
CATTTCGACTCTAT-1,CD8 T cells,0.99976605,CD8 T cells,train
CATTTCGAGATACC-1,NK cells,0.7590304,NK cells,train
CATTTGACCACACA-1,CD8 T cells,0.99817896,CD8 T cells,train
CATTTGACCCTGAA-1,CD8 T cells,0.9875951,CD8 T cells,test
CATTTGTGACGACT-1,B cells,0.99712,B cells,train
CATTTGTGCATTGG-1,CD4 T cells,0.9999733,CD4 T cells,train
CATTTGTGCGGAGA-1,CD4 T cells,0.9998275,CD4 T cells,train
CATTTGTGGGATCT-1,B cells,0.9979498,B cells,train
CCAAAGTGCTACGA-1,CD14+ Monocytes,0.9995408,CD14+ Monocytes,train
CCAAAGTGTGAGAA-1,CD14+ Monocytes,0.99987924,CD14+ Monocytes,train
CCAACCTGAAGTAG-1,CD8 T cells,0.9999341,CD8 T cells,test
CCAACCTGACGTAC-1,CD14+ Monocytes,0.99996674,CD14+ Monocytes,train
CCAACCTGTTCGCC-1,CD14+ Monocytes,0.9883837,CD14+ Monocytes,train
CCAAGAACCCAATG-1,CD4 T cells,0.9959726,CD4 T cells,train
CCAAGAACGTAGCT-1,CD4 T cells,0.9999759,CD4 T cells,test
CCAAGAACGTGTCA-1,CD4 T cells,0.9997116,CD4 T cells,train
CCAAGAACTACTGG-1,CD8 T cells,0.9998561,CD8 T cells,train
CCAAGAACTCCTAT-1,B cells,0.9986656,B cells,train
CCAAGATGTCATTC-1,CD4 T cells,0.99993944,CD4 T cells,test
CCAAGATGTTTCAC-1,CD4 T cells,0.9999753,CD4 T cells,train
CCAAGTGAGGAACG-1,CD4 T cells,0.9996798,CD4 T cells,test
CCAAGTGATCAAGC-1,CD4 T cells,0.99994516,CD4 T cells,train
CCAATTTGAACGTC-1,CD14+ Monocytes,0.9999906,CD14+ Monocytes,train
CCACCATGAACGTC-1,CD4 T cells,0.9999367,CD4 T cells,train
CCACCATGATCGGT-1,CD4 T cells,0.9999509,CD4 T cells,train
CCACCATGGACGAG-1,FCGR3A+ Monocytes,0.99651307,FCGR3A+ Monocytes,train
CCACCATGGGGAGT-1,CD4 T cells,0.9999727,CD4 T cells,test
CCACCATGTCCTGC-1,CD8 T cells,0.9995345,CD8 T cells,test
CCACTGACCCGCTT-1,CD14+ Monocytes,0.99998724,CD14+ Monocytes,train
CCACTGTGGGAAGC-1,CD14+ Monocytes,0.9997203,CD14+ Monocytes,train
CCACTGTGTGTAGC-1,CD4 T cells,0.99960095,CD4 T cells,train
CCACTTCTCGGGAA-1,CD14+ Monocytes,0.9994734,CD14+ Monocytes,train
CCAGAAACCCTGTC-1,B cells,0.99979466,B cells,train
CCAGAAACGAACTC-1,CD4 T cells,0.999984,CD4 T cells,test
CCAGAAACGGTCTA-1,CD4 T cells,0.99998343,CD4 T cells,test
CCAGACCTCTGAGT-1,CD14+ Monocytes,0.99866784,CD14+ Monocytes,train
CCAGACCTTGTGGT-1,CD4 T cells,0.9996356,CD4 T cells,test
CCAGCACTGCGATT-1,FCGR3A+ Monocytes,0.9950671,FCGR3A+ Monocytes,train
CCAGCGGAAAGGCG-1,CD14+ Monocytes,0.9998926,CD14+ Monocytes,train
CCAGCGGACGACTA-1,CD14+ Monocytes,0.99992895,CD14+ Monocytes,train
CCAGCGGATGGGAG-1,CD4 T cells,0.9999987,CD4 T cells,test
CCAGCTACACAGTC-1,CD4 T cells,0.9998821,CD4 T cells,test
CCAGCTACCAGCTA-1,B cells,0.9999019,B cells,train
CCAGGTCTACACCA-1,B cells,0.9994894,B cells,train
CCAGGTCTAGCATC-1,CD14+ Monocytes,0.99993443,CD14+ Monocytes,train
CCAGGTCTATGGTC-1,CD4 T cells,0.9981583,CD4 T cells,train
CCAGTCACACTGGT-1,CD14+ Monocytes,0.99999547,CD14+ Monocytes,train
CCAGTCACACTGTG-1,B cells,0.9973678,B cells,test
CCAGTCACGTTGTG-1,CD4 T cells,0.99976283,CD4 T cells,train
CCAGTGCTAACCAC-1,CD4 T cells,0.99959105,CD4 T cells,train
CCAGTGCTCGTAGT-1,CD4 T cells,0.9849783,CD4 T cells,test
CCATCCGAAAGCAA-1,CD4 T cells,0.9979488,CD4 T cells,train
CCATCCGAACGACT-1,CD8 T cells,0.9977768,CD8 T cells,train
CCATCCGAAGGTTC-1,B cells,0.9997873,B cells,train
CCATCCGATTCGCC-1,CD14+ Monocytes,0.9998357,CD14+ Monocytes,test
CCATCGTGAACGGG-1,CD4 T cells,0.9991021,CD4 T cells,train
CCATCGTGCTAGAC-1,FCGR3A+ Monocytes,0.9466848,FCGR3A+ Monocytes,train
CCCAACACCTCGCT-1,B cells,0.99646205,B cells,train
CCCAACACGCATCA-1,CD4 T cells,0.9997055,CD4 T cells,train
CCCAACACTTTGTC-1,CD14+ Monocytes,0.99857616,CD14+ Monocytes,train
CCCAACTGCAATCG-1,CD14+ Monocytes,0.9997037,CD14+ Monocytes,train
CCCAGACTGCCTTC-1,CD14+ Monocytes,0.99864656,CD14+ Monocytes,test
CCCAGACTGGTTTG-1,B cells,0.99848074,B cells,train
CCCAGACTTTCGCC-1,FCGR3A+ Monocytes,0.9987122,FCGR3A+ Monocytes,train
CCCAGTTGCAGTTG-1,CD14+ Monocytes,0.99366415,CD14+ Monocytes,test
CCCAGTTGGGTACT-1,CD4 T cells,0.9756697,CD4 T cells,train
CCCAGTTGTCTATC-1,B cells,0.9995983,B cells,train
CCCGATTGTGTTTC-1,CD8 T cells,0.99977916,CD8 T cells,train
CCCGGAGAAGGGTG-1,CD14+ Monocytes,0.9997172,CD14+ Monocytes,train
CCCTACGAATTGGC-1,CD14+ Monocytes,0.999764,CD14+ Monocytes,train
CCCTAGTGCAAAGA-1,CD4 T cells,0.99928015,CD4 T cells,train
CCCTCAGACACTTT-1,B cells,0.99959093,B cells,test
CCCTCAGACGAGAG-1,CD4 T cells,0.99998796,CD4 T cells,train
CCCTCAGAGGTCAT-1,CD4 T cells,0.99999523,CD4 T cells,train
CCCTGAACTAAAGG-1,B cells,0.99984205,B cells,train
CCCTGATGCAACCA-1,CD4 T cells,0.9999423,CD4 T cells,test
CCCTGATGCAAGCT-1,B cells,0.99984133,B cells,train
CCCTTACTAACCAC-1,CD14+ Monocytes,0.99937797,CD14+ Monocytes,train
CCCTTACTGCAGTT-1,CD4 T cells,0.909,CD4 T cells,test
CCGAAAACCTTGTT-1,CD14+ Monocytes,0.9970607,CD14+ Monocytes,train
CCGACACTGGTTTG-1,CD4 T cells,0.99991596,CD4 T cells,train
CCGACTACCCAGTA-1,CD14+ Monocytes,0.9998957,CD14+ Monocytes,train
CCGACTACCGTGTA-1,CD4 T cells,0.99987984,CD4 T cells,test
CCGACTACTGAGGG-1,CD8 T cells,0.99888474,CD8 T cells,train
CCGATAGACCTAAG-1,CD4 T cells,0.99997365,CD4 T cells,train
CCGATAGAGTTGGT-1,CD14+ Monocytes,0.9988105,CD14+ Monocytes,train
CCGCGAGACACACA-1,CD14+ Monocytes,0.99979573,CD14+ Monocytes,train
CCGCGAGAGGTTCA-1,CD8 T cells,0.9987179,CD8 T cells,train
CCGCTATGGGACGA-1,B cells,0.9997677,B cells,train
CCGCTATGTGCAAC-1,CD14+ Monocytes,0.9988605,CD14+ Monocytes,train
CCGCTATGTGCACA-1,CD14+ Monocytes,0.999941,CD14+ Monocytes,test
CCGGTACTGTCCTC-1,CD4 T cells,0.9948513,CD4 T cells,train
CCGTACACAAGCAA-1,CD4 T cells,0.999961,CD4 T cells,test
CCGTACACAGCGTT-1,B cells,0.9980565,B cells,test
CCGTACACGTCATG-1,CD8 T cells,0.9986798,CD8 T cells,train
CCGTACACGTTGGT-1,CD14+ Monocytes,0.9996662,CD14+ Monocytes,train
CCGTACACTAACGC-1,CD8 T cells,0.9996681,CD8 T cells,train
CCTAAACTTTCGTT-1,CD4 T cells,0.9999962,CD4 T cells,test
CCTAAGGACCCAAA-1,CD4 T cells,0.9999982,CD4 T cells,test
CCTAAGGACTAGCA-1,CD14+ Monocytes,0.99874324,CD14+ Monocytes,test
CCTAAGGAGGGCAA-1,CD8 T cells,0.99466926,CD8 T cells,test
CCTAAGGATGATGC-1,CD4 T cells,0.9998474,CD4 T cells,test
CCTAAGGATGTCAG-1,CD4 T cells,0.9999547,CD4 T cells,train
CCTACCGACTCTTA-1,CD4 T cells,0.9928388,CD4 T cells,test
CCTACCGAGGGATG-1,B cells,0.98544955,B cells,test
CCTAGAGAGGTGAG-1,B cells,0.99997926,B cells,test
CCTATAACCAAAGA-1,CD4 T cells,0.9999373,CD4 T cells,train
CCTATAACGAGACG-1,FCGR3A+ Monocytes,0.99222285,FCGR3A+ Monocytes,train
CCTATAACTCAGAC-1,CD4 T cells,0.99989355,CD4 T cells,test
CCTATAACTGCATG-1,FCGR3A+ Monocytes,0.99531543,FCGR3A+ Monocytes,train
CCTCGAACACTTTC-1,NK cells,0.9993381,NK cells,train
CCTCGAACCCGTAA-1,CD14+ Monocytes,0.9986589,CD14+ Monocytes,train
CCTCGAACGTATCG-1,CD4 T cells,0.9981951,CD4 T cells,test
CCTCGAACTTACTC-1,CD4 T cells,0.9961571,CD4 T cells,train
CCTCTACTCTTCGC-1,CD14+ Monocytes,0.99877185,CD14+ Monocytes,train
CCTCTACTGGCATT-1,CD4 T cells,0.9992499,CD4 T cells,train
CCTGACTGAAGTAG-1,CD8 T cells,0.99594146,CD8 T cells,test
CCTGACTGGGGAGT-1,CD4 T cells,0.99995506,CD4 T cells,train
CCTGACTGTGTCTT-1,B cells,0.99934214,B cells,train
CCTGCAACACGTTG-1,CD14+ Monocytes,0.9990127,CD14+ Monocytes,train
CCTGGACTCGTGAT-1,CD4 T cells,0.996869,CD4 T cells,train
CCTTAATGCCCAAA-1,B cells,0.99909747,B cells,test
CCTTAATGTTCTAC-1,FCGR3A+ Monocytes,0.99051523,FCGR3A+ Monocytes,train
CCTTCACTACGACT-1,CD4 T cells,0.9999653,CD4 T cells,train
CCTTCACTCAGTCA-1,B cells,0.9975122,B cells,train
CCTTCACTGGAGTG-1,CD14+ Monocytes,0.9999542,CD14+ Monocytes,test
CCTTTAGATTCATC-1,CD14+ Monocytes,0.9996866,CD14+ Monocytes,train
CGAACATGCCCTAC-1,CD14+ Monocytes,0.9955859,CD14+ Monocytes,train
CGAACATGTCAGAC-1,CD4 T cells,0.9988164,CD4 T cells,train
CGAAGACTGGAACG-1,CD8 T cells,0.99995947,CD8 T cells,train
CGAAGACTGTTACG-1,CD4 T cells,0.9999701,CD4 T cells,test
CGAAGGGAAACCTG-1,CD8 T cells,0.99989617,CD8 T cells,test
CGAAGGGATCCGAA-1,B cells,0.9986419,B cells,train
CGAAGTACCAACTG-1,B cells,0.99869674,B cells,train
CGAATCGAGGAGCA-1,CD14+ Monocytes,0.99811304,CD14+ Monocytes,train
CGAATCGAGGAGGT-1,CD4 T cells,0.99995995,CD4 T cells,train
CGACAAACCCATAG-1,CD4 T cells,0.98038745,CD4 T cells,test
CGACAAACCGACAT-1,B cells,0.99984586,B cells,train
CGACCACTAAAGTG-1,NK cells,0.9960693,NK cells,test
CGACCACTGCCAAT-1,NK cells,0.9978157,NK cells,train
CGACCGGAAGGTCT-1,CD4 T cells,0.9999794,CD4 T cells,train
CGACCGGATGGAAA-1,CD4 T cells,0.9998635,CD4 T cells,train
CGACCTTGCTAGTG-1,CD4 T cells,0.999521,CD4 T cells,train
CGACGTCTATCGTG-1,CD8 T cells,0.9653606,CD4 T cells,test
CGACGTCTCGTGTA-1,CD4 T cells,0.9989926,CD4 T cells,train
CGACGTCTGAGGCA-1,CD4 T cells,0.9957288,CD4 T cells,test
CGACTCACGTCGTA-1,CD4 T cells,0.9999691,CD4 T cells,test
CGACTCACGTTGCA-1,CD4 T cells,0.99857664,CD4 T cells,train
CGACTCTGTGTGAC-1,CD4 T cells,0.99944,CD4 T cells,test
CGACTGCTTCCTCG-1,CD14+ Monocytes,0.99969006,CD14+ Monocytes,train
CGAGAACTAAGGCG-1,CD8 T cells,0.99978966,CD8 T cells,train
CGAGAACTACGTTG-1,CD4 T cells,0.9999945,CD4 T cells,train
CGAGAACTTGTTCT-1,CD14+ Monocytes,0.9999876,CD14+ Monocytes,train
CGAGATTGGACACT-1,CD8 T cells,0.99927324,CD8 T cells,train
CGAGATTGGCCATA-1,CD8 T cells,0.9961898,CD8 T cells,test
CGAGCCGAACACCA-1,CD4 T cells,0.9992822,CD4 T cells,train
CGAGCCGAGGCGAA-1,CD4 T cells,0.987445,CD4 T cells,train
CGAGCGTGCTCCAC-1,CD4 T cells,0.9992804,CD4 T cells,train
CGAGCGTGGATACC-1,CD4 T cells,0.9998754,CD4 T cells,test
CGAGCGTGTATGCG-1,CD14+ Monocytes,0.9999925,CD14+ Monocytes,train
CGAGGAGACCTCCA-1,B cells,0.9997476,B cells,train
CGAGGAGATGTCGA-1,CD4 T cells,0.99988127,CD4 T cells,train
CGAGGCACCTATGG-1,CD8 T cells,0.9995931,CD8 T cells,train
CGAGGCACTATGCG-1,CD14+ Monocytes,0.9998553,CD14+ Monocytes,test
CGAGGCACTCTTCA-1,CD4 T cells,0.99907696,CD4 T cells,train
CGAGGCTGACGCTA-1,NK cells,0.99985385,NK cells,train
CGAGGCTGGCAGTT-1,CD14+ Monocytes,0.9999597,CD14+ Monocytes,test
CGAGGGCTACGACT-1,B cells,0.99977213,B cells,train
CGAGGGCTCGAATC-1,CD4 T cells,0.99854624,CD4 T cells,train
CGAGTATGTCACCC-1,FCGR3A+ Monocytes,0.9914385,FCGR3A+ Monocytes,train
CGATACGAACAGTC-1,CD14+ Monocytes,0.9998153,CD14+ Monocytes,train
CGATACGACAGGAG-1,CD8 T cells,0.9812532,CD4 T cells,test
CGATACGATTCACT-1,B cells,0.99988997,B cells,train
CGATAGACCCGTAA-1,CD14+ Monocytes,0.9996755,CD14+ Monocytes,train
CGATAGACCGTACA-1,CD4 T cells,0.9995772,CD4 T cells,test
CGATAGACGTAGGG-1,CD14+ Monocytes,0.9999243,CD14+ Monocytes,train
CGATAGACTGTTCT-1,CD4 T cells,0.99984694,CD4 T cells,train
CGATCAGAAGAACA-1,CD8 T cells,0.994732,CD8 T cells,test
CGATCAGAGAGGGT-1,CD4 T cells,0.9999131,CD4 T cells,test
CGATCAGAGGTACT-1,CD4 T cells,0.99980193,CD4 T cells,test
CGATCAGATGTGAC-1,Dendritic cells,0.9997284,Dendritic cells,train
CGATCCACCGGGAA-1,CD8 T cells,0.9998604,CD8 T cells,test
CGATCCACTTCCAT-1,B cells,0.99810433,B cells,train
CGCAAATGCTCGAA-1,CD4 T cells,0.99918634,CD4 T cells,test
CGCAACCTCCTTGC-1,CD4 T cells,0.94254136,CD4 T cells,test
CGCAACCTGGACGA-1,CD4 T cells,0.9999181,CD4 T cells,train
CGCACGGAGGACGA-1,B cells,0.9999355,B cells,train
CGCACGGATCTTTG-1,CD4 T cells,0.9999509,CD4 T cells,train
CGCACTACAGAATG-1,CD4 T cells,0.9977938,CD4 T cells,train
CGCACTACAGCCAT-1,CD4 T cells,0.9998252,CD4 T cells,test
CGCACTACATTGGC-1,CD4 T cells,0.9996032,CD4 T cells,train
CGCACTACTCGCCT-1,B cells,0.99986327,B cells,train
CGCACTACTCGTGA-1,CD4 T cells,0.9950401,CD4 T cells,train
CGCACTTGTCACGA-1,CD14+ Monocytes,0.99892575,CD14+ Monocytes,test
CGCAGGACAGATCC-1,CD8 T cells,0.9998111,CD8 T cells,test
CGCAGGACCTACTT-1,CD4 T cells,0.99977046,CD4 T cells,train
CGCAGGACTTGTCT-1,FCGR3A+ Monocytes,0.9931131,FCGR3A+ Monocytes,train
CGCAGGTGCACTGA-1,CD4 T cells,0.99960846,CD4 T cells,train
CGCAGGTGCCATAG-1,FCGR3A+ Monocytes,0.9981402,FCGR3A+ Monocytes,train
CGCAGGTGGGAACG-1,CD4 T cells,0.9967145,CD4 T cells,train
CGCATAGATCACGA-1,CD14+ Monocytes,0.99944204,CD14+ Monocytes,train
CGCCATACTGCAAC-1,CD4 T cells,0.9999461,CD4 T cells,train
CGCCATTGAGAGGC-1,CD4 T cells,0.9994011,CD4 T cells,train
CGCCATTGCTATGG-1,CD4 T cells,0.9998845,CD4 T cells,train
CGCCATTGGAGACG-1,CD4 T cells,0.9999759,CD4 T cells,test
CGCCATTGGAGCAG-1,B cells,0.99915683,B cells,train
CGCCATTGTACTGG-1,B cells,0.9992761,B cells,test
CGCCGAGAGCTTAG-1,NK cells,0.9965025,NK cells,train
CGCCTAACGAATGA-1,CD14+ Monocytes,0.9653036,Dendritic cells,test
CGCCTAACTGCTCC-1,CD4 T cells,0.9990639,CD4 T cells,train
CGCGAGACACAGCT-1,CD4 T cells,0.99562633,CD4 T cells,train
CGCGAGACAGGTCT-1,B cells,0.99834466,B cells,train
CGCGAGACGCTACA-1,CD4 T cells,0.9985996,CD4 T cells,train
CGCGATCTCAGTCA-1,CD14+ Monocytes,0.9989963,CD14+ Monocytes,train
CGCGATCTGTTGAC-1,CD14+ Monocytes,0.9999027,CD14+ Monocytes,train
CGCGATCTTTCTTG-1,B cells,0.9987452,B cells,test
CGCGGATGGCCAAT-1,CD4 T cells,0.99986863,CD4 T cells,train
CGCTAAGAATGTCG-1,CD4 T cells,0.99999774,CD4 T cells,test
CGCTAAGACAACTG-1,CD4 T cells,0.9965676,CD4 T cells,train
CGCTAAGACCCTTG-1,CD4 T cells,0.9997203,CD4 T cells,train
CGCTACTGAACAGA-1,CD14+ Monocytes,0.9900821,CD14+ Monocytes,train
CGCTACTGAGAACA-1,CD4 T cells,0.99867487,CD4 T cells,test
CGCTACTGTGAGCT-1,CD4 T cells,0.9998348,CD4 T cells,train
CGCTACTGTTCCCG-1,CD8 T cells,0.99698985,CD8 T cells,test
CGCTCATGCATTTC-1,CD14+ Monocytes,0.9999318,CD14+ Monocytes,train
CGGAATTGGTTTGG-1,CD4 T cells,0.9935175,CD4 T cells,test
CGGAATTGTGGAGG-1,CD4 T cells,0.9955149,CD4 T cells,train
CGGACCGATGCGTA-1,CD8 T cells,0.99947876,CD8 T cells,train
CGGACCGATGGGAG-1,CD4 T cells,0.9995932,CD4 T cells,train
CGGACTCTAAACAG-1,B cells,0.99982184,B cells,train
CGGACTCTCCAATG-1,CD4 T cells,0.99932456,CD4 T cells,train
CGGACTCTCCTCGT-1,CD8 T cells,0.9996592,CD8 T cells,train
CGGAGGCTATTCCT-1,CD4 T cells,0.9997894,CD4 T cells,train
CGGAGGCTTGGATC-1,CD4 T cells,0.9998017,CD4 T cells,train
CGGATAACAACGAA-1,CD14+ Monocytes,0.99932826,CD14+ Monocytes,test
CGGATAACAGCTCA-1,CD4 T cells,0.9995427,CD4 T cells,train
CGGATAACTCAGTG-1,CD14+ Monocytes,0.99990094,CD14+ Monocytes,train
CGGCACGAACTCAG-1,CD8 T cells,0.9993888,CD8 T cells,train
CGGCACGAAGGGTG-1,CD4 T cells,0.9994436,CD4 T cells,test
CGGCACGACTACGA-1,FCGR3A+ Monocytes,0.99841964,FCGR3A+ Monocytes,test
CGGCATCTTAGAAG-1,CD4 T cells,0.975706,CD8 T cells,test
CGGCATCTTCGTAG-1,CD14+ Monocytes,0.9999281,CD14+ Monocytes,train
CGGCCAGAAAGGTA-1,CD4 T cells,0.9981275,CD4 T cells,test
CGGCCAGAGAGGCA-1,CD8 T cells,0.99651176,CD8 T cells,train
CGGCGAACCAGTCA-1,CD14+ Monocytes,0.9967122,CD14+ Monocytes,train
CGGCGAACGACAAA-1,NK cells,0.96912193,NK cells,train
CGGCGAACGGTCTA-1,CD4 T cells,0.9960789,CD4 T cells,train
CGGCGAACTACTTC-1,NK cells,0.9997855,NK cells,train
CGGGACTGCGTGTA-1,CD4 T cells,0.99877805,CD4 T cells,train
CGGGACTGGAATAG-1,CD8 T cells,0.9996031,CD8 T cells,test
CGGGCATGACCCAA-1,Megakaryocytes,0.90688455,Megakaryocytes,train
CGGGCATGTCTCTA-1,NK cells,0.9921151,NK cells,train
CGGGCATGTTGTGG-1,CD4 T cells,0.9998926,CD4 T cells,train
CGGTAAACTCGCAA-1,CD8 T cells,0.9975383,CD8 T cells,train
CGGTCACTGTTTGG-1,CD4 T cells,0.9999938,CD4 T cells,test
CGGTCACTTACTTC-1,CD4 T cells,0.99844116,CD4 T cells,train
CGTAACGATCGCCT-1,CD4 T cells,0.99997044,CD4 T cells,train
CGTACCACACACAC-1,CD4 T cells,0.999683,CD4 T cells,train
CGTACCACACGTTG-1,CD4 T cells,0.9999931,CD4 T cells,train
CGTACCACCTCATT-1,CD4 T cells,0.9998301,CD4 T cells,test
CGTACCACGGAGCA-1,CD4 T cells,0.99990296,CD4 T cells,train
CGTACCTGGCATCA-1,NK cells,0.9992269,NK cells,train
CGTAGCCTCTCTCG-1,CD14+ Monocytes,0.9987936,CD14+ Monocytes,test
CGTAGCCTGCGAAG-1,CD4 T cells,0.99970955,CD4 T cells,train
CGTAGCCTGTATGC-1,FCGR3A+ Monocytes,0.98704904,FCGR3A+ Monocytes,train
CGTCAAGAAAGGTA-1,CD14+ Monocytes,0.99984396,CD14+ Monocytes,test
CGTCAAGAACGTGT-1,CD4 T cells,0.99999905,CD4 T cells,train
CGTCAAGACAGAGG-1,CD4 T cells,0.99659497,CD4 T cells,train
CGTCAAGACAGGAG-1,CD8 T cells,0.99999654,CD8 T cells,train
CGTCCATGCTCTTA-1,CD4 T cells,0.998221,CD4 T cells,train
CGTCGACTTTCCGC-1,CD8 T cells,0.999951,CD8 T cells,train
CGTGATGACGCTAA-1,CD4 T cells,0.9995005,CD4 T cells,train
CGTGATGAGGTTCA-1,CD4 T cells,0.9957278,CD4 T cells,train
CGTGCACTTATGGC-1,CD14+ Monocytes,0.93111324,CD14+ Monocytes,test
CGTGTAGAAAAACG-1,CD4 T cells,0.9986039,CD4 T cells,train
CGTGTAGACGATAC-1,CD8 T cells,0.7084835,CD8 T cells,test
CGTGTAGAGTTACG-1,NK cells,0.9956599,NK cells,train
CGTGTAGAGTTCAG-1,CD14+ Monocytes,0.9995926,CD14+ Monocytes,test
CGTGTAGATTCGGA-1,NK cells,0.91614133,NK cells,test
CGTTAGGAAACCAC-1,CD4 T cells,0.9999857,CD4 T cells,train
CGTTAGGATCATTC-1,CD14+ Monocytes,0.9994541,CD14+ Monocytes,test
CGTTATACCCTGAA-1,CD8 T cells,0.9999696,CD8 T cells,test
CGTTTAACTGGTCA-1,CD4 T cells,0.9999269,CD4 T cells,test
CTAAACCTCTGACA-1,NK cells,0.9970893,NK cells,test
CTAAACCTGTGCAT-1,B cells,0.9997756,B cells,train
CTAACACTAACGTC-1,CD4 T cells,0.9993926,CD4 T cells,train
CTAACACTAGTGCT-1,CD14+ Monocytes,0.99993825,CD14+ Monocytes,test
CTAACGGAACCGAT-1,NK cells,0.98910964,NK cells,train
CTAACGGATTTCTG-1,CD4 T cells,0.9999701,CD4 T cells,train
CTAACTACGGCAAG-1,CD8 T cells,0.9991371,CD8 T cells,train
CTAAGGACACCATG-1,CD4 T cells,0.9985594,CD4 T cells,train
CTAAGGACCGTTAG-1,CD4 T cells,0.9969025,CD4 T cells,train
CTAAGGACGCCATA-1,CD14+ Monocytes,0.999943,CD14+ Monocytes,train
CTAAGGTGCCTAAG-1,B cells,0.9998259,B cells,train
CTAAGGTGTTGCAG-1,CD4 T cells,0.9993901,CD4 T cells,train
CTAAGGTGTTTCTG-1,CD4 T cells,0.999931,CD4 T cells,test
CTAATAGAGCTATG-1,CD4 T cells,0.9995018,CD4 T cells,train
CTAATGCTTGTGGT-1,CD14+ Monocytes,0.99990344,CD14+ Monocytes,train
CTACAACTCCCGTT-1,CD8 T cells,0.9420369,CD8 T cells,test
CTACCTCTCAACCA-1,CD8 T cells,0.9755393,CD8 T cells,test
CTACGCACACCTAG-1,FCGR3A+ Monocytes,0.9943768,FCGR3A+ Monocytes,train
CTACGCACTCTCCG-1,CD4 T cells,0.9998964,CD4 T cells,train
CTACGCACTGGTCA-1,NK cells,0.98940593,NK cells,train
CTACGGCTTTCTTG-1,CD14+ Monocytes,0.9915332,CD14+ Monocytes,train
CTACTATGAACCAC-1,CD14+ Monocytes,0.9994886,CD14+ Monocytes,train
CTACTATGATGTGC-1,CD14+ Monocytes,0.99964666,CD14+ Monocytes,train
CTACTATGCTAAGC-1,CD8 T cells,0.99950075,CD8 T cells,train
CTACTATGTAAAGG-1,B cells,0.99957114,B cells,test
CTACTCCTATGTCG-1,NK cells,0.9846742,NK cells,test
CTACTCCTGCCATA-1,CD14+ Monocytes,0.9997285,CD14+ Monocytes,train
CTAGAGACACTTTC-1,CD4 T cells,0.9950841,CD4 T cells,test
CTAGAGACAGCATC-1,CD8 T cells,0.999744,CD8 T cells,train
CTAGAGACTTTGGG-1,FCGR3A+ Monocytes,0.9319738,FCGR3A+ Monocytes,train
CTAGATCTCTCTAT-1,CD4 T cells,0.99990904,CD4 T cells,train
CTAGATCTTCGACA-1,CD4 T cells,0.9995745,CD4 T cells,test
CTAGGATGAGCCTA-1,B cells,0.9946273,B cells,train
CTAGGATGATCGTG-1,B cells,0.9966042,B cells,train
CTAGGCCTCTCAGA-1,CD4 T cells,0.9996126,CD4 T cells,train
CTAGGTGATGGTTG-1,FCGR3A+ Monocytes,0.9882067,FCGR3A+ Monocytes,train
CTAGTTACCAGAGG-1,CD4 T cells,0.9999974,CD4 T cells,train
CTAGTTACCGCATA-1,CD4 T cells,0.99999666,CD4 T cells,train
CTAGTTACGAAACA-1,NK cells,0.9916073,NK cells,test
CTATAAGATCGTTT-1,B cells,0.9980368,B cells,test
CTATACTGAGGTTC-1,CD14+ Monocytes,0.99967504,CD14+ Monocytes,train
CTATACTGCCAGTA-1,CD4 T cells,0.9997912,CD4 T cells,train
CTATACTGCGCTAA-1,CD14+ Monocytes,0.99995697,CD14+ Monocytes,train
CTATACTGCTACGA-1,NK cells,0.999073,NK cells,test
CTATACTGTCTCAT-1,NK cells,0.98663086,NK cells,test
CTATACTGTTCGTT-1,CD4 T cells,0.9948304,CD4 T cells,train
CTATAGCTGTCACA-1,CD4 T cells,0.9963503,CD4 T cells,train
CTATAGCTTCGCTC-1,CD14+ Monocytes,0.99985373,CD14+ Monocytes,test
CTATAGCTTGCCTC-1,CD14+ Monocytes,0.99907184,CD14+ Monocytes,train
CTATCAACGAACTC-1,CD4 T cells,0.9999882,CD4 T cells,train
CTATCAACGCAGAG-1,CD4 T cells,0.9999341,CD4 T cells,train
CTATCAACTTTGGG-1,CD4 T cells,0.9997366,CD4 T cells,train
CTATCCCTCCACCT-1,CD14+ Monocytes,0.99993205,CD14+ Monocytes,train
CTATGTACGAGAGC-1,CD4 T cells,0.99998045,CD4 T cells,train
CTATGTACGCTTAG-1,CD4 T cells,0.9999802,CD4 T cells,train
CTATGTACTGTTTC-1,B cells,0.9741901,B cells,train
CTATGTTGAAAGCA-1,CD4 T cells,0.9944037,CD4 T cells,test
CTATGTTGTCCTCG-1,CD4 T cells,0.99912554,CD4 T cells,train
CTATGTTGTCTCGC-1,CD4 T cells,0.9999174,CD4 T cells,test
CTATTGACAAACGA-1,CD14+ Monocytes,0.99996185,CD14+ Monocytes,train
CTATTGACACTGGT-1,CD14+ Monocytes,0.99746156,CD14+ Monocytes,train
CTATTGACGGTGAG-1,FCGR3A+ Monocytes,0.9895126,FCGR3A+ Monocytes,train
CTATTGTGGCAAGG-1,CD4 T cells,0.61094314,CD4 T cells,test
CTCAATTGGTTCAG-1,CD4 T cells,0.9989254,CD4 T cells,train
CTCAATTGGTTGCA-1,CD14+ Monocytes,0.99981076,CD14+ Monocytes,train
CTCAGAGATAGAAG-1,CD4 T cells,0.9999784,CD4 T cells,train
CTCAGCACTCTAGG-1,CD4 T cells,0.9962592,CD4 T cells,test
CTCAGCACTGAACC-1,CD14+ Monocytes,0.99973375,CD14+ Monocytes,train
CTCAGCACTTGCAG-1,CD4 T cells,0.99444526,CD4 T cells,test
CTCAGCTGAACCTG-1,CD14+ Monocytes,0.99933654,CD14+ Monocytes,train
CTCAGCTGCAGTTG-1,CD4 T cells,0.99917334,CD4 T cells,train
CTCAGGCTCGTTGA-1,FCGR3A+ Monocytes,0.9821898,FCGR3A+ Monocytes,test
CTCAGGCTGCTAAC-1,CD4 T cells,0.9989365,CD4 T cells,train
CTCATTGACCTTAT-1,CD4 T cells,0.99997437,CD4 T cells,train
CTCATTGATGCTTT-1,CD14+ Monocytes,0.99636203,CD14+ Monocytes,train
CTCCACGAGAGATA-1,Dendritic cells,0.9901625,Dendritic cells,train
CTCCATCTCTTAGG-1,CD4 T cells,0.9999839,CD4 T cells,test
CTCCATCTGACGAG-1,CD4 T cells,0.99988425,CD4 T cells,test
CTCCGAACAAGTGA-1,FCGR3A+ Monocytes,0.9994874,FCGR3A+ Monocytes,test
CTCCTACTGCCTTC-1,CD14+ Monocytes,0.9995129,CD14+ Monocytes,test
CTCGAAGATGTGGT-1,CD4 T cells,0.9999044,CD4 T cells,train
CTCGAAGATTAGGC-1,CD14+ Monocytes,0.99987864,CD14+ Monocytes,train
CTCGACTGCTCTAT-1,CD4 T cells,0.9998242,CD4 T cells,train
CTCGACTGGGTGAG-1,CD4 T cells,0.9999224,CD4 T cells,train
CTCGACTGGTTGAC-1,NK cells,0.9993007,NK cells,train
CTCGAGCTCTGGAT-1,CD8 T cells,0.999648,CD8 T cells,train
CTCGCATGACTTTC-1,CD8 T cells,0.9999596,CD4 T cells,test
CTCGCATGCTTAGG-1,CD4 T cells,0.9963773,CD4 T cells,test
CTCTAAACCTCGAA-1,CD4 T cells,0.999984,CD4 T cells,test
CTCTAAACGGCGAA-1,CD4 T cells,0.9997627,CD4 T cells,train
CTCTAATGTCCAAG-1,CD14+ Monocytes,0.9999347,CD14+ Monocytes,test
CTGAACGACAGTCA-1,CD4 T cells,0.9999908,CD4 T cells,train
CTGAACGATGAGGG-1,CD4 T cells,0.9999882,CD4 T cells,train
CTGAAGACCCAACA-1,CD4 T cells,0.9997923,CD4 T cells,train
CTGAAGACGTGCAT-1,B cells,0.9980684,B cells,test
CTGAAGTGAAGCCT-1,FCGR3A+ Monocytes,0.9952571,FCGR3A+ Monocytes,train
CTGAAGTGCAGCTA-1,B cells,0.99989486,B cells,train
CTGAAGTGGCTATG-1,CD4 T cells,0.9999902,CD4 T cells,test
CTGAAGTGTCCAGA-1,CD4 T cells,0.99999964,CD4 T cells,test
CTGAATCTGAATAG-1,CD4 T cells,0.8604701,CD4 T cells,test
CTGACAGAATCGTG-1,CD8 T cells,0.9999918,CD8 T cells,train
CTGACCACAGCAAA-1,CD4 T cells,0.99997973,CD4 T cells,train
CTGAGAACCGGGAA-1,CD4 T cells,0.9999008,CD4 T cells,train
CTGAGAACGTAAAG-1,NK cells,0.9891487,NK cells,train
CTGATACTAGTAGA-1,CD4 T cells,0.9963405,CD4 T cells,test
CTGATTTGGTGTTG-1,CD14+ Monocytes,0.99998546,CD14+ Monocytes,train
CTGCAGCTAACCGT-1,CD4 T cells,0.99995327,CD4 T cells,test
CTGCAGCTGACACT-1,CD4 T cells,0.999967,CD4 T cells,test
CTGCAGCTGGATTC-1,CD14+ Monocytes,0.97487676,CD14+ Monocytes,train
CTGCAGCTTGGCAT-1,CD4 T cells,0.8892823,CD8 T cells,test
CTGCCAACAGGAGC-1,CD8 T cells,0.99364775,CD8 T cells,train
CTGCCAACCAGCTA-1,CD4 T cells,0.99964845,CD4 T cells,test
CTGCCAACTAACCG-1,CD14+ Monocytes,0.9967464,CD14+ Monocytes,train
CTGCCAACTGCTCC-1,CD8 T cells,0.9997577,CD8 T cells,train
CTGCCAACTTGCAG-1,CD4 T cells,0.99973136,CD4 T cells,train
CTGCCAACTTGCTT-1,CD4 T cells,0.8165091,CD8 T cells,test
CTGCGACTCCACCT-1,CD8 T cells,0.99886346,CD8 T cells,train
CTGGAAACAAACGA-1,CD8 T cells,0.9999094,CD8 T cells,train
CTGGAAACATCGAC-1,CD4 T cells,0.999897,CD4 T cells,train
CTGGATGACTGGAT-1,CD8 T cells,0.999295,CD8 T cells,train
CTGGATGACTTGTT-1,CD4 T cells,0.9982541,CD4 T cells,test
CTGGATGATGTGAC-1,B cells,0.9998099,B cells,train
CTGGCACTCAAGCT-1,CD14+ Monocytes,0.9995141,CD14+ Monocytes,train
CTGTAACTAACCAC-1,CD4 T cells,0.99987173,CD4 T cells,train
CTGTAACTAGCGTT-1,CD4 T cells,0.99946374,CD4 T cells,train
CTGTATACGTAAAG-1,CD4 T cells,0.99939406,CD4 T cells,train
CTGTATACGTACGT-1,CD14+ Monocytes,0.99942124,CD14+ Monocytes,train
CTGTATACGTTGGT-1,CD4 T cells,0.9998005,CD4 T cells,train
CTGTGAGACAACCA-1,FCGR3A+ Monocytes,0.9996039,FCGR3A+ Monocytes,train
CTGTGAGACCTTGC-1,CD8 T cells,0.99998724,CD8 T cells,test
CTGTGAGACGAACT-1,CD14+ Monocytes,0.99958855,CD14+ Monocytes,train
CTGTGAGACTGTAG-1,CD14+ Monocytes,0.99996626,CD14+ Monocytes,train
CTTAAAGAACCTGA-1,CD4 T cells,0.9990043,CD4 T cells,train
CTTAACACCTGTAG-1,CD4 T cells,0.99987054,CD4 T cells,train
CTTAACACTATCGG-1,B cells,0.9980666,B cells,test
CTTAAGCTACCTAG-1,CD4 T cells,0.9999633,CD4 T cells,test
CTTAAGCTAGTACC-1,CD4 T cells,0.5224417,CD4 T cells,test
CTTAAGCTCATCAG-1,CD4 T cells,0.99997675,CD4 T cells,test
CTTAAGCTCCGCTT-1,B cells,0.9999094,B cells,test
CTTACAACTAACGC-1,CD4 T cells,0.9997936,CD4 T cells,train
CTTACAACTCCCGT-1,CD14+ Monocytes,0.9999348,CD14+ Monocytes,test
CTTACTGACGTACA-1,CD4 T cells,0.9999831,CD4 T cells,train
CTTAGACTAAACGA-1,CD4 T cells,0.9984902,CD4 T cells,train
CTTAGGGACTTGCC-1,CD4 T cells,0.9993467,CD4 T cells,train
CTTAGGGAGAATCC-1,CD4 T cells,0.9982337,CD4 T cells,train
CTTATCGACTCATT-1,CD4 T cells,0.9997992,CD4 T cells,train
CTTCACCTACCTGA-1,FCGR3A+ Monocytes,0.9986324,FCGR3A+ Monocytes,train
CTTCATGAAGCATC-1,B cells,0.99982977,B cells,train
CTTCATGAAGTACC-1,CD4 T cells,0.9979493,CD4 T cells,train
CTTCATGACCGAAT-1,CD8 T cells,0.9994838,CD8 T cells,train
CTTGAACTACGCAT-1,CD4 T cells,0.9994574,CD4 T cells,train
CTTGATTGAGGTTC-1,CD8 T cells,0.99918944,CD8 T cells,test
CTTGATTGATCTTC-1,CD14+ Monocytes,0.9948402,CD14+ Monocytes,train
CTTGATTGCATTCT-1,CD4 T cells,0.9781521,CD4 T cells,test
CTTGATTGTTTCGT-1,CD4 T cells,0.99958116,CD4 T cells,train
CTTGTATGACACCA-1,B cells,0.9995708,B cells,test
CTTGTATGCGCAAT-1,B cells,0.9995121,B cells,train
CTTTACGAGCGAAG-1,CD4 T cells,0.9996618,CD4 T cells,train
CTTTAGACCGTGAT-1,CD4 T cells,0.9998865,CD4 T cells,train
CTTTAGACGAGACG-1,CD4 T cells,0.9996581,CD4 T cells,train
CTTTAGACGATACC-1,CD4 T cells,0.99983764,CD4 T cells,train
CTTTAGACGTTGGT-1,CD4 T cells,0.9999143,CD4 T cells,train
CTTTAGACTCATTC-1,CD8 T cells,0.9947076,CD8 T cells,train
CTTTAGTGACGGGA-1,NK cells,0.9918357,NK cells,train
CTTTAGTGGGTGGA-1,CD4 T cells,0.99177974,CD4 T cells,train
CTTTCAGAGAAACA-1,CD4 T cells,0.99985445,CD4 T cells,train
CTTTGATGAGCACT-1,CD4 T cells,0.9997956,CD4 T cells,test
CTTTGATGTCTAGG-1,CD8 T cells,0.9998913,CD4 T cells,test
CTTTGATGTGTCCC-1,CD4 T cells,0.9969414,CD4 T cells,test
CTTTGATGTGTGGT-1,CD4 T cells,0.9999902,CD4 T cells,test
GAAACAGAACTACG-1,CD4 T cells,0.99966955,CD4 T cells,train
GAAACAGAATCACG-1,CD4 T cells,0.99992764,CD4 T cells,train
GAAACAGACATTCT-1,CD4 T cells,1.0,CD4 T cells,test
GAAACCTGATCGTG-1,CD4 T cells,0.9999248,CD4 T cells,train
GAAACCTGATGCCA-1,CD4 T cells,0.999998,CD4 T cells,train
GAAACCTGCTTATC-1,CD4 T cells,0.9999548,CD4 T cells,train
GAAACCTGGACTAC-1,FCGR3A+ Monocytes,0.99549156,FCGR3A+ Monocytes,train
GAAACCTGTGCTAG-1,CD4 T cells,0.99999714,CD4 T cells,train
GAAAGATGATTTCC-1,CD4 T cells,0.9998404,CD4 T cells,train
GAAAGATGCTGATG-1,FCGR3A+ Monocytes,0.9998456,FCGR3A+ Monocytes,train
GAAAGATGCTTCGC-1,CD14+ Monocytes,0.9986755,CD14+ Monocytes,train
GAAAGATGTAAGGA-1,CD4 T cells,0.9989318,CD4 T cells,test
GAAAGCCTACGTTG-1,B cells,0.99971706,B cells,train
GAAAGTGAAAGTGA-1,Dendritic cells,0.9969921,Dendritic cells,test
GAAAGTGACCACAA-1,CD14+ Monocytes,0.9804216,CD14+ Monocytes,test
GAAAGTGACTCAAG-1,CD4 T cells,0.8970521,CD4 T cells,test
GAAATACTACCAAC-1,CD14+ Monocytes,0.99760807,CD14+ Monocytes,train
GAAATACTCTTAGG-1,B cells,0.999895,B cells,test
GAAATACTTCCTCG-1,CD4 T cells,0.9818678,CD4 T cells,train
GAACACACGTGCAT-1,CD14+ Monocytes,0.997267,CD14+ Monocytes,train
GAACACACTGCCTC-1,CD4 T cells,0.999688,CD4 T cells,train
GAACAGCTAACTGC-1,FCGR3A+ Monocytes,0.96539736,FCGR3A+ Monocytes,train
GAACAGCTCTCAGA-1,FCGR3A+ Monocytes,0.9858607,FCGR3A+ Monocytes,train
GAACCAACCACAAC-1,CD4 T cells,0.7476859,CD4 T cells,test
GAACCAACTTCCGC-1,NK cells,0.9994417,NK cells,train
GAACCTGAACGTGT-1,CD8 T cells,0.9982693,CD8 T cells,train
GAACCTGAGAGACG-1,CD4 T cells,0.9999453,CD4 T cells,test
GAACCTGATGAACC-1,CD4 T cells,0.9993086,CD4 T cells,test
GAACGGGATACTTC-1,CD4 T cells,0.9999969,CD4 T cells,train
GAACTGTGACCTGA-1,FCGR3A+ Monocytes,0.99351573,FCGR3A+ Monocytes,train
GAACTGTGCCAGTA-1,CD14+ Monocytes,0.99997973,CD14+ Monocytes,test
GAAGAATGCAATCG-1,CD4 T cells,0.999997,CD4 T cells,train
GAAGCGGACCTATT-1,CD14+ Monocytes,0.9973774,CD14+ Monocytes,train
GAAGCTACGAATGA-1,CD14+ Monocytes,0.91249317,CD14+ Monocytes,test
GAAGCTACGGTTTG-1,CD4 T cells,0.9986872,CD4 T cells,train
GAAGGGTGAAAGTG-1,CD4 T cells,0.9998981,CD4 T cells,train
GAAGGGTGCTTAGG-1,CD14+ Monocytes,0.9999509,CD14+ Monocytes,test
GAAGGTCTGAAAGT-1,CD4 T cells,0.9997687,CD4 T cells,train
GAAGGTCTGTTGCA-1,CD4 T cells,0.99957067,CD4 T cells,train
GAAGGTCTTAAAGG-1,Dendritic cells,0.9970395,Dendritic cells,train
GAAGTAGACTCCCA-1,CD8 T cells,0.9999932,CD8 T cells,train
GAAGTAGATCCAAG-1,FCGR3A+ Monocytes,0.9990983,FCGR3A+ Monocytes,train
GAAGTCACCCTCGT-1,CD14+ Monocytes,0.9985827,CD14+ Monocytes,train
GAAGTCACCCTGTC-1,B cells,0.9996717,B cells,train
GAAGTCTGTCGCAA-1,B cells,0.99963677,B cells,test
GAAGTCTGTTCTGT-1,CD4 T cells,0.9813696,CD4 T cells,train
GAAGTGCTAAACGA-1,NK cells,0.9985324,NK cells,train
GAAGTGCTCCGCTT-1,CD14+ Monocytes,0.9998797,CD14+ Monocytes,train
GAAGTGCTTAACCG-1,CD4 T cells,0.9980756,CD4 T cells,train
GAATGCACCCTAAG-1,CD4 T cells,0.99999094,CD4 T cells,train
GAATGCACCTTCGC-1,NK cells,0.9979875,NK cells,train
GAATGCTGCGGTAT-1,CD4 T cells,0.996867,CD4 T cells,train
GAATTAACGATAAG-1,CD4 T cells,0.99981815,CD4 T cells,train
GAATTAACGGTCAT-1,CD4 T cells,0.9999958,CD4 T cells,train
GAATTAACGTCGTA-1,NK cells,0.9936592,NK cells,train
GAATTAACTGAAGA-1,B cells,0.99630034,B cells,test
GACAACACAGGCGA-1,CD4 T cells,0.9999263,CD4 T cells,test
GACAACACATCGTG-1,CD4 T cells,0.99951434,CD4 T cells,train
GACAACACTCGCCT-1,CD4 T cells,0.9913059,CD4 T cells,train
GACAACTGAGGTTC-1,CD4 T cells,0.9954318,CD4 T cells,test
GACAGGGAAGAGTA-1,B cells,0.9998012,B cells,test
GACAGGGAATGCCA-1,CD4 T cells,0.9996773,CD4 T cells,train
GACAGTACGAGCTT-1,FCGR3A+ Monocytes,0.9939224,FCGR3A+ Monocytes,train
GACAGTACTTCGGA-1,FCGR3A+ Monocytes,0.99899644,FCGR3A+ Monocytes,train
GACAGTTGAGTAGA-1,B cells,0.9996697,B cells,train
GACATTCTCCACCT-1,Dendritic cells,0.9968811,Dendritic cells,train
GACCAAACGACTAC-1,CD14+ Monocytes,0.9999831,CD14+ Monocytes,train
GACCAAACGTATCG-1,CD14+ Monocytes,0.99975604,CD14+ Monocytes,test
GACCCTACTAAAGG-1,B cells,0.9997273,B cells,train
GACCTAGACCTCAC-1,CD4 T cells,0.8964739,CD4 T cells,test
GACCTAGACGAGAG-1,CD4 T cells,0.9249732,CD4 T cells,test
GACCTCACAAGGTA-1,CD4 T cells,0.99995077,CD4 T cells,train
GACCTCACGTACGT-1,CD14+ Monocytes,0.99306434,CD14+ Monocytes,train
GACCTCTGCATCAG-1,CD4 T cells,0.99968374,CD4 T cells,train
GACGAACTCCCACT-1,CD4 T cells,0.9999715,CD4 T cells,train
GACGATTGCCAATG-1,B cells,0.99885607,B cells,train
GACGCCGACCTTCG-1,CD4 T cells,0.99989486,CD4 T cells,test
GACGCTCTCTCTCG-1,Megakaryocytes,0.9983583,Megakaryocytes,train
GACGGCACACGGGA-1,NK cells,0.99885786,NK cells,train
GACGGCACGAGATA-1,CD14+ Monocytes,0.9999391,CD14+ Monocytes,train
GACGTAACCTATGG-1,CD4 T cells,0.9999831,CD4 T cells,train
GACGTAACCTGTGA-1,CD4 T cells,0.99952614,CD4 T cells,train
GACGTAACTATGGC-1,CD4 T cells,0.9998048,CD4 T cells,train
GACGTATGTTGACG-1,CD4 T cells,0.99956244,CD4 T cells,train
GACGTATGTTTGCT-1,CD4 T cells,0.999413,CD4 T cells,train
GACGTCCTACGGAG-1,CD4 T cells,0.9680465,CD4 T cells,test
GACGTCCTCTCAAG-1,CD14+ Monocytes,0.9989015,CD14+ Monocytes,train
GACGTCCTGATAAG-1,B cells,0.998823,B cells,train
GACTACGATGGTCA-1,B cells,0.9989986,B cells,test
GACTCCTGCTCGCT-1,CD4 T cells,0.99945766,CD4 T cells,train
GACTCCTGGGTTAC-1,CD4 T cells,0.9998826,CD4 T cells,test
GACTCCTGTTATCC-1,CD4 T cells,0.9999789,CD4 T cells,test
GACTCCTGTTGGTG-1,CD14+ Monocytes,0.9998417,CD14+ Monocytes,train
GACTGAACCAATCG-1,CD14+ Monocytes,0.9999963,CD14+ Monocytes,test
GACTGATGTGATGC-1,CD4 T cells,0.99995506,CD4 T cells,test
GACTTTACATGCCA-1,CD4 T cells,0.9999938,CD4 T cells,train
GACTTTACGACAGG-1,B cells,0.9908381,B cells,test
GAGAAATGTTCTCA-1,B cells,0.86651814,B cells,train
GAGATAGAAAAAGC-1,CD14+ Monocytes,0.99952185,CD14+ Monocytes,train
GAGATCACGACAAA-1,FCGR3A+ Monocytes,0.99937505,FCGR3A+ Monocytes,test
GAGATGCTCTGGAT-1,CD8 T cells,0.99995744,CD8 T cells,train
GAGATGCTGAATGA-1,CD4 T cells,0.999972,CD4 T cells,test
GAGCAGGATTCCCG-1,CD4 T cells,0.9005878,CD8 T cells,test
GAGCATACTTTGCT-1,CD4 T cells,0.9985335,CD4 T cells,train
GAGCGCACGCGTAT-1,CD14+ Monocytes,0.999793,CD14+ Monocytes,test
GAGCGCACGGTGAG-1,CD8 T cells,0.99176097,CD4 T cells,test
GAGCGCTGAAGATG-1,NK cells,0.99988556,NK cells,train
GAGCGCTGTCTTAC-1,CD14+ Monocytes,0.9999287,CD14+ Monocytes,train
GAGCGGCTGGGAGT-1,B cells,0.999265,B cells,test
GAGGACGACTCAGA-1,CD4 T cells,0.9980971,CD8 T cells,test
GAGGATCTGAAAGT-1,B cells,0.99383885,B cells,train
GAGGCAGACTTGCC-1,CD8 T cells,0.99979776,CD8 T cells,train
GAGGGAACACCAGT-1,CD4 T cells,0.9998621,CD4 T cells,train
GAGGGAACGAGGGT-1,CD4 T cells,0.99613994,CD4 T cells,train
GAGGGATGGGAAAT-1,CD4 T cells,0.99989176,CD4 T cells,train
GAGGGCCTTCACCC-1,CD4 T cells,0.99983263,CD4 T cells,test
GAGGGTGAAGAGTA-1,CD4 T cells,0.99997866,CD4 T cells,train
GAGGTACTACGGTT-1,CD4 T cells,0.9998932,CD4 T cells,test
GAGGTACTACTCAG-1,CD14+ Monocytes,0.9995969,CD14+ Monocytes,train
GAGGTACTGACACT-1,NK cells,0.9956664,NK cells,train
GAGGTACTGGGAGT-1,CD4 T cells,0.9995987,CD4 T cells,train
GAGGTACTTAGCGT-1,CD14+ Monocytes,0.99885476,CD14+ Monocytes,train
GAGGTGGAGTACGT-1,CD4 T cells,0.99976057,CD4 T cells,test
GAGGTGGATCCTCG-1,NK cells,0.9958072,NK cells,train
GAGGTTACTCGTTT-1,CD14+ Monocytes,0.9834155,CD14+ Monocytes,test
GAGGTTTGTAAGCC-1,CD14+ Monocytes,0.99997795,CD14+ Monocytes,train
GAGTCAACCATTCT-1,CD4 T cells,0.99995315,CD4 T cells,train
GAGTCAACGGGAGT-1,CD4 T cells,0.99928206,CD4 T cells,train
GAGTCTGATCGTGA-1,CD4 T cells,0.9984743,CD8 T cells,test
GAGTCTGATTTGGG-1,B cells,0.9997367,B cells,test
GAGTGACTCAGCTA-1,CD4 T cells,0.9996061,CD4 T cells,train
GAGTGACTCGGTAT-1,CD8 T cells,0.9991897,CD8 T cells,train
GAGTGACTCTTGCC-1,B cells,0.99970055,B cells,train
GAGTGACTGACTAC-1,B cells,0.9997147,B cells,train
GAGTGACTGTCTAG-1,CD4 T cells,0.99998415,CD4 T cells,train
GAGTGGGAGTCTTT-1,B cells,0.9980014,B cells,train
GAGTGGGATGCCCT-1,CD4 T cells,0.99989426,CD4 T cells,train
GAGTGGGATGCTGA-1,B cells,0.9976405,B cells,test
GAGTGTTGCTGTAG-1,CD4 T cells,0.99996614,CD4 T cells,train
GAGTGTTGTGGTCA-1,CD4 T cells,0.9999517,CD4 T cells,train
GAGTTGTGCATGGT-1,CD14+ Monocytes,0.99991167,CD14+ Monocytes,train
GAGTTGTGCTGAGT-1,CD8 T cells,0.99996436,CD8 T cells,train
GAGTTGTGGCGAGA-1,CD14+ Monocytes,0.99967337,CD14+ Monocytes,train
GAGTTGTGGTAGCT-1,Megakaryocytes,0.9991584,Megakaryocytes,train
GAGTTGTGTATGCG-1,FCGR3A+ Monocytes,0.9983872,FCGR3A+ Monocytes,train
GATAAGGAGAAACA-1,CD14+ Monocytes,0.9997447,CD14+ Monocytes,test
GATAAGGATTCACT-1,CD14+ Monocytes,0.9999665,CD14+ Monocytes,train
GATACTCTATCGGT-1,CD4 T cells,0.99956554,CD4 T cells,train
GATACTCTTACTTC-1,CD4 T cells,0.99678636,CD4 T cells,train
GATACTCTTGACTG-1,CD14+ Monocytes,0.99987185,CD14+ Monocytes,train
GATAGAGAAGGGTG-1,NK cells,0.9696759,NK cells,train
GATAGAGACTGTGA-1,CD4 T cells,0.9999802,CD4 T cells,test
GATAGAGATCACGA-1,Dendritic cells,0.9666749,Dendritic cells,train
GATAGCACCCATAG-1,CD4 T cells,0.99971,CD4 T cells,test
GATAGCACGAAGGC-1,CD14+ Monocytes,0.9970516,CD14+ Monocytes,train
GATAGCACTTGTCT-1,CD4 T cells,0.9999969,CD4 T cells,train
GATATAACAAGGTA-1,CD4 T cells,0.9999757,CD4 T cells,test
GATATAACACGCAT-1,CD4 T cells,0.9999845,CD4 T cells,train
GATATATGCTGGAT-1,CD4 T cells,0.9998653,CD4 T cells,test
GATATATGTCCGTC-1,CD8 T cells,0.9998783,CD8 T cells,train
GATATATGTGGAGG-1,CD4 T cells,0.97318876,CD4 T cells,train
GATATCCTAGAAGT-1,CD4 T cells,0.9999876,CD4 T cells,train
GATATCCTCCCGTT-1,CD14+ Monocytes,0.9984168,CD14+ Monocytes,train
GATATTGACAGGAG-1,CD4 T cells,0.9954764,CD4 T cells,test
GATATTGACGAGTT-1,FCGR3A+ Monocytes,0.98957247,FCGR3A+ Monocytes,train
GATATTGAGCCAAT-1,CD4 T cells,0.9999994,CD4 T cells,train
GATCCCTGACCTTT-1,NK cells,0.9995571,NK cells,test
GATCCCTGTGTAGC-1,CD8 T cells,0.5099507,CD8 T cells,test
GATCCGCTGGTCAT-1,CD14+ Monocytes,0.9999567,CD14+ Monocytes,train
GATCGAACCGAGAG-1,CD8 T cells,0.99789715,CD8 T cells,train
GATCGATGACTAGC-1,B cells,0.9976109,B cells,test
GATCGATGGTAAAG-1,B cells,0.9557269,B cells,test
GATCGATGTAAGGA-1,CD14+ Monocytes,0.999977,CD14+ Monocytes,test
GATCGTGACACTAG-1,CD4 T cells,0.99999905,CD4 T cells,train
GATCGTGATTCACT-1,CD4 T cells,0.999985,CD4 T cells,test
GATCTACTGGTGAG-1,CD8 T cells,0.9512263,CD4 T cells,test
GATCTACTTTGCAG-1,B cells,0.99988925,B cells,train
GATCTTACACCCAA-1,FCGR3A+ Monocytes,0.9978656,FCGR3A+ Monocytes,train
GATCTTACCCTACC-1,CD4 T cells,0.99995136,CD4 T cells,train
GATCTTACGAATAG-1,CD14+ Monocytes,0.999974,CD14+ Monocytes,train
GATCTTACGAGATA-1,CD14+ Monocytes,0.9984365,CD14+ Monocytes,test
GATGCAACTCCAGA-1,CD4 T cells,0.99987733,CD4 T cells,train
GATGCCCTACGTAC-1,CD4 T cells,0.9997547,CD4 T cells,train
GATGCCCTCTCATT-1,CD4 T cells,0.99966335,CD4 T cells,train
GATGCCCTGGCAAG-1,CD14+ Monocytes,0.99962544,CD14+ Monocytes,train
GATGCCCTTTTGCT-1,CD4 T cells,0.9997162,CD4 T cells,test
GATTACCTTGTTCT-1,CD4 T cells,0.99994826,CD4 T cells,train
GATTCGGAACGACT-1,CD4 T cells,0.9995641,CD4 T cells,train
GATTCGGACAGGAG-1,CD14+ Monocytes,0.9997732,CD14+ Monocytes,train
GATTCGGAGAAGGC-1,FCGR3A+ Monocytes,0.9970452,FCGR3A+ Monocytes,train
GATTCTTGATTCGG-1,CD14+ Monocytes,0.99818283,CD14+ Monocytes,test
GATTCTTGCCGATA-1,CD4 T cells,0.9993812,CD4 T cells,train
GATTCTTGCGAGTT-1,B cells,0.9995449,B cells,test
GATTGGACCCGTTC-1,B cells,0.98575526,B cells,train
GATTGGACGGTGTT-1,B cells,0.99895656,B cells,test
GATTGGACTTTCGT-1,B cells,0.9995289,B cells,train
GATTGGTGTGTCAG-1,CD4 T cells,0.9994937,CD4 T cells,train
GATTTAGACACTCC-1,FCGR3A+ Monocytes,0.9994424,FCGR3A+ Monocytes,train
GATTTAGACTAAGC-1,B cells,0.99989116,B cells,train
GATTTAGATTCGTT-1,CD14+ Monocytes,0.9999615,CD14+ Monocytes,train
GATTTGCTAACGAA-1,CD4 T cells,0.9998988,CD4 T cells,train
GATTTGCTAACGGG-1,CD14+ Monocytes,0.9999361,CD14+ Monocytes,train
GCAACCCTCCTCGT-1,CD14+ Monocytes,0.999835,CD14+ Monocytes,test
GCAACTGATTGCGA-1,CD4 T cells,0.9998487,CD4 T cells,train
GCAAGACTACTGGT-1,CD4 T cells,0.9999869,CD8 T cells,test
GCAAGACTAGGTCT-1,CD4 T cells,0.9999937,CD4 T cells,test
GCAAGACTCCCTTG-1,CD4 T cells,0.9999448,CD4 T cells,test
GCAATCGACTGCAA-1,CD4 T cells,0.9975497,CD8 T cells,test
GCAATCGAGACGTT-1,CD14+ Monocytes,0.991327,CD14+ Monocytes,train
GCAATCGATCCTTA-1,CD14+ Monocytes,0.9993339,CD14+ Monocytes,test
GCAATTCTCGTGTA-1,CD4 T cells,0.9996113,CD4 T cells,train
GCAATTCTTCTCCG-1,CD4 T cells,0.9986411,CD4 T cells,train
GCACAAACAATGCC-1,CD4 T cells,0.99888736,CD4 T cells,train
GCACAAACGGTACT-1,CD8 T cells,0.99618006,CD8 T cells,train
GCACAATGGTGCAT-1,Dendritic cells,0.97413766,Dendritic cells,train
GCACACCTGTGCTA-1,NK cells,0.9974917,NK cells,train
GCACCACTCATGAC-1,CD14+ Monocytes,0.99944717,CD14+ Monocytes,train
GCACCACTGTTTGG-1,CD14+ Monocytes,0.9995869,CD14+ Monocytes,train
GCACCACTTCCTTA-1,NK cells,0.99191415,NK cells,train
GCACCACTTTCGGA-1,CD14+ Monocytes,0.9998616,CD14+ Monocytes,train
GCACCTACGCGATT-1,CD4 T cells,0.99998724,CD4 T cells,train
GCACCTTGGCTGTA-1,CD4 T cells,0.99925846,CD4 T cells,train
GCACCTTGGGGAGT-1,CD14+ Monocytes,0.9998938,CD14+ Monocytes,test
GCACGGACCAGCTA-1,CD4 T cells,0.99935466,CD4 T cells,train
GCACGGTGACCTCC-1,CD4 T cells,0.99999154,CD4 T cells,test
GCACGGTGCTATGG-1,CD14+ Monocytes,0.9999728,CD14+ Monocytes,test
GCACTAGAACGGGA-1,CD4 T cells,0.999318,CD4 T cells,train
GCACTAGAAGATGA-1,B cells,0.99970394,B cells,train
GCACTAGACCTTTA-1,FCGR3A+ Monocytes,0.99850094,FCGR3A+ Monocytes,train
GCACTAGACGTAAC-1,B cells,0.99276334,B cells,test
GCACTAGAGTCGTA-1,NK cells,0.9985812,NK cells,train
GCACTAGATGCAAC-1,CD4 T cells,0.9999083,CD4 T cells,test
GCACTGCTGAGGCA-1,CD8 T cells,0.99792564,CD8 T cells,train
GCAGATACAGCGTT-1,CD8 T cells,0.99992514,CD8 T cells,train
GCAGATACGACGGA-1,CD4 T cells,0.9743463,CD4 T cells,test
GCAGATACGCAGAG-1,CD4 T cells,0.999967,CD4 T cells,train
GCAGCCGACAGTCA-1,CD4 T cells,0.9855538,CD4 T cells,test
GCAGCGTGCACTCC-1,CD4 T cells,0.9999883,CD4 T cells,train
GCAGCTCTCAATCG-1,CD4 T cells,0.99906534,CD4 T cells,train
GCAGCTCTGTTTCT-1,CD4 T cells,0.99998546,CD4 T cells,train
GCAGGGCTAAGAAC-1,CD4 T cells,0.99996686,CD4 T cells,train
GCAGGGCTAAGGGC-1,CD4 T cells,0.9995809,CD4 T cells,train
GCAGGGCTATCGAC-1,NK cells,0.99400526,NK cells,train
GCAGGGCTTGGGAG-1,CD8 T cells,0.99981076,CD8 T cells,train
GCAGTCCTAACTGC-1,CD4 T cells,0.9997061,CD4 T cells,train
GCAGTCCTCTCTTA-1,CD4 T cells,0.9999391,CD4 T cells,test
GCATCAGATGCGTA-1,CD8 T cells,0.9844238,CD8 T cells,test
GCATGTGACAAGCT-1,CD4 T cells,0.9997533,CD4 T cells,train
GCATTGGAGAAGGC-1,CD4 T cells,0.9942082,CD4 T cells,test
GCCAAAACGAGGCA-1,CD8 T cells,0.9985184,CD8 T cells,train
GCCAAATGATCGAC-1,CD8 T cells,0.9967289,CD8 T cells,train
GCCAACCTACGGTT-1,CD4 T cells,0.98146135,CD4 T cells,train
GCCAACCTCGCCTT-1,CD4 T cells,0.9999815,CD4 T cells,test
GCCACGGAGGCGAA-1,CD14+ Monocytes,0.9999677,CD14+ Monocytes,train
GCCACGGATACTGG-1,CD4 T cells,0.9999912,CD4 T cells,train
GCCACTACGTCTTT-1,CD4 T cells,0.99991083,CD4 T cells,train
GCCCAACTACCGAT-1,CD4 T cells,0.99885356,CD4 T cells,train
GCCCAACTATGGTC-1,CD8 T cells,0.99891627,CD8 T cells,train
GCCCATACAGCGTT-1,CD8 T cells,0.999597,CD8 T cells,train
GCCGACGAACTCTT-1,CD14+ Monocytes,0.9999429,CD14+ Monocytes,test
GCCGAGTGCGTTGA-1,CD8 T cells,0.99810374,CD8 T cells,train
GCCGGAACGAACTC-1,CD8 T cells,0.9999982,CD8 T cells,train
GCCGGAACGTTCTT-1,NK cells,0.99916375,NK cells,test
GCCGGAACTGCACA-1,NK cells,0.72160006,CD8 T cells,test
GCCGGAACTTACTC-1,CD4 T cells,0.9978935,CD4 T cells,train
GCCGTACTACCTGA-1,CD4 T cells,0.9999989,CD4 T cells,test
GCCGTACTGGCAAG-1,CD14+ Monocytes,0.9999769,CD14+ Monocytes,train
GCCTACACAGTTCG-1,NK cells,0.99808,NK cells,train
GCCTACACCACTGA-1,FCGR3A+ Monocytes,0.82266814,FCGR3A+ Monocytes,test
GCCTACACCTTGAG-1,CD4 T cells,0.99990475,CD4 T cells,test
GCCTAGCTACGGAG-1,B cells,0.9997415,B cells,train
GCCTAGCTCTATTC-1,CD4 T cells,0.9999677,CD4 T cells,train
GCCTAGCTTCTCAT-1,CD4 T cells,0.9999083,CD4 T cells,train
GCCTAGCTTCTCTA-1,FCGR3A+ Monocytes,0.9997795,FCGR3A+ Monocytes,train
GCCTCAACCATGGT-1,CD4 T cells,0.9986041,CD4 T cells,test
GCCTCAACTCTTTG-1,CD8 T cells,0.9976236,CD8 T cells,train
GCCTCATGTCTTAC-1,CD8 T cells,0.99865377,CD8 T cells,train
GCCTGACTCTCAAG-1,CD14+ Monocytes,0.99974996,CD14+ Monocytes,test
GCGAAGGAACTCTT-1,CD4 T cells,0.9981184,CD4 T cells,train
GCGAAGGATGCCAA-1,CD4 T cells,0.9999858,CD4 T cells,train
GCGAGAGAGGGACA-1,CD4 T cells,0.9994673,CD4 T cells,train
GCGAGCACTGTCGA-1,B cells,0.9977621,B cells,train
GCGAGCACTTGACG-1,CD4 T cells,0.99991727,CD4 T cells,train
GCGAGCACTTGCTT-1,CD14+ Monocytes,0.99865437,CD14+ Monocytes,train
GCGATATGGTACGT-1,CD4 T cells,0.9999937,CD4 T cells,test
GCGATATGGTGTTG-1,CD4 T cells,0.9999474,CD4 T cells,train
GCGCACGAAGTCGT-1,CD4 T cells,0.9999894,CD4 T cells,train
GCGCACGACTTTAC-1,CD14+ Monocytes,0.99995756,CD14+ Monocytes,test
GCGCATCTAGGTCT-1,CD4 T cells,0.99779546,CD4 T cells,train
GCGCATCTGGTTAC-1,Megakaryocytes,0.9797702,Megakaryocytes,train
GCGCATCTTCGATG-1,CD4 T cells,0.9999969,CD4 T cells,test
GCGCATCTTGCTCC-1,NK cells,0.9959889,NK cells,train
GCGCATCTTTCTAC-1,CD4 T cells,0.9999937,CD4 T cells,test
GCGCGAACGTTCTT-1,B cells,0.99972874,B cells,train
GCGCGATGAACGGG-1,CD4 T cells,0.99999464,CD4 T cells,test
GCGCGATGGTGCAT-1,NK cells,0.99398005,NK cells,test
GCGGAGCTCCTGAA-1,CD4 T cells,0.99999785,CD4 T cells,train
GCGGCAACCCGATA-1,CD4 T cells,0.9999068,CD4 T cells,test
GCGGCAACGGAGGT-1,B cells,0.9988722,B cells,train
GCGGCAACTGTCGA-1,CD14+ Monocytes,0.9997023,CD14+ Monocytes,train
GCGTAAACACGGTT-1,Dendritic cells,0.9957681,Dendritic cells,train
GCGTAATGCACCAA-1,FCGR3A+ Monocytes,0.9869622,FCGR3A+ Monocytes,test
GCGTATGAACACCA-1,CD4 T cells,0.84730744,CD4 T cells,test
GCGTATGATGAGAA-1,CD14+ Monocytes,0.9995758,CD14+ Monocytes,train
GCTACAGAAAGGTA-1,CD4 T cells,0.9998204,CD4 T cells,train
GCTACAGAATCTTC-1,B cells,0.9990374,B cells,train
GCTACCTGAGAAGT-1,CD14+ Monocytes,0.9999702,CD14+ Monocytes,test
GCTACCTGATCACG-1,CD4 T cells,0.99996555,CD4 T cells,test
GCTACGCTAGAATG-1,CD4 T cells,0.9997776,CD4 T cells,train
GCTACGCTAGCTAC-1,CD4 T cells,0.9988549,CD4 T cells,train
GCTACGCTCCCTAC-1,CD4 T cells,0.99991465,CD4 T cells,train
GCTAGAACAGAGGC-1,B cells,0.99687034,B cells,train
GCTAGAACGGATCT-1,CD4 T cells,0.99976534,CD4 T cells,train
GCTAGAACTCCCGT-1,CD4 T cells,0.99956673,CD4 T cells,train
GCTAGATGAGCTCA-1,CD14+ Monocytes,0.9993395,CD14+ Monocytes,train
GCTAGATGGCGATT-1,CD8 T cells,0.9992424,CD8 T cells,train
GCTATACTAAGGCG-1,CD4 T cells,0.99999297,CD4 T cells,train
GCTATACTAGCGTT-1,CD8 T cells,0.99914956,CD8 T cells,train
GCTATACTCTCTTA-1,CD4 T cells,1.0,CD4 T cells,test
GCTATACTGGACGA-1,CD4 T cells,0.9970728,CD4 T cells,test
GCTCAAGAACCATG-1,B cells,0.969689,B cells,train
GCTCAAGAAGTCAC-1,CD14+ Monocytes,0.9814348,CD14+ Monocytes,train
GCTCAGCTGTCTAG-1,CD4 T cells,0.9998721,CD4 T cells,train
GCTCCATGAGAAGT-1,CD8 T cells,0.9999789,CD8 T cells,train
GCTCCATGCCGAAT-1,CD4 T cells,0.99968755,CD4 T cells,train
GCTCGACTCTAGTG-1,CD14+ Monocytes,0.9999887,CD14+ Monocytes,train
GCTGATGAGGTATC-1,CD14+ Monocytes,0.99989223,CD14+ Monocytes,train
GCTTAACTACAGTC-1,CD14+ Monocytes,0.99993,CD14+ Monocytes,train
GCTTAACTACTGGT-1,CD8 T cells,0.99999845,CD8 T cells,test
GCTTAACTGCTGAT-1,CD4 T cells,0.9996113,CD4 T cells,train
GCTTAACTTAGACC-1,CD14+ Monocytes,0.999564,CD14+ Monocytes,train
GCTTAACTTCAGTG-1,CD4 T cells,0.9999535,CD4 T cells,test
GGAACACTCACTTT-1,CD14+ Monocytes,0.9998493,CD14+ Monocytes,train
GGAACACTTCAGAC-1,Megakaryocytes,0.99732286,Megakaryocytes,test
GGAACTACTACTTC-1,CD4 T cells,0.9990946,CD4 T cells,train
GGAACTTGAAGGTA-1,CD14+ Monocytes,0.9994856,CD14+ Monocytes,train
GGAACTTGAGAATG-1,CD4 T cells,0.9994879,CD4 T cells,train
GGAACTTGCTCCAC-1,CD14+ Monocytes,0.9974312,CD14+ Monocytes,test
GGAACTTGGGTAGG-1,B cells,0.99984515,B cells,train
GGAAGGACATCGGT-1,CD14+ Monocytes,0.9999355,CD14+ Monocytes,test
GGAAGGACCACTAG-1,CD4 T cells,0.99980646,CD4 T cells,train
GGAAGGACGAGGGT-1,CD4 T cells,0.99946874,CD4 T cells,train
GGAAGGACGCGAAG-1,CD8 T cells,0.8767147,CD8 T cells,test
GGAAGGTGGCGAGA-1,NK cells,0.9993919,NK cells,train
GGAATCTGAAGGGC-1,CD4 T cells,0.9991379,CD4 T cells,train
GGAATCTGAGGAGC-1,CD4 T cells,0.99977654,CD4 T cells,test
GGAATCTGCTTAGG-1,B cells,0.9983443,B cells,train
GGAATCTGCTTGTT-1,CD14+ Monocytes,0.99990964,CD14+ Monocytes,test
GGAATCTGGGAGGT-1,CD4 T cells,0.9999999,CD4 T cells,test
GGAATGCTTTCTAC-1,CD4 T cells,0.9999155,CD4 T cells,train
GGACAGGAAAGGGC-1,CD8 T cells,0.9994624,CD8 T cells,train
GGACAGGAGTGCTA-1,B cells,0.999746,B cells,train
GGACAGGATCTCGC-1,CD4 T cells,0.99979657,CD4 T cells,train
GGACCCGAAGCTAC-1,CD14+ Monocytes,0.99984074,CD14+ Monocytes,test
GGACCGTGCTTACT-1,CD14+ Monocytes,0.99974567,CD14+ Monocytes,test
GGACCGTGGGAACG-1,Dendritic cells,0.9796093,Dendritic cells,train
GGACCGTGTAACGC-1,CD4 T cells,0.9995003,CD4 T cells,train
GGACCTCTGTAAGA-1,CD14+ Monocytes,0.999895,CD14+ Monocytes,train
GGACCTCTTTTCTG-1,CD8 T cells,0.99987566,CD8 T cells,train
GGACGAGAGTGTCA-1,CD14+ Monocytes,0.9999696,CD14+ Monocytes,train
GGACGCTGACGCAT-1,CD8 T cells,0.99999607,CD8 T cells,train
GGACGCTGCTAGCA-1,CD4 T cells,0.99999595,CD4 T cells,train
GGACGCTGTCCTCG-1,NK cells,0.99944,NK cells,test
GGAGAGACGTGAGG-1,CD4 T cells,0.7008656,B cells,train
GGAGCAGATTCAGG-1,B cells,0.99587846,B cells,train
GGAGCCACCTTCTA-1,B cells,0.98976177,B cells,train
GGAGCGCTACGCAT-1,CD14+ Monocytes,0.99839455,CD14+ Monocytes,test
GGAGCGCTCCGAAT-1,CD4 T cells,0.9999981,CD8 T cells,test
GGAGGATGCCACCT-1,CD4 T cells,0.99980944,CD4 T cells,train
GGAGGATGGTTGAC-1,CD14+ Monocytes,0.99997795,CD14+ Monocytes,train
GGAGGATGTCAGTG-1,CD14+ Monocytes,0.99998987,CD14+ Monocytes,test
GGAGGCCTCGTTGA-1,NK cells,0.8556409,NK cells,test
GGAGGCCTTTCTTG-1,CD4 T cells,0.9999919,CD4 T cells,train
GGAGGTGATACGCA-1,CD4 T cells,0.9992829,CD4 T cells,train
GGAGGTGATCGCTC-1,CD4 T cells,0.99940014,CD4 T cells,train
GGATACTGCAGCTA-1,CD8 T cells,0.9899941,CD8 T cells,train
GGATACTGTCTAGG-1,CD4 T cells,0.9999887,CD4 T cells,test
GGATAGCTCGTCTC-1,CD4 T cells,0.9999894,CD4 T cells,test
GGATAGCTCTGAAC-1,CD8 T cells,0.9911431,CD8 T cells,test
GGATGTACCAAAGA-1,B cells,0.99951065,B cells,train
GGATGTACGCGAAG-1,CD4 T cells,0.9998603,CD4 T cells,train
GGATGTACGTCTTT-1,CD14+ Monocytes,0.99987936,CD14+ Monocytes,train
GGATGTACGTGTCA-1,CD8 T cells,0.9989967,CD4 T cells,test
GGATTTCTAGGTTC-1,CD4 T cells,0.99811304,CD4 T cells,train
GGATTTCTTTGTCT-1,CD14+ Monocytes,0.98818123,CD14+ Monocytes,train
GGCAAGGAAAAAGC-1,NK cells,0.999681,NK cells,test
GGCAAGGAAGAAGT-1,CD4 T cells,0.99933773,CD4 T cells,train
GGCAAGGACTTGGA-1,CD14+ Monocytes,0.98985744,Dendritic cells,test
GGCAAGGAGGACTT-1,CD4 T cells,0.99991715,CD4 T cells,test
GGCAATACGCTAAC-1,B cells,0.9999137,B cells,train
GGCAATACGGCATT-1,CD8 T cells,0.982101,CD8 T cells,train
GGCAATACGTTTCT-1,B cells,0.9999372,B cells,test
GGCACGTGGCTTAG-1,FCGR3A+ Monocytes,0.99874663,FCGR3A+ Monocytes,train
GGCACTCTTTTGTC-1,CD4 T cells,0.99949706,CD4 T cells,train
GGCATATGCTTATC-1,NK cells,0.99888605,NK cells,train
GGCATATGGGGAGT-1,Megakaryocytes,0.9977985,Megakaryocytes,test
GGCATATGTGTGAC-1,CD8 T cells,0.99712735,CD8 T cells,train
GGCCACGACAGAGG-1,CD4 T cells,0.9997832,CD4 T cells,test
GGCCAGACTGGTTG-1,CD4 T cells,0.9999696,CD4 T cells,train
GGCCCAGAAAGTAG-1,CD14+ Monocytes,0.9996356,CD14+ Monocytes,test
GGCCGAACAACGAA-1,CD4 T cells,0.9999844,CD4 T cells,train
GGCCGAACGCAGAG-1,CD4 T cells,0.9999511,CD4 T cells,train
GGCCGAACGTAGGG-1,CD4 T cells,0.9999206,CD4 T cells,train
GGCCGAACTCTAGG-1,NK cells,0.99981576,NK cells,train
GGCCGATGCAGGAG-1,CD4 T cells,0.99965787,CD4 T cells,train
GGCCGATGCCGAAT-1,CD4 T cells,0.99998665,CD4 T cells,train
GGCCGATGTACTCT-1,CD8 T cells,0.9558884,CD8 T cells,train
GGCGACACTGCCCT-1,CD8 T cells,0.99980336,CD8 T cells,train
GGCGACTGCGTAAC-1,CD8 T cells,0.6092511,CD4 T cells,test
GGCGCATGCCTAAG-1,FCGR3A+ Monocytes,0.99963415,FCGR3A+ Monocytes,train
GGCGCATGCTCCAC-1,CD4 T cells,0.9908291,CD4 T cells,test
GGCGCATGTGGAAA-1,CD4 T cells,0.9999629,CD4 T cells,train
GGCGGACTAGAGGC-1,CD4 T cells,0.90005666,CD4 T cells,test
GGCGGACTAGGAGC-1,CD8 T cells,0.9990608,CD8 T cells,train
GGCGGACTCTGACA-1,CD4 T cells,0.9999882,CD4 T cells,train
GGCGGACTCTTGGA-1,CD8 T cells,0.9996723,CD8 T cells,train
GGCGGACTTACTGG-1,CD4 T cells,0.9997992,CD4 T cells,train
GGCGGACTTGAACC-1,CD4 T cells,0.99990153,CD4 T cells,train
GGCTAAACACCTGA-1,NK cells,0.75271404,NK cells,test
GGCTAAACTCTTAC-1,CD4 T cells,0.99999356,CD4 T cells,train
GGCTAATGAGCACT-1,CD8 T cells,0.9975846,CD8 T cells,test
GGCTAATGGTCTAG-1,CD4 T cells,0.99959975,CD4 T cells,train
GGCTCACTACTCAG-1,CD14+ Monocytes,0.9994186,CD14+ Monocytes,test
GGGAACGAAGCTCA-1,FCGR3A+ Monocytes,0.9994785,FCGR3A+ Monocytes,train
GGGAACGACACAAC-1,B cells,0.99996793,B cells,train
GGGAACGAGTGTCA-1,CD14+ Monocytes,0.99798584,CD14+ Monocytes,train
GGGAAGTGTTGAGC-1,CD14+ Monocytes,0.9999354,CD14+ Monocytes,train
GGGACCACACGTTG-1,CD8 T cells,0.99982554,CD8 T cells,train
GGGACCACAGAACA-1,CD4 T cells,0.9987684,CD4 T cells,train
GGGACCACGAATAG-1,CD4 T cells,0.99997604,CD4 T cells,train
GGGACCACGTCATG-1,CD4 T cells,0.9999677,CD4 T cells,test
GGGACCACTCAAGC-1,CD4 T cells,0.9985032,CD4 T cells,train
GGGACCACTCGTGA-1,CD4 T cells,0.9996025,CD4 T cells,test
GGGACCACTGCATG-1,CD4 T cells,0.99998474,CD4 T cells,test
GGGACCTGACCCTC-1,CD14+ Monocytes,0.9992805,CD14+ Monocytes,test
GGGACCTGCTTGCC-1,CD4 T cells,0.99991024,CD4 T cells,test
GGGACCTGTGGAGG-1,B cells,0.99989116,B cells,train
GGGATGGACGACAT-1,B cells,0.999374,B cells,train
GGGATGGATACTTC-1,CD4 T cells,0.99999726,CD4 T cells,test
GGGATGGATGGTTG-1,CD14+ Monocytes,0.99942183,CD14+ Monocytes,test
GGGATTACGTCTAG-1,CD4 T cells,0.99997616,CD4 T cells,train
GGGCAAGATGCATG-1,CD14+ Monocytes,0.9999896,CD14+ Monocytes,train
GGGCACACGGTGAG-1,FCGR3A+ Monocytes,0.8368853,CD4 T cells,train
GGGCACACGTTGCA-1,CD4 T cells,0.9997638,CD4 T cells,train
GGGCAGCTTGGGAG-1,CD8 T cells,0.9941255,CD8 T cells,test
GGGCAGCTTTTCTG-1,CD4 T cells,0.99872476,CD4 T cells,test
GGGCCAACCTTGGA-1,Dendritic cells,0.99593604,Dendritic cells,train
GGGCCAACGCGTTA-1,B cells,0.9975528,B cells,test
GGGCCAACTACGCA-1,CD14+ Monocytes,0.9996718,CD14+ Monocytes,test
GGGCCAACTCCAAG-1,B cells,0.99966323,B cells,train
GGGCCATGATGGTC-1,CD4 T cells,0.9852991,CD8 T cells,test
GGGCCATGTTGACG-1,CD4 T cells,0.9993691,CD4 T cells,test
GGGTAACTCAGCTA-1,CD4 T cells,0.99985826,CD4 T cells,train
GGGTAACTCTAGTG-1,B cells,0.99984586,B cells,train
GGGTAACTCTGGAT-1,CD4 T cells,0.9998641,CD4 T cells,train
GGGTTAACGTGCAT-1,NK cells,0.7231959,NK cells,train
GGTAAAGAGCTAAC-1,NK cells,0.99461573,NK cells,train
GGTACAACTGCAAC-1,CD4 T cells,0.99997306,CD4 T cells,train
GGTACATGAAAGCA-1,B cells,0.99978644,B cells,train
GGTACATGAGCTCA-1,CD4 T cells,0.98521984,CD4 T cells,test
GGTACATGCGGTAT-1,CD4 T cells,0.9997969,CD4 T cells,train
GGTACATGGTTACG-1,CD8 T cells,0.9970702,CD8 T cells,train
GGTACATGTGGGAG-1,CD4 T cells,0.99152803,CD4 T cells,train
GGTACTGAACTCTT-1,CD14+ Monocytes,0.99992573,CD14+ Monocytes,test
GGTAGTACACCACA-1,CD8 T cells,0.99791974,CD8 T cells,train
GGTAGTACACTAGC-1,CD14+ Monocytes,0.9997336,CD14+ Monocytes,train
GGTAGTACCCTGTC-1,CD4 T cells,0.99907625,CD4 T cells,train
GGTAGTACGCCATA-1,CD14+ Monocytes,0.99996734,CD14+ Monocytes,train
GGTAGTACTGTCTT-1,CD8 T cells,0.99728465,CD8 T cells,train
GGTATCGAGACAAA-1,CD14+ Monocytes,0.99931693,CD14+ Monocytes,train
GGTATCGATGAACC-1,B cells,0.99952257,B cells,train
GGTCAAACCAAAGA-1,CD4 T cells,0.999984,CD4 T cells,test
GGTCTAGAGAAACA-1,CD14+ Monocytes,0.9995328,CD14+ Monocytes,test
GGTCTAGATAGCGT-1,CD14+ Monocytes,0.9997782,CD14+ Monocytes,train
GGTGATACCGACTA-1,B cells,0.9996767,B cells,train
GGTGATACGACTAC-1,CD14+ Monocytes,0.99969673,CD14+ Monocytes,train
GGTGATACTGTTTC-1,CD4 T cells,0.9999466,CD4 T cells,train
GGTGGAGAAACGGG-1,NK cells,0.98190135,NK cells,test
GGTGGAGAAGTAGA-1,CD4 T cells,0.9999739,CD4 T cells,test
GGTGGAGACAGATC-1,CD8 T cells,0.9958687,CD8 T cells,train
GGTGGAGATCGATG-1,CD4 T cells,0.99971634,CD4 T cells,train
GGTGGAGATCTCTA-1,CD14+ Monocytes,0.99972624,CD14+ Monocytes,train
GGTGGAGATTACTC-1,NK cells,0.61585104,CD8 T cells,test
GGTTTACTACGCAT-1,CD8 T cells,0.9994254,CD8 T cells,train
GTAACGTGACCTCC-1,CD14+ Monocytes,0.9952172,CD14+ Monocytes,train
GTAACGTGATCGGT-1,B cells,0.9999013,B cells,train
GTAACGTGCAGCTA-1,B cells,0.99997115,B cells,train
GTAACGTGGTTGAC-1,B cells,0.9993242,B cells,train
GTAAGCACAACGGG-1,CD4 T cells,0.9999498,CD4 T cells,test
GTAAGCACTCATTC-1,B cells,0.99992883,B cells,train
GTAAGCTGGTACCA-1,CD14+ Monocytes,0.9999541,CD14+ Monocytes,test
GTAATAACCTTCTA-1,CD14+ Monocytes,0.99990916,CD14+ Monocytes,test
GTAATAACGTTGTG-1,CD4 T cells,0.9999498,CD4 T cells,test
GTACCCTGACAGTC-1,FCGR3A+ Monocytes,0.9987134,FCGR3A+ Monocytes,test
GTACCCTGGAGCTT-1,CD4 T cells,0.99997663,CD4 T cells,train
GTACCCTGTCCTTA-1,CD8 T cells,0.99895775,CD8 T cells,train
GTACCCTGTGAACC-1,CD4 T cells,0.94310886,CD4 T cells,train
GTACGTGAACGTTG-1,CD8 T cells,0.9999769,CD8 T cells,train
GTACTTTGTCGACA-1,CD8 T cells,0.9993882,CD8 T cells,train
GTAGACTGAGATGA-1,CD14+ Monocytes,0.99893886,CD14+ Monocytes,train
GTAGACTGTATTCC-1,CD4 T cells,0.9999751,CD4 T cells,train
GTAGCAACAGTCGT-1,CD14+ Monocytes,0.9993363,CD14+ Monocytes,test
GTAGCAACCATTTC-1,B cells,0.99964356,B cells,train
GTAGCAACGGTAGG-1,CD14+ Monocytes,0.9999436,CD14+ Monocytes,train
GTAGCATGCACTCC-1,B cells,0.9988702,B cells,test
GTAGCATGTAAGCC-1,CD14+ Monocytes,0.99995816,CD14+ Monocytes,test
GTAGCCCTGACGTT-1,CD4 T cells,0.99902356,CD4 T cells,train
GTAGCTGAAGCTAC-1,FCGR3A+ Monocytes,0.998863,FCGR3A+ Monocytes,train
GTAGCTGAATTCGG-1,CD4 T cells,0.9999958,CD4 T cells,train
GTAGGTACACGGGA-1,CD14+ Monocytes,0.99997044,CD14+ Monocytes,train
GTAGTGACCTCATT-1,CD4 T cells,0.99979645,CD4 T cells,train
GTAGTGTGAGCGGA-1,NK cells,0.998495,NK cells,train
GTAGTGTGAGGCGA-1,CD14+ Monocytes,0.9999856,CD14+ Monocytes,train
GTAGTGTGTGGTTG-1,CD4 T cells,0.9489062,CD4 T cells,test
GTATCACTGGTAGG-1,CD14+ Monocytes,0.99671066,CD14+ Monocytes,test
GTATCTACAGAAGT-1,CD8 T cells,0.9993574,CD8 T cells,train
GTATCTACGACGAG-1,CD8 T cells,0.9996581,CD8 T cells,test
GTATCTACGTTACG-1,CD8 T cells,0.74892426,CD4 T cells,test
GTATTAGAAACAGA-1,CD4 T cells,0.99536777,CD4 T cells,train
GTATTAGAGGTCTA-1,CD4 T cells,0.99984825,CD4 T cells,test
GTATTCACACAGCT-1,CD4 T cells,0.99927634,CD4 T cells,train
GTATTCACGGGTGA-1,CD8 T cells,0.9999503,CD8 T cells,train
GTCAACGACACTGA-1,CD4 T cells,0.9998035,CD4 T cells,test
GTCAACGAGTGTAC-1,CD14+ Monocytes,0.99992883,CD14+ Monocytes,test
GTCAATCTACACCA-1,CD8 T cells,0.9992229,CD8 T cells,train
GTCAATCTGTAGCT-1,CD8 T cells,0.9992805,CD8 T cells,train
GTCAATCTTGTGGT-1,CD4 T cells,0.999956,CD4 T cells,train
GTCACCTGCCTCCA-1,CD4 T cells,0.99999285,CD4 T cells,train
GTCACCTGTCCCGT-1,CD4 T cells,0.9994759,CD4 T cells,train
GTCATACTAATCGC-1,B cells,0.99305034,B cells,test
GTCATACTGCGATT-1,CD8 T cells,0.9957491,CD8 T cells,train
GTCATACTTCGCCT-1,Megakaryocytes,0.99849916,Megakaryocytes,train
GTCATACTTTACCT-1,CD8 T cells,0.9892603,CD8 T cells,test
GTCATACTTTGACG-1,CD4 T cells,0.9981242,CD4 T cells,train
GTCCAAGAAAAACG-1,CD4 T cells,0.999949,CD4 T cells,train
GTCCACTGACCTCC-1,CD8 T cells,0.9987148,CD8 T cells,train
GTCCACTGGGTACT-1,FCGR3A+ Monocytes,0.995682,FCGR3A+ Monocytes,train
GTCCAGCTACGGGA-1,CD4 T cells,0.9999751,CD4 T cells,train
GTCCCATGTGGTGT-1,CD14+ Monocytes,0.99716955,CD14+ Monocytes,train
GTCGAATGAAGGCG-1,CD14+ Monocytes,0.9999931,CD14+ Monocytes,train
GTCGACCTGAATGA-1,NK cells,0.99708015,NK cells,train
GTCGACCTGTTCAG-1,CD4 T cells,0.9997861,CD4 T cells,train
GTCGCACTTGAGAA-1,B cells,0.99966145,B cells,test
GTCTAACTGGTCTA-1,CD14+ Monocytes,0.90841675,CD14+ Monocytes,train
GTCTAGGAGCTTCC-1,CD14+ Monocytes,0.9999597,CD14+ Monocytes,train
GTGAACACACTCTT-1,CD4 T cells,0.9999807,CD4 T cells,train
GTGAACACTCAGGT-1,CD4 T cells,0.9990274,CD4 T cells,test
GTGACCCTTAAGCC-1,CD8 T cells,0.99983466,CD8 T cells,train
GTGATGACAAGTGA-1,CD4 T cells,0.99999714,CD4 T cells,train
GTGATGACCTGAGT-1,B cells,0.99995804,B cells,train
GTGATGACGGTTTG-1,CD8 T cells,0.9999552,CD8 T cells,test
GTGATTCTCATTTC-1,CD4 T cells,0.9999281,CD4 T cells,test
GTGATTCTCTCTCG-1,CD14+ Monocytes,0.9999385,CD14+ Monocytes,train
GTGATTCTGGTTCA-1,CD8 T cells,0.81543785,NK cells,train
GTGATTCTGTCGAT-1,CD4 T cells,0.99999654,CD4 T cells,train
GTGATTCTTAGCGT-1,B cells,0.9995975,B cells,train
GTGCCACTCAGGAG-1,CD4 T cells,0.9998147,CD4 T cells,train
GTGGATTGCACTAG-1,FCGR3A+ Monocytes,0.99910235,FCGR3A+ Monocytes,test
GTGGATTGCGGAGA-1,CD4 T cells,0.99995244,CD4 T cells,train
GTGGATTGTAACGC-1,CD4 T cells,0.9999473,CD4 T cells,train
GTGTACGATCAGTG-1,CD4 T cells,0.9999795,CD4 T cells,train
GTGTAGTGGGTACT-1,CD4 T cells,0.99876225,CD4 T cells,train
GTGTATCTAGCCTA-1,B cells,0.99975246,B cells,train
GTGTATCTAGTAGA-1,NK cells,0.92580765,CD8 T cells,test
GTGTATCTGTTACG-1,B cells,0.99963737,B cells,train
GTGTCAGAAGCGTT-1,CD8 T cells,0.99831855,CD8 T cells,train
GTTAAAACCGAGAG-1,NK cells,0.9873125,NK cells,train
GTTAAATGCTCGAA-1,CD4 T cells,0.99999464,CD4 T cells,test
GTTAAATGTCGACA-1,B cells,0.9995701,B cells,test
GTTAACCTAGCTAC-1,CD4 T cells,0.99821377,CD4 T cells,train
GTTAACCTTGCTTT-1,Dendritic cells,0.99256814,Dendritic cells,test
GTTAGGTGCACTCC-1,CD4 T cells,0.9997949,CD4 T cells,train
GTTAGGTGCCAGTA-1,CD14+ Monocytes,0.99986875,CD14+ Monocytes,train
GTTAGGTGCCCAAA-1,FCGR3A+ Monocytes,0.99864286,FCGR3A+ Monocytes,test
GTTAGGTGGAACTC-1,B cells,0.9975803,B cells,train
GTTAGTCTAAGAAC-1,CD8 T cells,0.56040096,CD8 T cells,test
GTTATAGAGGACAG-1,CD8 T cells,0.80782366,CD4 T cells,test
GTTATGCTTTCATC-1,CD4 T cells,0.99990976,CD4 T cells,test
GTTCAACTGGGACA-1,NK cells,0.9951285,NK cells,train
GTTCAACTTATGCG-1,CD4 T cells,0.99917763,CD4 T cells,train
GTTGACGAGCCCTT-1,CD8 T cells,0.9999758,NK cells,test
GTTGACGATATCGG-1,NK cells,0.9991059,NK cells,train
GTTGAGTGGTCTTT-1,CD14+ Monocytes,0.997311,CD14+ Monocytes,train
GTTGAGTGTGCTTT-1,CD4 T cells,0.9951408,CD4 T cells,train
GTTGATCTGGGACA-1,CD4 T cells,0.99982846,CD4 T cells,test
GTTGATCTTTTCAC-1,CD8 T cells,0.99995816,CD8 T cells,train
GTTGGATGTTTACC-1,FCGR3A+ Monocytes,0.9937546,FCGR3A+ Monocytes,train
GTTGTACTATTCCT-1,CD14+ Monocytes,0.9972819,CD14+ Monocytes,test
GTTGTACTTTTGGG-1,CD4 T cells,0.9999404,CD4 T cells,train
GTTTAAGACCATGA-1,CD14+ Monocytes,0.99992335,CD14+ Monocytes,test
GTTTAAGACTGTCC-1,CD8 T cells,0.99947935,CD8 T cells,train
TAAACAACCAACCA-1,CD4 T cells,0.99995077,CD4 T cells,train
TAAACAACGAATCC-1,B cells,0.9976673,B cells,test
TAAAGACTCAGGAG-1,CD4 T cells,0.74781877,CD4 T cells,test
TAAATCGATGAGGG-1,CD4 T cells,0.999997,CD4 T cells,train
TAACAATGTGCCCT-1,B cells,0.9999474,B cells,train
TAACACCTTCGCTC-1,CD14+ Monocytes,0.99998236,CD14+ Monocytes,test
TAACACCTTCGTAG-1,CD14+ Monocytes,0.99950945,CD14+ Monocytes,train
TAACACCTTGTTTC-1,Megakaryocytes,0.99825734,Megakaryocytes,test
TAACATGACACTAG-1,B cells,0.9653872,B cells,train
TAACCGGACTTACT-1,CD4 T cells,0.9999809,CD4 T cells,train
TAACGTCTCAACCA-1,CD14+ Monocytes,0.99873024,CD14+ Monocytes,test
TAACGTCTCATTGG-1,CD4 T cells,0.9995473,CD4 T cells,test
TAACTAGAATTTCC-1,CD4 T cells,0.99658394,CD4 T cells,train
TAACTAGACTTAGG-1,CD4 T cells,0.99866855,CD4 T cells,test
TAACTAGATCTGGA-1,CD4 T cells,0.9999918,CD4 T cells,train
TAACTCACGAGGAC-1,CD14+ Monocytes,0.9997774,CD14+ Monocytes,train
TAACTCACGTACAC-1,B cells,0.99877065,B cells,train
TAACTCACGTATCG-1,CD14+ Monocytes,0.99938905,CD14+ Monocytes,train
TAACTCACTCTACT-1,NK cells,0.99823904,NK cells,train
TAAGAACTGTGTCA-1,CD14+ Monocytes,0.99912006,CD14+ Monocytes,test
TAAGAGGACTAAGC-1,B cells,0.99924743,B cells,train
TAAGAGGACTTGTT-1,CD8 T cells,0.5079607,NK cells,test
TAAGATACGGTTCA-1,CD14+ Monocytes,0.9977582,CD14+ Monocytes,test
TAAGATTGCGTAGT-1,CD4 T cells,0.9999957,CD4 T cells,test
TAAGATTGTTGCTT-1,CD4 T cells,0.9981154,CD4 T cells,test
TAAGCGTGAGGTTC-1,CD14+ Monocytes,0.9999664,CD14+ Monocytes,test
TAAGCGTGGACAAA-1,CD14+ Monocytes,0.99113643,CD14+ Monocytes,train
TAAGCGTGGGAAAT-1,CD4 T cells,0.99972147,CD4 T cells,train
TAAGCGTGTGCTCC-1,CD14+ Monocytes,0.8030398,FCGR3A+ Monocytes,test
TAAGGCTGCCATGA-1,CD8 T cells,0.99820733,CD8 T cells,train
TAAGGCTGCTGCTC-1,CD4 T cells,0.99998665,CD4 T cells,train
TAAGGCTGTCTCGC-1,CD14+ Monocytes,0.9995247,CD14+ Monocytes,train
TAAGGGCTGCTGTA-1,CD4 T cells,0.99215215,CD4 T cells,train
TAAGGGCTTTACTC-1,CD4 T cells,0.999944,CD4 T cells,test
TAAGTAACCGAGAG-1,B cells,0.9994349,B cells,test
TAAGTAACCTCCAC-1,B cells,0.9995484,B cells,test
TAAGTAACCTGTAG-1,CD4 T cells,0.9990189,CD4 T cells,train
TAAGTAACTTGTCT-1,CD4 T cells,0.9984951,CD4 T cells,train
TAATGATGAGCGGA-1,CD4 T cells,0.99982244,CD4 T cells,train
TAATGCCTCATGAC-1,CD4 T cells,0.99997365,CD4 T cells,train
TAATGCCTCGTCTC-1,NK cells,0.9995828,NK cells,train
TAATGTGAAGATGA-1,CD4 T cells,0.9997631,CD4 T cells,test
TAATGTGACTGCAA-1,CD14+ Monocytes,0.99994254,CD14+ Monocytes,train
TAATGTGATTACTC-1,CD8 T cells,0.9994518,CD8 T cells,train
TACAAATGGGTACT-1,CD4 T cells,0.9841861,CD4 T cells,test
TACAATGAAAACAG-1,CD14+ Monocytes,0.9999918,CD14+ Monocytes,train
TACAATGACTTAGG-1,CD4 T cells,0.99949026,CD4 T cells,test
TACAATGATGCTAG-1,CD8 T cells,0.99896574,CD8 T cells,train
TACACACTCACACA-1,CD4 T cells,0.99804425,CD4 T cells,train
TACACACTCTTACT-1,CD4 T cells,0.9998977,CD4 T cells,train
TACATAGAACGCAT-1,CD8 T cells,0.99990916,CD8 T cells,train
TACATCACACGGGA-1,CD4 T cells,0.99995387,CD4 T cells,test
TACATCACCTGTTT-1,FCGR3A+ Monocytes,0.99849427,FCGR3A+ Monocytes,test
TACATCACGCTAAC-1,B cells,0.999964,B cells,train
TACATCACTGAACC-1,FCGR3A+ Monocytes,0.9988875,FCGR3A+ Monocytes,train
TACCATTGAGGTTC-1,CD4 T cells,0.999997,CD4 T cells,test
TACCATTGCGGGAA-1,CD14+ Monocytes,0.99875844,CD14+ Monocytes,train
TACCATTGGGGATG-1,CD14+ Monocytes,0.99980015,CD14+ Monocytes,test
TACCATTGTGAGGG-1,CD14+ Monocytes,0.99718493,CD14+ Monocytes,train
TACCGGCTGTTGGT-1,CD4 T cells,0.99989927,CD4 T cells,train
TACGAGTGATCTCT-1,CD4 T cells,0.99990547,CD4 T cells,test
TACGAGTGATGCTG-1,CD14+ Monocytes,0.99733776,CD14+ Monocytes,train
TACGAGTGCGGAGA-1,CD4 T cells,0.9999974,CD4 T cells,train
TACGAGTGGTTGGT-1,CD4 T cells,0.99949265,CD4 T cells,test
TACGATCTAGTGTC-1,CD4 T cells,0.99930537,CD4 T cells,train
TACGATCTCACTGA-1,CD14+ Monocytes,0.8630115,CD14+ Monocytes,test
TACGATCTTACGAC-1,CD4 T cells,0.9973412,CD4 T cells,train
TACGCAGAGAATCC-1,CD8 T cells,0.9991775,CD8 T cells,train
TACGCCACATTCCT-1,CD4 T cells,0.997439,CD4 T cells,train
TACGCCACTCCCAC-1,FCGR3A+ Monocytes,0.9979455,FCGR3A+ Monocytes,train
TACGCCACTCCGAA-1,B cells,0.99841344,B cells,train
TACGGAACGCGTTA-1,B cells,0.99969316,B cells,train
TACGGCCTGGGACA-1,NK cells,0.99895406,NK cells,train
TACGTACTACGGAG-1,CD8 T cells,0.99999964,CD8 T cells,train
TACGTACTCAGTTG-1,CD4 T cells,0.9993948,CD4 T cells,train
TACGTACTCCCGTT-1,B cells,0.99870455,B cells,train
TACGTTACAGAAGT-1,CD4 T cells,0.99845266,CD4 T cells,train
TACGTTACCAAGCT-1,CD14+ Monocytes,0.9996057,CD14+ Monocytes,train
TACTAAGAAAGGTA-1,B cells,0.9995958,B cells,test
TACTAAGAATCACG-1,CD4 T cells,0.99997795,CD4 T cells,train
TACTAAGATGATGC-1,CD14+ Monocytes,0.9998579,CD14+ Monocytes,train
TACTAAGATTGCGA-1,CD4 T cells,0.999985,CD4 T cells,train
TACTACACGAGAGC-1,CD4 T cells,0.99997973,CD4 T cells,train
TACTACACTTACCT-1,CD4 T cells,0.9876517,CD4 T cells,train
TACTACTGAACCTG-1,CD14+ Monocytes,0.9997009,CD14+ Monocytes,train
TACTACTGATGTCG-1,CD8 T cells,0.9975795,CD8 T cells,test
TACTACTGATTCTC-1,CD4 T cells,0.9999876,CD4 T cells,train
TACTACTGTATGGC-1,CD4 T cells,0.99997854,CD4 T cells,test
TACTCAACGGTCTA-1,CD14+ Monocytes,0.9999465,CD14+ Monocytes,test
TACTCAACTGCTAG-1,B cells,0.99965847,B cells,train
TACTCCCTCAGTTG-1,CD4 T cells,0.99960977,CD4 T cells,train
TACTCTGAATCGAC-1,NK cells,0.99779034,NK cells,train
TACTCTGACGAGTT-1,CD4 T cells,0.9998735,CD4 T cells,test
TACTCTGATTGACG-1,B cells,0.9999186,B cells,train
TACTGGGATCGATG-1,CD4 T cells,0.99999523,CD4 T cells,test
TACTGTTGAAAGCA-1,CD4 T cells,0.9998611,CD4 T cells,train
TACTGTTGAGGCGA-1,NK cells,0.9999175,NK cells,train
TACTGTTGCTGAAC-1,B cells,0.7723472,B cells,test
TACTTGACTCCTCG-1,CD8 T cells,0.9998411,CD8 T cells,test
TACTTGACTGGTGT-1,B cells,0.999241,B cells,train
TACTTTCTTTTGGG-1,CD4 T cells,0.999964,CD4 T cells,train
TAGAAACTAATCGC-1,CD4 T cells,0.9999622,CD4 T cells,train
TAGAAACTGCTTCC-1,CD14+ Monocytes,0.999785,CD14+ Monocytes,test
TAGAAACTGGGATG-1,CD8 T cells,0.9977769,CD8 T cells,test
TAGAATTGCGACAT-1,CD4 T cells,0.9995179,CD4 T cells,test
TAGAATTGTATCGG-1,CD4 T cells,0.9998161,CD4 T cells,train
TAGACGTGCTTGAG-1,CD4 T cells,0.9999906,CD4 T cells,train
TAGACGTGTCGCTC-1,CD4 T cells,0.9999726,CD4 T cells,train
TAGAGCACCTTACT-1,B cells,0.9996878,B cells,test
TAGATTGACTTGTT-1,B cells,0.99918216,B cells,train
TAGATTGAGGCATT-1,CD8 T cells,0.9231225,CD8 T cells,train
TAGCATCTCAGCTA-1,NK cells,0.99895763,NK cells,train
TAGCATCTCCCTCA-1,CD4 T cells,0.99991524,CD4 T cells,train
TAGCATCTGCTGTA-1,FCGR3A+ Monocytes,0.9891089,FCGR3A+ Monocytes,train
TAGCATCTGGGACA-1,CD4 T cells,0.9999541,CD4 T cells,test
TAGCATCTTGTCGA-1,CD4 T cells,0.99993145,CD4 T cells,train
TAGCCCACAAAAGC-1,CD4 T cells,0.9985404,CD4 T cells,train
TAGCCCACAGCCAT-1,CD8 T cells,0.99984884,CD8 T cells,train
TAGCCCACAGCTAC-1,NK cells,0.95096,NK cells,test
TAGCCCACCCACAA-1,CD4 T cells,0.9995148,CD4 T cells,train
TAGCCCTGCGGAGA-1,CD8 T cells,0.9963264,CD8 T cells,train
TAGCCGCTTACGAC-1,CD4 T cells,0.9997714,CD4 T cells,test
TAGCCGCTTACTTC-1,CD8 T cells,0.99996805,CD8 T cells,test
TAGCCGCTTTCCAT-1,CD14+ Monocytes,0.99979275,CD14+ Monocytes,test
TAGCTACTGAATAG-1,B cells,0.99982363,B cells,train
TAGCTACTGTAGCT-1,CD4 T cells,0.9999585,CD4 T cells,train
TAGCTACTTTTGCT-1,CD8 T cells,0.99856454,CD8 T cells,test
TAGGACTGTGCTGA-1,CD4 T cells,0.9975922,CD4 T cells,train
TAGGAGCTAAGGCG-1,B cells,0.9988912,B cells,train
TAGGAGCTGAGGGT-1,CD4 T cells,0.9999653,CD4 T cells,train
TAGGAGCTTGCATG-1,B cells,0.9999236,B cells,train
TAGGCAACCGTCTC-1,B cells,0.99993706,B cells,test
TAGGCATGCTCTCG-1,Dendritic cells,0.99305046,Dendritic cells,test
TAGGCATGGCGAGA-1,CD8 T cells,0.99999475,CD8 T cells,train
TAGGCTGATGCCTC-1,CD14+ Monocytes,0.9999732,CD14+ Monocytes,train
TAGGGACTGAACTC-1,CD8 T cells,0.9996686,CD8 T cells,train
TAGGTCGACACTGA-1,CD4 T cells,0.9991441,CD4 T cells,test
TAGGTCGAGGATCT-1,B cells,0.99932826,B cells,test
TAGGTGACACACTG-1,CD4 T cells,0.9999635,CD4 T cells,test
TAGGTGACACGTTG-1,B cells,0.99984026,B cells,train
TAGGTGTGTTCTGT-1,CD4 T cells,0.99673647,CD4 T cells,train
TAGGTTCTGAAGGC-1,CD4 T cells,0.99997616,CD4 T cells,train
TAGGTTCTTCTTAC-1,FCGR3A+ Monocytes,0.99957865,FCGR3A+ Monocytes,test
TAGGTTCTTGCTGA-1,CD14+ Monocytes,0.998577,CD14+ Monocytes,train
TAGTAAACCTCGCT-1,CD4 T cells,0.9999628,CD4 T cells,test
TAGTAAACGTCACA-1,CD4 T cells,0.9995958,CD4 T cells,train
TAGTAATGAGATCC-1,CD4 T cells,0.9997373,CD4 T cells,test
TAGTACCTAAGAAC-1,CD14+ Monocytes,0.99980396,CD14+ Monocytes,train
TAGTATGATCTTAC-1,B cells,0.9978594,B cells,train
TAGTATGATTCTCA-1,CD4 T cells,0.9999927,CD4 T cells,train
TAGTCTTGGCTGTA-1,CD4 T cells,0.9999156,CD4 T cells,train
TAGTCTTGGGACTT-1,CD4 T cells,0.99929726,CD4 T cells,train
TAGTCTTGTGGAAA-1,CD8 T cells,0.999966,CD8 T cells,train
TAGTGGTGAAGTGA-1,NK cells,0.99917275,NK cells,train
TAGTTAGAACCACA-1,NK cells,0.9961971,NK cells,test
TAGTTAGATGAACC-1,CD4 T cells,0.99505854,CD4 T cells,test
TATAAGACAACAGA-1,CD4 T cells,0.9921659,CD4 T cells,train
TATAAGACAGCTCA-1,FCGR3A+ Monocytes,0.9994863,FCGR3A+ Monocytes,test
TATAAGTGACACCA-1,FCGR3A+ Monocytes,0.9986319,FCGR3A+ Monocytes,test
TATAAGTGTATCGG-1,CD14+ Monocytes,0.9994561,CD14+ Monocytes,train
TATAAGTGTGGTGT-1,FCGR3A+ Monocytes,0.9999286,FCGR3A+ Monocytes,train
TATACAGAACCCTC-1,CD8 T cells,0.9982436,CD8 T cells,test
TATACAGAAGAACA-1,CD4 T cells,0.99991894,CD4 T cells,train
TATACAGATCCAGA-1,CD4 T cells,0.99994564,CD4 T cells,train
TATACCACCTGATG-1,B cells,0.9993975,B cells,train
TATACGCTACCAAC-1,CD4 T cells,0.99987495,CD4 T cells,test
TATAGATGGACGGA-1,CD4 T cells,0.99991703,CD4 T cells,train
TATAGATGTTCCGC-1,FCGR3A+ Monocytes,0.98834735,FCGR3A+ Monocytes,test
TATCCAACCAGCTA-1,CD14+ Monocytes,0.999959,CD14+ Monocytes,train
TATCCAACTCTCTA-1,CD8 T cells,0.9989071,CD8 T cells,train
TATCGACTACTAGC-1,NK cells,0.9904309,NK cells,test
TATCGACTCGATAC-1,FCGR3A+ Monocytes,0.8094218,CD14+ Monocytes,train
TATCGTACAGATGA-1,CD8 T cells,0.9993844,CD8 T cells,train
TATCGTACATTCCT-1,CD14+ Monocytes,0.99993527,CD14+ Monocytes,test
TATCTCGAGAGATA-1,CD4 T cells,0.99998236,CD4 T cells,train
TATCTGACAGGTTC-1,CD8 T cells,0.99983084,CD8 T cells,test
TATCTGACTGTTTC-1,CD8 T cells,0.9895901,CD8 T cells,test
TATCTTCTAAACAG-1,CD4 T cells,0.7882637,CD4 T cells,test
TATGAATGGAGGAC-1,NK cells,0.98057884,NK cells,train
TATGAATGTTTGCT-1,FCGR3A+ Monocytes,0.99979967,FCGR3A+ Monocytes,train
TATGCGGATAACCG-1,CD4 T cells,0.99957854,CD4 T cells,train
TATGGGTGCATCAG-1,NK cells,0.99575007,NK cells,test
TATGGGTGCTAGCA-1,B cells,0.98612124,B cells,test
TATGGTCTCTACCC-1,CD4 T cells,0.9998435,CD4 T cells,train
TATGTCACGGAACG-1,B cells,0.9993819,B cells,train
TATGTCACTAACCG-1,CD14+ Monocytes,0.9929455,CD14+ Monocytes,train
TATGTCACTTCTCA-1,B cells,0.9995389,B cells,train
TATGTGCTCCGATA-1,CD14+ Monocytes,0.9999143,CD14+ Monocytes,test
TATGTGCTGGATTC-1,CD4 T cells,0.99886656,CD4 T cells,test
TATTGCTGAAGAAC-1,CD14+ Monocytes,0.9972582,CD14+ Monocytes,test
TATTGCTGCCGTTC-1,B cells,0.9458044,CD4 T cells,test
TATTGCTGTCTGGA-1,CD4 T cells,0.9998091,CD4 T cells,train
TATTGCTGTGCACA-1,CD8 T cells,0.99895775,CD8 T cells,train
TATTTCCTATTGGC-1,CD14+ Monocytes,0.9969181,CD14+ Monocytes,train
TATTTCCTGGAGGT-1,NK cells,0.9776139,NK cells,train
TATTTCCTGGTGTT-1,CD4 T cells,0.9988663,CD4 T cells,train
TCAACACTGTTTGG-1,CD8 T cells,0.5680674,NK cells,test
TCAAGGACAGCGTT-1,CD4 T cells,0.9984621,CD4 T cells,train
TCAAGGACATTCTC-1,CD8 T cells,0.99971884,CD8 T cells,train
TCAAGGACGGTGTT-1,CD14+ Monocytes,0.99996686,CD14+ Monocytes,train
TCAATCACACTCTT-1,CD8 T cells,0.99999845,CD8 T cells,train
TCAATCACAGTCGT-1,FCGR3A+ Monocytes,0.9801384,FCGR3A+ Monocytes,train
TCACAACTATGTGC-1,CD4 T cells,0.9993057,CD4 T cells,train
TCACAACTTTGCTT-1,CD14+ Monocytes,0.99995184,CD14+ Monocytes,train
TCACATACACTTTC-1,CD8 T cells,0.99994934,CD8 T cells,train
TCACATACAGGGTG-1,CD4 T cells,0.99993753,CD4 T cells,test
TCACCCGAGACGGA-1,CD14+ Monocytes,0.99362683,CD14+ Monocytes,test
TCACCGTGCTCGCT-1,FCGR3A+ Monocytes,0.9981323,FCGR3A+ Monocytes,train
TCACCTCTACGACT-1,CD8 T cells,0.99874336,CD8 T cells,train
TCACCTCTTCCAAG-1,FCGR3A+ Monocytes,0.99236614,FCGR3A+ Monocytes,train
TCACGAGAGGAGGT-1,B cells,0.9993585,B cells,train
TCACTATGGGGCAA-1,CD8 T cells,0.9997743,CD8 T cells,test
TCACTATGGTTGTG-1,B cells,0.9990043,B cells,train
TCAGACGACGCTAA-1,CD4 T cells,0.99562967,CD4 T cells,test
TCAGACGACGTTAG-1,NK cells,0.99578947,NK cells,test
TCAGAGACTCCAGA-1,CD4 T cells,0.9993543,CD4 T cells,test
TCAGCAGACTCCAC-1,CD4 T cells,0.9996834,CD4 T cells,train
TCAGCGCTCTAGTG-1,CD8 T cells,0.99908435,CD8 T cells,train
TCAGCGCTGGATCT-1,B cells,0.9995135,B cells,train
TCAGCGCTGGTATC-1,CD8 T cells,0.9978738,CD8 T cells,train
TCAGGATGAAGTAG-1,CD4 T cells,0.9999989,CD4 T cells,train
TCAGGATGCCTTTA-1,FCGR3A+ Monocytes,0.93840355,FCGR3A+ Monocytes,test
TCAGTGGAAGATCC-1,NK cells,0.9723455,NK cells,train
TCAGTTACCTACGA-1,CD14+ Monocytes,0.99994254,CD14+ Monocytes,train
TCAGTTACTAGAAG-1,CD4 T cells,0.9999906,CD4 T cells,train
TCATCAACCCGATA-1,CD4 T cells,0.9998965,CD4 T cells,test
TCATCAACTGTTCT-1,CD14+ Monocytes,0.9980945,CD14+ Monocytes,train
TCATCATGCAGTTG-1,CD4 T cells,0.9994823,CD4 T cells,train
TCATCCCTTACTGG-1,CD4 T cells,0.906086,CD8 T cells,test
TCATTCGATACAGC-1,FCGR3A+ Monocytes,0.98662925,FCGR3A+ Monocytes,test
TCCACGTGGAAACA-1,CD4 T cells,0.96196586,CD8 T cells,test
TCCACTCTACACTG-1,CD4 T cells,0.9977748,CD4 T cells,train
TCCACTCTGAGCTT-1,CD14+ Monocytes,0.99984825,CD14+ Monocytes,train
TCCACTCTTACTTC-1,B cells,0.9999553,B cells,train
TCCATAACAAAGTG-1,CD4 T cells,0.9997509,CD4 T cells,train
TCCATAACCGTAGT-1,B cells,0.9994288,B cells,train
TCCATAACGATGAA-1,CD4 T cells,0.9993923,CD4 T cells,test
TCCATAACTACGCA-1,CD4 T cells,0.9979679,CD4 T cells,test
TCCATCCTCCCTAC-1,CD8 T cells,0.99998236,CD8 T cells,train
TCCCACGATCATTC-1,CD4 T cells,0.9996921,CD4 T cells,train
TCCCATCTCAAAGA-1,CD14+ Monocytes,0.9994998,CD14+ Monocytes,test
TCCCGAACACAGTC-1,NK cells,0.9991541,NK cells,train
TCCCGAACTTCGCC-1,FCGR3A+ Monocytes,0.99752873,FCGR3A+ Monocytes,train
TCCCGATGAGATCC-1,CD4 T cells,0.99892503,CD4 T cells,train
TCCCGATGCCTGAA-1,CD14+ Monocytes,0.9999094,CD14+ Monocytes,train
TCCCTACTCAACTG-1,B cells,0.99980956,B cells,test
TCCGAAGACAATCG-1,CD14+ Monocytes,0.9997373,CD14+ Monocytes,train
TCCGAAGACGTTAG-1,CD4 T cells,0.99999535,CD4 T cells,train
TCCGGACTGAGGTG-1,CD4 T cells,0.9998908,CD4 T cells,train
TCCGGACTGTACGT-1,CD8 T cells,0.9998896,CD8 T cells,train
TCCTAAACATCGAC-1,CD4 T cells,0.9998179,CD4 T cells,train
TCCTAAACCGAGAG-1,CD4 T cells,0.99939406,CD4 T cells,train
TCCTAAACCGCATA-1,NK cells,0.999514,NK cells,train
TCCTAATGGTTTGG-1,CD8 T cells,0.99861646,CD8 T cells,train
TCCTACCTGTCGTA-1,CD4 T cells,0.99899095,CD4 T cells,train
TCCTATGAAAAGCA-1,NK cells,0.55972993,CD8 T cells,test
TCGAATCTCTGGTA-1,CD8 T cells,0.99924207,CD8 T cells,train
TCGACCTGCCGATA-1,FCGR3A+ Monocytes,0.9980209,FCGR3A+ Monocytes,train
TCGACGCTTCTATC-1,CD14+ Monocytes,0.9999552,CD14+ Monocytes,train
TCGACGCTTTGACG-1,CD4 T cells,0.99991333,CD4 T cells,train
TCGAGAACGACAGG-1,CD4 T cells,0.99833447,CD4 T cells,train
TCGAGAACGTTAGC-1,CD4 T cells,0.99938583,CD4 T cells,train
TCGAGCCTATCAGC-1,B cells,0.99101335,B cells,train
TCGAGCCTGCGAGA-1,CD8 T cells,0.9978719,CD8 T cells,train
TCGAGCCTTGTGAC-1,CD4 T cells,0.9917727,CD4 T cells,train
TCGATACTATTCCT-1,CD4 T cells,0.99686205,CD4 T cells,train
TCGATACTTGCACA-1,CD4 T cells,0.99998844,CD4 T cells,train
TCGATTTGATGCCA-1,CD14+ Monocytes,0.9997819,CD14+ Monocytes,train
TCGATTTGCACTCC-1,CD4 T cells,0.9999136,CD4 T cells,train
TCGATTTGCAGCTA-1,NK cells,0.9893512,NK cells,test
TCGATTTGCCTACC-1,CD14+ Monocytes,0.9998696,CD14+ Monocytes,train
TCGATTTGTCGTGA-1,B cells,0.9991886,B cells,test
TCGCAGCTAGATCC-1,CD8 T cells,0.99990666,CD8 T cells,test
TCGCCATGAGACTC-1,CD4 T cells,0.9999939,CD4 T cells,test
TCGCCATGTGGTCA-1,B cells,0.9972971,B cells,test
TCGGACCTAACAGA-1,CD4 T cells,0.9999615,CD4 T cells,train
TCGGACCTATAAGG-1,B cells,0.9986688,B cells,train
TCGGACCTGTACAC-1,CD4 T cells,0.999995,CD4 T cells,test
TCGGTAGAGTAGGG-1,CD4 T cells,0.99927634,CD4 T cells,train
TCGGTAGATCCCAC-1,B cells,0.9981147,B cells,test
TCGTAGGATCGACA-1,CD4 T cells,0.9999268,CD4 T cells,test
TCGTTATGGACAAA-1,CD4 T cells,0.99991,CD4 T cells,test
TCTAACACCAGTTG-1,NK cells,0.9776698,NK cells,train
TCTAACACGAGCAG-1,Dendritic cells,0.9982572,Dendritic cells,train
TCTAACTGAACCAC-1,CD4 T cells,0.9965396,CD4 T cells,train
TCTAAGCTAATGCC-1,CD4 T cells,0.99979836,CD4 T cells,test
TCTAAGCTTAGTCG-1,CD8 T cells,0.999102,CD8 T cells,train
TCTAAGCTTCTAGG-1,FCGR3A+ Monocytes,0.9984079,FCGR3A+ Monocytes,train
TCTAAGCTTGTTCT-1,CD14+ Monocytes,0.9999145,CD14+ Monocytes,train
TCTAAGCTTTCGCC-1,B cells,0.9986356,B cells,train
TCTACAACGACTAC-1,CD14+ Monocytes,0.99979764,CD14+ Monocytes,train
TCTAGACTTAGAAG-1,CD14+ Monocytes,0.99998045,CD14+ Monocytes,train
TCTAGTTGCACCAA-1,CD14+ Monocytes,0.9997608,CD14+ Monocytes,train
TCTATGTGAAGAGT-1,CD14+ Monocytes,0.9989052,CD14+ Monocytes,train
TCTATGTGAGTCTG-1,CD8 T cells,0.99845386,CD8 T cells,train
TCTCAAACCTAAGC-1,B cells,0.9942887,B cells,test
TCTCTAGAATTTCC-1,CD4 T cells,0.9938883,CD4 T cells,train
TCTGATACACGTGT-1,CD4 T cells,0.99997663,CD4 T cells,train
TCTGATACTCGCCT-1,CD4 T cells,0.99997175,CD4 T cells,train
TCTTACGAACCTGA-1,CD14+ Monocytes,0.9994185,CD14+ Monocytes,train
TCTTCAGAGCTACA-1,CD14+ Monocytes,0.9997904,CD14+ Monocytes,train
TCTTGATGCGGAGA-1,CD8 T cells,0.9999236,CD8 T cells,train
TGAAATTGGTGAGG-1,CD14+ Monocytes,0.9997907,CD14+ Monocytes,train
TGAACCGAAAACGA-1,CD4 T cells,0.99998224,CD4 T cells,test
TGAACCGACTACTT-1,FCGR3A+ Monocytes,0.99940217,FCGR3A+ Monocytes,train
TGAACCGATTCGGA-1,FCGR3A+ Monocytes,0.9935315,FCGR3A+ Monocytes,test
TGAAGCACTCACGA-1,CD8 T cells,0.99887246,CD8 T cells,train
TGAAGCTGAACGAA-1,CD4 T cells,0.99943274,CD4 T cells,train
TGAAGCTGCATGGT-1,B cells,0.99997234,B cells,train
TGAAGCTGCGTAAC-1,CD4 T cells,0.9999505,CD4 T cells,train
TGAATAACCACTTT-1,CD4 T cells,0.9999875,CD4 T cells,train
TGAATAACTCCCAC-1,CD8 T cells,0.97977954,CD8 T cells,test
TGACACGACCTTAT-1,B cells,0.9997081,B cells,test
TGACCAGACAACCA-1,CD4 T cells,0.99998045,CD4 T cells,test
TGACCAGAGGATTC-1,CD4 T cells,0.9999889,CD4 T cells,train
TGACCGCTAAAAGC-1,CD4 T cells,0.999954,CD4 T cells,train
TGACCGCTCTGCAA-1,CD4 T cells,0.99994636,CD4 T cells,test
TGACGATGCAAAGA-1,CD14+ Monocytes,0.999652,CD14+ Monocytes,train
TGACGCCTGTACCA-1,CD8 T cells,0.99845564,CD8 T cells,train
TGACGCCTTTACTC-1,CD4 T cells,0.9988048,CD4 T cells,train
TGACTGGAAGAGAT-1,CD14+ Monocytes,0.99999547,CD14+ Monocytes,train
TGACTGGACCGTAA-1,CD4 T cells,0.97095114,CD4 T cells,test
TGACTGGACGCAAT-1,CD4 T cells,0.99969685,CD4 T cells,train
TGACTGGAGGACAG-1,B cells,0.9997521,B cells,train
TGACTGGATTCTCA-1,CD4 T cells,0.99653614,CD8 T cells,test
TGACTTACACACCA-1,CD4 T cells,0.9984819,CD4 T cells,test
TGACTTACAGTCTG-1,CD14+ Monocytes,0.9999865,CD14+ Monocytes,test
TGACTTTGCGCATA-1,CD4 T cells,0.9999982,CD4 T cells,train
TGACTTTGTTTGTC-1,CD4 T cells,0.99996984,CD4 T cells,train
TGAGACACAAGGTA-1,CD4 T cells,0.74141073,CD4 T cells,train
TGAGACACTCAAGC-1,CD8 T cells,0.99864966,CD8 T cells,train
TGAGCTGAATGCTG-1,FCGR3A+ Monocytes,0.9932499,FCGR3A+ Monocytes,train
TGAGCTGACTGGAT-1,CD14+ Monocytes,0.99997413,CD14+ Monocytes,train
TGAGCTGATGCTAG-1,CD14+ Monocytes,0.99969757,CD14+ Monocytes,test
TGAGGACTCTCATT-1,CD14+ Monocytes,0.999897,CD14+ Monocytes,train
TGAGGACTTCATTC-1,CD4 T cells,0.9998572,CD4 T cells,train
TGAGGTACGAACCT-1,FCGR3A+ Monocytes,0.99920076,FCGR3A+ Monocytes,train
TGAGTCGAGTTACG-1,B cells,0.9978078,B cells,train
TGAGTGACTGAGCT-1,CD4 T cells,0.9999975,CD4 T cells,test
TGATAAACGAATCC-1,CD4 T cells,0.9982968,CD4 T cells,train
TGATAAACTCCGTC-1,NK cells,0.9881393,NK cells,train
TGATAAACTTTCAC-1,CD4 T cells,0.99972695,CD4 T cells,train
TGATACCTCACTAG-1,CD14+ Monocytes,0.9998846,CD14+ Monocytes,train
TGATACCTGTTGGT-1,CD4 T cells,0.99970466,CD4 T cells,train
TGATACCTTATGCG-1,CD4 T cells,0.9991191,CD4 T cells,test
TGATACCTTGAAGA-1,CD4 T cells,0.99756,CD4 T cells,train
TGATATGAACCTTT-1,CD4 T cells,0.99999297,CD4 T cells,train
TGATCACTAGCATC-1,CD8 T cells,0.9996922,CD8 T cells,train
TGATCACTCTCGCT-1,CD4 T cells,0.9979475,CD4 T cells,train
TGATCACTTCTACT-1,B cells,0.9996012,B cells,train
TGATCGGACTGACA-1,FCGR3A+ Monocytes,0.9983694,FCGR3A+ Monocytes,train
TGATCGGAGGAGCA-1,B cells,0.9994305,B cells,test
TGATCGGATATGCG-1,FCGR3A+ Monocytes,0.9956665,FCGR3A+ Monocytes,train
TGATTAGACATTGG-1,CD4 T cells,0.9975284,CD4 T cells,train
TGATTAGATGACTG-1,B cells,0.99674356,B cells,train
TGATTAGATGCTAG-1,CD4 T cells,0.9998684,CD4 T cells,test
TGATTCACTATGCG-1,CD4 T cells,0.99935216,CD4 T cells,test
TGATTCACTGTCAG-1,B cells,0.9997484,B cells,test
TGATTCTGCCGAAT-1,CD4 T cells,0.9998728,CD4 T cells,train
TGATTCTGCTCTTA-1,CD4 T cells,0.99802643,CD4 T cells,train
TGCAAGTGAGAACA-1,CD4 T cells,0.9993137,CD4 T cells,train
TGCAAGTGGGTAGG-1,CD14+ Monocytes,0.9998504,CD14+ Monocytes,train
TGCAATCTTCAGGT-1,B cells,0.97630525,B cells,train
TGCACAGACGACAT-1,NK cells,0.9904254,NK cells,train
TGCCAAGAGCAGTT-1,FCGR3A+ Monocytes,0.99661237,FCGR3A+ Monocytes,train
TGCCAAGATCTCTA-1,CD4 T cells,0.9998814,CD4 T cells,train
TGCCACTGAACGTC-1,CD4 T cells,0.9999373,CD4 T cells,test
TGCCACTGCGATAC-1,NK cells,0.98300385,NK cells,test
TGCCAGCTTGGCAT-1,CD4 T cells,0.9999894,CD4 T cells,train
TGCCCAACAGCAAA-1,CD4 T cells,0.9998128,CD4 T cells,train
TGCCCAACCGCATA-1,FCGR3A+ Monocytes,0.9134734,FCGR3A+ Monocytes,test
TGCCGACTCTCCCA-1,B cells,0.999744,B cells,test
TGCGAAACAGTCAC-1,B cells,0.9998971,B cells,train
TGCGAAACGTTGCA-1,B cells,0.9996946,B cells,test
TGCGATGAACGGTT-1,CD4 T cells,0.9971414,CD4 T cells,train
TGCGATGACCTCGT-1,CD4 T cells,0.99993,CD4 T cells,train
TGCGATGACTAGTG-1,B cells,0.9989741,B cells,train
TGCGATGACTGCTC-1,B cells,0.99987996,B cells,train
TGCGATGACTTGCC-1,B cells,0.99974674,B cells,train
TGCGATGAGTGCTA-1,CD14+ Monocytes,0.99997914,CD14+ Monocytes,test
TGCGCACTCTTGAG-1,CD14+ Monocytes,0.9996649,CD14+ Monocytes,test
TGCGTAGAATAAGG-1,CD14+ Monocytes,0.99992347,CD14+ Monocytes,train
TGCGTAGACGGGAA-1,B cells,0.99960893,B cells,train
TGCGTAGATGGTCA-1,FCGR3A+ Monocytes,0.9372875,FCGR3A+ Monocytes,test
TGCTAGGAAACCGT-1,CD8 T cells,0.99971586,CD8 T cells,train
TGCTAGGATAGTCG-1,CD4 T cells,0.9999807,CD4 T cells,test
TGCTATACGGTTCA-1,CD14+ Monocytes,0.98514473,CD14+ Monocytes,train
TGCTATACTGCTGA-1,CD8 T cells,0.99981505,CD8 T cells,train
TGCTGAGAGAGCAG-1,NK cells,0.9986946,NK cells,train
TGCTGAGATTATCC-1,CD4 T cells,0.9987942,CD4 T cells,train
TGGAAAGACTCTCG-1,B cells,0.70795625,B cells,test
TGGAAAGAGCGATT-1,CD4 T cells,0.99983335,CD4 T cells,test
TGGAAAGAGGTCAT-1,FCGR3A+ Monocytes,0.9981534,FCGR3A+ Monocytes,train
TGGAAAGATATGGC-1,CD4 T cells,0.97371805,CD4 T cells,test
TGGAACACAAACAG-1,NK cells,0.9991578,NK cells,train
TGGAACACGCTAAC-1,CD8 T cells,0.99836224,CD8 T cells,train
TGGAAGCTCAGATC-1,CD4 T cells,0.99973136,CD4 T cells,train
TGGACCCTACACTG-1,CD14+ Monocytes,0.9991922,CD14+ Monocytes,test
TGGACCCTCATGGT-1,CD8 T cells,0.9833906,CD8 T cells,test
TGGACCCTGGTACT-1,CD14+ Monocytes,0.99859947,CD14+ Monocytes,train
TGGACTGAGTATGC-1,CD4 T cells,0.99907994,CD4 T cells,train
TGGAGACTATCAGC-1,CD14+ Monocytes,0.99998367,CD14+ Monocytes,train
TGGAGACTTCAAGC-1,CD4 T cells,0.9999889,CD4 T cells,train
TGGAGACTTGACCA-1,CD8 T cells,0.9994765,CD8 T cells,train
TGGAGGGACGGAGA-1,CD14+ Monocytes,0.99776745,CD14+ Monocytes,train
TGGAGGGAGCTATG-1,CD4 T cells,0.9973978,CD4 T cells,train
TGGATCGATAAAGG-1,CD4 T cells,0.9997434,CD4 T cells,train
TGGATGTGACCTAG-1,B cells,0.9999249,B cells,train
TGGATGTGTGAAGA-1,B cells,0.99835783,B cells,train
TGGATTCTCATACG-1,CD8 T cells,0.99019265,CD8 T cells,train
TGGCAATGCTTGTT-1,B cells,0.99917114,B cells,train
TGGCACCTTCACGA-1,CD4 T cells,0.99837214,CD4 T cells,train
TGGCACCTTCAGTG-1,CD14+ Monocytes,0.9999486,CD14+ Monocytes,train
TGGGTATGAAGAGT-1,CD4 T cells,0.9998814,CD4 T cells,train
TGGGTATGCACAAC-1,CD4 T cells,0.9991079,CD4 T cells,test
TGGGTATGGTACGT-1,B cells,0.99858546,B cells,test
TGGGTATGTTTGGG-1,CD14+ Monocytes,0.99968135,CD14+ Monocytes,train
TGGTAGACATGCCA-1,CD8 T cells,0.9996126,CD8 T cells,train
TGGTAGACCCTCAC-1,NK cells,0.9764356,NK cells,test
TGGTAGACCTGATG-1,CD4 T cells,0.9974565,CD4 T cells,train
TGGTAGTGCACTGA-1,CD14+ Monocytes,0.997471,CD14+ Monocytes,train
TGGTATCTAAACAG-1,CD4 T cells,0.99993396,CD4 T cells,train
TGGTATCTCTTCCG-1,CD4 T cells,0.99993753,CD4 T cells,train
TGGTCAGACCCAAA-1,CD4 T cells,0.9947714,CD4 T cells,train
TGGTTACTGACGTT-1,CD14+ Monocytes,0.999793,CD14+ Monocytes,train
TGGTTACTGTTCTT-1,CD4 T cells,0.9999709,CD4 T cells,train
TGTAACCTAGAGGC-1,CD4 T cells,0.9992907,CD4 T cells,test
TGTAACCTTGCCTC-1,CD14+ Monocytes,0.9984004,CD14+ Monocytes,train
TGTAATGACACAAC-1,NK cells,0.9834236,NK cells,train
TGTAATGAGGTAAA-1,NK cells,0.99645305,NK cells,train
TGTACTTGCTCTAT-1,FCGR3A+ Monocytes,0.9992404,FCGR3A+ Monocytes,test
TGTAGGTGCGAGAG-1,B cells,0.9997776,B cells,test
TGTAGGTGCTATGG-1,CD4 T cells,0.9999558,CD4 T cells,train
TGTAGGTGCTCTAT-1,Dendritic cells,0.9924251,Dendritic cells,test
TGTAGGTGTGCTGA-1,CD4 T cells,0.99973005,CD4 T cells,train
TGTAGTCTTCCAGA-1,CD4 T cells,0.9992526,CD4 T cells,train
TGTAGTCTTGCACA-1,CD8 T cells,0.9997191,CD8 T cells,train
TGTATCTGTTAGGC-1,CD4 T cells,0.9999908,CD4 T cells,train
TGTATGCTCATGGT-1,B cells,0.999678,B cells,test
TGTATGCTGTAGGG-1,CD4 T cells,0.99853015,CD4 T cells,train
TGTATGCTTTCATC-1,CD8 T cells,0.9911466,CD8 T cells,train
TGTCAGGAATACCG-1,CD4 T cells,0.99998903,CD4 T cells,test
TGTCAGGAGATGAA-1,FCGR3A+ Monocytes,0.8650628,FCGR3A+ Monocytes,test
TGTCTAACCCCTTG-1,CD4 T cells,0.9997807,CD4 T cells,train
TGTGACGATTCTCA-1,CD8 T cells,0.9994831,CD8 T cells,train
TGTGAGACTGTCAG-1,CD14+ Monocytes,0.99343634,CD14+ Monocytes,train
TGTGAGACTTGAGC-1,CD4 T cells,0.9980228,CD4 T cells,train
TGTGAGTGACCACA-1,CD4 T cells,0.9997266,CD4 T cells,train
TGTGAGTGAGTGCT-1,CD14+ Monocytes,0.9612131,CD14+ Monocytes,train
TGTGAGTGGAGATA-1,CD8 T cells,0.99708194,CD8 T cells,test
TGTGATCTCTCTAT-1,B cells,0.997729,B cells,train
TGTGATCTGACACT-1,CD4 T cells,0.9975756,CD4 T cells,train
TGTGGATGGCCAAT-1,B cells,0.9998826,B cells,test
TGTTAAGACAAAGA-1,CD14+ Monocytes,0.9994727,CD14+ Monocytes,train
TGTTAAGATAAGGA-1,CD14+ Monocytes,0.9982528,CD14+ Monocytes,test
TGTTACACCGCATA-1,FCGR3A+ Monocytes,0.97489536,FCGR3A+ Monocytes,train
TGTTACACGACTAC-1,FCGR3A+ Monocytes,0.89663625,FCGR3A+ Monocytes,test
TGTTACTGGCTACA-1,CD8 T cells,0.9999889,CD8 T cells,train
TGTTACTGTAGTCG-1,CD8 T cells,0.99961877,CD8 T cells,test
TTAACCACCGTAAC-1,CD4 T cells,0.99999285,CD4 T cells,test
TTAACCACTAAGGA-1,CD8 T cells,0.999635,CD8 T cells,train
TTAACCACTCAGAC-1,CD8 T cells,0.99998057,CD8 T cells,train
TTACACACGTGTTG-1,CD4 T cells,0.9992093,CD4 T cells,test
TTACACACTCCTAT-1,CD4 T cells,0.99995875,CD4 T cells,train
TTACCATGAATCGC-1,CD14+ Monocytes,0.9979011,CD14+ Monocytes,test
TTACCATGGTTGAC-1,CD4 T cells,0.9991129,CD4 T cells,test
TTACCATGTGTCTT-1,CD8 T cells,0.8294378,CD4 T cells,test
TTACCATGTTGTGG-1,B cells,0.99983203,B cells,train
TTACGACTGAGAGC-1,CD4 T cells,0.99996006,CD4 T cells,test
TTACGACTTGACAC-1,CD14+ Monocytes,0.99996567,CD14+ Monocytes,train
TTACGTACGTTCAG-1,Megakaryocytes,0.99877256,Megakaryocytes,train
TTACTCGAAGAATG-1,CD14+ Monocytes,0.9993199,CD14+ Monocytes,train
TTACTCGACGCAAT-1,Dendritic cells,0.9937836,Dendritic cells,train
TTACTCGAGGGTGA-1,CD4 T cells,0.9999112,CD4 T cells,train
TTACTCGATCTACT-1,NK cells,0.9909067,NK cells,train
TTAGAATGTGGTGT-1,CD4 T cells,0.9990508,CD4 T cells,train
TTAGAATGTGTAGC-1,CD4 T cells,0.9995221,CD4 T cells,train
TTAGACCTCCTACC-1,CD4 T cells,0.99957055,CD4 T cells,train
TTAGACCTCCTTTA-1,CD14+ Monocytes,0.9998987,CD14+ Monocytes,train
TTAGCTACAACCGT-1,CD4 T cells,0.99943835,CD4 T cells,train
TTAGCTACTGTCCC-1,CD14+ Monocytes,0.9968966,CD14+ Monocytes,train
TTAGCTACTTTCGT-1,CD4 T cells,0.9996012,CD4 T cells,train
TTAGGGACGCGAAG-1,CD8 T cells,0.99940145,CD8 T cells,train
TTAGGGTGCTGGAT-1,B cells,0.99971336,B cells,train
TTAGGGTGTCCTGC-1,CD14+ Monocytes,0.99594104,CD14+ Monocytes,train
TTAGGTCTACTTTC-1,CD14+ Monocytes,0.9997366,CD14+ Monocytes,train
TTAGTCACCAGTTG-1,CD4 T cells,0.9994973,CD4 T cells,train
TTAGTCTGAAAGCA-1,B cells,0.9988518,B cells,train
TTAGTCTGCCAACA-1,NK cells,0.9915684,NK cells,test
TTAGTCTGTGCACA-1,CD4 T cells,0.87577564,CD4 T cells,test
TTATCCGACTAGTG-1,B cells,0.9984767,B cells,train
TTATCCGAGAAAGT-1,FCGR3A+ Monocytes,0.9941854,FCGR3A+ Monocytes,train
TTATGAGAGATAAG-1,CD4 T cells,0.9969553,CD4 T cells,test
TTATGCACGTCACA-1,B cells,0.9999355,B cells,train
TTATGGCTTATGGC-1,Dendritic cells,0.99149466,Dendritic cells,train
TTATTCCTATGCTG-1,CD14+ Monocytes,0.99869615,CD14+ Monocytes,train
TTATTCCTGGACAG-1,B cells,0.9957209,B cells,test
TTATTCCTGGTACT-1,B cells,0.9998661,B cells,train
TTATTCCTTCGTGA-1,CD4 T cells,0.9999168,CD4 T cells,train
TTCAAAGATAAAGG-1,CD8 T cells,0.996988,CD8 T cells,train
TTCAACACAACAGA-1,CD4 T cells,0.9999784,CD4 T cells,test
TTCAACACCCCAAA-1,CD14+ Monocytes,0.9999646,CD14+ Monocytes,train
TTCAACACGGACGA-1,FCGR3A+ Monocytes,0.92515326,FCGR3A+ Monocytes,test
TTCAAGCTAAGAAC-1,CD14+ Monocytes,0.99765426,CD14+ Monocytes,test
TTCAAGCTAGATGA-1,CD4 T cells,0.9999876,CD4 T cells,train
TTCAAGCTGTTGAC-1,CD4 T cells,0.9959708,CD8 T cells,train
TTCAAGCTTGATGC-1,CD4 T cells,0.9999951,CD4 T cells,train
TTCAAGCTTTCGCC-1,CD4 T cells,0.99438596,CD4 T cells,train
TTCACAACCCGTTC-1,CD14+ Monocytes,0.9999379,CD14+ Monocytes,train
TTCACAACGTCTGA-1,FCGR3A+ Monocytes,0.9964792,FCGR3A+ Monocytes,train
TTCAGACTACCCAA-1,CD4 T cells,0.99995303,CD4 T cells,test
TTCAGACTCTCGAA-1,CD4 T cells,0.9999851,CD8 T cells,test
TTCAGTACCGACTA-1,CD4 T cells,0.9999485,CD4 T cells,train
TTCAGTACTCAAGC-1,CD4 T cells,0.99996805,CD4 T cells,train
TTCAGTACTCCTAT-1,CD14+ Monocytes,0.9999107,CD14+ Monocytes,train
TTCAGTTGCCAAGT-1,CD4 T cells,0.99657166,CD4 T cells,train
TTCAGTTGTCCTTA-1,Dendritic cells,0.9891066,Dendritic cells,train
TTCAGTTGTCTAGG-1,CD4 T cells,0.99946445,CD4 T cells,train
TTCAGTTGTCTCGC-1,B cells,0.99966156,B cells,train
TTCATCGAGGTGGA-1,CD14+ Monocytes,0.9999927,CD14+ Monocytes,test
TTCATGTGTGGTGT-1,CD4 T cells,0.99926406,CD4 T cells,train
TTCATTCTATGTCG-1,CD14+ Monocytes,0.99986255,CD14+ Monocytes,train
TTCATTCTTCTCTA-1,CD4 T cells,0.9999901,CD4 T cells,train
TTCCAAACCTATGG-1,CD14+ Monocytes,0.9995278,CD14+ Monocytes,test
TTCCAAACCTCCCA-1,B cells,0.9944916,B cells,test
TTCCAAACTCCCAC-1,NK cells,0.99765056,NK cells,test
TTCCAAACTTGACG-1,CD8 T cells,0.9997482,CD8 T cells,train
TTCCATGACGAGAG-1,CD14+ Monocytes,0.9985177,CD14+ Monocytes,test
TTCCATGACTGTCC-1,CD4 T cells,0.9977984,CD4 T cells,train
TTCCCACTTGAGGG-1,NK cells,0.99889356,NK cells,train
TTCCCACTTGTCTT-1,CD14+ Monocytes,0.9979898,CD14+ Monocytes,test
TTCCTAGAAAGTGA-1,CD4 T cells,0.9998802,CD4 T cells,train
TTCCTAGACTAGTG-1,FCGR3A+ Monocytes,0.9924281,FCGR3A+ Monocytes,train
TTCGAGGACTCTAT-1,CD4 T cells,0.9994191,CD4 T cells,train
TTCGAGGAGGGCAA-1,CD4 T cells,0.99315953,CD4 T cells,train
TTCGAGGATAGAAG-1,FCGR3A+ Monocytes,0.99641246,FCGR3A+ Monocytes,train
TTCGATTGAGCATC-1,CD4 T cells,0.999866,CD4 T cells,train
TTCGGAGAATGCCA-1,CD14+ Monocytes,0.9998481,CD14+ Monocytes,train
TTCGGAGATGTGCA-1,CD4 T cells,0.99930394,CD4 T cells,train
TTCGTATGAAAAGC-1,CD8 T cells,0.9999573,CD8 T cells,test
TTCGTATGGATAGA-1,NK cells,0.6634981,CD8 T cells,test
TTCGTATGGTCTGA-1,CD4 T cells,0.99999225,CD4 T cells,train
TTCGTATGTCCTTA-1,CD14+ Monocytes,0.99807537,CD14+ Monocytes,train
TTCTACGAACGTAC-1,CD4 T cells,0.9998913,CD4 T cells,train
TTCTACGAGTTGGT-1,CD4 T cells,0.999923,CD4 T cells,test
TTCTAGTGACACGT-1,CD4 T cells,0.9999776,CD4 T cells,train
TTCTAGTGCATGAC-1,CD14+ Monocytes,0.9992143,CD14+ Monocytes,test
TTCTAGTGGAGAGC-1,NK cells,0.77435195,NK cells,test
TTCTAGTGGTCACA-1,CD14+ Monocytes,0.99984753,CD14+ Monocytes,train
TTCTCAGAAGAGAT-1,CD4 T cells,0.9963201,CD4 T cells,train
TTCTCAGAAGCATC-1,B cells,0.9989365,B cells,test
TTCTCAGATGGAGG-1,CD4 T cells,0.99470395,CD4 T cells,test
TTCTGATGGAGACG-1,NK cells,0.998089,NK cells,train
TTCTTACTCTGGAT-1,FCGR3A+ Monocytes,0.9948683,FCGR3A+ Monocytes,train
TTGAACCTCCTTGC-1,B cells,0.99980766,B cells,train
TTGAATGAACTACG-1,FCGR3A+ Monocytes,0.99791723,FCGR3A+ Monocytes,train
TTGAATGACTTACT-1,CD4 T cells,0.99974984,CD4 T cells,train
TTGAATGATCTCAT-1,B cells,0.9990989,B cells,test
TTGACACTCTGTAG-1,CD4 T cells,0.9967642,CD4 T cells,train
TTGACACTGATAAG-1,B cells,0.99974126,B cells,test
TTGAGGACAGAACA-1,CD14+ Monocytes,0.9998841,CD14+ Monocytes,train
TTGAGGACTACGCA-1,Dendritic cells,0.9298951,Dendritic cells,test
TTGAGGTGGACGGA-1,CD4 T cells,0.9986051,CD4 T cells,train
TTGCATTGAGCTAC-1,CD8 T cells,0.9995216,CD8 T cells,train
TTGCATTGCTAAGC-1,CD14+ Monocytes,0.9999616,CD14+ Monocytes,train
TTGCATTGTGACTG-1,CD4 T cells,0.9994586,CD4 T cells,train
TTGCTAACACCAAC-1,CD8 T cells,0.99796367,CD8 T cells,train
TTGCTAACACGCTA-1,FCGR3A+ Monocytes,0.9949267,FCGR3A+ Monocytes,train
TTGCTAACCACTCC-1,CD4 T cells,0.999603,CD4 T cells,train
TTGCTATGGTACGT-1,CD14+ Monocytes,0.99917114,CD14+ Monocytes,train
TTGCTATGGTAGGG-1,FCGR3A+ Monocytes,0.9994954,FCGR3A+ Monocytes,train
TTGGAGACCAATCG-1,CD8 T cells,0.99861944,CD8 T cells,train
TTGGAGACGCTATG-1,CD14+ Monocytes,0.999967,CD14+ Monocytes,test
TTGGAGACTATGGC-1,B cells,0.99945766,B cells,train
TTGGGAACTGAACC-1,CD4 T cells,0.99858105,CD4 T cells,train
TTGGTACTACTGGT-1,FCGR3A+ Monocytes,0.99145705,FCGR3A+ Monocytes,train
TTGGTACTCTTAGG-1,CD4 T cells,0.9993869,CD4 T cells,train
TTGGTACTGAATCC-1,B cells,0.99958795,B cells,test
TTGGTACTGGATTC-1,B cells,0.99977237,B cells,train
TTGTACACGTTGTG-1,B cells,0.9999516,B cells,train
TTGTACACTTGCAG-1,CD4 T cells,0.9979633,CD4 T cells,train
TTGTAGCTAGCTCA-1,CD4 T cells,0.9808381,CD4 T cells,test
TTGTAGCTCTCTTA-1,B cells,0.9989471,B cells,train
TTGTCATGGACGGA-1,NK cells,0.9971295,NK cells,test
TTTAGAGATCCTCG-1,B cells,0.99940133,B cells,train
TTTAGCTGATACCG-1,CD4 T cells,0.99999034,CD4 T cells,train
TTTAGCTGGATACC-1,CD14+ Monocytes,0.99537414,CD14+ Monocytes,test
TTTAGCTGTACTCT-1,Dendritic cells,0.983969,Dendritic cells,train
TTTAGGCTCCTTTA-1,CD14+ Monocytes,0.9999522,CD14+ Monocytes,train
TTTATCCTGTTGTG-1,CD14+ Monocytes,0.7656013,CD14+ Monocytes,test
TTTCACGAGGTTCA-1,CD4 T cells,0.99997926,CD4 T cells,test
TTTCAGTGGAAGGC-1,CD8 T cells,0.99967194,CD8 T cells,train
TTTCAGTGTCACGA-1,B cells,0.99987173,B cells,train
TTTCAGTGTCTATC-1,CD14+ Monocytes,0.9998609,CD14+ Monocytes,train
TTTCAGTGTGCAGT-1,B cells,0.99928707,B cells,train
TTTCCAGAGGTGAG-1,CD4 T cells,0.9984976,CD4 T cells,train
TTTCGAACACCTGA-1,Dendritic cells,0.99917006,Dendritic cells,train
TTTCGAACTCTCAT-1,CD14+ Monocytes,0.9965844,CD14+ Monocytes,train
TTTCTACTGAGGCA-1,B cells,0.99213845,B cells,train
TTTCTACTTCCTCG-1,B cells,0.9999143,B cells,test
TTTGCATGAGAGGC-1,B cells,0.99993825,B cells,train
TTTGCATGCCTCAC-1,CD4 T cells,0.9986131,CD4 T cells,train
