barcode,label,confidence
AAACATACAACCAC-1,T cells,0.9989454319730953
AAACATTGAGCTAC-1,B cells,0.9998012659255421
AAACATTGATCAGC-1,T cells,0.9997623543034128
AAACCGTGCTTCCG-1,Monocytes,0.9997430663109528
AAACCGTGTATGCG-1,ILC,0.999999961366901
AAACGCACTGGTAC-1,T cells,0.9636023841679204
AAACGCTGACCAGT-1,T cells,0.9667660801415359
AAACGCTGGTTCTT-1,T cells,0.9999575740469493
AAACGCTGTAGCCA-1,T cells,0.9941074060464989
AAACGCTGTTTCTG-1,Monocytes,0.9985632928641206
AAACTTGAAAAACG-1,B cells,0.9999529988518322
AAACTTGATCCAGA-1,T cells,0.9995187842711877
AAAGAGACGAGATA-1,T cells,0.9997895250906785
AAAGAGACGCGAGA-1,Monocytes,0.9940978712208116
AAAGAGACGGACTT-1,T cells,0.999914935475187
AAAGAGACGGCATT-1,T cells,0.9997509407865414
AAAGCAGATATCGG-1,Monocytes,0.9944034746311334
AAAGCCTGTATGCG-1,T cells,0.969934100392877
AAAGGCCTGTCTAG-1,B cells,0.9755997805733463
AAAGTTTGATCACG-1,B cells,0.9999970597942118
AAAGTTTGGGGTGA-1,B cells,0.9998606128833721
AAAGTTTGTAGAGA-1,T cells,0.9445190058370787
AAAGTTTGTAGCGT-1,Monocytes,0.994234305022577
AAATCAACAATGCC-1,B cells,0.9980833073402395
AAATCAACACCAGT-1,T cells,0.9996405192592664
AAATCAACCAGGAG-1,T cells,0.9993162193943662
AAATCAACCCTATT-1,Monocytes,0.9669419453330368
AAATCAACGGAAGC-1,T cells,0.9991317721866203
AAATCAACTCGCAA-1,T cells,0.992772379229769
AAATCATGACCACA-1,Monocytes,0.9958152017954669
AAATCCCTCCACAA-1,T cells,0.9977048802952044
AAATCCCTGCTATG-1,B cells,0.9999869003707427
AAATGTTGAACGAA-1,Monocytes,0.9985284592095813
AAATGTTGCCACAA-1,T cells,0.9976665190335453
AAATGTTGTGGCAT-1,Monocytes,0.9870552710915893
AAATTCGAAGGTTC-1,T cells,0.9990660298087204
AAATTCGAATCACG-1,Monocytes,0.9798509480029247
AAATTCGAGCTGAT-1,Monocytes,0.9949379311347069
AAATTCGAGGAGTG-1,T cells,0.9999155185941867
AAATTCGATTCTCA-1,ILC,0.9966836302821777
AAATTGACACGACT-1,T cells,0.9088525973570616
AAATTGACTCGCTC-1,T cells,0.9991051009259491
AACAAACTCATTTC-1,T cells,0.9997292793026605
AACAAACTTTCGTT-1,T cells,0.9991981647804631
AACAATACGACGAG-1,T cells,0.9999562417297712
AACACGTGCAGAGG-1,T cells,0.9993144850693789
AACACGTGGAAAGT-1,T cells,0.9999525936271795
AACACGTGGAACCT-1,Monocytes,0.9864900052422305
AACACGTGGCTACA-1,T cells,0.999799380545401
AACACGTGTACGAC-1,Monocytes,0.9953667620769568
AACAGCACAAGAGT-1,Monocytes,0.9804532933940159
AACATTGATGGGAG-1,Monocytes,0.9997029098403587
AACCAGTGATACCG-1,Monocytes,0.9996439218490941
AACCCAGATCGCTC-1,T cells,0.99842287237287
AACCGATGCTCCCA-1,T cells,0.9998871522608966
AACCGATGGTCATG-1,B cells,0.9999808413618735
AACCGATGTTCTAC-1,Monocytes,0.9985283384773744
AACCGCCTAGCGTT-1,T cells,0.9989084312077371
AACCGCCTCTACGA-1,Monocytes,0.9923279610842658
AACCTACTGTGAGG-1,Macrophages,0.8793451640260194
AACCTACTGTGTTG-1,T cells,0.9996551285475832
AACCTTACGAGACG-1,T cells,0.9992394954811745
AACCTTACGCGAGA-1,ILC,0.9999992307628494
AACCTTACTAACGC-1,Monocytes,0.9951866508075142
AACCTTTGGACGGA-1,T cells,0.9999981492544705
AACCTTTGTACGCA-1,Monocytes,0.9946763669792464
AACGCAACAAGTAG-1,T cells,0.9894310209492588
AACGCATGACCCAA-1,T cells,0.9977144029938495
AACGCATGCCTTCG-1,T cells,0.9999952272097871
AACGCATGTACTTC-1,T cells,0.9999835962315151
AACGCCCTCGGGAA-1,T cells,0.996062669937293
AACGCCCTCGTACA-1,ILC,0.9999993347758473
AACGCCCTGGCATT-1,T cells,0.9938173039145097
AACGTCGAGTATCG-1,ILC,0.999990960487775
AACGTGTGAAAGCA-1,T cells,0.9991331252941579
AACGTGTGGCGGAA-1,B cells,0.9996166394045977
AACGTGTGTCCAAG-1,T cells,0.9819279683144878
AACGTGTGTGCTTT-1,T cells,0.9997606322251129
AACTACCTTAGAGA-1,T cells,0.999649723261636
AACTCACTCAAGCT-1,Monocytes,0.9825298392636005
AACTCACTTGGAGG-1,Monocytes,0.9996316477461397
AACTCGGAAAGTGA-1,T cells,0.9915177086151267
AACTCGGAAGGTCT-1,Monocytes,0.998034897526214
AACTCTTGCAGGAG-1,T cells,0.9980000161621194
AACTGTCTCCCTTG-1,Monocytes,0.9950760493799499
AACTTGCTACGCTA-1,B cells,0.9988070672563463
AACTTGCTGGGACA-1,T cells,0.9983061296519797
AAGAACGAGTGTTG-1,T cells,0.8919158648249328
AAGAAGACGTAGGG-1,B cells,0.9999905935618825
AAGACAGAAGTCTG-1,B cells,0.9999933076810025
AAGACAGAGGATCT-1,T cells,0.9994109055194025
AAGACAGATTACCT-1,Monocytes,0.9985422365216253
AAGAGATGGGTAGG-1,B cells,0.9999736912089584
AAGATGGAAAACAG-1,B cells,0.9981249817737923
AAGATGGAGAACTC-1,Monocytes,0.9885214677093875
AAGATGGAGATAAG-1,Monocytes,0.9738225426255352
AAGATTACAACCTG-1,T cells,0.9998058315541928
AAGATTACAGATCC-1,Monocytes,0.9981687104553936
AAGATTACCCGTTC-1,Monocytes,0.9998990651416689
AAGATTACCGCCTT-1,DC,0.9443789564626901
AAGATTACCTCAAG-1,ILC,0.9999997941789633
AAGATTACTCCTCG-1,Monocytes,0.981948287203229
AAGCAAGAGCGAGA-1,T cells,0.999961484443255
AAGCAAGAGCTTAG-1,ILC,0.8949962764581085
AAGCAAGAGGTGTT-1,ILC,0.9999561630095918
AAGCACTGAGCAAA-1,B cells,0.9993328865795577
AAGCACTGCATACG-1,T cells,0.9971675765440475
AAGCACTGGTTCTT-1,B cells,0.9879055607405226
AAGCCAACGTGTTG-1,T cells,0.9872665660974115
AAGCCATGAACTGC-1,DC,0.9775514567536185
AAGCCATGACACGT-1,Monocytes,0.9782347054157623
AAGCCATGCGTGAT-1,T cells,0.9998973867823441
AAGCCATGTCTCGC-1,T cells,0.971719668610338
AAGCCTGACATGCA-1,T cells,0.999767901588283
AAGCCTGACCGAAT-1,Monocytes,0.9465311858306138
AAGCGACTCCTCAC-1,Monocytes,0.9979161670223378
AAGCGACTGTGTCA-1,T cells,0.9995550861820935
AAGCGACTTACAGC-1,B cells,0.9999952637692483
AAGCGACTTTGACG-1,Monocytes,0.9984519250282089
AAGCGTACGTCTTT-1,T cells,0.9999204143950775
AAGGCTTGCGAACT-1,T cells,0.7350473272058424
AAGGTCACGGTTAC-1,Monocytes,0.9163053194761441
AAGGTCACTGTTTC-1,B cells,0.9994031576667632
AAGGTCACTTCCCG-1,T cells,0.9998887516084245
AAGGTCTGACAGTC-1,T cells,0.9999259180016148
AAGGTCTGCAGATC-1,T cells,0.9485647446875435
AAGTAACTCTGAAC-1,Monocytes,0.95355770547109
AAGTAACTGAGATA-1,B cells,0.9996460940475678
AAGTAGGATACAGC-1,ILC,0.9999940004663396
AAGTATACCGAACT-1,T cells,0.9998952606236932
AAGTCCGACTTGTT-1,T cells,0.9999731188277057
AAGTCCGATAGAAG-1,T cells,0.9978417202313027
AAGTCTCTAGTCGT-1,T cells,0.9976581018240568
AAGTCTCTCGGAGA-1,T cells,0.9087918650566189
AAGTGGCTTGGAGG-1,B cells,0.9996296284163632
AAGTTCCTCATTCT-1,Monocytes,0.9851268196389924
AAGTTCCTTCTTAC-1,T cells,0.9999269628871175
AATAAGCTCGAATC-1,T cells,0.9997795480143469
AATAAGCTCGTTGA-1,T cells,0.9895796061725507
AATACCCTGGACGA-1,B cells,0.9999450974771098
AATACCCTGGCATT-1,T cells,0.9999609629368743
AATACTGAAAGGGC-1,ILC,0.9977386970663225
AATACTGAATTGGC-1,ILC,0.9998973361989177
AATAGGGAACCCTC-1,B cells,0.9962410208720157
AATAGGGAGAATGA-1,T cells,0.982559656830453
AATCAAACTATCGG-1,T cells,0.97660082373651
AATCCGGAATGCTG-1,B cells,0.999769610361278
AATCCTACCGGTAT-1,T cells,0.9945432742079761
AATCCTTGACGGGA-1,Monocytes,0.9942058006103471
AATCCTTGGTGAGG-1,ILC,0.999908543094614
AATCGGTGGAACTC-1,ILC,0.8021103311255029
AATCGGTGTGCTTT-1,T cells,0.9999584774233156
AATCTAGAAAAGTG-1,T cells,0.9811138238230442
AATCTAGAATCGGT-1,T cells,0.9999863130601739
AATCTCACAGCCTA-1,Monocytes,0.9982844661622251
AATCTCACTCTAGG-1,T cells,0.9995340299186742
AATCTCTGAACAGA-1,T cells,0.999479924975673
AATCTCTGCTTTAC-1,ILC,0.9999846893663163
AATGATACACCAAC-1,ILC,0.6067738568122278
AATGATACGGTCAT-1,Monocytes,0.5474159434639574
AATGCGTGACACCA-1,B cells,0.9999519178627974
AATGCGTGGACGGA-1,Monocytes,0.34791953606184955
AATGCGTGGCTATG-1,B cells,0.9999931070506423
AATGGAGAATCGTG-1,Monocytes,0.9960712712515009
AATGGAGATCCTTA-1,T cells,0.9975509758798219
AATGGCTGACACCA-1,B cells,0.9999364218016701
AATGGCTGCGTGAT-1,T cells,0.9998628456944388
AATGGCTGTAAAGG-1,T cells,0.9783172278681679
AATGGCTGTACTCT-1,T cells,0.999865307360154
AATGGCTGTGAAGA-1,T cells,0.9996302842973694
AATGTAACGGTGGA-1,T cells,0.9967397215640587
AATGTCCTCTTCTA-1,T cells,0.9999664555409392
AATGTTGACAGTCA-1,T cells,0.9999328617588241
AATGTTGAGTTGAC-1,Monocytes,0.9657707127320029
AATGTTGATCTACT-1,T cells,0.9822336769952019
AATTACGAATTCCT-1,DC,0.9880860237642768
AATTACGACTTCTA-1,T cells,0.9999888004959081
AATTACGAGTGAGG-1,T cells,0.9995115824039621
AATTACGATTGGCA-1,B cells,0.9991007276344291
AATTCCTGCTCAGA-1,B cells,0.9998692532884782
AATTGATGTCGCAA-1,Monocytes,0.9998465201527414
AATTGTGACTTGGA-1,B cells,0.9996704457802452
ACAAAGGAGGGTGA-1,T cells,0.9994625597201096
ACAAATTGATTCTC-1,Monocytes,0.9645021021043633
ACAAATTGCTCAGA-1,Monocytes,0.9015739773189436
ACAAATTGTTGCGA-1,ILC,0.9999584236025115
ACAACCGAGGGATG-1,ILC,0.999993284062844
ACAACCGAGTTACG-1,T cells,0.9995600006506338
ACAAGAGAAGTCGT-1,Monocytes,0.9832886026330067
ACAAGAGACTTATC-1,T cells,0.9988371629762802
ACAAGAGAGTTGAC-1,B cells,0.9999828125681937
ACAATCCTAACCGT-1,T cells,0.9807968526127183
ACAATCCTTAGCGT-1,B cells,0.9996942885145094
ACAATTGACTGACA-1,ILC,0.7930807309363194
ACAATTGATGACTG-1,ILC,0.9998435731156011
ACACAGACCATACG-1,T cells,0.9889860998122645
ACACCAGAGGGCAA-1,T cells,0.9998088609865
ACACCCTGGTGTTG-1,ILC,0.9999931700645298
ACACGAACAGTTCG-1,T cells,0.9990091231487774
ACACGATGACGCAT-1,T cells,0.9679620451788987
ACACGATGATGTGC-1,Monocytes,0.5544200779808016
ACACGATGTCGTAG-1,T cells,0.9984284854630864
ACACGATGTGGTCA-1,T cells,0.9995138118793812
ACAGACACGGCATT-1,T cells,0.9996305652148426
ACAGACACGTTGTG-1,T cells,0.9999130463598375
ACAGCAACACCTAG-1,Monocytes,0.9957041073378803
ACAGCAACCTCAAG-1,Monocytes,0.9998005818041413
ACAGGTACCCCACT-1,T cells,0.9789489068007062
ACAGGTACGCTGTA-1,T cells,0.9999943840522039
ACAGGTACTGGTGT-1,ILC,0.9999514020653286
ACAGTCGACCCAAA-1,T cells,0.9667643899405447
ACAGTCGACCGATA-1,T cells,0.5921824657155876
ACAGTGACTCACCC-1,T cells,0.9998637451661694
ACAGTGACTCTATC-1,T cells,0.9982326550406432
ACAGTGTGGTCACA-1,T cells,0.999941039078182
ACAGTGTGTTGCGA-1,Monocytes,0.9776570024560198
ACATCACTCTACTT-1,Monocytes,0.9931453223658144
ACATGGTGAAGCCT-1,T cells,0.9981582048674498
ACATGGTGCAACCA-1,B cells,0.9983216366187967
ACATGGTGCGAGTT-1,T cells,0.9994375341740755
ACATTCTGGCATAC-1,T cells,0.994762233312604
ACATTCTGGGAACG-1,Monocytes,0.9777509379548098
ACCAACGACATGCA-1,T cells,0.9222023474241733
ACCACAGAAAGTAG-1,T cells,0.963518968000648
ACCACAGAGTTGGT-1,T cells,0.9999696016046851
ACCACCTGTGTGCA-1,T cells,0.9997264046031219
ACCACGCTACAGCT-1,T cells,0.9997490885287617
ACCACGCTACCCAA-1,T cells,0.9997327024837743
ACCACGCTGCGAGA-1,T cells,0.9953080718131573
ACCACGCTGCTGTA-1,T cells,0.9991723966515937
ACCAGCCTGACAGG-1,T cells,0.9999841787061394
ACCAGTGAACGGTT-1,B cells,0.9997628153810872
ACCAGTGAATACCG-1,Monocytes,0.9995245547535652
ACCAGTGAGGGATG-1,T cells,0.9994194332742706
ACCAGTGATGACTG-1,Monocytes,0.960995080548476
ACCATTACCTTCTA-1,T cells,0.9993822452135628
ACCATTACGAGATA-1,T cells,0.9995700745817757
ACCATTTGTCATTC-1,T cells,0.9996683528038166
ACCCAAGAACTGTG-1,T cells,0.9908847133825275
ACCCAAGAATTCCT-1,Monocytes,0.9996638200226184
ACCCAAGAGGACAG-1,T cells,0.9998752152808219
ACCCAAGATTCACT-1,B cells,0.9995212928318647
ACCCACTGCGCCTT-1,Monocytes,0.9771152368693622
ACCCACTGGACAGG-1,T cells,0.9989301191202339
ACCCACTGGTTCAG-1,Megakaryocytes/platelets,0.9901289197649777
ACCCACTGTCGTAG-1,Monocytes,0.9215148829960824
ACCCAGCTCAGAAA-1,T cells,0.9995335543412646
ACCCAGCTGTTAGC-1,Monocytes,0.9255882183092115
ACCCAGCTTGCTTT-1,T cells,0.9997828102369302
ACCCGTTGATGACC-1,B cells,0.9999900055241742
ACCCGTTGCTGCAA-1,T cells,0.9949249916960109
ACCCGTTGCTTCTA-1,pDC,0.9995726219682326
ACCCTCGACCTATT-1,T cells,0.9454752916628668
ACCCTCGACGGTAT-1,B cells,0.999058593105359
ACCCTCGATAAGGA-1,Monocytes,0.9990336465160911
ACCCTCGATCAAGC-1,Monocytes,0.9985607460454434
ACCGTGCTACCAGT-1,T cells,0.999811108558994
ACCGTGCTGGAACG-1,B cells,0.99997544835435
ACCTATTGCTGAGT-1,B cells,0.9997101512340051
ACCTATTGTGCCCT-1,Monocytes,0.9958515849569781
ACCTCCGAGTCCTC-1,T cells,0.9996620742775226
ACCTCCGATATGCG-1,T cells,0.9964506470563853
ACCTCCGATGCTGA-1,T cells,0.999314471725483
ACCTCGTGAACCAC-1,T cells,0.999434125191683
ACCTGAGATATCGG-1,Monocytes,0.34910410221034394
ACCTGGCTAAGTAG-1,ILC,0.9999980626306693
ACCTTTGACTCCCA-1,Monocytes,0.9977667343095344
ACCTTTGAGGAACG-1,Monocytes,0.9942256271067649
ACCTTTGAGGAAGC-1,Monocytes,0.9841456702788873
ACGAACACCTTGTT-1,ILC,0.8049589530767707
ACGAACTGGCTATG-1,Monocytes,0.999924924160738
ACGAAGCTCTCCAC-1,T cells,0.9914163672233377
ACGAAGCTCTGAGT-1,B cells,0.9999141160024536
ACGACCCTATCTCT-1,Monocytes,0.9266432796716604
ACGACCCTGATGAA-1,T cells,0.9997031582946442
ACGACCCTTGACAC-1,B cells,0.9972755173572694
ACGACCCTTGACCA-1,T cells,0.9999537516767478
ACGAGGGACAGGAG-1,DC,0.9582212988121425
ACGAGGGACGAACT-1,T cells,0.9999345594497963
ACGAGGGATGTAGC-1,T cells,0.99622454242518
ACGAGTACCCTAAG-1,B cells,0.9999972454919691
ACGAGTACGAATCC-1,B cells,0.9988466030078842
ACGATCGAGGACTT-1,ILC,0.9998944635513269
ACGATCGAGTCACA-1,Monocytes,0.999991242531899
ACGATGACAATGCC-1,T cells,0.9992642255788032
ACGATGACTGGTCA-1,T cells,0.994264629586259
ACGATTCTACGGGA-1,T cells,0.9997146435642266
ACGCAATGGTTCAG-1,ILC,0.9989410539882375
ACGCACCTGTTAGC-1,B cells,0.9999830619118785
ACGCCACTGAACTC-1,Monocytes,0.9838188935226684
ACGCCGGAAACCAC-1,Monocytes,0.9846199847793907
ACGCCGGAAAGCCT-1,T cells,0.9999270414177528
ACGCCGGAAATGCC-1,T cells,0.999951545969474
ACGCCTTGCTCCCA-1,Monocytes,0.9996343253301263
ACGCGGTGGCGAGA-1,T cells,0.9998433088324927
ACGCGGTGTGTGGT-1,B cells,0.9998411394841805
ACGCGGTGTTTGCT-1,T cells,0.9950636089820519
ACGCTCACAGTACC-1,T cells,0.999217876863788
ACGCTCACCCTTGC-1,T cells,0.9998349428033416
ACGCTGCTGTTCTT-1,ILC,0.9960619341346637
ACGGAACTCAGATC-1,ILC,0.9999825576540377
ACGGAACTGTCGTA-1,Monocytes,0.9985044300973485
ACGGAGGACTCTTA-1,Monocytes,0.9944719662174825
ACGGATTGGGAGGT-1,B cells,0.9999810822067943
ACGGATTGGTTAGC-1,T cells,0.999898819818508
ACGGCTCTGAGCAG-1,T cells,0.9996010701213914
ACGGCTCTTGCACA-1,T cells,0.9994006148218447
ACGGTAACCGCTAA-1,T cells,0.999585927309798
ACGGTAACCTTCGC-1,T cells,0.7264326203653722
ACGGTAACGGTGGA-1,T cells,0.9881790681990524
ACGGTAACTCGCAA-1,ILC,0.47948992023652237
ACGGTATGAGTCGT-1,Monocytes,0.8618395315628105
ACGGTATGGGTATC-1,B cells,0.9977734413173027
ACGGTATGGTTGTG-1,B cells,0.9999106710393149
ACGGTCCTAACGGG-1,T cells,0.9996984452972875
ACGGTCCTCGGGAA-1,T cells,0.9999330002708224
ACGTAGACAACCAC-1,T cells,0.9995432474820789
ACGTAGACTACAGC-1,B cells,0.9999987896346952
ACGTCAGAAACGAA-1,T cells,0.9998284523080659
ACGTCAGAGAGCTT-1,Monocytes,0.9915252551901385
ACGTCAGAGGGATG-1,T cells,0.9996669760791173
ACGTCCTGATAAGG-1,Monocytes,0.9911777103213167
ACGTCCTGTGAACC-1,Monocytes,0.9938386652590083
ACGTCGCTCCTGAA-1,ILC,0.776585166549934
ACGTCGCTCTATTC-1,Monocytes,0.41932216465253574
ACGTCGCTTCTCAT-1,B cells,0.9995515228307044
ACGTGATGCCATGA-1,DC,0.9570231965736484
ACGTGATGGGTCTA-1,T cells,0.9985614709989357
ACGTGATGTAACCG-1,Monocytes,0.9987250870037285
ACGTGATGTGACAC-1,ILC,0.9999998241250373
ACGTGCCTCCGTAA-1,T cells,0.9935779387249785
ACGTGCCTTCTATC-1,T cells,0.959968829355114
ACGTTACTTTCCAT-1,T cells,0.9975745716258274
ACGTTGGAAAAGCA-1,T cells,0.9910984396890766
ACGTTGGAAACCTG-1,T cells,0.8483344747936733
ACGTTGGACCGTAA-1,Monocytes,0.9726426490499636
ACGTTGGAGCCAAT-1,ILC,0.99999165017129
ACGTTGGATATGGC-1,B cells,0.9980059673957811
ACGTTGGATCAGGT-1,Monocytes,0.9987294532102068
ACGTTTACATCAGC-1,T cells,0.9995876221568343
ACTAAAACCCACAA-1,T cells,0.9931873535671831
ACTAAAACTCGACA-1,Monocytes,0.9924763270719901
ACTACGGAATTTCC-1,T cells,0.98946694702175
ACTACGGACCTATT-1,T cells,0.9994927423791576
ACTACGGATCGCTC-1,T cells,0.9999671977487977
ACTACTACTAAGGA-1,T cells,0.9994349680755856
ACTAGGTGGAACCT-1,T cells,0.9995204772329133
ACTAGGTGGAACTC-1,T cells,0.9970472290615445
ACTATCACCTTGGA-1,ILC,0.3596847011269631
ACTATCACTGCCAA-1,T cells,0.9998879446978013
ACTCAGGACTGAAC-1,T cells,0.9998785352665482
ACTCAGGATCTATC-1,B cells,0.9998511883744176
ACTCAGGATTCGTT-1,Myelocytes,0.7123815527348489
ACTCCTCTCAACTG-1,T cells,0.9996930074827359
ACTCGCACGAAAGT-1,Monocytes,0.9983507964753704
ACTCGCACTACGAC-1,Monocytes,0.9998968626364945
ACTCTCCTGACACT-1,T cells,0.9990379495759439
ACTCTCCTGCATAC-1,HSC/MPP,0.022461312602365297
ACTCTCCTGTTTGG-1,T cells,0.9927276960236262
ACTGAGACAACCAC-1,T cells,0.9647158747067361
ACTGAGACCCATAG-1,Monocytes,0.9980444526881458
ACTGAGACGTTGGT-1,B cells,0.9999352115952919
ACTGCCACACACGT-1,T cells,0.9754962490383462
ACTGCCACTCCGTC-1,ILC,0.9999781963918957
ACTGGCCTTCAGTG-1,ILC,0.9999862997619974
ACTGTGGACGTGTA-1,B cells,0.15277326843699732
ACTGTGGATCTAGG-1,B cells,0.988803651658803
ACTGTTACCCACAA-1,Monocytes,0.9143956220160164
ACTGTTACTGCAGT-1,T cells,0.992715447458308
ACTTAAGAACCACA-1,T cells,0.9975964062782209
ACTTAAGATTACTC-1,DC,0.8826981358131941
ACTTAGCTGCGTAT-1,Monocytes,0.9997354967836792
ACTTAGCTGGGAGT-1,T cells,0.9893658487014552
ACTTCAACAAGCAA-1,T cells,0.8537241060839801
ACTTCAACGTAGGG-1,ILC,0.999993267779367
ACTTCCCTTTCCGC-1,T cells,0.9931460507776566
ACTTCTGACATGCA-1,B cells,0.9998345232088135
ACTTGACTCCACAA-1,B cells,0.9999930367934693
ACTTGGGAGAAAGT-1,Monocytes,0.962488132583511
ACTTGGGAGGTTTG-1,T cells,0.9999190354017182
ACTTGGGATGTGAC-1,Monocytes,0.9965128304163678
ACTTGGGATTGACG-1,Monocytes,0.924531284941654
ACTTGTACCTGTCC-1,T cells,0.9999470389603052
ACTTTGTGGAAAGT-1,T cells,0.9999899816443542
ACTTTGTGGATAGA-1,Monocytes,0.9919460028240488
AGAAACGAAAGTAG-1,B cells,0.9997398926808708
AGAAAGTGCGCAAT-1,T cells,0.9975168909569844
AGAAAGTGGGGATG-1,Monocytes,0.9852378859641091
AGAACAGAAATGCC-1,ILC,0.9999979939460252
AGAACAGACGACTA-1,B cells,0.9999987071383468
AGAACAGAGACAAA-1,T cells,0.9998135768194454
AGAACGCTTTGCTT-1,T cells,0.9989511960470114
AGAAGATGTGACTG-1,T cells,0.9988928678495027
AGAATGGAAGAAGT-1,T cells,0.9767896962827687
AGAATTTGTAACCG-1,T cells,0.9977614824256584
AGAATTTGTAGAGA-1,T cells,0.9948631583165883
AGACACACTGTAGC-1,T cells,0.9993662441663635
AGACACTGTCAAGC-1,Monocytes,0.9680130353614279
AGACCTGAAGTAGA-1,Monocytes,0.9981214593956563
AGACCTGACCAACA-1,T cells,0.9999970669748115
AGACCTGAGGAAGC-1,T cells,0.9998262100167248
AGACGTACAGAGGC-1,T cells,0.9999200699586521
AGACGTACCCCTAC-1,B cells,0.9999983342950561
AGACGTACCTCTTA-1,Monocytes,0.9313416418816955
AGACGTACTCGTGA-1,Monocytes,0.9950058028922593
AGACTGACCATCAG-1,T cells,0.9998332974620802
AGACTGACCCTTTA-1,T cells,0.9979064573327775
AGACTTCTCATGCA-1,B cells,0.9992340236156062
AGAGATGACAGTCA-1,B cells,0.999960515759701
AGAGATGACTGAAC-1,T cells,0.9999182431240262
AGAGATGAGGTTTG-1,Monocytes,0.9963726082659291
AGAGATGATCTCGC-1,B cells,0.9997444107971974
AGAGATGATTGTGG-1,T cells,0.9965573930099163
AGAGCGGAGGCAAG-1,Monocytes,0.9968852204946812
AGAGTCTGGTCGTA-1,Monocytes,0.9995013032602992
AGAGTGCTCAGCTA-1,T cells,0.999868398364639
AGAGTGCTCGAATC-1,T cells,0.9999870680364121
AGAGTGCTGTCATG-1,T cells,0.9995832089505424
AGAGTGCTGTCCTC-1,T cells,0.9137569185502149
AGAGTGCTGTGTTG-1,B cells,0.9999909454954462
AGATATACCCGTAA-1,ILC,0.9997369595118116
AGATATACGATGAA-1,T cells,0.9993178779016919
AGATATACTGTTCT-1,B cells,0.9999654240711658
AGATATTGCCTACC-1,T cells,0.9995990227794725
AGATATTGGCCAAT-1,Monocytes,0.9015092333797966
AGATCGTGTCTGGA-1,Monocytes,0.9967307475198122
AGATCGTGTTTGTC-1,B cells,0.9999527159864077
AGATCTCTATCACG-1,B cells,0.9996548203405189
AGATTAACGTTCTT-1,Monocytes,0.9973990797502994
AGATTCCTATCGTG-1,T cells,0.998617451053767
AGATTCCTCACTTT-1,Monocytes,0.9880683011148798
AGATTCCTGACGAG-1,Monocytes,0.9967444173067891
AGATTCCTGTTCAG-1,ILC,0.9999975057706885
AGCAAAGATATGCG-1,T cells,0.9986276942122458
AGCACAACAGTCTG-1,T cells,0.999078181496886
AGCACTGAGGGAGT-1,T cells,0.9996806130686958
AGCACTGATATGCG-1,T cells,0.9973965448062249
AGCACTGATGCTTT-1,DC,0.9982686231063117
AGCACTGATTGCGA-1,T cells,0.9998133883797664
AGCATCGAAGATCC-1,T cells,0.9999592768575563
AGCATCGAAGGGTG-1,B cells,0.9874203447200416
AGCATCGAGCTTCC-1,Monocytes,0.9990547918345309
AGCATCGAGTGAGG-1,T cells,0.9113448819879973
AGCATCGATAACCG-1,Monocytes,0.9987717745800215
AGCATGACGATGAA-1,T cells,0.866025414121053
AGCCAATGGGGAGT-1,Monocytes,0.9996594755223719
AGCCAATGTATCTC-1,T cells,0.9998722884142026
AGCCACCTGGATCT-1,T cells,0.9991366409497614
AGCCGGTGCCAATG-1,T cells,0.9992748379288608
AGCCGGTGTGTTTC-1,T cells,0.9999896485771503
AGCCGTCTCAATCG-1,T cells,0.9998078112903072
AGCCGTCTGAGAGC-1,T cells,0.9997179783345986
AGCCTCACGTTCGA-1,T cells,0.9951189860675717
AGCCTCACTGTCAG-1,Monocytes,0.9988052290738384
AGCCTCTGCAGTTG-1,B cells,0.9999666769053656
AGCCTCTGCCAATG-1,ILC,0.9999900720266401
AGCGAACTGGATCT-1,T cells,0.9997415770376585
AGCGAACTTACTGG-1,T cells,0.9983944241243999
AGCGATACGGAGCA-1,T cells,0.9984623321237033
AGCGATTGAGATCC-1,ILC,0.999999250463937
AGCGCCGAATCTCT-1,T cells,0.9916391033161
AGCGCCGACAGAGG-1,T cells,0.99993019488051
AGCGCTCTACCTTT-1,T cells,0.9999511707799422
AGCGGCACCGGGAA-1,T cells,0.9889782510989786
AGCGGCTGATGTGC-1,T cells,0.9999445399028049
AGCGGGCTTGCCAA-1,T cells,0.9980802313338931
AGCGTAACATGCTG-1,T cells,0.9992017891512455
AGCGTAACTGAGAA-1,Monocytes,0.987906322960009
AGCTCGCTACTGGT-1,T cells,0.9998418399552057
AGCTCGCTCTGCTC-1,T cells,0.9999347132443211
AGCTGAACCATACG-1,Monocytes,0.9975330180171618
AGCTGAACCTCTCG-1,T cells,0.9999222501476513
AGCTGCCTTGGGAG-1,Monocytes,0.44428998047519014
AGCTGCCTTTCATC-1,T cells,0.9997885717946411
AGCTGCCTTTCTGT-1,T cells,0.9991337719684293
AGCTGTGATCCAAG-1,T cells,0.998819435217764
AGCTTTACAAGTAG-1,T cells,0.9991731706826288
AGCTTTACACCAAC-1,T cells,0.9781309634047902
AGCTTTACTCTCAT-1,B cells,0.9995167384420115
AGGAAATGAGGAGC-1,T cells,0.9999061268474272
AGGAACCTCTTAGG-1,Monocytes,0.9998623095195422
AGGAACCTTGCCTC-1,T cells,0.9989236123656837
AGGAATGATAACGC-1,T cells,0.9999909777045516
AGGAATGATTTGTC-1,T cells,0.9999447375231119
AGGAGTCTGGTTTG-1,T cells,0.9984849862957998
AGGAGTCTTGTCAG-1,T cells,0.9989376481530344
AGGATAGACATTTC-1,T cells,0.9997836974823688
AGGATAGAGGATTC-1,T cells,0.974806096355288
AGGATGCTACTAGC-1,B cells,0.9999805416934632
AGGATGCTTTAGGC-1,ILC,0.9999914475995493
AGGCAACTGAAGGC-1,T cells,0.9987410401074271
AGGCAGGAGTACCA-1,T cells,0.9669302964523239
AGGCCTCTAGTCGT-1,T cells,0.9997855801199869
AGGCCTCTCGGAGA-1,T cells,0.9990216534671286
AGGCCTCTCGTAAC-1,T cells,0.9996746783955897
AGGGACGACGTTGA-1,T cells,0.9976732398236787
AGGGACGAGTCAAC-1,ILC,0.9999998587789516
AGGGACGAGTTGTG-1,T cells,0.9894101716639849
AGGGACGATAGAGA-1,T cells,0.9918748022925353
AGGGACGATGCATG-1,T cells,0.9992040142517036
AGGGAGTGAGCCTA-1,T cells,0.9993631393833232
AGGGCCACCATACG-1,T cells,0.9999483857323482
AGGGCGCTAACCAC-1,Monocytes,0.9171321105667939
AGGGCGCTATGGTC-1,T cells,0.9999486800065742
AGGGTGGACAGTCA-1,B cells,0.9998239841539236
AGGGTGGACTCAAG-1,Monocytes,0.9704342077404173
AGGGTGGAGTTGCA-1,T cells,0.9998746498135908
AGGGTTTGTTCATC-1,MNP,0.2954263494753998
AGGTCATGAGTGTC-1,B cells,0.9994865200098108
AGGTCATGCTTATC-1,T cells,0.9957060637513709
AGGTCTGATTCTCA-1,Monocytes,0.9961203114248344
AGGTGGGAAGAATG-1,T cells,0.9997914195780002
AGGTGGGAAGTTCG-1,T cells,0.9999452253347514
AGGTGTTGGTTACG-1,B cells,0.9996271522472586
AGGTTCGAACCTCC-1,Monocytes,0.9987636837079733
AGGTTCGAACGTAC-1,Monocytes,0.9640789750764389
AGGTTCGAGGGTGA-1,T cells,0.9246815191879609
AGTAAGGAGTTTGG-1,T cells,0.999894351556159
AGTAAGGATTCTTG-1,T cells,0.9986546567574499
AGTAATACATCACG-1,ILC,0.9999912676508997
AGTAATACCGAACT-1,B cells,0.9999975517482956
AGTAATTGTCCCAC-1,T cells,0.9999983429999727
AGTACGTGAGGGTG-1,T cells,0.9992390544015578
AGTACGTGCTGCAA-1,T cells,0.998419362241913
AGTACGTGCTTGGA-1,T cells,0.9972119472293445
AGTACTCTACGTGT-1,B cells,0.9999761942704857
AGTACTCTCAACCA-1,T cells,0.9667681355495119
AGTACTCTCGGTAT-1,T cells,0.9999940541966958
AGTAGGCTTGCCTC-1,Monocytes,0.9967928609915411
AGTATAACTTGTCT-1,Monocytes,0.9999647663146011
AGTATCCTAGAACA-1,T cells,0.9992962973373272
AGTCACGATGAGCT-1,ILC,0.9999071310686154
AGTCAGACGAATAG-1,T cells,0.9267871642117591
AGTCAGACGCTTAG-1,T cells,0.9988767385284133
AGTCAGACTAGAGA-1,T cells,0.9974013407870046
AGTCAGACTGCACA-1,T cells,0.9922954508216568
AGTCCAGATATCTC-1,T cells,0.99966964559177
AGTCCAGATTTCAC-1,T cells,0.9999964075007792
AGTCGAACCAACCA-1,T cells,0.9936028654413549
AGTCGCCTCCGTAA-1,T cells,0.9876053000674168
AGTCTACTAGGGTG-1,Monocytes,0.931605893834933
AGTCTACTTGCATG-1,Monocytes,0.9822885808501182
AGTCTTACACCACA-1,T cells,0.9999862939072737
AGTCTTACTTCGCC-1,T cells,0.9998289327994656
AGTCTTACTTCGGA-1,Megakaryocytes/platelets,0.9770501879512127
AGTGACTGCAACTG-1,Monocytes,0.99771123845081
AGTGTTCTAACCTG-1,T cells,0.9906828157646397
AGTGTTCTATAAGG-1,T cells,0.999441538402455
AGTGTTCTCACTTT-1,Monocytes,0.9949134945339866
AGTTAAACCACTTT-1,T cells,0.9998655106526122
AGTTATGAACAGTC-1,Monocytes,0.9856468962338351
AGTTATGACTGAGT-1,T cells,0.999953974464622
AGTTATGAGTTCAG-1,T cells,0.9949688333211355
AGTTCTACCAGCTA-1,Monocytes,0.9771827710694387
AGTTCTTGAAGCCT-1,T cells,0.8730474684581164
AGTTGTCTACTACG-1,T cells,0.9999741687527733
AGTTTAGATGGTCA-1,T cells,0.9985509911069621
AGTTTCACGGTCTA-1,T cells,0.9942681173057148
AGTTTGCTACAGTC-1,T cells,0.9868220590446904
AGTTTGCTACTGGT-1,ILC,0.9831684168195343
AGTTTGCTCCAAGT-1,T cells,0.9999613618960866
ATAAACACAGTGCT-1,B cells,0.9863921507681083
ATAAACACCACCAA-1,T cells,0.9999934473771471
ATAACAACATGCTG-1,Monocytes,0.9971352074859954
ATAACAACGTCTAG-1,T cells,0.9998278537875246
ATAACAACTTTGTC-1,T cells,0.9998844853042961
ATAACATGTACTCT-1,T cells,0.9979933322295972
ATAACCCTGTTGGT-1,T cells,0.9998423145342531
ATAACCCTTGGTAC-1,T cells,0.9996052797539399
ATAAGTACGAATGA-1,B cells,0.9999742639637788
ATAAGTTGGTACGT-1,Monocytes,0.9927127500588481
ATAAGTTGTCTAGG-1,T cells,0.9998880908658657
ATAATCGAGCTGAT-1,B cells,0.9999812282314051
ATAATCGATGGTTG-1,T cells,0.9977091639755897
ATAATGACCTACTT-1,T cells,0.999485014345862
ATAATGACTCGTGA-1,Monocytes,0.9644299373766771
ATACAATGTTAGGC-1,T cells,0.9999403648658108
ATACCACTCGTACA-1,Monocytes,0.9932317602990088
ATACCACTCTAAGC-1,DC,0.9995743459941066
ATACCACTGCCAAT-1,ILC,0.999772369268019
ATACCGGAATGCTG-1,DC,0.9266283665086253
ATACCGGACATTTC-1,Monocytes,0.9911928904896896
ATACCGGACTTCGC-1,T cells,0.9999099316682021
ATACCGGAGGTGTT-1,Monocytes,0.9988143428661052
ATACCGGATCTCGC-1,T cells,0.997909129504835
ATACCTACGCATCA-1,T cells,0.9995618994956341
ATACCTTGGGGCAA-1,T cells,0.9994716680862856
ATACGGACAGACTC-1,Monocytes,0.9754853999482327
ATACGGACCTACTT-1,Monocytes,0.9987186804718509
ATACGGACGAGGTG-1,B cells,0.999982637340641
ATACGGACTATGCG-1,B cells,0.9983101937208031
ATACGGACTCTGGA-1,Monocytes,0.9979213578441319
ATACGTCTTAACGC-1,Monocytes,0.9997367783469697
ATACTCTGCTTCGC-1,Monocytes,0.9969204137690757
ATACTCTGGTATGC-1,ILC,0.999999926758109
ATAGATACCATGGT-1,T cells,0.9887267034897754
ATAGATACGACGAG-1,T cells,0.9936263470546417
ATAGATTGGTGTAC-1,B cells,0.9999941356490246
ATAGCCGAACGGAG-1,T cells,0.9999451197158575
ATAGCGTGCAGATC-1,T cells,0.9995504075217541
ATAGCGTGCCCTTG-1,Monocytes,0.9728030328797829
ATAGCGTGGTATCG-1,Monocytes,0.9875516545381311
ATAGCGTGTCTCTA-1,T cells,0.9997130405253233
ATAGCTCTCTGATG-1,T cells,0.999803014633798
ATAGCTCTGAGGTG-1,T cells,0.9999981260033888
ATAGGAGAAACAGA-1,Monocytes,0.9984376077774895
ATAGGCTGTCAGAC-1,T cells,0.9999846665689482
ATAGTCCTAGTGTC-1,Monocytes,0.9980242636350998
ATAGTCCTTGCATG-1,T cells,0.9997307060334047
ATAGTCCTTGTCGA-1,T cells,0.999998152333282
ATAGTTGACAACTG-1,T cells,0.9999214002290715
ATAGTTGACCCTCA-1,Monocytes,0.9964450183999586
ATAGTTGAGACGTT-1,T cells,0.9824136213720026
ATAGTTGATAAGCC-1,T cells,0.9998722659170264
ATATACGAAGCCAT-1,T cells,0.9996082647331737
ATATACGAATTGGC-1,T cells,0.9997359076179447
ATATAGTGGAATGA-1,Monocytes,0.9998359163693261
ATATGCCTAGATCC-1,Monocytes,0.9544242392165719
ATATGCCTGGACAG-1,T cells,0.9999960689649506
ATATGCCTTCTCTA-1,T cells,0.9960690117728348
ATATGCCTTGGTAC-1,T cells,0.9999889078126911
ATCAAATGAGCCTA-1,Monocytes,0.9957214067832142
ATCAAATGGGTAAA-1,Monocytes,0.998657194668855
ATCAACCTAAACGA-1,T cells,0.9991166967831256
ATCAACCTGAGGAC-1,T cells,0.9999607999242678
ATCAACCTTCTCTA-1,T cells,0.999821389790125
ATCAACCTTTGTCT-1,T cells,0.9975075015697775
ATCACACTTTGTCT-1,T cells,0.9993247988466835
ATCACGGATTTCGT-1,B cells,0.9999051150940966
ATCATCTGACACCA-1,Megakaryocytes/platelets,0.9663206402451527
ATCATGCTAGAGTA-1,T cells,0.4314151438430758
ATCATGCTGAACCT-1,B cells,0.9999973280585702
ATCCAGGACGCTAA-1,Monocytes,0.9999274977898168
ATCCAGGATGGAAA-1,T cells,0.9967528400279484
ATCCATACTCCTTA-1,Monocytes,0.9687792213631158
ATCCATACTTCATC-1,Monocytes,0.9976490020633615
ATCCCGTGCAGTCA-1,ILC,0.9993717129310421
ATCCCGTGCATGCA-1,B cells,0.9990034393403048
ATCCCGTGGCTGAT-1,B cells,0.9975528331164546
ATCCGCACGCATCA-1,B cells,0.9999267425514907
ATCCTAACGACGGA-1,B cells,0.9998675514955198
ATCCTAACGCTACA-1,T cells,0.9999264160999429
ATCGACGAAACTGC-1,Monocytes,0.9810077697825569
ATCGACGAATGACC-1,T cells,0.992887448055224
ATCGAGTGGACGTT-1,T cells,0.5805340785260504
ATCGCAGAATCTCT-1,Monocytes,0.999890137750547
ATCGCAGAGTGTCA-1,B cells,0.9993869512939952
ATCGCCACTGAGGG-1,T cells,0.9999766915291693
ATCGCCTGGGTCAT-1,T cells,0.9994724964085103
ATCGCCTGTGGCAT-1,B cells,0.9999601619181506
ATCGCGCTCAGAGG-1,Monocytes,0.9958994560056675
ATCGCGCTGGGATG-1,T cells,0.998494886006672
ATCGCGCTTTTCGT-1,B cells,0.9996337953793072
ATCGGAACCAGTCA-1,T cells,0.9998594850615043
ATCGGTGAGTCAAC-1,T cells,0.999970047979611
ATCGGTGATTGCAG-1,T cells,0.9997613054755952
ATCGTTTGCCTACC-1,Monocytes,0.9912194877599994
ATCGTTTGGGTACT-1,Monocytes,0.972069059591502
ATCGTTTGTGCCAA-1,Monocytes,0.9719885034063006
ATCTACACCCGCTT-1,Monocytes,0.7709382953078622
ATCTACACCGGGAA-1,T cells,0.998322311943042
ATCTCAACAGGAGC-1,B cells,0.9999851515669229
ATCTCAACCTCGAA-1,T cells,0.9938450541389563
ATCTCAACCTTGTT-1,Monocytes,0.9999680041850111
ATCTGGGAAACCAC-1,Monocytes,0.9597030599403454
ATCTGGGAAGTGTC-1,Monocytes,0.890483494664168
ATCTGGGATTCCGC-1,T cells,0.6936163583652746
ATCTGTTGAACGGG-1,T cells,0.9920336249210897
ATCTGTTGACCTCC-1,T cells,0.9998798039363932
ATCTGTTGCCTTCG-1,Monocytes,0.9989127465462695
ATCTGTTGGTTGCA-1,T cells,0.9763701739220286
ATCTTGACACCAAC-1,T cells,0.9986997325517903
ATCTTGACCTCCCA-1,Monocytes,0.9715231002372042
ATCTTTCTGCATCA-1,T cells,0.9825096377325349
ATCTTTCTGTTTCT-1,T cells,0.9892551666790741
ATCTTTCTTGTCCC-1,ILC,0.999749493001148
ATGAAACTCTGTGA-1,T cells,0.9973184746395383
ATGAAACTGAGGCA-1,T cells,0.9961652443295417
ATGAAGGAACAGCT-1,T cells,0.9105113098349757
ATGAAGGACCTGTC-1,B cells,0.9999887196206108
ATGAAGGACCTTAT-1,B cells,0.9995913784220317
ATGAAGGACTAGTG-1,B cells,0.9989186998955863
ATGAAGGACTTGCC-1,ILC,0.9999983950194162
ATGACGTGACGACT-1,B cells,0.9999974272474382
ATGACGTGATCGGT-1,Monocytes,0.9851419426172907
ATGAGAGAAAGTGA-1,T cells,0.9996353823144594
ATGAGAGAACGCAT-1,T cells,0.9997105801154129
ATGAGAGAAGTAGA-1,B cells,0.9999082187079062
ATGAGCACACAGCT-1,T cells,0.9999537310272234
ATGAGCACATCTTC-1,T cells,0.9986996013026598
ATGATAACTTCACT-1,ILC,0.9999973931022981
ATGATATGAAACAG-1,T cells,0.9999700847981234
ATGATATGACTGGT-1,T cells,0.9999635540605128
ATGATATGAGCACT-1,T cells,0.9990630636173345
ATGATATGGTCATG-1,T cells,0.9999292695288389
ATGATATGGTGCTA-1,ILC,0.9999995821464117
ATGATATGTTGTCT-1,Monocytes,0.9608396341309219
ATGCACGAATGTCG-1,B cells,0.9997001835444236
ATGCACGACTGTAG-1,T cells,0.9838777773459387
ATGCACGAGAACCT-1,B cells,0.9995856028833764
ATGCACGAGTTCGA-1,T cells,0.9995231729003821
ATGCACGATTGGTG-1,Monocytes,0.9555761448545137
ATGCAGTGTTACCT-1,B cells,0.9999445041872027
ATGCAGTGTTCTAC-1,T cells,0.9990086860360002
ATGCCAGAACGACT-1,T cells,0.9999436764058652
ATGCCAGACAGTCA-1,Monocytes,0.9923081401287162
ATGCCGCTTGAACC-1,Monocytes,0.9973700766157482
ATGCGATGCTATGG-1,Monocytes,0.9722550412301643
ATGCGATGCTGAGT-1,T cells,0.9986987811652498
ATGCGATGGTTACG-1,B cells,0.9989087500107131
ATGCGCCTTCATTC-1,T cells,0.9999567801989626
ATGCTTTGCGAATC-1,T cells,0.9999949017358235
ATGCTTTGGGCGAA-1,ILC,0.7504899480726671
ATGCTTTGTAGTCG-1,B cells,0.9997616024304243
ATGGACACATCGGT-1,T cells,0.9984509143797092
ATGGACACGCATCA-1,ILC,0.9970059553745294
ATGGGTACAACCTG-1,B cells,0.9999902819589214
ATGGGTACATCGGT-1,ILC,0.9999977459063848
ATGGGTACTATTCC-1,T cells,0.9638481672317621
ATGGGTACTGGGAG-1,T cells,0.9960460776857938
ATGTAAACACCTCC-1,T cells,0.9879780514699653
ATGTAAACCCGCTT-1,T cells,0.9998278333866972
ATGTAAACGGGATG-1,DC,0.8523866576239144
ATGTAAACTCTCCG-1,T cells,0.9898334618264628
ATGTAAACTTCACT-1,Monocytes,0.9619421261392254
ATGTACCTCAGTCA-1,T cells,0.9899120385479249
ATGTACCTTAGTCG-1,T cells,0.9999319833858462
ATGTACCTTTATCC-1,Monocytes,0.9744328127136628
ATGTACCTTTCACT-1,ILC,0.8863519314428442
ATGTCACTAATGCC-1,Monocytes,0.9940109574805064
ATGTCACTCTGCTC-1,T cells,0.9357794113357473
ATGTCGGAGGTGAG-1,T cells,0.9999776474664658
ATGTTCACAGTCTG-1,Monocytes,0.9925367180464019
ATGTTCACCGTAGT-1,T cells,0.9998882930936338
ATGTTGCTTTCAGG-1,T cells,0.9976381809073714
ATTAACGATGAGAA-1,ILC,0.9990395319877715
ATTAACGATGCAAC-1,ILC,0.8925647852457516
ATTAAGACTGCAGT-1,T cells,0.9991093230892727
ATTACCTGCCTTAT-1,Monocytes,0.9998471810977855
ATTACCTGGAGGAC-1,Monocytes,0.999978643988578
ATTAGATGTTTCAC-1,T cells,0.8754061112662619
ATTATGGAATCTCT-1,T cells,0.9850228820082988
ATTCAAGAACGGGA-1,T cells,0.9962808251805421
ATTCAAGACCTTTA-1,T cells,0.9974035671511525
ATTCAGCTCATTGG-1,Megakaryocytes/platelets,0.8795531714308578
ATTCCAACCATTGG-1,Monocytes,0.9915780289639553
ATTCCAACTTAGGC-1,ILC,0.998479011878561
ATTCGACTCACTAG-1,T cells,0.9993716239444864
ATTCGACTGAATAG-1,Monocytes,0.969513598282042
ATTCGACTTTTGTC-1,Monocytes,0.9997100669218127
ATTCGGGAAAGGCG-1,Monocytes,0.8982815448786434
ATTCGGGATTAGGC-1,T cells,0.9998585063796707
ATTCTTCTGATACC-1,T cells,0.9977375568074055
ATTGAATGGACGGA-1,T cells,0.8733251265517379
ATTGATGAAGGTTC-1,T cells,0.9996389427037385
ATTGATGACTGAGT-1,T cells,0.9996577242367151
ATTGATGAGCGAAG-1,T cells,0.9995243787656448
ATTGATGATCTATC-1,T cells,0.99462635926917
ATTGCACTGACGGA-1,T cells,0.9996931983692087
ATTGCACTGAGAGC-1,Monocytes,0.9996477320644829
ATTGCACTGGAGCA-1,Monocytes,0.9972577797406641
ATTGCACTTAGCCA-1,T cells,0.9998214609063222
ATTGCACTTGCTTT-1,Monocytes,0.9999194054132549
ATTGCTTGTTACTC-1,B cells,0.9972034442892641
ATTGGTCTGACTAC-1,B cells,0.9939864027851785
ATTGGTCTTGTCTT-1,B cells,0.9992083827919138
ATTGTAGATTCCCG-1,DC,0.981933884145979
ATTGTAGATTGCAG-1,T cells,0.9999308415650666
ATTGTCTGCGTACA-1,T cells,0.9997491141857389
ATTTAGGAACCATG-1,Monocytes,0.9999284909005138
ATTTAGGACAGAGG-1,T cells,0.9999466891346901
ATTTCCGAGATGAA-1,T cells,0.9996765585391575
ATTTCCGAGTGCTA-1,T cells,0.9980643703156649
ATTTCGTGTATGGC-1,T cells,0.4743654241457564
ATTTCTCTACTTTC-1,Monocytes,0.9624348167763034
ATTTCTCTAGCAAA-1,T cells,0.9999759703383755
ATTTCTCTCACTTT-1,Monocytes,0.9967632922146776
ATTTCTCTTCCCAC-1,T cells,0.9994607543541226
ATTTGCACAAGATG-1,Monocytes,0.9866776818016735
CAAAGCACAGCTCA-1,T cells,0.9989164985751512
CAAAGCACCGTAAC-1,B cells,0.9996916524656325
CAAAGCACGGTAAA-1,ILC,0.5127943512239571
CAAAGCTGAAAGTG-1,T cells,0.9987453678813699
CAAAGCTGTTGCTT-1,Monocytes,0.9823528796063237
CAAATATGTGACAC-1,T cells,0.9969880076905714
CAAATTGAGGGCAA-1,T cells,0.9203222130910659
CAAATTGATGGAGG-1,Monocytes,0.9658434421224121
CAACCAGAAAAGTG-1,T cells,0.9976369905121857
CAACCAGAAGTGCT-1,T cells,0.999551702678221
CAACCAGAGTTCAG-1,Monocytes,0.9950860934502711
CAACCAGATAGAAG-1,Myelocytes,0.9953321410329843
CAACCGCTGTTCAG-1,T cells,0.9995177245311486
CAACCGCTTTGAGC-1,T cells,0.9983677442088339
CAACGATGCGCAAT-1,Monocytes,0.9987554679582723
CAACGTGACTCCAC-1,Monocytes,0.9807213353836376
CAACGTGAGCCATA-1,ILC,0.9532661738244926
CAACGTGATCAAGC-1,Monocytes,0.9996928154107417
CAAGAAGACCACAA-1,T cells,0.9978459922560405
CAAGAAGACGTCTC-1,Monocytes,0.8564197849485862
CAAGAAGATTCTAC-1,T cells,0.9988528377955429
CAAGACTGACCTGA-1,B cells,0.9999938531852879
CAAGACTGAGTAGA-1,B cells,0.9999394758095121
CAAGCTGACCATAG-1,Monocytes,0.9873338483462606
CAAGCTGATCTATC-1,T cells,0.9414326565005157
CAAGGACTGTTCAG-1,T cells,0.9999104465093934
CAAGGACTTCTTTG-1,T cells,0.9982894467582609
CAAGGTTGCTCCAC-1,T cells,0.9998435805373149
CAAGGTTGTCATTC-1,B cells,0.9999180343895132
CAAGGTTGTCTGGA-1,ILC,0.9999895725159152
CAAGTCGAAACAGA-1,B cells,0.9982304066600657
CAAGTCGATAGCGT-1,Monocytes,0.9883031257584709
CAATAAACGCCATA-1,Monocytes,0.9768283051856306
CAATAATGAACTGC-1,Monocytes,0.9924421379433637
CAATATGACATGGT-1,T cells,0.9995860081161412
CAATATGACCTTCG-1,ILC,0.9806013065431151
CAATATGACGTTAG-1,T cells,0.9968740958635616
CAATATGAGGAGCA-1,T cells,0.9946080738827704
CAATCGGAGAAACA-1,T cells,0.9850192810475599
CAATCTACTGACTG-1,ILC,0.9979928796307431
CAATTCACCCAACA-1,T cells,0.8917365739850741
CAATTCACGATAGA-1,T cells,0.9999310585868052
CAATTCACTTGTGG-1,T cells,0.7855821500085854
CAATTCTGCTTGTT-1,Monocytes,0.9652205325613507
CAATTCTGGCGTAT-1,Monocytes,0.9923959079302787
CACAACGATACGAC-1,T cells,0.9979755025204213
CACAATCTTGTTCT-1,T cells,0.9993201714554456
CACAATCTTTCCAT-1,T cells,0.9999828768707015
CACACCTGCTTGAG-1,T cells,0.9997612319987862
CACACCTGTATGGC-1,T cells,0.9986360756452727
CACAGAACCCTTGC-1,B cells,0.6605538849942673
CACAGAACCTGATG-1,T cells,0.999942795365692
CACAGATGGGATTC-1,T cells,0.9925906724364109
CACAGATGGTTTCT-1,Monocytes,0.9856692707359124
CACAGCCTGATACC-1,T cells,0.9999647464782307
CACAGCCTTGCCAA-1,Monocytes,0.9999979972954778
CACAGCCTTGTAGC-1,T cells,0.9994382908322534
CACAGTGATGAAGA-1,Monocytes,0.9881395806291626
CACATACTACAGCT-1,ILC,0.9804146359003126
CACATGGAACACGT-1,T cells,0.9999969092573805
CACATGGAAGTCGT-1,T cells,0.9999516020538971
CACCACTGCCAACA-1,T cells,0.9962518436462224
CACCACTGGCGAAG-1,ILC,0.9996946968164332
CACCCATGTTCTGT-1,T cells,0.31459149103905015
CACCGGGAATCGAC-1,T cells,0.9231439237123177
CACCGGGACGAGAG-1,ILC,0.27889788378885333
CACCGGGACGTGTA-1,T cells,0.998475945039163
CACCGGGACTTCTA-1,T cells,0.9999648779552873
CACCGGGACTTGCC-1,T cells,0.6072048604952578
CACCGGGATTCGGA-1,ILC,0.7777955609683487
CACCGTACTAAGGA-1,B cells,0.9997444625911992
CACCGTACTAGCGT-1,T cells,0.9999619970399856
CACCTGACACCCAA-1,T cells,0.9570174857652317
CACCTGACCAGAAA-1,T cells,0.9924518387868136
CACCTGACCTCAAG-1,T cells,0.76400622833847
CACCTGACGAAAGT-1,B cells,0.9999695825341215
CACCTGACTCGTAG-1,T cells,0.9999234855368802
CACGAAACTTCCGC-1,B cells,0.9998797867638051
CACGACCTCGATAC-1,B cells,0.8936606833386064
CACGCTACAGAAGT-1,T cells,0.9999261361364947
CACGCTACTGTTCT-1,B cells,0.9978269706439274
CACGGGACAGAGTA-1,T cells,0.9990960592427429
CACGGGACATAAGG-1,T cells,0.9995081217250954
CACGGGACGTAGGG-1,T cells,0.9999288317241755
CACGGGTGCTTCGC-1,ILC,0.7416219186936447
CACGGGTGGAGGAC-1,ILC,0.95416439646169
CACGGGTGTGTTTC-1,T cells,0.9969807098595769
CACTAACTCCTAAG-1,B cells,0.9994580222437618
CACTAACTGAAAGT-1,T cells,0.998435780556403
CACTAGGATGATGC-1,B cells,0.9982158247558661
CACTATACCCCGTT-1,B cells,0.9999781328427444
CACTATACGTTTGG-1,T cells,0.953000351405469
CACTGAGACAGTCA-1,Myelocytes,0.7934052560024134
CACTGCACTTCATC-1,T cells,0.9999378019866485
CACTGCTGAGACTC-1,Monocytes,0.9992077110983063
CACTGCTGGAAAGT-1,T cells,0.994739111250607
CACTTAACCGAATC-1,T cells,0.9632591080165033
CACTTAACCGTACA-1,B cells,0.9988139339745619
CACTTTGACTCTAT-1,T cells,0.9988156789249665
CACTTTGAGCTGTA-1,T cells,0.9985079523141747
CAGAAGCTCTCAAG-1,T cells,0.9992111574340459
CAGACATGAACGGG-1,T cells,0.999895516046414
CAGACATGTCGACA-1,T cells,0.9987896173850731
CAGACCCTAAGGTA-1,Monocytes,0.9900310588572329
CAGACCCTAATGCC-1,T cells,0.9996441450441941
CAGACCCTAGGAGC-1,T cells,0.9944393793024374
CAGACTGAGTATGC-1,T cells,0.9999312143327462
CAGATCGAATGTCG-1,B cells,0.9999760219308251
CAGATCGACCTGAA-1,T cells,0.9759127684333027
CAGATCGATATGGC-1,T cells,0.9999877330202399
CAGATGACATTCTC-1,ILC,0.9999731697760404
CAGCAATGCCTTCG-1,T cells,0.9997645273931964
CAGCAATGGAGGGT-1,ILC,0.9999193452559434
CAGCAATGGTGCTA-1,T cells,0.999791157377606
CAGCAATGTCTACT-1,Monocytes,0.9983193014483188
CAGCAATGTGACCA-1,T cells,0.9987571851809404
CAGCAATGTGAGGG-1,Monocytes,0.9428699593251514
CAGCACCTAAGCCT-1,T cells,0.9968691988879486
CAGCACCTAGGCGA-1,T cells,0.9885467598912632
CAGCACCTGTAGGG-1,Monocytes,0.9580471428411093
CAGCATGACAACCA-1,Monocytes,0.9929393275913866
CAGCATGAGACGTT-1,T cells,0.9907699069655584
CAGCCTACCCAACA-1,T cells,0.9946075934712221
CAGCCTTGCTACCC-1,Monocytes,0.9999163958676546
CAGCCTTGGGGACA-1,T cells,0.998915715069077
CAGCGGACACCCTC-1,T cells,0.9992646321016043
CAGCGGACCTTTAC-1,ILC,0.9999920456987683
CAGCGTCTAAAGCA-1,T cells,0.9999379025956191
CAGCGTCTTATCGG-1,T cells,0.9936768171475255
CAGCTAGATGTGAC-1,Monocytes,0.9995357488155112
CAGCTCTGAGGCGA-1,T cells,0.99607371395493
CAGCTCTGCAAGCT-1,T cells,0.9990446254444718
CAGCTCTGTCGTAG-1,Monocytes,0.9983916353313592
CAGCTCTGTGTGGT-1,ILC,0.9999372394762258
CAGGAACTAACTGC-1,T cells,0.9836613748381972
CAGGAACTCTCAGA-1,Monocytes,0.9868008555335539
CAGGCCGAACACCA-1,T cells,0.9991969068388562
CAGGCCGAACACGT-1,T cells,0.9930975656933377
CAGGCCGAACGACT-1,T cells,0.9579145129339488
CAGGCCGAATCTCT-1,Monocytes,0.9873372870852406
CAGGCCGACTAGCA-1,B cells,0.9995888727384772
CAGGGCACCATACG-1,B cells,0.9999982509940551
CAGGGCACCCAACA-1,T cells,0.9967643886337784
CAGGGCACTCCCGT-1,T cells,0.9997684884343617
CAGGTAACAGACTC-1,Monocytes,0.9992726352815148
CAGGTATGAGTCGT-1,T cells,0.9924182276779454
CAGGTATGTGCTTT-1,T cells,0.9996034479719568
CAGGTTGAGGATCT-1,B cells,0.9999848617847601
CAGTGATGGACGGA-1,B cells,0.9999757464393895
CAGTGATGGCTAAC-1,T cells,0.8169451223671863
CAGTGATGGGACAG-1,T cells,0.9999739243992042
CAGTGATGTAAGGA-1,B cells,0.9998562094445098
CAGTGATGTACGCA-1,B cells,0.9959046191874968
CAGTGTGATGTCAG-1,T cells,0.9992719002859861
CAGTTACTAAGGTA-1,B cells,0.9999842746403496
CAGTTACTGATAGA-1,T cells,0.9999547966575488
CAGTTGGAAAGAGT-1,Monocytes,0.9910158237731829
CAGTTGGACATACG-1,T cells,0.9997665966298495
CAGTTTACACACGT-1,ILC,0.9093591541295474
CAGTTTACCCCAAA-1,T cells,0.9917931144705494
CATAAAACGGAGCA-1,Monocytes,0.9831014300266995
CATAAATGAACTGC-1,T cells,0.9999124618979993
CATAACCTTCTCCG-1,T cells,0.9998546326144713
CATACTACCTCGAA-1,T cells,0.9138706781761543
CATACTACCTGAAC-1,T cells,0.994547923663089
CATACTACGTACCA-1,Monocytes,0.8734965361797348
CATACTTGGGTTAC-1,Monocytes,0.9819239557428855
CATAGTCTAATCGC-1,T cells,0.9997886708980235
CATAGTCTCACTTT-1,T cells,0.999986802264612
CATATAGACTAAGC-1,DC,0.9816774045129124
CATATAGATCAGGT-1,B cells,0.9991145320257995
CATCAACTAGAAGT-1,T cells,0.9996618219893434
CATCAACTCCCTCA-1,T cells,0.9994329921175858
CATCAGGACTTCCG-1,ILC,0.9999974910399382
CATCAGGATAGCCA-1,ILC,0.9999987259809038
CATCAGGATCCTAT-1,Monocytes,0.9997071097761844
CATCAGGATGCACA-1,Monocytes,0.9997543731920131
CATCAGGATTTCGT-1,Monocytes,0.9486113504096867
CATCATACCGCATA-1,Monocytes,0.9854471951390065
CATCATACGGAGCA-1,B cells,0.9987136645937551
CATCATACTCAAGC-1,T cells,0.999941750225323
CATCGCTGGGATCT-1,T cells,0.9995102956396906
CATCGCTGTGGCAT-1,B cells,0.99960693229085
CATCGGCTATGCTG-1,T cells,0.9994592631630114
CATCGGCTTTGGCA-1,T cells,0.9945272686324202
CATCTCCTATGTGC-1,B cells,0.999999315750819
CATCTCCTCGAACT-1,Monocytes,0.9926702115237466
CATGAGACACGGGA-1,B cells,0.9998094478603906
CATGAGACGTTGAC-1,ILC,0.9999993922962436
CATGAGACTCGCCT-1,T cells,0.9997657072647609
CATGCCACGGGTGA-1,T cells,0.9993672196508765
CATGCCACTGCCAA-1,T cells,0.999997279662838
CATGCGCTAGTCAC-1,Monocytes,0.9991691756914995
CATGCGCTCAGATC-1,Monocytes,0.9605549727914492
CATGCGCTTTGCAG-1,Monocytes,0.9993626542778405
CATGGCCTAGGGTG-1,Monocytes,0.8471259940365615
CATGGCCTGTGCAT-1,T cells,0.9989674099619984
CATGTACTATCGTG-1,ILC,0.7677242779206573
CATGTTACAGTCGT-1,ILC,0.8908621463905378
CATGTTACCTGAGT-1,T cells,0.9997553670324755
CATGTTTGGGGATG-1,Monocytes,0.9892724438274986
CATTACACACGGAG-1,B cells,0.9994686596131667
CATTACACCAACTG-1,ILC,0.9998784022387889
CATTACACGGAGTG-1,T cells,0.9954245195724024
CATTACACTACTCT-1,T cells,0.9944718337403503
CATTAGCTCCACAA-1,Monocytes,0.9986178802556568
CATTGACTAGCGGA-1,Monocytes,0.9912057486762699
CATTGGGACTCGAA-1,T cells,0.9863484837940577
CATTGTACAGCGTT-1,T cells,0.9998286149834477
CATTGTACTCGATG-1,B cells,0.9997592161416544
CATTGTACTTATCC-1,T cells,0.9920951626933343
CATTGTACTTTGCT-1,Monocytes,0.9767635326979398
CATTGTTGCTAGTG-1,T cells,0.9994701333017963
CATTTCGACTCTAT-1,T cells,0.9999958535692883
CATTTCGAGATACC-1,ILC,0.999991549562259
CATTTGACCACACA-1,T cells,0.9883333881878585
CATTTGACCCTGAA-1,T cells,0.9973074410426934
CATTTGTGACGACT-1,B cells,0.9997619903466606
CATTTGTGCATTGG-1,T cells,0.9980564791452466
CATTTGTGCGGAGA-1,T cells,0.9997265656272853
CATTTGTGGGATCT-1,B cells,0.9999101129121514
CCAAAGTGCTACGA-1,Monocytes,0.9361137215600107
CCAAAGTGTGAGAA-1,Monocytes,0.9616107923861977
CCAACCTGAAGTAG-1,ILC,0.8067464980693865
CCAACCTGACGTAC-1,Monocytes,0.9983863067817825
CCAACCTGTTCGCC-1,Monocytes,0.9273691468710538
CCAAGAACCCAATG-1,T cells,0.9998385773323031
CCAAGAACGTAGCT-1,T cells,0.9989356258209124
CCAAGAACGTGTCA-1,T cells,0.9998392554613561
CCAAGAACTACTGG-1,T cells,0.9906058255291005
CCAAGAACTCCTAT-1,B cells,0.877176905361055
CCAAGATGTCATTC-1,T cells,0.9468239234735911
CCAAGATGTTTCAC-1,T cells,0.999950418875598
CCAAGTGAGGAACG-1,T cells,0.9965500426714731
CCAAGTGATCAAGC-1,T cells,0.9998531397145973
CCAATTTGAACGTC-1,Monocytes,0.9940248462222663
CCACCATGAACGTC-1,T cells,0.995484925131084
CCACCATGATCGGT-1,T cells,0.997840254767576
CCACCATGGACGAG-1,Monocytes,0.9998442292811907
CCACCATGGGGAGT-1,T cells,0.8970064138746292
CCACCATGTCCTGC-1,T cells,0.7883053414316784
CCACTGACCCGCTT-1,Monocytes,0.9996309820171125
CCACTGTGGGAAGC-1,Monocytes,0.9701014041017519
CCACTGTGTGTAGC-1,T cells,0.901811990370888
CCACTTCTCGGGAA-1,Monocytes,0.9775394769401624
CCAGAAACCCTGTC-1,B cells,0.9999942657579857
CCAGAAACGAACTC-1,T cells,0.9999979347452637
CCAGAAACGGTCTA-1,T cells,0.9998618587202635
CCAGACCTCTGAGT-1,B cells,0.8544259354353556
CCAGACCTTGTGGT-1,T cells,0.9851044530776892
CCAGCACTGCGATT-1,Monocytes,0.9963642533090808
CCAGCGGAAAGGCG-1,Monocytes,0.9915012815546683
CCAGCGGACGACTA-1,Monocytes,0.9861359697809917
CCAGCGGATGGGAG-1,T cells,0.9998221222087079
CCAGCTACACAGTC-1,T cells,0.9995388136931317
CCAGCTACCAGCTA-1,B cells,0.9994983114963847
CCAGGTCTACACCA-1,B cells,0.9999906590454828
CCAGGTCTAGCATC-1,Monocytes,0.8747906002935628
CCAGGTCTATGGTC-1,T cells,0.9998600785256047
CCAGTCACACTGGT-1,Monocytes,0.9060857945332772
CCAGTCACACTGTG-1,B cells,0.9999259149088701
CCAGTCACGTTGTG-1,T cells,0.9999208769238267
CCAGTGCTAACCAC-1,T cells,0.9994551798047614
CCAGTGCTCGTAGT-1,T cells,0.998844956286176
CCATCCGAAAGCAA-1,T cells,0.9916152542030189
CCATCCGAACGACT-1,T cells,0.9985261471491154
CCATCCGAAGGTTC-1,B cells,0.9998920773229348
CCATCCGATTCGCC-1,Monocytes,0.9956572531663055
CCATCGTGAACGGG-1,T cells,0.9953380479522455
CCATCGTGCTAGAC-1,Monocytes,0.9928335223285653
CCCAACACCTCGCT-1,B cells,0.9997855280732925
CCCAACACGCATCA-1,T cells,0.9997547887587942
CCCAACACTTTGTC-1,Monocytes,0.9123614161766508
CCCAACTGCAATCG-1,Monocytes,0.9717017780958069
CCCAGACTGCCTTC-1,Monocytes,0.9980980903247852
CCCAGACTGGTTTG-1,B cells,0.9989806425210445
CCCAGACTTTCGCC-1,Monocytes,0.9996455824119279
CCCAGTTGCAGTTG-1,Monocytes,0.9817210464614151
CCCAGTTGGGTACT-1,T cells,0.9975865860732165
CCCAGTTGTCTATC-1,B cells,0.9999983189837668
CCCGATTGTGTTTC-1,T cells,0.9996456400127486
CCCGGAGAAGGGTG-1,Monocytes,0.9845454738165733
CCCTACGAATTGGC-1,Monocytes,0.9965047403695989
CCCTAGTGCAAAGA-1,T cells,0.9968659520491275
CCCTCAGACACTTT-1,B cells,0.9999485341179397
CCCTCAGACGAGAG-1,T cells,0.9999666337701741
CCCTCAGAGGTCAT-1,T cells,0.9993107527918835
CCCTGAACTAAAGG-1,B cells,0.9990809972540103
CCCTGATGCAACCA-1,T cells,0.9963002917396656
CCCTGATGCAAGCT-1,B cells,0.9999814699758324
CCCTTACTAACCAC-1,Monocytes,0.9999801669427211
CCCTTACTGCAGTT-1,T cells,0.9672054941582958
CCGAAAACCTTGTT-1,Monocytes,0.9994268496065605
CCGACACTGGTTTG-1,T cells,0.99968246284089
CCGACTACCCAGTA-1,Monocytes,0.9972215076138462
CCGACTACCGTGTA-1,T cells,0.999281203801725
CCGACTACTGAGGG-1,T cells,0.9991400515749904
CCGATAGACCTAAG-1,T cells,0.9998493856771589
CCGATAGAGTTGGT-1,Monocytes,0.9227866231558705
CCGCGAGACACACA-1,Monocytes,0.983892895343092
CCGCGAGAGGTTCA-1,T cells,0.3585688531752337
CCGCTATGGGACGA-1,B cells,0.9999905158471716
CCGCTATGTGCAAC-1,Monocytes,0.9964210181335563
CCGCTATGTGCACA-1,Monocytes,0.9869906003192669
CCGGTACTGTCCTC-1,T cells,0.999927827235273
CCGTACACAAGCAA-1,T cells,0.9831735519474352
CCGTACACAGCGTT-1,B cells,0.999801826094901
CCGTACACGTCATG-1,T cells,0.9999839357175007
CCGTACACGTTGGT-1,Monocytes,0.9965674896337341
CCGTACACTAACGC-1,T cells,0.9521815902743764
CCTAAACTTTCGTT-1,T cells,0.9999388027910743
CCTAAGGACCCAAA-1,T cells,0.9747836950818226
CCTAAGGACTAGCA-1,Monocytes,0.9856922546801096
CCTAAGGAGGGCAA-1,T cells,0.9983936014842901
CCTAAGGATGATGC-1,T cells,0.9967852573312297
CCTAAGGATGTCAG-1,T cells,0.9758266180149503
CCTACCGACTCTTA-1,T cells,0.9997733497576585
CCTACCGAGGGATG-1,B cells,0.9988895509178392
CCTAGAGAGGTGAG-1,B cells,0.9999754048522956
CCTATAACCAAAGA-1,T cells,0.9995950505791623
CCTATAACGAGACG-1,Monocytes,0.9745370073099325
CCTATAACTCAGAC-1,T cells,0.9999875091792656
CCTATAACTGCATG-1,Monocytes,0.9996012765212587
CCTCGAACACTTTC-1,ILC,0.999506667684047
CCTCGAACCCGTAA-1,Monocytes,0.9997599173565377
CCTCGAACGTATCG-1,T cells,0.9995434549353613
CCTCGAACTTACTC-1,T cells,0.9990952039580944
CCTCTACTCTTCGC-1,Monocytes,0.9455875863761972
CCTCTACTGGCATT-1,T cells,0.9993137798630806
CCTGACTGAAGTAG-1,T cells,0.9236119919573844
CCTGACTGGGGAGT-1,T cells,0.9998230769576821
CCTGACTGTGTCTT-1,B cells,0.9999686377613951
CCTGCAACACGTTG-1,Monocytes,0.6442315237527735
CCTGGACTCGTGAT-1,T cells,0.9998635623634907
CCTTAATGCCCAAA-1,B cells,0.9998971437570273
CCTTAATGTTCTAC-1,Monocytes,0.9981833447763204
CCTTCACTACGACT-1,T cells,0.985396164220931
CCTTCACTCAGTCA-1,B cells,0.9998868844901279
CCTTCACTGGAGTG-1,Monocytes,0.9859929623158938
CCTTTAGATTCATC-1,Monocytes,0.9248183117940734
CGAACATGCCCTAC-1,Monocytes,0.37001043737355804
CGAACATGTCAGAC-1,T cells,0.9312461045414687
CGAAGACTGGAACG-1,T cells,0.9999186631663246
CGAAGACTGTTACG-1,T cells,0.9991281330495007
CGAAGGGAAACCTG-1,T cells,0.9655814044062062
CGAAGGGATCCGAA-1,B cells,0.9999808548697768
CGAAGTACCAACTG-1,B cells,0.9979867688905542
CGAATCGAGGAGCA-1,Monocytes,0.984879958619976
CGAATCGAGGAGGT-1,T cells,0.9958447530907866
CGACAAACCCATAG-1,T cells,0.9969951485703283
CGACAAACCGACAT-1,B cells,0.9999138755942607
CGACCACTAAAGTG-1,ILC,0.9999162025129068
CGACCACTGCCAAT-1,ILC,0.9999900491434437
CGACCGGAAGGTCT-1,T cells,0.9997180718090148
CGACCGGATGGAAA-1,T cells,0.9987439583522296
CGACCTTGCTAGTG-1,T cells,0.999984483721107
CGACGTCTATCGTG-1,T cells,0.9801174514240921
CGACGTCTCGTGTA-1,T cells,0.993794366666859
CGACGTCTGAGGCA-1,T cells,0.9112247954741083
CGACTCACGTCGTA-1,T cells,0.999973137748603
CGACTCACGTTGCA-1,T cells,0.9999590813157699
CGACTCTGTGTGAC-1,T cells,0.9969635411940848
CGACTGCTTCCTCG-1,Monocytes,0.9990189244834927
CGAGAACTAAGGCG-1,T cells,0.9188446611126128
CGAGAACTACGTTG-1,T cells,0.9999634529814482
CGAGAACTTGTTCT-1,Macrophages,0.9017491740153986
CGAGATTGGACACT-1,Double-positive thymocytes,0.6163489382636971
CGAGATTGGCCATA-1,ILC,0.30809196147775614
CGAGCCGAACACCA-1,T cells,0.999405298379444
CGAGCCGAGGCGAA-1,T cells,0.999763029465312
CGAGCGTGCTCCAC-1,T cells,0.9999167980103872
CGAGCGTGGATACC-1,T cells,0.9984438162012113
CGAGCGTGTATGCG-1,Monocytes,0.9762080802292495
CGAGGAGACCTCCA-1,B cells,0.9999983043263824
CGAGGAGATGTCGA-1,T cells,0.998664571428821
CGAGGCACCTATGG-1,T cells,0.7983904942455401
CGAGGCACTATGCG-1,Monocytes,0.997093671763338
CGAGGCACTCTTCA-1,T cells,0.32430725926216014
CGAGGCTGACGCTA-1,ILC,0.999989472805345
CGAGGCTGGCAGTT-1,Monocytes,0.9831051681588252
CGAGGGCTACGACT-1,B cells,0.9995046365486814
CGAGGGCTCGAATC-1,T cells,0.9999926145527627
CGAGTATGTCACCC-1,Monocytes,0.999273317309551
CGATACGAACAGTC-1,Macrophages,0.8366150494818471
CGATACGACAGGAG-1,T cells,0.909141843675617
CGATACGATTCACT-1,B cells,0.9994499026712774
CGATAGACCCGTAA-1,Monocytes,0.9944022514415797
CGATAGACCGTACA-1,T cells,0.9996558032165864
CGATAGACGTAGGG-1,Monocytes,0.9891353075809358
CGATAGACTGTTCT-1,T cells,0.9995532805937463
CGATCAGAAGAACA-1,T cells,0.9986383420047755
CGATCAGAGAGGGT-1,T cells,0.9091510792017876
CGATCAGAGGTACT-1,T cells,0.9876622723836221
CGATCAGATGTGAC-1,pDC,0.9807502777355932
CGATCCACCGGGAA-1,T cells,0.9929065058365234
CGATCCACTTCCAT-1,B cells,0.9998203372851168
CGCAAATGCTCGAA-1,T cells,0.9964005121992098
CGCAACCTCCTTGC-1,T cells,0.9997619801561152
CGCAACCTGGACGA-1,T cells,0.9961850223346829
CGCACGGAGGACGA-1,B cells,0.9998599279256
CGCACGGATCTTTG-1,T cells,0.999924021592115
CGCACTACAGAATG-1,T cells,0.997870912262115
CGCACTACAGCCAT-1,T cells,0.9944987624904668
CGCACTACATTGGC-1,T cells,0.9998975140081958
CGCACTACTCGCCT-1,B cells,0.9835628342409679
CGCACTACTCGTGA-1,T cells,0.9999884693263935
CGCACTTGTCACGA-1,Monocytes,0.9011459481119617
CGCAGGACAGATCC-1,T cells,0.9902393123143692
CGCAGGACCTACTT-1,T cells,0.999362185214538
CGCAGGACTTGTCT-1,Monocytes,0.9906968499571953
CGCAGGTGCACTGA-1,T cells,0.9280313317915609
CGCAGGTGCCATAG-1,Monocytes,0.9997672122851095
CGCAGGTGGGAACG-1,T cells,0.9803693404765262
CGCATAGATCACGA-1,Monocytes,0.940752251976622
CGCCATACTGCAAC-1,T cells,0.9999936671829122
CGCCATTGAGAGGC-1,T cells,0.9998334188133203
CGCCATTGCTATGG-1,T cells,0.9934966834623891
CGCCATTGGAGACG-1,T cells,0.9999913311122904
CGCCATTGGAGCAG-1,B cells,0.9999392717798781
CGCCATTGTACTGG-1,B cells,0.9989588032724153
CGCCGAGAGCTTAG-1,ILC,0.9999970021863723
CGCCTAACGAATGA-1,Macrophages,0.6317532491115595
CGCCTAACTGCTCC-1,T cells,0.9999733476177584
CGCGAGACACAGCT-1,T cells,0.9998780498758427
CGCGAGACAGGTCT-1,B cells,0.99999425568484
CGCGAGACGCTACA-1,T cells,0.9971286476083517
CGCGATCTCAGTCA-1,Monocytes,0.9745764426003132
CGCGATCTGTTGAC-1,Monocytes,0.9996278220126126
CGCGATCTTTCTTG-1,B cells,0.9999841528520254
CGCGGATGGCCAAT-1,T cells,0.9994100323509648
CGCTAAGAATGTCG-1,T cells,0.9999771726252005
CGCTAAGACAACTG-1,T cells,0.8991705693052184
CGCTAAGACCCTTG-1,T cells,0.9996757324782165
CGCTACTGAACAGA-1,Monocytes,0.9845752621839597
CGCTACTGAGAACA-1,T cells,0.9965365650973319
CGCTACTGTGAGCT-1,T cells,0.9973086142024276
CGCTACTGTTCCCG-1,T cells,0.7340979217974581
CGCTCATGCATTTC-1,Monocytes,0.9982425526052755
CGGAATTGGTTTGG-1,T cells,0.9999737528626755
CGGAATTGTGGAGG-1,T cells,0.9963684930770094
CGGACCGATGCGTA-1,T cells,0.6525156440423178
CGGACCGATGGGAG-1,T cells,0.9952105689531454
CGGACTCTAAACAG-1,B cells,0.9995734373145069
CGGACTCTCCAATG-1,T cells,0.998898763755443
CGGACTCTCCTCGT-1,ILC,0.9919732411576988
CGGAGGCTATTCCT-1,T cells,0.9986219402185946
CGGAGGCTTGGATC-1,T cells,0.9979332762750814
CGGATAACAACGAA-1,Monocytes,0.999728218599748
CGGATAACAGCTCA-1,T cells,0.9999277811533939
CGGATAACTCAGTG-1,Monocytes,0.9832440066919128
CGGCACGAACTCAG-1,T cells,0.9953451853909566
CGGCACGAAGGGTG-1,T cells,0.9974319654694878
CGGCACGACTACGA-1,Monocytes,0.9998077271570369
CGGCATCTTAGAAG-1,T cells,0.9990068573210485
CGGCATCTTCGTAG-1,Monocytes,0.9953336524723381
CGGCCAGAAAGGTA-1,T cells,0.9886879470102793
CGGCCAGAGAGGCA-1,T cells,0.827327479753974
CGGCGAACCAGTCA-1,Monocytes,0.9984643299202284
CGGCGAACGACAAA-1,ILC,0.998323606408066
CGGCGAACGGTCTA-1,T cells,0.9957238925163148
CGGCGAACTACTTC-1,ILC,0.9999972491896391
CGGGACTGCGTGTA-1,T cells,0.9916434605943862
CGGGACTGGAATAG-1,T cells,0.8018714280386341
CGGGCATGACCCAA-1,ILC,0.034803471000359895
CGGGCATGTCTCTA-1,ILC,0.9994611752370294
CGGGCATGTTGTGG-1,T cells,0.9859154047130855
CGGTAAACTCGCAA-1,T cells,0.9773320508493968
CGGTCACTGTTTGG-1,T cells,0.9988120647492131
CGGTCACTTACTTC-1,T cells,0.9999754751197082
CGTAACGATCGCCT-1,T cells,0.999950305475475
CGTACCACACACAC-1,T cells,0.9995162466140838
CGTACCACACGTTG-1,T cells,0.9886695417144733
CGTACCACCTCATT-1,T cells,0.9998709142839887
CGTACCACGGAGCA-1,T cells,0.9994597246552649
CGTACCTGGCATCA-1,ILC,0.9997220721977405
CGTAGCCTCTCTCG-1,Monocytes,0.9882526683338919
CGTAGCCTGCGAAG-1,T cells,0.9998547204079329
CGTAGCCTGTATGC-1,Monocytes,0.9866760449535575
CGTCAAGAAAGGTA-1,Myelocytes,0.9288092557173293
CGTCAAGAACGTGT-1,T cells,0.9999507414856361
CGTCAAGACAGAGG-1,T cells,0.9999882481975205
CGTCAAGACAGGAG-1,ILC,0.9527988858491331
CGTCCATGCTCTTA-1,T cells,0.9999606196765152
CGTCGACTTTCCGC-1,T cells,0.8317636378358721
CGTGATGACGCTAA-1,T cells,0.9110488725532442
CGTGATGAGGTTCA-1,T cells,0.9986223598835062
CGTGCACTTATGGC-1,Monocytes,0.9926132689797169
CGTGTAGAAAAACG-1,T cells,0.9961316840416898
CGTGTAGACGATAC-1,ILC,0.9974992330311232
CGTGTAGAGTTACG-1,ILC,0.9999581677086259
CGTGTAGAGTTCAG-1,Monocytes,0.993907418016723
CGTGTAGATTCGGA-1,ILC,0.9999922338388316
CGTTAGGAAACCAC-1,T cells,0.9995886665405657
CGTTAGGATCATTC-1,Monocytes,0.9998485821819886
CGTTATACCCTGAA-1,ILC,0.6104349892566772
CGTTTAACTGGTCA-1,T cells,0.9758758059106349
CTAAACCTCTGACA-1,ILC,0.9999996192688878
CTAAACCTGTGCAT-1,B cells,0.998918028152023
CTAACACTAACGTC-1,T cells,0.992214435762534
CTAACACTAGTGCT-1,Monocytes,0.9914696955044917
CTAACGGAACCGAT-1,ILC,0.9999951416664496
CTAACGGATTTCTG-1,T cells,0.9999104090764747
CTAACTACGGCAAG-1,T cells,0.9993863472048083
CTAAGGACACCATG-1,T cells,0.9994971495379124
CTAAGGACCGTTAG-1,T cells,0.9999537844194925
CTAAGGACGCCATA-1,Monocytes,0.9981012995535897
CTAAGGTGCCTAAG-1,B cells,0.9997956193043335
CTAAGGTGTTGCAG-1,T cells,0.9841968839637449
CTAAGGTGTTTCTG-1,T cells,0.9997403025540228
CTAATAGAGCTATG-1,T cells,0.9808103174685475
CTAATGCTTGTGGT-1,Monocytes,0.9969844362196877
CTACAACTCCCGTT-1,T cells,0.9831989430440212
CTACCTCTCAACCA-1,T cells,0.9906089642654745
CTACGCACACCTAG-1,Monocytes,0.9990738467803104
CTACGCACTCTCCG-1,T cells,0.9999348399147608
CTACGCACTGGTCA-1,ILC,0.9643246188300606
CTACGGCTTTCTTG-1,Monocytes,0.9934189024147675
CTACTATGAACCAC-1,Monocytes,0.9942065826371901
CTACTATGATGTGC-1,Monocytes,0.8244992575437202
CTACTATGCTAAGC-1,T cells,0.999438512415015
CTACTATGTAAAGG-1,B cells,0.9991225461058907
CTACTCCTATGTCG-1,ILC,0.9999929875758069
CTACTCCTGCCATA-1,Monocytes,0.9906834738739166
CTAGAGACACTTTC-1,T cells,0.9992478803989971
CTAGAGACAGCATC-1,T cells,0.9112485240973097
CTAGAGACTTTGGG-1,Monocytes,0.9954954834910565
CTAGATCTCTCTAT-1,T cells,0.9999147172441091
CTAGATCTTCGACA-1,T cells,0.9987116943276128
CTAGGATGAGCCTA-1,Plasma cells,0.3207227207139567
CTAGGATGATCGTG-1,B cells,0.9953330250050605
CTAGGCCTCTCAGA-1,T cells,0.9998310395503693
CTAGGTGATGGTTG-1,Monocytes,0.9921694035768931
CTAGTTACCAGAGG-1,T cells,0.8903755813056072
CTAGTTACCGCATA-1,T cells,0.9850741054781723
CTAGTTACGAAACA-1,ILC,0.9999929263536516
CTATAAGATCGTTT-1,B cells,0.9997148939351521
CTATACTGAGGTTC-1,Monocytes,0.9944234899225727
CTATACTGCCAGTA-1,T cells,0.9973703222782917
CTATACTGCGCTAA-1,Monocytes,0.9580161397949144
CTATACTGCTACGA-1,ILC,0.9999997181771424
CTATACTGTCTCAT-1,ILC,0.9999380189455449
CTATACTGTTCGTT-1,HSC/MPP,0.1093894922183607
CTATAGCTGTCACA-1,T cells,0.9940195629332403
CTATAGCTTCGCTC-1,Monocytes,0.9956852630950903
CTATAGCTTGCCTC-1,Monocytes,0.99544841594907
CTATCAACGAACTC-1,T cells,0.9998866305523311
CTATCAACGCAGAG-1,T cells,0.9995916372118983
CTATCAACTTTGGG-1,T cells,0.9993203353171135
CTATCCCTCCACCT-1,Monocytes,0.9778333800628338
CTATGTACGAGAGC-1,T cells,0.9999692639159594
CTATGTACGCTTAG-1,T cells,0.9965199908999853
CTATGTACTGTTTC-1,B cells,0.9742567653614808
CTATGTTGAAAGCA-1,T cells,0.9992658436281521
CTATGTTGTCCTCG-1,T cells,0.9994535634405892
CTATGTTGTCTCGC-1,T cells,0.9999063068909256
CTATTGACAAACGA-1,Monocytes,0.9998466891070148
CTATTGACACTGGT-1,Monocytes,0.9993421492405328
CTATTGACGGTGAG-1,Monocytes,0.9988287360153514
CTATTGTGGCAAGG-1,T cells,0.9999803763098855
CTCAATTGGTTCAG-1,T cells,0.9997015442325043
CTCAATTGGTTGCA-1,Monocytes,0.9972744133409843
CTCAGAGATAGAAG-1,T cells,0.9991505171968232
CTCAGCACTCTAGG-1,T cells,0.9971824429421173
CTCAGCACTGAACC-1,Monocytes,0.9663195908871768
CTCAGCACTTGCAG-1,T cells,0.9939597926881406
CTCAGCTGAACCTG-1,Monocytes,0.9979877150139869
CTCAGCTGCAGTTG-1,T cells,0.998420202169772
CTCAGGCTCGTTGA-1,Monocytes,0.9998141217576823
CTCAGGCTGCTAAC-1,T cells,0.9961912425254713
CTCATTGACCTTAT-1,T cells,0.9998062521184953
CTCATTGATGCTTT-1,Monocytes,0.9931558393241707
CTCCACGAGAGATA-1,DC,0.9777571671690124
CTCCATCTCTTAGG-1,T cells,0.9956098131763877
CTCCATCTGACGAG-1,T cells,0.952850643450991
CTCCGAACAAGTGA-1,Monocytes,0.9998804457924474
CTCCTACTGCCTTC-1,Monocytes,0.9999216416838183
CTCGAAGATGTGGT-1,T cells,0.9999923299784109
CTCGAAGATTAGGC-1,Monocytes,0.8102563062622303
CTCGACTGCTCTAT-1,T cells,0.9994524818916841
CTCGACTGGGTGAG-1,T cells,0.9995828162011954
CTCGACTGGTTGAC-1,ILC,0.9999979415496829
CTCGAGCTCTGGAT-1,T cells,0.831202282446272
CTCGCATGACTTTC-1,T cells,0.9999641662140887
CTCGCATGCTTAGG-1,T cells,0.9832859102660585
CTCTAAACCTCGAA-1,T cells,0.9981908576736951
CTCTAAACGGCGAA-1,T cells,0.9993190114088629
CTCTAATGTCCAAG-1,Monocytes,0.9986057674899267
CTGAACGACAGTCA-1,T cells,0.9994518704441977
CTGAACGATGAGGG-1,T cells,0.9936818595703303
CTGAAGACCCAACA-1,T cells,0.9996968896775597
CTGAAGACGTGCAT-1,B cells,0.9999973075747152
CTGAAGTGAAGCCT-1,Monocytes,0.9951451290542943
CTGAAGTGCAGCTA-1,B cells,0.9999866645258205
CTGAAGTGGCTATG-1,T cells,0.9988770990667938
CTGAAGTGTCCAGA-1,T cells,0.9990732212733832
CTGAATCTGAATAG-1,T cells,0.9997333595306399
CTGACAGAATCGTG-1,T cells,0.9990710259074679
CTGACCACAGCAAA-1,T cells,0.9988341237350292
CTGAGAACCGGGAA-1,T cells,0.999861681094929
CTGAGAACGTAAAG-1,ILC,0.9991774491836175
CTGATACTAGTAGA-1,T cells,0.999668768233929
CTGATTTGGTGTTG-1,Monocytes,0.9935531249449587
CTGCAGCTAACCGT-1,T cells,0.9994678923281308
CTGCAGCTGACACT-1,T cells,0.9992409214927096
CTGCAGCTGGATTC-1,Monocytes,0.9922401775800345
CTGCAGCTTGGCAT-1,T cells,0.9999921455899483
CTGCCAACAGGAGC-1,T cells,0.9998558252938096
CTGCCAACCAGCTA-1,T cells,0.9999297792084014
CTGCCAACTAACCG-1,Monocytes,0.9909649452115269
CTGCCAACTGCTCC-1,T cells,0.995445257217594
CTGCCAACTTGCAG-1,T cells,0.999363027735624
CTGCCAACTTGCTT-1,T cells,0.999949713961053
CTGCGACTCCACCT-1,T cells,0.9954216798169581
CTGGAAACAAACGA-1,T cells,0.8312324160568686
CTGGAAACATCGAC-1,T cells,0.999230762111831
CTGGATGACTGGAT-1,T cells,0.8660894814919565
CTGGATGACTTGTT-1,T cells,0.99664066761453
CTGGATGATGTGAC-1,B cells,0.9976874294609213
CTGGCACTCAAGCT-1,Monocytes,0.8332333954206652
CTGTAACTAACCAC-1,T cells,0.9999682661849206
CTGTAACTAGCGTT-1,T cells,0.9999881828243321
CTGTATACGTAAAG-1,T cells,0.9975298082911362
CTGTATACGTACGT-1,Monocytes,0.8442224661044715
CTGTATACGTTGGT-1,T cells,0.9820183477654064
CTGTGAGACAACCA-1,Monocytes,0.9964594380593812
CTGTGAGACCTTGC-1,T cells,0.9963866289252156
CTGTGAGACGAACT-1,Monocytes,0.9908557433672388
CTGTGAGACTGTAG-1,Monocytes,0.9763910535874205
CTTAAAGAACCTGA-1,T cells,0.9962093593874196
CTTAACACCTGTAG-1,T cells,0.9995728897389152
CTTAACACTATCGG-1,B cells,0.9895263526938889
CTTAAGCTACCTAG-1,T cells,0.9999285040145831
CTTAAGCTAGTACC-1,T cells,0.9966808441949213
CTTAAGCTCATCAG-1,T cells,0.999784839839646
CTTAAGCTCCGCTT-1,B cells,0.999685661528636
CTTACAACTAACGC-1,T cells,0.9997133309608891
CTTACAACTCCCGT-1,Monocytes,0.9369728171386071
CTTACTGACGTACA-1,T cells,0.9996326916898955
CTTAGACTAAACGA-1,T cells,0.9980439973610457
CTTAGGGACTTGCC-1,T cells,0.9962711813227739
CTTAGGGAGAATCC-1,T cells,0.9952564965657297
CTTATCGACTCATT-1,T cells,0.9999773447807931
CTTCACCTACCTGA-1,Monocytes,0.9996184329625728
CTTCATGAAGCATC-1,B cells,0.9998663218846144
CTTCATGAAGTACC-1,T cells,0.9925662655403539
CTTCATGACCGAAT-1,ILC,0.9353712546149152
CTTGAACTACGCAT-1,T cells,0.9902278294738173
CTTGATTGAGGTTC-1,T cells,0.5076656003499885
CTTGATTGATCTTC-1,Monocytes,0.9897226880023536
CTTGATTGCATTCT-1,T cells,0.9967246512362289
CTTGATTGTTTCGT-1,T cells,0.9981575322149066
CTTGTATGACACCA-1,B cells,0.9999074673488201
CTTGTATGCGCAAT-1,B cells,0.999362216267478
CTTTACGAGCGAAG-1,T cells,0.9990665472480402
CTTTAGACCGTGAT-1,T cells,0.9993937065286019
CTTTAGACGAGACG-1,T cells,0.9883602465913722
CTTTAGACGATACC-1,T cells,0.9922319338629899
CTTTAGACGTTGGT-1,T cells,0.9999203655291659
CTTTAGACTCATTC-1,T cells,0.9873913830230037
CTTTAGTGACGGGA-1,ILC,0.9997187507194734
CTTTAGTGGGTGGA-1,T cells,0.9998954708915364
CTTTCAGAGAAACA-1,T cells,0.963682431981901
CTTTGATGAGCACT-1,T cells,0.9938438989386691
CTTTGATGTCTAGG-1,T cells,0.9712835596008731
CTTTGATGTGTCCC-1,T cells,0.994261178404255
CTTTGATGTGTGGT-1,T cells,0.9988919093431586
GAAACAGAACTACG-1,T cells,0.9984305975744091
GAAACAGAATCACG-1,T cells,0.9992808696513614
GAAACAGACATTCT-1,T cells,0.9751986346504784
GAAACCTGATCGTG-1,T cells,0.9999566771206231
GAAACCTGATGCCA-1,T cells,0.9991718462764532
GAAACCTGCTTATC-1,T cells,0.9881844181888224
GAAACCTGGACTAC-1,Monocytes,0.9980561089549309
GAAACCTGTGCTAG-1,T cells,0.9873222999565143
GAAAGATGATTTCC-1,T cells,0.9998148809451689
GAAAGATGCTGATG-1,Monocytes,0.9916413333530392
GAAAGATGCTTCGC-1,Monocytes,0.9794345027403649
GAAAGATGTAAGGA-1,T cells,0.9093076349889705
GAAAGCCTACGTTG-1,B cells,0.99996735423536
GAAAGTGAAAGTGA-1,DC,0.6255084565241993
GAAAGTGACCACAA-1,Macrophages,0.8779426626599635
GAAAGTGACTCAAG-1,T cells,0.9988106190077269
GAAATACTACCAAC-1,Monocytes,0.973262566697511
GAAATACTCTTAGG-1,B cells,0.9995525989109475
GAAATACTTCCTCG-1,T cells,0.9905413561892281
GAACACACGTGCAT-1,Monocytes,0.9955641437215614
GAACACACTGCCTC-1,T cells,0.9807632694062721
GAACAGCTAACTGC-1,Monocytes,0.9873617956648965
GAACAGCTCTCAGA-1,Monocytes,0.9998165901506256
GAACCAACCACAAC-1,T cells,0.7418779239092403
GAACCAACTTCCGC-1,ILC,0.9999997103832228
GAACCTGAACGTGT-1,T cells,0.9986805495184469
GAACCTGAGAGACG-1,T cells,0.9993480284449077
GAACCTGATGAACC-1,T cells,0.9986764387372793
GAACGGGATACTTC-1,T cells,0.9996995905791589
GAACTGTGACCTGA-1,Monocytes,0.9988908278583367
GAACTGTGCCAGTA-1,Monocytes,0.9932435624255951
GAAGAATGCAATCG-1,T cells,0.999690137129766
GAAGCGGACCTATT-1,Monocytes,0.8188770356585567
GAAGCTACGAATGA-1,Monocytes,0.974449508519708
GAAGCTACGGTTTG-1,T cells,0.9999937058247815
GAAGGGTGAAAGTG-1,T cells,0.9908105166013043
GAAGGGTGCTTAGG-1,Monocytes,0.978730311382369
GAAGGTCTGAAAGT-1,T cells,0.999753113388885
GAAGGTCTGTTGCA-1,T cells,0.999698145039544
GAAGGTCTTAAAGG-1,DC,0.9978387901635378
GAAGTAGACTCCCA-1,T cells,0.9532178589380833
GAAGTAGATCCAAG-1,Monocytes,0.9979391410845103
GAAGTCACCCTCGT-1,Monocytes,0.9982924876147519
GAAGTCACCCTGTC-1,B cells,0.9999974093883979
GAAGTCTGTCGCAA-1,B cells,0.9999900682543444
GAAGTCTGTTCTGT-1,T cells,0.9969430563592405
GAAGTGCTAAACGA-1,ILC,0.9999996247398235
GAAGTGCTCCGCTT-1,Monocytes,0.9965598490212684
GAAGTGCTTAACCG-1,T cells,0.9954302800007019
GAATGCACCCTAAG-1,T cells,0.998805556723732
GAATGCACCTTCGC-1,ILC,0.999978780718919
GAATGCTGCGGTAT-1,T cells,0.9987418785400486
GAATTAACGATAAG-1,T cells,0.9997473762699562
GAATTAACGGTCAT-1,T cells,0.9980966705066823
GAATTAACGTCGTA-1,ILC,0.9999153681226247
GAATTAACTGAAGA-1,B cells,0.9971570293969173
GACAACACAGGCGA-1,T cells,0.9989163876788605
GACAACACATCGTG-1,T cells,0.9996917963746708
GACAACACTCGCCT-1,T cells,0.9973649392219021
GACAACTGAGGTTC-1,T cells,0.9991182008170892
GACAGGGAAGAGTA-1,B cells,0.999245384508654
GACAGGGAATGCCA-1,T cells,0.99967418536472
GACAGTACGAGCTT-1,Monocytes,0.9987450523785876
GACAGTACTTCGGA-1,Monocytes,0.9781616801454058
GACAGTTGAGTAGA-1,B cells,0.9997851095168593
GACATTCTCCACCT-1,DC,0.9964196263224033
GACCAAACGACTAC-1,Monocytes,0.9939223645089246
GACCAAACGTATCG-1,Monocytes,0.985665559041561
GACCCTACTAAAGG-1,B cells,0.9999945468945594
GACCTAGACCTCAC-1,T cells,0.7819622462919057
GACCTAGACGAGAG-1,T cells,0.9996131821031043
GACCTCACAAGGTA-1,T cells,0.9996702446482517
GACCTCACGTACGT-1,Monocytes,0.999897832544937
GACCTCTGCATCAG-1,T cells,0.9997034054991377
GACGAACTCCCACT-1,T cells,0.9999283099320051
GACGATTGCCAATG-1,B cells,0.9999920175492899
GACGCCGACCTTCG-1,T cells,0.999783848714605
GACGCTCTCTCTCG-1,Megakaryocytes/platelets,0.9048190453136947
GACGGCACACGGGA-1,ILC,0.9999966419390317
GACGGCACGAGATA-1,Monocytes,0.9963644853348852
GACGTAACCTATGG-1,T cells,0.9997130656339894
GACGTAACCTGTGA-1,T cells,0.9995215089497671
GACGTAACTATGGC-1,T cells,0.9999565091578053
GACGTATGTTGACG-1,T cells,0.9990520085378118
GACGTATGTTTGCT-1,T cells,0.9995698694531753
GACGTCCTACGGAG-1,T cells,0.9992596893295572
GACGTCCTCTCAAG-1,Macrophages,0.7914073445774323
GACGTCCTGATAAG-1,B cells,0.975231102043439
GACTACGATGGTCA-1,B cells,0.9801324522324826
GACTCCTGCTCGCT-1,T cells,0.9998643054624643
GACTCCTGGGTTAC-1,T cells,0.9998880905421321
GACTCCTGTTATCC-1,T cells,0.999521151148134
GACTCCTGTTGGTG-1,Monocytes,0.9929380323708115
GACTGAACCAATCG-1,Monocytes,0.9974830627034605
GACTGATGTGATGC-1,T cells,0.99989834510684
GACTTTACATGCCA-1,T cells,0.999662323981597
GACTTTACGACAGG-1,B cells,0.9969966122501751
GAGAAATGTTCTCA-1,B cells,0.9998976594979111
GAGATAGAAAAAGC-1,Monocytes,0.9869854909622962
GAGATCACGACAAA-1,Monocytes,0.9993482913873365
GAGATGCTCTGGAT-1,T cells,0.9722901165382165
GAGATGCTGAATGA-1,T cells,0.9992720981427243
GAGCAGGATTCCCG-1,T cells,0.9203958669393454
GAGCATACTTTGCT-1,Monocytes,0.9509533694109322
GAGCGCACGCGTAT-1,Monocytes,0.968478668830308
GAGCGCACGGTGAG-1,T cells,0.977021803423102
GAGCGCTGAAGATG-1,ILC,0.9999999364629457
GAGCGCTGTCTTAC-1,Monocytes,0.999223196537835
GAGCGGCTGGGAGT-1,B cells,0.9999356166896329
GAGGACGACTCAGA-1,T cells,0.9926729245494154
GAGGATCTGAAAGT-1,B cells,0.998293804942842
GAGGCAGACTTGCC-1,T cells,0.8969677157446134
GAGGGAACACCAGT-1,T cells,0.9997454246887463
GAGGGAACGAGGGT-1,T cells,0.9993324932562752
GAGGGATGGGAAAT-1,T cells,0.9935148869885684
GAGGGCCTTCACCC-1,T cells,0.9999708104645518
GAGGGTGAAGAGTA-1,T cells,0.9962017083710758
GAGGTACTACGGTT-1,T cells,0.9988071570939308
GAGGTACTACTCAG-1,Monocytes,0.8845804377964169
GAGGTACTGACACT-1,ILC,0.9997780046840286
GAGGTACTGGGAGT-1,T cells,0.8637685920123759
GAGGTACTTAGCGT-1,Monocytes,0.9903521658724773
GAGGTGGAGTACGT-1,T cells,0.9842863883565414
GAGGTGGATCCTCG-1,ILC,0.9999996062183377
GAGGTTACTCGTTT-1,Monocytes,0.9839948266692989
GAGGTTTGTAAGCC-1,Monocytes,0.9591024516761465
GAGTCAACCATTCT-1,T cells,0.9916692174951779
GAGTCAACGGGAGT-1,T cells,0.9961895754881994
GAGTCTGATCGTGA-1,T cells,0.9982187584200267
GAGTCTGATTTGGG-1,B cells,0.9998057598581939
GAGTGACTCAGCTA-1,T cells,0.9885670599295336
GAGTGACTCGGTAT-1,T cells,0.9996571858604143
GAGTGACTCTTGCC-1,B cells,0.9999894423002089
GAGTGACTGACTAC-1,B cells,0.9997039032844418
GAGTGACTGTCTAG-1,T cells,0.9991453968105108
GAGTGGGAGTCTTT-1,B cells,0.9991693940117926
GAGTGGGATGCCCT-1,T cells,0.9998278996161413
GAGTGGGATGCTGA-1,B cells,0.9998205059365365
GAGTGTTGCTGTAG-1,T cells,0.9933856106223865
GAGTGTTGTGGTCA-1,T cells,0.9991565733240869
GAGTTGTGCATGGT-1,Monocytes,0.911255642202666
GAGTTGTGCTGAGT-1,T cells,0.9793019678024917
GAGTTGTGGCGAGA-1,Monocytes,0.9998404135639031
GAGTTGTGGTAGCT-1,Megakaryocytes/platelets,0.9983473408916449
GAGTTGTGTATGCG-1,Monocytes,0.9999572396523766
GATAAGGAGAAACA-1,Monocytes,0.9821676947544615
GATAAGGATTCACT-1,Monocytes,0.995821326086391
GATACTCTATCGGT-1,T cells,0.9969449014875823
GATACTCTTACTTC-1,T cells,0.9997341256123666
GATACTCTTGACTG-1,Monocytes,0.9696337805616553
GATAGAGAAGGGTG-1,T cells,0.7401468735514644
GATAGAGACTGTGA-1,T cells,0.9966388409150294
GATAGAGATCACGA-1,Monocytes,0.769136206553113
GATAGCACCCATAG-1,T cells,0.9990984354983936
GATAGCACGAAGGC-1,Monocytes,0.9995485956740643
GATAGCACTTGTCT-1,T cells,0.999978760166036
GATATAACAAGGTA-1,T cells,0.9959563135114755
GATATAACACGCAT-1,T cells,0.9987777198311653
GATATATGCTGGAT-1,T cells,0.999552725747326
GATATATGTCCGTC-1,T cells,0.8208343294171718
GATATATGTGGAGG-1,Monocytes,0.9372849440477721
GATATCCTAGAAGT-1,T cells,0.9985335055003574
GATATCCTCCCGTT-1,Macrophages,0.6847834229385468
GATATTGACAGGAG-1,T cells,0.9996162146034174
GATATTGACGAGTT-1,Monocytes,0.9828898875638495
GATATTGAGCCAAT-1,T cells,0.9999052654615188
GATCCCTGACCTTT-1,ILC,0.9999997846442976
GATCCCTGTGTAGC-1,T cells,0.9994880978063677
GATCCGCTGGTCAT-1,Monocytes,0.996575161166286
GATCGAACCGAGAG-1,T cells,0.9999872063844352
GATCGATGACTAGC-1,B cells,0.9999512119506779
GATCGATGGTAAAG-1,B cells,0.9952626286356608
GATCGATGTAAGGA-1,Monocytes,0.9784419262212277
GATCGTGACACTAG-1,T cells,0.9999548787958221
GATCGTGATTCACT-1,T cells,0.9991278668559223
GATCTACTGGTGAG-1,T cells,0.9999375835631181
GATCTACTTTGCAG-1,B cells,0.9999857805804432
GATCTTACACCCAA-1,Monocytes,0.9994986777548149
GATCTTACCCTACC-1,T cells,0.9982939970088878
GATCTTACGAATAG-1,Monocytes,0.993400027818109
GATCTTACGAGATA-1,Monocytes,0.9542467314418209
GATGCAACTCCAGA-1,T cells,0.9994530187895871
GATGCCCTACGTAC-1,T cells,0.9991714127801773
GATGCCCTCTCATT-1,T cells,0.9999323785750384
GATGCCCTGGCAAG-1,Monocytes,0.8622170341286789
GATGCCCTTTTGCT-1,T cells,0.9985126346272033
GATTACCTTGTTCT-1,T cells,0.9998288188239917
GATTCGGAACGACT-1,T cells,0.9964428398045376
GATTCGGACAGGAG-1,Monocytes,0.997019009624381
GATTCGGAGAAGGC-1,Monocytes,0.9972876424820509
GATTCTTGATTCGG-1,Monocytes,0.9958909959203043
GATTCTTGCCGATA-1,T cells,0.999602315973103
GATTCTTGCGAGTT-1,B cells,0.9994308715108047
GATTGGACCCGTTC-1,B cells,0.9687343527562918
GATTGGACGGTGTT-1,B cells,0.9999776034101431
GATTGGACTTTCGT-1,B cells,0.999998577963298
GATTGGTGTGTCAG-1,T cells,0.9999775945583715
GATTTAGACACTCC-1,Monocytes,0.9993136755397833
GATTTAGACTAAGC-1,B cells,0.9998603368832377
GATTTAGATTCGTT-1,Monocytes,0.7743769642015941
GATTTGCTAACGAA-1,T cells,0.9998788565650949
GATTTGCTAACGGG-1,Monocytes,0.9567799913951944
GCAACCCTCCTCGT-1,Monocytes,0.8443925171641596
GCAACTGATTGCGA-1,T cells,0.9997991993312357
GCAAGACTACTGGT-1,T cells,0.999980887666603
GCAAGACTAGGTCT-1,T cells,0.9995383517277631
GCAAGACTCCCTTG-1,T cells,0.9998448333002663
GCAATCGACTGCAA-1,T cells,0.9978157458800112
GCAATCGAGACGTT-1,Monocytes,0.9974363534461932
GCAATCGATCCTTA-1,Monocytes,0.9989903935309906
GCAATTCTCGTGTA-1,T cells,0.9975908169599409
GCAATTCTTCTCCG-1,T cells,0.9998580276494374
GCACAAACAATGCC-1,T cells,0.9980484973662627
GCACAAACGGTACT-1,T cells,0.999011686619374
GCACAATGGTGCAT-1,Monocytes,0.6663229927309415
GCACACCTGTGCTA-1,ILC,0.9999379278541389
GCACCACTCATGAC-1,Monocytes,0.9331300580172784
GCACCACTGTTTGG-1,Myelocytes,0.6659543460281244
GCACCACTTCCTTA-1,ILC,0.9998429148745105
GCACCACTTTCGGA-1,Monocytes,0.9997500200089058
GCACCTACGCGATT-1,T cells,0.9983309155068173
GCACCTTGGCTGTA-1,T cells,0.9966056471571875
GCACCTTGGGGAGT-1,Monocytes,0.9971751790005965
GCACGGACCAGCTA-1,T cells,0.986369458240951
GCACGGTGACCTCC-1,T cells,0.9999524119057898
GCACGGTGCTATGG-1,Monocytes,0.9754766026494384
GCACTAGAACGGGA-1,T cells,0.9999797611074625
GCACTAGAAGATGA-1,B cells,0.9999393856052771
GCACTAGACCTTTA-1,Monocytes,0.9658569706572103
GCACTAGACGTAAC-1,B cells,0.999834809244875
GCACTAGAGTCGTA-1,ILC,0.9999882090964538
GCACTAGATGCAAC-1,T cells,0.9995698778187315
GCACTGCTGAGGCA-1,T cells,0.99506356084875
GCAGATACAGCGTT-1,T cells,0.9923716659101405
GCAGATACGACGGA-1,T cells,0.9978684653271732
GCAGATACGCAGAG-1,T cells,0.9999039243833763
GCAGCCGACAGTCA-1,T cells,0.9941601438386105
GCAGCGTGCACTCC-1,T cells,0.9999217443733653
GCAGCTCTCAATCG-1,T cells,0.9963093666525834
GCAGCTCTGTTTCT-1,T cells,0.9999763734662187
GCAGGGCTAAGAAC-1,T cells,0.990730031915098
GCAGGGCTAAGGGC-1,T cells,0.9998223233282304
GCAGGGCTATCGAC-1,ILC,0.9999576347291961
GCAGGGCTTGGGAG-1,T cells,0.9924329723109325
GCAGTCCTAACTGC-1,T cells,0.9999581395903062
GCAGTCCTCTCTTA-1,T cells,0.9996266339297573
GCATCAGATGCGTA-1,T cells,0.9823560100179871
GCATGTGACAAGCT-1,T cells,0.9996050953228941
GCATTGGAGAAGGC-1,T cells,0.9985734921739784
GCCAAAACGAGGCA-1,T cells,0.984793620641148
GCCAAATGATCGAC-1,T cells,0.99935824936359
GCCAACCTACGGTT-1,T cells,0.9945719523248925
GCCAACCTCGCCTT-1,T cells,0.9986050415704902
GCCACGGAGGCGAA-1,Monocytes,0.9984671425098671
GCCACGGATACTGG-1,T cells,0.9375565612017387
GCCACTACGTCTTT-1,T cells,0.9999528663443258
GCCCAACTACCGAT-1,T cells,0.9998493455893118
GCCCAACTATGGTC-1,T cells,0.9949408086220748
GCCCATACAGCGTT-1,T cells,0.9372768602991058
GCCGACGAACTCTT-1,Monocytes,0.9969827051341758
GCCGAGTGCGTTGA-1,T cells,0.9998096582872552
GCCGGAACGAACTC-1,T cells,0.9990404295929721
GCCGGAACGTTCTT-1,ILC,0.9999994512111451
GCCGGAACTGCACA-1,ILC,0.9999932410673553
GCCGGAACTTACTC-1,T cells,0.9926313776538376
GCCGTACTACCTGA-1,T cells,0.7796295502018457
GCCGTACTGGCAAG-1,Monocytes,0.8794877902200832
GCCTACACAGTTCG-1,ILC,0.9998571313264426
GCCTACACCACTGA-1,Monocytes,0.932439939232548
GCCTACACCTTGAG-1,T cells,0.9996970059376621
GCCTAGCTACGGAG-1,B cells,0.9999417455316468
GCCTAGCTCTATTC-1,T cells,0.999592790356355
GCCTAGCTTCTCAT-1,T cells,0.9988433013295526
GCCTAGCTTCTCTA-1,Monocytes,0.9982346054712353
GCCTCAACCATGGT-1,T cells,0.9999275945592427
GCCTCAACTCTTTG-1,T cells,0.5255017610285657
GCCTCATGTCTTAC-1,T cells,0.9980861077376934
GCCTGACTCTCAAG-1,Monocytes,0.9847583304271877
GCGAAGGAACTCTT-1,T cells,0.9976611366118113
GCGAAGGATGCCAA-1,T cells,0.9995528723937784
GCGAGAGAGGGACA-1,T cells,0.999408803484901
GCGAGCACTGTCGA-1,B cells,0.9369230105558806
GCGAGCACTTGACG-1,T cells,0.9991249180295272
GCGAGCACTTGCTT-1,Monocytes,0.8876389253610236
GCGATATGGTACGT-1,T cells,0.9999727466525061
GCGATATGGTGTTG-1,T cells,0.9994521703662588
GCGCACGAAGTCGT-1,T cells,0.9993931970340155
GCGCACGACTTTAC-1,Monocytes,0.9797267028340241
GCGCATCTAGGTCT-1,T cells,0.9897807501219247
GCGCATCTGGTTAC-1,Megakaryocytes/platelets,0.2988161705445859
GCGCATCTTCGATG-1,T cells,0.9998699321943031
GCGCATCTTGCTCC-1,ILC,0.9999961171489415
GCGCATCTTTCTAC-1,T cells,0.9994587596330037
GCGCGAACGTTCTT-1,B cells,0.9979606517867565
GCGCGATGAACGGG-1,T cells,0.9999569530109687
GCGCGATGGTGCAT-1,ILC,0.9983042915212665
GCGGAGCTCCTGAA-1,T cells,0.9999989217626475
GCGGCAACCCGATA-1,T cells,0.9871715737108925
GCGGCAACGGAGGT-1,B cells,0.9997637796787932
GCGGCAACTGTCGA-1,Monocytes,0.9519019240798163
GCGTAAACACGGTT-1,DC,0.9650409307161539
GCGTAATGCACCAA-1,Monocytes,0.9998062099194586
GCGTATGAACACCA-1,T cells,0.9913803702178319
GCGTATGATGAGAA-1,Monocytes,0.9910304033183696
GCTACAGAAAGGTA-1,T cells,0.9935095497995587
GCTACAGAATCTTC-1,B cells,0.9840092815652645
GCTACCTGAGAAGT-1,Monocytes,0.9946726261612987
GCTACCTGATCACG-1,T cells,0.9997671798559662
GCTACGCTAGAATG-1,T cells,0.9999434012176657
GCTACGCTAGCTAC-1,T cells,0.9994509570043318
GCTACGCTCCCTAC-1,T cells,0.9999586247258672
GCTAGAACAGAGGC-1,B cells,0.9997635393369778
GCTAGAACGGATCT-1,T cells,0.9999637855147814
GCTAGAACTCCCGT-1,T cells,0.9035324421673853
GCTAGATGAGCTCA-1,Monocytes,0.9890648972731773
GCTAGATGGCGATT-1,T cells,0.9985970898554614
GCTATACTAAGGCG-1,T cells,0.9999894578641186
GCTATACTAGCGTT-1,T cells,0.9295100254657028
GCTATACTCTCTTA-1,T cells,0.9974787597833753
GCTATACTGGACGA-1,T cells,0.9855893399288606
GCTCAAGAACCATG-1,Monocytes,0.9982465336453128
GCTCAAGAAGTCAC-1,Monocytes,0.9975004884750609
GCTCAGCTGTCTAG-1,T cells,0.9960368221626866
GCTCCATGAGAAGT-1,T cells,0.9769749974011034
GCTCCATGCCGAAT-1,T cells,0.998863463845679
GCTCGACTCTAGTG-1,Monocytes,0.9999545622751305
GCTGATGAGGTATC-1,Monocytes,0.9954300898577899
GCTTAACTACAGTC-1,Monocytes,0.9991818139031892
GCTTAACTACTGGT-1,T cells,0.991277091056378
GCTTAACTGCTGAT-1,T cells,0.9994323306128895
GCTTAACTTAGACC-1,Monocytes,0.9504469172255242
GCTTAACTTCAGTG-1,T cells,0.9999393240112887
GGAACACTCACTTT-1,Macrophages,0.883775960515174
GGAACACTTCAGAC-1,Megakaryocytes/platelets,0.9756180293807802
GGAACTACTACTTC-1,T cells,0.9930757038425203
GGAACTTGAAGGTA-1,Monocytes,0.9889989982505978
GGAACTTGAGAATG-1,T cells,0.9993863115868797
GGAACTTGCTCCAC-1,Monocytes,0.9783754403275399
GGAACTTGGGTAGG-1,B cells,0.9999733004926786
GGAAGGACATCGGT-1,Monocytes,0.9852024531624728
GGAAGGACCACTAG-1,T cells,0.9972814221382839
GGAAGGACGAGGGT-1,T cells,0.999999357831544
GGAAGGACGCGAAG-1,T cells,0.9995467027799362
GGAAGGTGGCGAGA-1,ILC,0.9999977637426034
GGAATCTGAAGGGC-1,T cells,0.9977092642090559
GGAATCTGAGGAGC-1,T cells,0.9993224458487179
GGAATCTGCTTAGG-1,B cells,0.9998105581186406
GGAATCTGCTTGTT-1,Monocytes,0.9945938498761835
GGAATCTGGGAGGT-1,T cells,0.9998577370410487
GGAATGCTTTCTAC-1,T cells,0.9988839721137885
GGACAGGAAAGGGC-1,T cells,0.9798354515707092
GGACAGGAGTGCTA-1,B cells,0.9999919102046874
GGACAGGATCTCGC-1,T cells,0.9974981669745088
GGACCCGAAGCTAC-1,Monocytes,0.9918086734895329
GGACCGTGCTTACT-1,Monocytes,0.9935211584342326
GGACCGTGGGAACG-1,DC,0.916022826685066
GGACCGTGTAACGC-1,T cells,0.9660439867653964
GGACCTCTGTAAGA-1,Monocytes,0.98283311533884
GGACCTCTTTTCTG-1,T cells,0.9937222527404338
GGACGAGAGTGTCA-1,Myelocytes,0.955138626435107
GGACGCTGACGCAT-1,T cells,0.9947613467236142
GGACGCTGCTAGCA-1,T cells,0.9997625135552572
GGACGCTGTCCTCG-1,ILC,0.9999993914228673
GGAGAGACGTGAGG-1,B cells,0.9949365677248426
GGAGCAGATTCAGG-1,B cells,0.9995324369457641
GGAGCCACCTTCTA-1,B cells,0.9999861772973967
GGAGCGCTACGCAT-1,Monocytes,0.9987131758536204
GGAGCGCTCCGAAT-1,T cells,0.9999875890257387
GGAGGATGCCACCT-1,T cells,0.998702309957686
GGAGGATGGTTGAC-1,Monocytes,0.9687785888719901
GGAGGATGTCAGTG-1,Monocytes,0.5665456379057924
GGAGGCCTCGTTGA-1,ILC,0.9999399862646203
GGAGGCCTTTCTTG-1,T cells,0.995468668572195
GGAGGTGATACGCA-1,T cells,0.9989598396300852
GGAGGTGATCGCTC-1,T cells,0.9999110163129161
GGATACTGCAGCTA-1,T cells,0.9595617286194452
GGATACTGTCTAGG-1,T cells,0.9999190710370592
GGATAGCTCGTCTC-1,T cells,0.9999822435918003
GGATAGCTCTGAAC-1,T cells,0.999921181867778
GGATGTACCAAAGA-1,B cells,0.9997793090516048
GGATGTACGCGAAG-1,T cells,0.9921991226374006
GGATGTACGTCTTT-1,Monocytes,0.8111601013807705
GGATGTACGTGTCA-1,T cells,0.9999696681069381
GGATTTCTAGGTTC-1,T cells,0.9786034030576072
GGATTTCTTTGTCT-1,Monocytes,0.734613594128744
GGCAAGGAAAAAGC-1,ILC,0.9999976439609894
GGCAAGGAAGAAGT-1,T cells,0.9990823798896095
GGCAAGGACTTGGA-1,Monocytes,0.9977941856558358
GGCAAGGAGGACTT-1,T cells,0.9999635230108884
GGCAATACGCTAAC-1,B cells,0.9972693503529227
GGCAATACGGCATT-1,T cells,0.9804879089292808
GGCAATACGTTTCT-1,B cells,0.999975906687484
GGCACGTGGCTTAG-1,Monocytes,0.9972441343481849
GGCACTCTTTTGTC-1,T cells,0.998943918181573
GGCATATGCTTATC-1,ILC,0.999995330487715
GGCATATGGGGAGT-1,Megakaryocytes/platelets,0.1388362169614291
GGCATATGTGTGAC-1,T cells,0.9985130197211314
GGCCACGACAGAGG-1,T cells,0.9975534947122661
GGCCAGACTGGTTG-1,T cells,0.999953844483014
GGCCCAGAAAGTAG-1,Monocytes,0.9996737001936036
GGCCGAACAACGAA-1,T cells,0.999226326306429
GGCCGAACGCAGAG-1,T cells,0.991849716022583
GGCCGAACGTAGGG-1,T cells,0.9998149708699695
GGCCGAACTCTAGG-1,ILC,0.999999835269612
GGCCGATGCAGGAG-1,T cells,0.9998722546156047
GGCCGATGCCGAAT-1,T cells,0.9997972444536768
GGCCGATGTACTCT-1,T cells,0.9991074454200529
GGCGACACTGCCCT-1,ILC,0.9991085216812177
GGCGACTGCGTAAC-1,T cells,0.9999314343993219
GGCGCATGCCTAAG-1,Monocytes,0.9992361666100854
GGCGCATGCTCCAC-1,T cells,0.999907952204287
GGCGCATGTGGAAA-1,T cells,0.9063903225914901
GGCGGACTAGAGGC-1,T cells,0.9999690605443662
GGCGGACTAGGAGC-1,T cells,0.9999702556396529
GGCGGACTCTGACA-1,T cells,0.9998872212215838
GGCGGACTCTTGGA-1,T cells,0.9988168960551412
GGCGGACTTACTGG-1,T cells,0.9999859083500882
GGCGGACTTGAACC-1,T cells,0.999472442102121
GGCTAAACACCTGA-1,ILC,0.9999941633076059
GGCTAAACTCTTAC-1,T cells,0.999269833635768
GGCTAATGAGCACT-1,T cells,0.987576923485026
GGCTAATGGTCTAG-1,T cells,0.99992371888375
GGCTCACTACTCAG-1,Monocytes,0.9593433304129807
GGGAACGAAGCTCA-1,Monocytes,0.9839585977553114
GGGAACGACACAAC-1,B cells,0.9997649651910879
GGGAACGAGTGTCA-1,Monocytes,0.8993353770641898
GGGAAGTGTTGAGC-1,Monocytes,0.939387247720546
GGGACCACACGTTG-1,T cells,0.8749025790617441
GGGACCACAGAACA-1,T cells,0.9987377515927677
GGGACCACGAATAG-1,T cells,0.9999870736545979
GGGACCACGTCATG-1,T cells,0.9977570516292524
GGGACCACTCAAGC-1,T cells,0.9658097667745492
GGGACCACTCGTGA-1,T cells,0.9985368633363908
GGGACCACTGCATG-1,T cells,0.9132791319413869
GGGACCTGACCCTC-1,Monocytes,0.9974008747777525
GGGACCTGCTTGCC-1,T cells,0.9391414241532924
GGGACCTGTGGAGG-1,B cells,0.9997330741222994
GGGATGGACGACAT-1,B cells,0.9969686756981558
GGGATGGATACTTC-1,T cells,0.9995171134924906
GGGATGGATGGTTG-1,Monocytes,0.9998352557985453
GGGATTACGTCTAG-1,T cells,0.9998405255633084
GGGCAAGATGCATG-1,Monocytes,0.9951672649718215
GGGCACACGGTGAG-1,Monocytes,0.9814240261848377
GGGCACACGTTGCA-1,T cells,0.9997787614322127
GGGCAGCTTGGGAG-1,T cells,0.8424484944810269
GGGCAGCTTTTCTG-1,T cells,0.9939301081528169
GGGCCAACCTTGGA-1,DC,0.997605144065007
GGGCCAACGCGTTA-1,B cells,0.9958004558757186
GGGCCAACTACGCA-1,Monocytes,0.9870808364089476
GGGCCAACTCCAAG-1,B cells,0.999923070000319
GGGCCATGATGGTC-1,T cells,0.9783914066802911
GGGCCATGTTGACG-1,T cells,0.9999954788447454
GGGTAACTCAGCTA-1,T cells,0.997206452284388
GGGTAACTCTAGTG-1,B cells,0.9999947592095146
GGGTAACTCTGGAT-1,T cells,0.9997856899729226
GGGTTAACGTGCAT-1,ILC,0.9999961741232684
GGTAAAGAGCTAAC-1,T cells,0.7833672307934162
GGTACAACTGCAAC-1,T cells,0.9994771121627554
GGTACATGAAAGCA-1,B cells,0.9992768961286105
GGTACATGAGCTCA-1,T cells,0.9955844096267742
GGTACATGCGGTAT-1,T cells,0.942373920943688
GGTACATGGTTACG-1,T cells,0.9996003228341483
GGTACATGTGGGAG-1,T cells,0.9999360105114039
GGTACTGAACTCTT-1,Monocytes,0.9889323396309868
GGTAGTACACCACA-1,T cells,0.9985836320643273
GGTAGTACACTAGC-1,Monocytes,0.9441002795152593
GGTAGTACCCTGTC-1,T cells,0.9995721567494352
GGTAGTACGCCATA-1,Monocytes,0.9973665154512927
GGTAGTACTGTCTT-1,T cells,0.9961710764087246
GGTATCGAGACAAA-1,Monocytes,0.716544139777375
GGTATCGATGAACC-1,B cells,0.9997048921217129
GGTCAAACCAAAGA-1,T cells,0.9985209185553952
GGTCTAGAGAAACA-1,Monocytes,0.9986548280134598
GGTCTAGATAGCGT-1,Monocytes,0.9129143273282245
GGTGATACCGACTA-1,B cells,0.999979219483494
GGTGATACGACTAC-1,Monocytes,0.9995611664778461
GGTGATACTGTTTC-1,T cells,0.9982125249348072
GGTGGAGAAACGGG-1,ILC,0.9999903995207162
GGTGGAGAAGTAGA-1,T cells,0.9983234115167495
GGTGGAGACAGATC-1,ILC,0.9996541167357551
GGTGGAGATCGATG-1,T cells,0.9982121937875027
GGTGGAGATCTCTA-1,Monocytes,0.8129737722083114
GGTGGAGATTACTC-1,T cells,0.6734630481604471
GGTTTACTACGCAT-1,T cells,0.9960305509932873
GTAACGTGACCTCC-1,Monocytes,0.9970343638541362
GTAACGTGATCGGT-1,B cells,0.9979859299958205
GTAACGTGCAGCTA-1,B cells,0.9999529904013237
GTAACGTGGTTGAC-1,B cells,0.9975158111853765
GTAAGCACAACGGG-1,T cells,0.9989713407500806
GTAAGCACTCATTC-1,B cells,0.9997484244735958
GTAAGCTGGTACCA-1,Monocytes,0.9955041339445292
GTAATAACCTTCTA-1,Monocytes,0.9814364183436031
GTAATAACGTTGTG-1,T cells,0.9970313582280514
GTACCCTGACAGTC-1,Monocytes,0.9998630331369082
GTACCCTGGAGCTT-1,T cells,0.9999608837926748
GTACCCTGTCCTTA-1,T cells,0.9808559003959594
GTACCCTGTGAACC-1,T cells,0.9998414860260054
GTACGTGAACGTTG-1,T cells,0.856134334469325
GTACTTTGTCGACA-1,T cells,0.8036842272934772
GTAGACTGAGATGA-1,Monocytes,0.99006842231686
GTAGACTGTATTCC-1,T cells,0.9962254688860378
GTAGCAACAGTCGT-1,Monocytes,0.9991610299851335
GTAGCAACCATTTC-1,B cells,0.9991919431942002
GTAGCAACGGTAGG-1,Monocytes,0.9997588044643105
GTAGCATGCACTCC-1,B cells,0.9999704305851165
GTAGCATGTAAGCC-1,Monocytes,0.9678452190406941
GTAGCCCTGACGTT-1,T cells,0.9986679116019791
GTAGCTGAAGCTAC-1,Monocytes,0.9986397203575954
GTAGCTGAATTCGG-1,T cells,0.996878517151209
GTAGGTACACGGGA-1,Monocytes,0.9981760067389345
GTAGTGACCTCATT-1,T cells,0.999883553963629
GTAGTGTGAGCGGA-1,ILC,0.9998737346124671
GTAGTGTGAGGCGA-1,Monocytes,0.9540300068315782
GTAGTGTGTGGTTG-1,T cells,0.9774884752594393
GTATCACTGGTAGG-1,Monocytes,0.9854738375851079
GTATCTACAGAAGT-1,T cells,0.9970470307552957
GTATCTACGACGAG-1,T cells,0.994642668123192
GTATCTACGTTACG-1,T cells,0.998954439417898
GTATTAGAAACAGA-1,T cells,0.9945925083244513
GTATTAGAGGTCTA-1,T cells,0.9959699411992573
GTATTCACACAGCT-1,T cells,0.9997238823220447
GTATTCACGGGTGA-1,T cells,0.9998516072393269
GTCAACGACACTGA-1,T cells,0.9998834120300273
GTCAACGAGTGTAC-1,Monocytes,0.9954115040761083
GTCAATCTACACCA-1,T cells,0.9876149989889415
GTCAATCTGTAGCT-1,T cells,0.9952653766538876
GTCAATCTTGTGGT-1,T cells,0.9999875087269061
GTCACCTGCCTCCA-1,T cells,0.9996179998405075
GTCACCTGTCCCGT-1,T cells,0.9999376579029107
GTCATACTAATCGC-1,B cells,0.9986801780806921
GTCATACTGCGATT-1,T cells,0.43571410695840407
GTCATACTTCGCCT-1,Megakaryocytes/platelets,0.9976454353263045
GTCATACTTTACCT-1,T cells,0.9989785273423318
GTCATACTTTGACG-1,T cells,0.9999898079730287
GTCCAAGAAAAACG-1,T cells,0.9982600749004557
GTCCACTGACCTCC-1,T cells,0.9998919477156755
GTCCACTGGGTACT-1,Monocytes,0.9976160107333484
GTCCAGCTACGGGA-1,T cells,0.999798645783769
GTCCCATGTGGTGT-1,Monocytes,0.9486586978621956
GTCGAATGAAGGCG-1,Monocytes,0.39668601337148485
GTCGACCTGAATGA-1,ILC,0.9999920630479012
GTCGACCTGTTCAG-1,T cells,0.9992046576568716
GTCGCACTTGAGAA-1,B cells,0.9999050611190816
GTCTAACTGGTCTA-1,Monocytes,0.9996729809242515
GTCTAGGAGCTTCC-1,Monocytes,0.9987808743172613
GTGAACACACTCTT-1,T cells,0.9998766630925436
GTGAACACTCAGGT-1,T cells,0.9997398740841634
GTGACCCTTAAGCC-1,T cells,0.9999968263033465
GTGATGACAAGTGA-1,T cells,0.9980355826491036
GTGATGACCTGAGT-1,B cells,0.9999876990588255
GTGATGACGGTTTG-1,T cells,0.869699932114924
GTGATTCTCATTTC-1,T cells,0.9995196499749315
GTGATTCTCTCTCG-1,Monocytes,0.9132772226662862
GTGATTCTGGTTCA-1,ILC,0.9999834477336381
GTGATTCTGTCGAT-1,T cells,0.9956138962768238
GTGATTCTTAGCGT-1,B cells,0.9993528897580737
GTGCCACTCAGGAG-1,T cells,0.9897228267675684
GTGGATTGCACTAG-1,Monocytes,0.9986220383724134
GTGGATTGCGGAGA-1,T cells,0.9999172245057825
GTGGATTGTAACGC-1,T cells,0.9999956408515548
GTGTACGATCAGTG-1,T cells,0.998653082064321
GTGTAGTGGGTACT-1,T cells,0.995814756902202
GTGTATCTAGCCTA-1,B cells,0.9999821635377042
GTGTATCTAGTAGA-1,ILC,0.8867587273802267
GTGTATCTGTTACG-1,B cells,0.999981390511904
GTGTCAGAAGCGTT-1,ILC,0.9586538652106287
GTTAAAACCGAGAG-1,ILC,0.9999758089993588
GTTAAATGCTCGAA-1,T cells,0.9999665850090577
GTTAAATGTCGACA-1,B cells,0.9999853417729143
GTTAACCTAGCTAC-1,T cells,0.999797688522664
GTTAACCTTGCTTT-1,DC,0.9863331226586924
GTTAGGTGCACTCC-1,T cells,0.9619143215705955
GTTAGGTGCCAGTA-1,Monocytes,0.990177396024172
GTTAGGTGCCCAAA-1,Monocytes,0.9999501507061588
GTTAGGTGGAACTC-1,B cells,0.9998778902919612
GTTAGTCTAAGAAC-1,T cells,0.9873857872097368
GTTATAGAGGACAG-1,T cells,0.9899322581519762
GTTATGCTTTCATC-1,T cells,0.9974567412999832
GTTCAACTGGGACA-1,ILC,0.9999205206194698
GTTCAACTTATGCG-1,T cells,0.9999685380217204
GTTGACGAGCCCTT-1,T cells,0.7879719608545096
GTTGACGATATCGG-1,ILC,0.9999998539697412
GTTGAGTGGTCTTT-1,Monocytes,0.8685332966236589
GTTGAGTGTGCTTT-1,T cells,0.9999120341654006
GTTGATCTGGGACA-1,T cells,0.9897029316139323
GTTGATCTTTTCAC-1,T cells,0.9944838464544073
GTTGGATGTTTACC-1,Monocytes,0.9990862728219853
GTTGTACTATTCCT-1,Monocytes,0.9998743721915131
GTTGTACTTTTGGG-1,T cells,0.9998162363075608
GTTTAAGACCATGA-1,Monocytes,0.9857666865113469
GTTTAAGACTGTCC-1,T cells,0.9846322179477656
TAAACAACCAACCA-1,T cells,0.9999208706675398
TAAACAACGAATCC-1,B cells,0.9991083690198077
TAAAGACTCAGGAG-1,T cells,0.9916021527987117
TAAATCGATGAGGG-1,T cells,0.9993781557225427
TAACAATGTGCCCT-1,B cells,0.9999815108103999
TAACACCTTCGCTC-1,Monocytes,0.9608657744429403
TAACACCTTCGTAG-1,Monocytes,0.9992930587982998
TAACACCTTGTTTC-1,Megakaryocytes/platelets,0.610918117819728
TAACATGACACTAG-1,B cells,0.9388394428541716
TAACCGGACTTACT-1,T cells,0.999520334296331
TAACGTCTCAACCA-1,Monocytes,0.952840194070174
TAACGTCTCATTGG-1,T cells,0.9999923586870451
TAACTAGAATTTCC-1,T cells,0.999966510304527
TAACTAGACTTAGG-1,T cells,0.9997940146847264
TAACTAGATCTGGA-1,T cells,0.9999808928211409
TAACTCACGAGGAC-1,Monocytes,0.9947370204366901
TAACTCACGTACAC-1,B cells,0.9998211897084557
TAACTCACGTATCG-1,Monocytes,0.9931931053121446
TAACTCACTCTACT-1,ILC,0.9992376070811728
TAAGAACTGTGTCA-1,Monocytes,0.9854944733617328
TAAGAGGACTAAGC-1,B cells,0.999970124509932
TAAGAGGACTTGTT-1,ILC,0.9999873428063154
TAAGATACGGTTCA-1,Monocytes,0.9953703864420173
TAAGATTGCGTAGT-1,T cells,0.999941016969468
TAAGATTGTTGCTT-1,T cells,0.9986606919554101
TAAGCGTGAGGTTC-1,Monocytes,0.999529359256112
TAAGCGTGGACAAA-1,Monocytes,0.9999453236648282
TAAGCGTGGGAAAT-1,T cells,0.9999447694187058
TAAGCGTGTGCTCC-1,Monocytes,0.9896459576116374
TAAGGCTGCCATGA-1,T cells,0.9997281114901347
TAAGGCTGCTGCTC-1,T cells,0.9998510050071632
TAAGGCTGTCTCGC-1,Monocytes,0.9993189301328325
TAAGGGCTGCTGTA-1,T cells,0.9993158492507414
TAAGGGCTTTACTC-1,T cells,0.9991077661467418
TAAGTAACCGAGAG-1,B cells,0.9999891786198175
TAAGTAACCTCCAC-1,B cells,0.9998199267712863
TAAGTAACCTGTAG-1,T cells,0.9680407594376933
TAAGTAACTTGTCT-1,T cells,0.9814508693291397
TAATGATGAGCGGA-1,T cells,0.9980800824794674
TAATGCCTCATGAC-1,T cells,0.9997952599873372
TAATGCCTCGTCTC-1,ILC,0.9928472745770385
TAATGTGAAGATGA-1,T cells,0.9835771528398288
TAATGTGACTGCAA-1,Monocytes,0.9813782819041181
TAATGTGATTACTC-1,T cells,0.9999907871748738
TACAAATGGGTACT-1,T cells,0.9998025135159189
TACAATGAAAACAG-1,Monocytes,0.9951147752033966
TACAATGACTTAGG-1,T cells,0.9887308238357967
TACAATGATGCTAG-1,T cells,0.9993214345114664
TACACACTCACACA-1,T cells,0.9995048270870306
TACACACTCTTACT-1,T cells,0.9974800430329859
TACATAGAACGCAT-1,T cells,0.99954809262948
TACATCACACGGGA-1,T cells,0.9922207587711611
TACATCACCTGTTT-1,Monocytes,0.9998062357637146
TACATCACGCTAAC-1,B cells,0.9992600223662479
TACATCACTGAACC-1,Monocytes,0.9998707678640752
TACCATTGAGGTTC-1,T cells,0.9896860570621578
TACCATTGCGGGAA-1,Monocytes,0.985963614222808
TACCATTGGGGATG-1,Monocytes,0.9712580654358595
TACCATTGTGAGGG-1,Monocytes,0.9991041265766075
TACCGGCTGTTGGT-1,T cells,0.9998813019394431
TACGAGTGATCTCT-1,T cells,0.9949316825441413
TACGAGTGATGCTG-1,Monocytes,0.97670431299342
TACGAGTGCGGAGA-1,T cells,0.9992032946381626
TACGAGTGGTTGGT-1,T cells,0.9942305975753257
TACGATCTAGTGTC-1,T cells,0.9624201095333847
TACGATCTCACTGA-1,Monocytes,0.9969540149613744
TACGATCTTACGAC-1,T cells,0.9989117990183763
TACGCAGAGAATCC-1,ILC,0.999678679171491
TACGCCACATTCCT-1,T cells,0.9625055041227748
TACGCCACTCCCAC-1,Monocytes,0.9998818445137637
TACGCCACTCCGAA-1,B cells,0.9999454213698309
TACGGAACGCGTTA-1,B cells,0.9941122281721324
TACGGCCTGGGACA-1,ILC,0.999989746599943
TACGTACTACGGAG-1,T cells,0.9992097034965248
TACGTACTCAGTTG-1,T cells,0.9992630893219707
TACGTACTCCCGTT-1,B cells,0.9982595340018775
TACGTTACAGAAGT-1,T cells,0.9954817787156303
TACGTTACCAAGCT-1,Monocytes,0.9886061072326914
TACTAAGAAAGGTA-1,B cells,0.999935382564647
TACTAAGAATCACG-1,T cells,0.9978471914075401
TACTAAGATGATGC-1,Monocytes,0.999162221100269
TACTAAGATTGCGA-1,T cells,0.9999254019714888
TACTACACGAGAGC-1,T cells,0.9999230755146821
TACTACACTTACCT-1,B cells,0.9951859066146774
TACTACTGAACCTG-1,Monocytes,0.9830461429010193
TACTACTGATGTCG-1,T cells,0.8058826753879069
TACTACTGATTCTC-1,T cells,0.9975438502178067
TACTACTGTATGGC-1,T cells,0.9997278208891844
TACTCAACGGTCTA-1,Monocytes,0.9939151623159564
TACTCAACTGCTAG-1,B cells,0.9999752881691157
TACTCCCTCAGTTG-1,T cells,0.9841962102245512
TACTCTGAATCGAC-1,ILC,0.9999278589009569
TACTCTGACGAGTT-1,T cells,0.9963608850076046
TACTCTGATTGACG-1,B cells,0.9998065818110533
TACTGGGATCGATG-1,T cells,0.9993780194578123
TACTGTTGAAAGCA-1,T cells,0.9999803979701527
TACTGTTGAGGCGA-1,ILC,0.9999998686540855
TACTGTTGCTGAAC-1,Plasma cells,0.9496186309014412
TACTTGACTCCTCG-1,T cells,0.9999933166702433
TACTTGACTGGTGT-1,B cells,0.9999863685942674
TACTTTCTTTTGGG-1,T cells,0.9989158072763549
TAGAAACTAATCGC-1,T cells,0.9967491100032614
TAGAAACTGCTTCC-1,Monocytes,0.963769576587482
TAGAAACTGGGATG-1,ILC,0.968587341497731
TAGAATTGCGACAT-1,T cells,0.9997941155768703
TAGAATTGTATCGG-1,T cells,0.9991747040350059
TAGACGTGCTTGAG-1,T cells,0.9996549232768698
TAGACGTGTCGCTC-1,T cells,0.9986342383447211
TAGAGCACCTTACT-1,B cells,0.9999921886489584
TAGATTGACTTGTT-1,B cells,0.9990712701599616
TAGATTGAGGCATT-1,T cells,0.9813342092888733
TAGCATCTCAGCTA-1,ILC,0.9999226735362321
TAGCATCTCCCTCA-1,T cells,0.9998053837212626
TAGCATCTGCTGTA-1,Monocytes,0.9975040007805573
TAGCATCTGGGACA-1,T cells,0.9922361033420473
TAGCATCTTGTCGA-1,T cells,0.999967041582916
TAGCCCACAAAAGC-1,T cells,0.9999925481363454
TAGCCCACAGCCAT-1,T cells,0.7866406795724796
TAGCCCACAGCTAC-1,ILC,0.9982525763922941
TAGCCCACCCACAA-1,T cells,0.9967590630038976
TAGCCCTGCGGAGA-1,T cells,0.9998392573734035
TAGCCGCTTACGAC-1,T cells,0.9999900755871622
TAGCCGCTTACTTC-1,T cells,0.9991798714794905
TAGCCGCTTTCCAT-1,Monocytes,0.9968314657629301
TAGCTACTGAATAG-1,B cells,0.9999906599165582
TAGCTACTGTAGCT-1,T cells,0.9999190220287713
TAGCTACTTTTGCT-1,T cells,0.9997530639059959
TAGGACTGTGCTGA-1,T cells,0.7103173911389825
TAGGAGCTAAGGCG-1,B cells,0.9999761664927189
TAGGAGCTGAGGGT-1,T cells,0.992567901728119
TAGGAGCTTGCATG-1,B cells,0.9999180287945657
TAGGCAACCGTCTC-1,B cells,0.9994520310807964
TAGGCATGCTCTCG-1,pDC,0.9998895970783894
TAGGCATGGCGAGA-1,T cells,0.9073925167705781
TAGGCTGATGCCTC-1,Monocytes,0.9989469223414399
TAGGGACTGAACTC-1,ILC,0.9956136860252528
TAGGTCGACACTGA-1,T cells,0.9982394030851411
TAGGTCGAGGATCT-1,B cells,0.9991979673712106
TAGGTGACACACTG-1,T cells,0.9971393981866509
TAGGTGACACGTTG-1,B cells,0.9999044171118776
TAGGTGTGTTCTGT-1,T cells,0.9930729026305538
TAGGTTCTGAAGGC-1,T cells,0.9997346405824883
TAGGTTCTTCTTAC-1,Monocytes,0.9897533429713012
TAGGTTCTTGCTGA-1,Monocytes,0.9999246954779607
TAGTAAACCTCGCT-1,T cells,0.9995056021730295
TAGTAAACGTCACA-1,T cells,0.999545570351883
TAGTAATGAGATCC-1,T cells,0.9988812841465179
TAGTACCTAAGAAC-1,Monocytes,0.9883804207874705
TAGTATGATCTTAC-1,B cells,0.9997904700747302
TAGTATGATTCTCA-1,T cells,0.9983521211071096
TAGTCTTGGCTGTA-1,T cells,0.9917198252535039
TAGTCTTGGGACTT-1,T cells,0.8301307901559001
TAGTCTTGTGGAAA-1,T cells,0.928941468259206
TAGTGGTGAAGTGA-1,ILC,0.9999996576462566
TAGTTAGAACCACA-1,ILC,0.9999378934042646
TAGTTAGATGAACC-1,T cells,0.998803430984897
TATAAGACAACAGA-1,T cells,0.5114121178481897
TATAAGACAGCTCA-1,Monocytes,0.9992793553885998
TATAAGTGACACCA-1,Monocytes,0.999763033338815
TATAAGTGTATCGG-1,Monocytes,0.8968674217732249
TATAAGTGTGGTGT-1,Monocytes,0.9996680082024818
TATACAGAACCCTC-1,T cells,0.7867881851501028
TATACAGAAGAACA-1,T cells,0.9999382846722255
TATACAGATCCAGA-1,T cells,0.9999257802023072
TATACCACCTGATG-1,B cells,0.9998519766947307
TATACGCTACCAAC-1,T cells,0.9994843892463423
TATAGATGGACGGA-1,T cells,0.9998941512030679
TATAGATGTTCCGC-1,Monocytes,0.9977878124698848
TATCCAACCAGCTA-1,Monocytes,0.9988628123035896
TATCCAACTCTCTA-1,T cells,0.992681938026444
TATCGACTACTAGC-1,ILC,0.9639168899388577
TATCGACTCGATAC-1,Monocytes,0.9916943993968247
TATCGTACAGATGA-1,T cells,0.9994067797944927
TATCGTACATTCCT-1,Monocytes,0.9848655885949764
TATCTCGAGAGATA-1,T cells,0.998025852802812
TATCTGACAGGTTC-1,T cells,0.9589113345363112
TATCTGACTGTTTC-1,T cells,0.9997477482599366
TATCTTCTAAACAG-1,T cells,0.99886410296378
TATGAATGGAGGAC-1,ILC,0.6375158170429329
TATGAATGTTTGCT-1,Monocytes,0.9999598559812782
TATGCGGATAACCG-1,T cells,0.9927007979721554
TATGGGTGCATCAG-1,ILC,0.9979860075067842
TATGGGTGCTAGCA-1,B cells,0.9999864019283666
TATGGTCTCTACCC-1,T cells,0.9999739938573381
TATGTCACGGAACG-1,B cells,0.999814123833869
TATGTCACTAACCG-1,Monocytes,0.9842168980555808
TATGTCACTTCTCA-1,B cells,0.9997703160563979
TATGTGCTCCGATA-1,Monocytes,0.9982827198284169
TATGTGCTGGATTC-1,T cells,0.9998373604773002
TATTGCTGAAGAAC-1,Monocytes,0.9568783857699336
TATTGCTGCCGTTC-1,B cells,0.9982331363522009
TATTGCTGTCTGGA-1,T cells,0.9999358192422473
TATTGCTGTGCACA-1,T cells,0.9748126761488183
TATTTCCTATTGGC-1,Monocytes,0.9857706353678751
TATTTCCTGGAGGT-1,ILC,0.9656399678049526
TATTTCCTGGTGTT-1,T cells,0.9910968909739656
TCAACACTGTTTGG-1,ILC,0.9999907303636381
TCAAGGACAGCGTT-1,T cells,0.9983185428628341
TCAAGGACATTCTC-1,ILC,0.852765531440034
TCAAGGACGGTGTT-1,Monocytes,0.9294685816587626
TCAATCACACTCTT-1,T cells,0.9988914795123645
TCAATCACAGTCGT-1,Monocytes,0.9967654849869193
TCACAACTATGTGC-1,T cells,0.9640892944170109
TCACAACTTTGCTT-1,Monocytes,0.9744328209148759
TCACATACACTTTC-1,T cells,0.9998545305132801
TCACATACAGGGTG-1,T cells,0.9976067951718071
TCACCCGAGACGGA-1,Monocytes,0.9993677532394362
TCACCGTGCTCGCT-1,Monocytes,0.9882881776457989
TCACCTCTACGACT-1,T cells,0.8376853457518282
TCACCTCTTCCAAG-1,Monocytes,0.9998459348509124
TCACGAGAGGAGGT-1,B cells,0.9994735434585799
TCACTATGGGGCAA-1,T cells,0.9997742802037036
TCACTATGGTTGTG-1,B cells,0.9967670690943277
TCAGACGACGCTAA-1,T cells,0.9998081346881436
TCAGACGACGTTAG-1,ILC,0.9999980097973485
TCAGAGACTCCAGA-1,T cells,0.9999280136548783
TCAGCAGACTCCAC-1,T cells,0.9999637763442657
TCAGCGCTCTAGTG-1,T cells,0.9997568011734155
TCAGCGCTGGATCT-1,B cells,0.9999264720575828
TCAGCGCTGGTATC-1,T cells,0.9999057254559672
TCAGGATGAAGTAG-1,T cells,0.9998918512071725
TCAGGATGCCTTTA-1,Monocytes,0.999387462217576
TCAGTGGAAGATCC-1,T cells,0.9988911931574148
TCAGTTACCTACGA-1,Monocytes,0.9964125383518978
TCAGTTACTAGAAG-1,T cells,0.9975243128803088
TCATCAACCCGATA-1,T cells,0.9994856237198704
TCATCAACTGTTCT-1,Monocytes,0.9953769150467743
TCATCATGCAGTTG-1,T cells,0.9999997277962477
TCATCCCTTACTGG-1,T cells,0.9992711814959265
TCATTCGATACAGC-1,Monocytes,0.9995505034335944
TCCACGTGGAAACA-1,T cells,0.9964861277281136
TCCACTCTACACTG-1,T cells,0.9975148087937076
TCCACTCTGAGCTT-1,Monocytes,0.9949610056883562
TCCACTCTTACTTC-1,B cells,0.9999973524331677
TCCATAACAAAGTG-1,T cells,0.9887414760627552
TCCATAACCGTAGT-1,B cells,0.9997628835218155
TCCATAACGATGAA-1,T cells,0.9935786194603808
TCCATAACTACGCA-1,T cells,0.9981129091535691
TCCATCCTCCCTAC-1,T cells,0.31031026532855266
TCCCACGATCATTC-1,T cells,0.9997256201091784
TCCCATCTCAAAGA-1,Monocytes,0.9962013255565189
TCCCGAACACAGTC-1,ILC,0.9998465448352147
TCCCGAACTTCGCC-1,Monocytes,0.9994217351894709
TCCCGATGAGATCC-1,T cells,0.9998323092486436
TCCCGATGCCTGAA-1,Monocytes,0.9705187362555557
TCCCTACTCAACTG-1,B cells,0.9999934209633123
TCCGAAGACAATCG-1,Monocytes,0.9389057460007412
TCCGAAGACGTTAG-1,T cells,0.9994664333850328
TCCGGACTGAGGTG-1,T cells,0.9977133950441235
TCCGGACTGTACGT-1,T cells,0.9795815112688857
TCCTAAACATCGAC-1,T cells,0.9918759065353078
TCCTAAACCGAGAG-1,T cells,0.9968905053412377
TCCTAAACCGCATA-1,ILC,0.9999962170486689
TCCTAATGGTTTGG-1,T cells,0.9413940444043855
TCCTACCTGTCGTA-1,T cells,0.9581340493023704
TCCTATGAAAAGCA-1,T cells,0.6029867473005023
TCGAATCTCTGGTA-1,T cells,0.8489153495877031
TCGACCTGCCGATA-1,Monocytes,0.9990752927528933
TCGACGCTTCTATC-1,Monocytes,0.9836136454701647
TCGACGCTTTGACG-1,T cells,0.999553756490838
TCGAGAACGACAGG-1,T cells,0.7374417688504558
TCGAGAACGTTAGC-1,T cells,0.9995347254256158
TCGAGCCTATCAGC-1,B cells,0.9992383928802069
TCGAGCCTGCGAGA-1,T cells,0.9998638452654101
TCGAGCCTTGTGAC-1,T cells,0.9999437540728936
TCGATACTATTCCT-1,T cells,0.9922772018400654
TCGATACTTGCACA-1,T cells,0.9998156844316491
TCGATTTGATGCCA-1,Monocytes,0.9945973854490447
TCGATTTGCACTCC-1,T cells,0.999358486880104
TCGATTTGCAGCTA-1,ILC,0.99999983775556
TCGATTTGCCTACC-1,Monocytes,0.9678971713396802
TCGATTTGTCGTGA-1,B cells,0.9999863992173086
TCGCAGCTAGATCC-1,T cells,0.9914274575241944
TCGCCATGAGACTC-1,T cells,0.9999732290879966
TCGCCATGTGGTCA-1,B cells,0.999984019838727
TCGGACCTAACAGA-1,T cells,0.9999596628900215
TCGGACCTATAAGG-1,B cells,0.9997276181388681
TCGGACCTGTACAC-1,T cells,0.9999947586400053
TCGGTAGAGTAGGG-1,T cells,0.9995280257510141
TCGGTAGATCCCAC-1,B cells,0.9999786123348816
TCGTAGGATCGACA-1,T cells,0.9993037985676186
TCGTTATGGACAAA-1,T cells,0.9963816342188772
TCTAACACCAGTTG-1,ILC,0.9999433291821637
TCTAACACGAGCAG-1,DC,0.9935481909043414
TCTAACTGAACCAC-1,T cells,0.9999209461285786
TCTAAGCTAATGCC-1,T cells,0.9944530881832748
TCTAAGCTTAGTCG-1,T cells,0.9737549464136817
TCTAAGCTTCTAGG-1,Monocytes,0.9920379204283094
TCTAAGCTTGTTCT-1,Monocytes,0.9999765802562588
TCTAAGCTTTCGCC-1,B cells,0.9999797225593904
TCTACAACGACTAC-1,Monocytes,0.9976437114053752
TCTAGACTTAGAAG-1,Monocytes,0.9912311775984589
TCTAGTTGCACCAA-1,Monocytes,0.9868532418071575
TCTATGTGAAGAGT-1,Monocytes,0.998941431149308
TCTATGTGAGTCTG-1,T cells,0.999908119147577
TCTCAAACCTAAGC-1,B cells,0.9983349357660183
TCTCTAGAATTTCC-1,T cells,0.9998721161642725
TCTGATACACGTGT-1,T cells,0.9997740701487838
TCTGATACTCGCCT-1,T cells,0.9946362245763113
TCTTACGAACCTGA-1,Monocytes,0.9906928863571642
TCTTCAGAGCTACA-1,Monocytes,0.975049998768772
TCTTGATGCGGAGA-1,T cells,0.9851644667959437
TGAAATTGGTGAGG-1,Monocytes,0.9105888671897763
TGAACCGAAAACGA-1,T cells,0.9953829932658822
TGAACCGACTACTT-1,Monocytes,0.999216843796074
TGAACCGATTCGGA-1,Monocytes,0.9931924382907369
TGAAGCACTCACGA-1,T cells,0.7423617511431306
TGAAGCTGAACGAA-1,T cells,0.9999579719952105
TGAAGCTGCATGGT-1,B cells,0.9943200475315265
TGAAGCTGCGTAAC-1,T cells,0.9999270812888652
TGAATAACCACTTT-1,T cells,0.9998541475125952
TGAATAACTCCCAC-1,T cells,0.9050332081266853
TGACACGACCTTAT-1,B cells,0.9994369447907842
TGACCAGACAACCA-1,T cells,0.98998652822949
TGACCAGAGGATTC-1,T cells,0.9994085372576049
TGACCGCTAAAAGC-1,T cells,0.9991584623806475
TGACCGCTCTGCAA-1,T cells,0.9999171485475884
TGACGATGCAAAGA-1,Monocytes,0.9967273333120805
TGACGCCTGTACCA-1,T cells,0.9999956041826404
TGACGCCTTTACTC-1,T cells,0.9949361211926819
TGACTGGAAGAGAT-1,Monocytes,0.9976653765297835
TGACTGGACCGTAA-1,T cells,0.9996743146908301
TGACTGGACGCAAT-1,T cells,0.9980657448722711
TGACTGGAGGACAG-1,B cells,0.9998629904627672
TGACTGGATTCTCA-1,T cells,0.9929570992644523
TGACTTACACACCA-1,T cells,0.9964422339390173
TGACTTACAGTCTG-1,Monocytes,0.9988660594354631
TGACTTTGCGCATA-1,T cells,0.997953635901104
TGACTTTGTTTGTC-1,T cells,0.9996627099809237
TGAGACACAAGGTA-1,T cells,0.9999041830177245
TGAGACACTCAAGC-1,T cells,0.9902321189771711
TGAGCTGAATGCTG-1,Monocytes,0.9984749043501202
TGAGCTGACTGGAT-1,Monocytes,0.9978796410893663
TGAGCTGATGCTAG-1,Monocytes,0.9451299522190145
TGAGGACTCTCATT-1,Monocytes,0.9970442690903224
TGAGGACTTCATTC-1,T cells,0.9996808164425165
TGAGGTACGAACCT-1,Monocytes,0.9991552169608912
TGAGTCGAGTTACG-1,B cells,0.9999018870621064
TGAGTGACTGAGCT-1,T cells,0.9999473171304024
TGATAAACGAATCC-1,T cells,0.9997786488451886
TGATAAACTCCGTC-1,ILC,0.9984487896038479
TGATAAACTTTCAC-1,T cells,0.9999282942393867
TGATACCTCACTAG-1,Monocytes,0.9957415820645961
TGATACCTGTTGGT-1,T cells,0.9994922256294043
TGATACCTTATGCG-1,T cells,0.9994152150890019
TGATACCTTGAAGA-1,T cells,0.9961575225967877
TGATATGAACCTTT-1,T cells,0.9999944534343405
TGATCACTAGCATC-1,T cells,0.6799722638985247
TGATCACTCTCGCT-1,T cells,0.9996146883583042
TGATCACTTCTACT-1,B cells,0.9998416602793218
TGATCGGACTGACA-1,Monocytes,0.9955793390662332
TGATCGGAGGAGCA-1,B cells,0.9999799454831094
TGATCGGATATGCG-1,Monocytes,0.9954058897571754
TGATTAGACATTGG-1,T cells,0.9979844750622142
TGATTAGATGACTG-1,B cells,0.9997043294374015
TGATTAGATGCTAG-1,T cells,0.9999460288395232
TGATTCACTATGCG-1,T cells,0.9952977461293133
TGATTCACTGTCAG-1,B cells,0.9999000544551461
TGATTCTGCCGAAT-1,T cells,0.9996514402827896
TGATTCTGCTCTTA-1,T cells,0.9999032156112592
TGCAAGTGAGAACA-1,T cells,0.9984395358330084
TGCAAGTGGGTAGG-1,Monocytes,0.9939215188706003
TGCAATCTTCAGGT-1,DC,0.7888106291783551
TGCACAGACGACAT-1,ILC,0.9999877786930139
TGCCAAGAGCAGTT-1,Monocytes,0.9891374226160858
TGCCAAGATCTCTA-1,T cells,0.9997700614348844
TGCCACTGAACGTC-1,T cells,0.9999635608722829
TGCCACTGCGATAC-1,ILC,0.9999975126018569
TGCCAGCTTGGCAT-1,T cells,0.9998554533408324
TGCCCAACAGCAAA-1,T cells,0.9998676814255973
TGCCCAACCGCATA-1,Monocytes,0.9991088707762855
TGCCGACTCTCCCA-1,B cells,0.9998546753878256
TGCGAAACAGTCAC-1,B cells,0.9998752408233382
TGCGAAACGTTGCA-1,B cells,0.9999795612225487
TGCGATGAACGGTT-1,T cells,0.9986098200839595
TGCGATGACCTCGT-1,T cells,0.9950098205421973
TGCGATGACTAGTG-1,B cells,0.9996007358732201
TGCGATGACTGCTC-1,B cells,0.9999687233969369
TGCGATGACTTGCC-1,B cells,0.9988632030909913
TGCGATGAGTGCTA-1,Monocytes,0.5759486395465366
TGCGCACTCTTGAG-1,Monocytes,0.8699883383439762
TGCGTAGAATAAGG-1,Monocytes,0.9961929415867902
TGCGTAGACGGGAA-1,B cells,0.9998680787890101
TGCGTAGATGGTCA-1,Monocytes,0.9983749272369756
TGCTAGGAAACCGT-1,T cells,0.9994327410809833
TGCTAGGATAGTCG-1,T cells,0.9999817727878957
TGCTATACGGTTCA-1,Macrophages,0.27824063268221144
TGCTATACTGCTGA-1,T cells,0.9981111107286568
TGCTGAGAGAGCAG-1,ILC,0.9999913445839589
TGCTGAGATTATCC-1,T cells,0.9997716948024622
TGGAAAGACTCTCG-1,B cells,0.9993032175767179
TGGAAAGAGCGATT-1,T cells,0.9996538307925905
TGGAAAGAGGTCAT-1,Monocytes,0.9992991496315476
TGGAAAGATATGGC-1,T cells,0.9640899033699634
TGGAACACAAACAG-1,ILC,0.9999371199099094
TGGAACACGCTAAC-1,T cells,0.9997066230757634
TGGAAGCTCAGATC-1,T cells,0.9846613613866677
TGGACCCTACACTG-1,Myelocytes,0.8649721402448008
TGGACCCTCATGGT-1,T cells,0.9940206131243308
TGGACCCTGGTACT-1,Monocytes,0.9976243000986472
TGGACTGAGTATGC-1,T cells,0.9999003249653043
TGGAGACTATCAGC-1,Monocytes,0.9259227598869791
TGGAGACTTCAAGC-1,T cells,0.9999312408133277
TGGAGACTTGACCA-1,T cells,0.993481870241407
TGGAGGGACGGAGA-1,Monocytes,0.9867391735479945
TGGAGGGAGCTATG-1,T cells,0.9850541209217076
TGGATCGATAAAGG-1,T cells,0.9991950460016956
TGGATGTGACCTAG-1,B cells,0.9997406211235993
TGGATGTGTGAAGA-1,B cells,0.999920703656222
TGGATTCTCATACG-1,T cells,0.999015114327469
TGGCAATGCTTGTT-1,B cells,0.999998436984371
TGGCACCTTCACGA-1,T cells,0.9510693566604627
TGGCACCTTCAGTG-1,Monocytes,0.998846975252097
TGGGTATGAAGAGT-1,T cells,0.9998787008632727
TGGGTATGCACAAC-1,T cells,0.9978570126201765
TGGGTATGGTACGT-1,B cells,0.9990095343677959
TGGGTATGTTTGGG-1,Monocytes,0.9963274423488889
TGGTAGACATGCCA-1,T cells,0.9923804907305509
TGGTAGACCCTCAC-1,ILC,0.9999674948323262
TGGTAGACCTGATG-1,T cells,0.9998736414827704
TGGTAGTGCACTGA-1,Monocytes,0.9992536189394113
TGGTATCTAAACAG-1,T cells,0.9995769486763221
TGGTATCTCTTCCG-1,T cells,0.9985050639037201
TGGTCAGACCCAAA-1,HSC/MPP,0.02916773200622456
TGGTTACTGACGTT-1,Monocytes,0.9918703969507301
TGGTTACTGTTCTT-1,T cells,0.9999844610278917
TGTAACCTAGAGGC-1,T cells,0.9998857325391969
TGTAACCTTGCCTC-1,Monocytes,0.9979656878793673
TGTAATGACACAAC-1,ILC,0.9999944744336013
TGTAATGAGGTAAA-1,ILC,0.996940634452619
TGTACTTGCTCTAT-1,Monocytes,0.9999435321470095
TGTAGGTGCGAGAG-1,B cells,0.9999059600222487
TGTAGGTGCTATGG-1,T cells,0.99972842521575
TGTAGGTGCTCTAT-1,DC,0.7111814398708852
TGTAGGTGTGCTGA-1,T cells,0.9982976520207835
TGTAGTCTTCCAGA-1,Megakaryocyte precursor,0.0395614650483473
TGTAGTCTTGCACA-1,T cells,0.9457554878301706
TGTATCTGTTAGGC-1,T cells,0.9997064762604079
TGTATGCTCATGGT-1,B cells,0.9996288886402844
TGTATGCTGTAGGG-1,T cells,0.9962669383410323
TGTATGCTTTCATC-1,T cells,0.9964187969553125
TGTCAGGAATACCG-1,T cells,0.9961398512557528
TGTCAGGAGATGAA-1,Monocytes,0.9993397326433127
TGTCTAACCCCTTG-1,T cells,0.9996906740573273
TGTGACGATTCTCA-1,T cells,0.9999149719419418
TGTGAGACTGTCAG-1,Monocytes,0.9883538328820064
TGTGAGACTTGAGC-1,T cells,0.9999382275605543
TGTGAGTGACCACA-1,T cells,0.978425641800906
TGTGAGTGAGTGCT-1,Monocytes,0.9998391915886455
TGTGAGTGGAGATA-1,T cells,0.9404822215109849
TGTGATCTCTCTAT-1,B cells,0.9994612155421037
TGTGATCTGACACT-1,T cells,0.9983407396326756
TGTGGATGGCCAAT-1,B cells,0.9952451680147152
TGTTAAGACAAAGA-1,Monocytes,0.9810021969055295
TGTTAAGATAAGGA-1,Monocytes,0.9839766164020677
TGTTACACCGCATA-1,Monocytes,0.9981288268191124
TGTTACACGACTAC-1,Monocytes,0.9757568028545209
TGTTACTGGCTACA-1,T cells,0.9998871614289985
TGTTACTGTAGTCG-1,T cells,0.6150842212539339
TTAACCACCGTAAC-1,T cells,0.9997886186056352
TTAACCACTAAGGA-1,T cells,0.7880138004737949
TTAACCACTCAGAC-1,T cells,0.9308623698648735
TTACACACGTGTTG-1,T cells,0.9942140868428998
TTACACACTCCTAT-1,T cells,0.9998968007035578
TTACCATGAATCGC-1,Monocytes,0.8490133881513579
TTACCATGGTTGAC-1,T cells,0.9975093762113705
TTACCATGTGTCTT-1,ILC,0.9972691812394805
TTACCATGTTGTGG-1,B cells,0.9999534588631388
TTACGACTGAGAGC-1,T cells,0.9958010413466546
TTACGACTTGACAC-1,Monocytes,0.8596357104068946
TTACGTACGTTCAG-1,Megakaryocytes/platelets,0.5738970699887429
TTACTCGAAGAATG-1,Monocytes,0.9590898894702086
TTACTCGACGCAAT-1,Macrophages,0.7671379865197315
TTACTCGAGGGTGA-1,T cells,0.9997244388244948
TTACTCGATCTACT-1,ILC,0.999994654347503
TTAGAATGTGGTGT-1,T cells,0.9842464591857751
TTAGAATGTGTAGC-1,B cells,0.47912954309411876
TTAGACCTCCTACC-1,T cells,0.9995381945934686
TTAGACCTCCTTTA-1,Monocytes,0.9944314569761582
TTAGCTACAACCGT-1,T cells,0.9791091593862501
TTAGCTACTGTCCC-1,Monocytes,0.9801926683901692
TTAGCTACTTTCGT-1,T cells,0.9930190123943378
TTAGGGACGCGAAG-1,T cells,0.9960289579649279
TTAGGGTGCTGGAT-1,B cells,0.9996656164160678
TTAGGGTGTCCTGC-1,Monocytes,0.9955673676895246
TTAGGTCTACTTTC-1,Monocytes,0.9037582661026684
TTAGTCACCAGTTG-1,T cells,0.999662448510406
TTAGTCTGAAAGCA-1,B cells,0.9999232549373558
TTAGTCTGCCAACA-1,ILC,0.9999708205104579
TTAGTCTGTGCACA-1,T cells,0.9989859928022521
TTATCCGACTAGTG-1,B cells,0.9997901627032931
TTATCCGAGAAAGT-1,Monocytes,0.9980872809913942
TTATGAGAGATAAG-1,T cells,0.9275644642536953
TTATGCACGTCACA-1,B cells,0.999887638975857
TTATGGCTTATGGC-1,DC,0.999705490687979
TTATTCCTATGCTG-1,Monocytes,0.9932511761185975
TTATTCCTGGACAG-1,B cells,0.999866161863401
TTATTCCTGGTACT-1,B cells,0.9998642988971544
TTATTCCTTCGTGA-1,T cells,0.9954749050438918
TTCAAAGATAAAGG-1,T cells,0.9983265157464793
TTCAACACAACAGA-1,T cells,0.9997126331427392
TTCAACACCCCAAA-1,Monocytes,0.9964187093272955
TTCAACACGGACGA-1,Monocytes,0.950844585083025
TTCAAGCTAAGAAC-1,Monocytes,0.9983709063832813
TTCAAGCTAGATGA-1,T cells,0.9993138966394202
TTCAAGCTGTTGAC-1,T cells,0.9997763958765041
TTCAAGCTTGATGC-1,T cells,0.9997770440506556
TTCAAGCTTTCGCC-1,T cells,0.9990508696129489
TTCACAACCCGTTC-1,Monocytes,0.8454793562541469
TTCACAACGTCTGA-1,Macrophages,0.34670081279727916
TTCAGACTACCCAA-1,T cells,0.9956761898851944
TTCAGACTCTCGAA-1,T cells,0.9755425880217062
TTCAGTACCGACTA-1,T cells,0.9999755534818842
TTCAGTACTCAAGC-1,T cells,0.9999534020166572
TTCAGTACTCCTAT-1,Monocytes,0.9995297450246639
TTCAGTTGCCAAGT-1,T cells,0.982301998728568
TTCAGTTGTCCTTA-1,DC,0.8785747718788709
TTCAGTTGTCTAGG-1,T cells,0.9994215996927872
TTCAGTTGTCTCGC-1,B cells,0.9993275840542445
TTCATCGAGGTGGA-1,Monocytes,0.9924000190309161
TTCATGTGTGGTGT-1,T cells,0.9474364409015733
TTCATTCTATGTCG-1,Monocytes,0.9991684971647974
TTCATTCTTCTCTA-1,T cells,0.9969367768226886
TTCCAAACCTATGG-1,Monocytes,0.9574236061038177
TTCCAAACCTCCCA-1,B cells,0.9998523504811118
TTCCAAACTCCCAC-1,ILC,0.9993080914391035
TTCCAAACTTGACG-1,T cells,0.7688076058265837
TTCCATGACGAGAG-1,Monocytes,0.9999066235574181
TTCCATGACTGTCC-1,T cells,0.8637011681832563
TTCCCACTTGAGGG-1,ILC,0.9999902694592241
TTCCCACTTGTCTT-1,Monocytes,0.9906237631274029
TTCCTAGAAAGTGA-1,T cells,0.9977782487680792
TTCCTAGACTAGTG-1,Monocytes,0.9998958323805595
TTCGAGGACTCTAT-1,T cells,0.9999048336367761
TTCGAGGAGGGCAA-1,T cells,0.9508541685208532
TTCGAGGATAGAAG-1,Monocytes,0.9797486776230375
TTCGATTGAGCATC-1,T cells,0.9998817336192125
TTCGGAGAATGCCA-1,Monocytes,0.914561376513659
TTCGGAGATGTGCA-1,T cells,0.9998822473462132
TTCGTATGAAAAGC-1,T cells,0.7602061844081512
TTCGTATGGATAGA-1,T cells,0.8917852278263857
TTCGTATGGTCTGA-1,T cells,0.9999862719190507
TTCGTATGTCCTTA-1,Monocytes,0.9958259240583859
TTCTACGAACGTAC-1,T cells,0.9999208287030399
TTCTACGAGTTGGT-1,T cells,0.9999767693636443
TTCTAGTGACACGT-1,T cells,0.9999619009413975
TTCTAGTGCATGAC-1,Monocytes,0.9991373123058437
TTCTAGTGGAGAGC-1,ILC,0.9999772509585343
TTCTAGTGGTCACA-1,Monocytes,0.9647337638551988
TTCTCAGAAGAGAT-1,T cells,0.9993214039926845
TTCTCAGAAGCATC-1,B cells,0.9999963276722984
TTCTCAGATGGAGG-1,T cells,0.9999565243682548
TTCTGATGGAGACG-1,ILC,0.9999999888662062
TTCTTACTCTGGAT-1,Monocytes,0.9989067187599419
TTGAACCTCCTTGC-1,B cells,0.9998920107386159
TTGAATGAACTACG-1,Monocytes,0.9865156764958528
TTGAATGACTTACT-1,T cells,0.9965181427791217
TTGAATGATCTCAT-1,B cells,0.9969964170419698
TTGACACTCTGTAG-1,T cells,0.9989077352518908
TTGACACTGATAAG-1,B cells,0.999964335526816
TTGAGGACAGAACA-1,Monocytes,0.958030470178195
TTGAGGACTACGCA-1,DC,0.8118701553824303
TTGAGGTGGACGGA-1,T cells,0.998077199543454
TTGCATTGAGCTAC-1,T cells,0.5082109317161064
TTGCATTGCTAAGC-1,Monocytes,0.9861910031535911
TTGCATTGTGACTG-1,T cells,0.9988368055181123
TTGCTAACACCAAC-1,T cells,0.9999678691165983
TTGCTAACACGCTA-1,Monocytes,0.9995656434493844
TTGCTAACCACTCC-1,T cells,0.9938669759420943
TTGCTATGGTACGT-1,Monocytes,0.9995362299729985
TTGCTATGGTAGGG-1,Monocytes,0.9997262783649913
TTGGAGACCAATCG-1,T cells,0.9998749416368244
TTGGAGACGCTATG-1,Monocytes,0.9310392097440326
TTGGAGACTATGGC-1,B cells,0.9999844037782314
TTGGGAACTGAACC-1,T cells,0.9989713361136066
TTGGTACTACTGGT-1,Monocytes,0.9619667119831364
TTGGTACTCTTAGG-1,T cells,0.9970739398733507
TTGGTACTGAATCC-1,B cells,0.9999996047409191
TTGGTACTGGATTC-1,B cells,0.9999950476935338
TTGTACACGTTGTG-1,B cells,0.9999853945590635
TTGTACACTTGCAG-1,T cells,0.9985689825058279
TTGTAGCTAGCTCA-1,T cells,0.9998969654436995
TTGTAGCTCTCTTA-1,B cells,0.99953855146644
TTGTCATGGACGGA-1,ILC,0.999976677329696
TTTAGAGATCCTCG-1,B cells,0.9995551843994216
TTTAGCTGATACCG-1,T cells,0.9998535049760784
TTTAGCTGGATACC-1,Monocytes,0.9967978198064196
TTTAGCTGTACTCT-1,Monocytes,0.4153364174941331
TTTAGGCTCCTTTA-1,Monocytes,0.980731668183274
TTTATCCTGTTGTG-1,Monocytes,0.9996547200094262
TTTCACGAGGTTCA-1,T cells,0.9849380863901606
TTTCAGTGGAAGGC-1,T cells,0.9947846701274345
TTTCAGTGTCACGA-1,B cells,0.9999483904759685
TTTCAGTGTCTATC-1,Monocytes,0.9981310196432934
TTTCAGTGTGCAGT-1,B cells,0.9999818882410735
TTTCCAGAGGTGAG-1,T cells,0.998891542123253
TTTCGAACACCTGA-1,pDC,0.998868984928251
TTTCGAACTCTCAT-1,Monocytes,0.9016465278636968
TTTCTACTGAGGCA-1,Plasma cells,0.9203763776098932
TTTCTACTTCCTCG-1,B cells,0.9999499329100845
TTTGCATGAGAGGC-1,B cells,0.9999389909972982
TTTGCATGCCTCAC-1,T cells,0.9986580899538801
