"barcode","label","confidence"
"AAACATACAACCAC-1","T_cell:CD4+_central_memory",0.293396381398666
"AAACATTGAGCTAC-1","B_cell:immature",0.340646058483186
"AAACATTGATCAGC-1","T_cell:CD4+_central_memory",0.354272196919034
"AAACCGTGCTTCCG-1","Monocyte:CD16-",0.349159397964236
"AAACCGTGTATGCG-1","NK_cell",0.226361806985233
"AAACGCACTGGTAC-1","T_cell:CD4+_effector_memory",0.295577914832857
"AAACGCTGACCAGT-1","T_cell:CD8+",0.281174336652803
"AAACGCTGGTTCTT-1","T_cell:CD8+",0.292895407973128
"AAACGCTGTAGCCA-1","T_cell:CD4+_effector_memory",0.244719985121015
"AAACGCTGTTTCTG-1","Monocyte:CD16+",0.289586977599468
"AAACTTGAAAAACG-1","B_cell:Memory",0.321213613924881
"AAACTTGATCCAGA-1","T_cell:CD4+_central_memory",0.303000425136244
"AAAGAGACGAGATA-1","T_cell:CD4+_central_memory",0.330844577451495
"AAAGAGACGCGAGA-1","Monocyte:CD16-",0.35081949406179
"AAAGAGACGGACTT-1","T_cell:CD8+",0.229054591481277
"AAAGAGACGGCATT-1","unassigned",0.202304243564836
"AAAGCAGATATCGG-1","Monocyte:CD16+",0.431105069440087
"AAAGCCTGTATGCG-1","T_cell:CD4+_central_memory",0.330474553133129
"AAAGGCCTGTCTAG-1","T_cell:CD8+",0.329602072936479
"AAAGTTTGATCACG-1","B_cell",0.236317622741383
"AAAGTTTGGGGTGA-1","B_cell:Naive",0.321424465923213
"AAAGTTTGTAGAGA-1","unassigned",0.215303684416643
"AAAGTTTGTAGCGT-1","Monocyte:CD16-",0.343788801992035
"AAATCAACAATGCC-1","B_cell:immature",0.27497264743205
"AAATCAACACCAGT-1","T_cell:CD8+",0.229475776932994
"AAATCAACCAGGAG-1","T_cell:CD8+",0.286557599218738
"AAATCAACCCTATT-1","Monocyte:CD16+",0.385695995696111
"AAATCAACGGAAGC-1","T_cell:CD4+_Naive",0.316471894983674
"AAATCAACTCGCAA-1","T_cell:CD4+_effector_memory",0.323841720661766
"AAATCATGACCACA-1","Monocyte:CD16+",0.402919582752052
"AAATCCCTCCACAA-1","T_cell:CD4+_effector_memory",0.229504198338695
"AAATCCCTGCTATG-1","B_cell:Naive",0.21358693401014
"AAATGTTGAACGAA-1","Monocyte:CD16-",0.365743025852657
"AAATGTTGCCACAA-1","T_cell:CD8+",0.299783130305497
"AAATGTTGTGGCAT-1","Monocyte:CD16-",0.356500346145951
"AAATTCGAAGGTTC-1","T_cell:CD4+",0.282414943656247
"AAATTCGAATCACG-1","Monocyte:CD16+",0.316021502725421
"AAATTCGAGCTGAT-1","Monocyte:CD16+",0.364612799141078
"AAATTCGAGGAGTG-1","T_cell:CD4+_Naive",0.297792047146366
"AAATTCGATTCTCA-1","NK_cell:CD56hiCD62L+",0.301495249483454
"AAATTGACACGACT-1","T_cell:CD4+_effector_memory",0.311572397959777
"AAATTGACTCGCTC-1","T_cell:CD4+_effector_memory",0.355996239595343
"AACAAACTCATTTC-1","T_cell:CD4+_Naive",0.286579497651213
"AACAAACTTTCGTT-1","T_cell:CD4+_Naive",0.305809044951485
"AACAATACGACGAG-1","T_cell:CD4+_Naive",0.300801714408819
"AACACGTGCAGAGG-1","T_cell:CD4+_central_memory",0.302635780918447
"AACACGTGGAAAGT-1","T_cell:CD4+_central_memory",0.302531165556649
"AACACGTGGAACCT-1","Monocyte:CD16-",0.340850660710375
"AACACGTGGCTACA-1","T_cell:CD4+_central_memory",0.296060818399588
"AACACGTGTACGAC-1","Monocyte:CD16+",0.406827543797254
"AACAGCACAAGAGT-1","unassigned",0.228927844423818
"AACATTGATGGGAG-1","Monocyte:CD16+",0.417098591547431
"AACCAGTGATACCG-1","Monocyte:CD16+",0.419240507627472
"AACCCAGATCGCTC-1","T_cell:CD4+_central_memory",0.29954439516242
"AACCGATGCTCCCA-1","T_cell:CD4+_central_memory",0.305928693892982
"AACCGATGGTCATG-1","B_cell:immature",0.294157269118253
"AACCGATGTTCTAC-1","Monocyte:CD16-",0.320449610872024
"AACCGCCTAGCGTT-1","T_cell:CD4+_central_memory",0.343332918320285
"AACCGCCTCTACGA-1","Monocyte:CD16-",0.379828249318255
"AACCTACTGTGAGG-1","Monocyte:CD16-",0.423307021186313
"AACCTACTGTGTTG-1","T_cell:CD8+_effector_memory",0.287146003455189
"AACCTTACGAGACG-1","T_cell:CD4+_Naive",0.294573992232166
"AACCTTACGCGAGA-1","NK_cell:CD56hiCD62L+",0.277220435615129
"AACCTTACTAACGC-1","Monocyte:CD16+",0.337617778448712
"AACCTTTGGACGGA-1","T_cell:CD4+_effector_memory",0.311142425635896
"AACCTTTGTACGCA-1","Monocyte:CD16+",0.406311021012767
"AACGCAACAAGTAG-1","T_cell:CD4+_effector_memory",0.294665816113648
"AACGCATGACCCAA-1","T_cell:CD4+_effector_memory",0.312606207602556
"AACGCATGCCTTCG-1","T_cell:CD4+_central_memory",0.306743250920561
"AACGCATGTACTTC-1","T_cell:CD4+_central_memory",0.333603115777758
"AACGCCCTCGGGAA-1","T_cell:CD4+_effector_memory",0.295522954888827
"AACGCCCTCGTACA-1","NK_cell:IL2",0.3295737609251
"AACGCCCTGGCATT-1","T_cell:CD4+_effector_memory",0.274375525123218
"AACGTCGAGTATCG-1","NK_cell",0.318387271936948
"AACGTGTGAAAGCA-1","T_cell:CD4+_central_memory",0.328533490757197
"AACGTGTGGCGGAA-1","B_cell:Memory",0.274733025318574
"AACGTGTGTCCAAG-1","T_cell:CD4+_central_memory",0.257489238138852
"AACGTGTGTGCTTT-1","T_cell:CD4+_central_memory",0.316848930251173
"AACTACCTTAGAGA-1","T_cell:CD4+_central_memory",0.309694618668085
"AACTCACTCAAGCT-1","Monocyte:CD16-",0.363309859529045
"AACTCACTTGGAGG-1","Monocyte:CD16-",0.335647396000532
"AACTCGGAAAGTGA-1","T_cell:CD4+_effector_memory",0.28578159459215
"AACTCGGAAGGTCT-1","Monocyte:CD16-",0.281752333069423
"AACTCTTGCAGGAG-1","T_cell:CD4+_effector_memory",0.310458335180037
"AACTGTCTCCCTTG-1","Monocyte:CD16-",0.336872455305471
"AACTTGCTACGCTA-1","B_cell:Memory",0.279927665396814
"AACTTGCTGGGACA-1","T_cell:CD8+_effector_memory",0.279196151187897
"AAGAACGAGTGTTG-1","T_cell:CD4+_Naive",0.224421370082055
"AAGAAGACGTAGGG-1","B_cell",0.250404652982048
"AAGACAGAAGTCTG-1","B_cell",0.253596290579709
"AAGACAGAGGATCT-1","T_cell:CD4+_central_memory",0.279001392270236
"AAGACAGATTACCT-1","Pre-B_cell_CD34-",0.347144729716263
"AAGAGATGGGTAGG-1","B_cell:immature",0.26350071594511
"AAGATGGAAAACAG-1","B_cell:immature",0.220221615022523
"AAGATGGAGAACTC-1","Monocyte:CD16+",0.378866311660879
"AAGATGGAGATAAG-1","Monocyte:CD16-",0.355061895473952
"AAGATTACAACCTG-1","T_cell:CD4+_central_memory",0.278229843664327
"AAGATTACAGATCC-1","Monocyte:CD16+",0.39802012511917
"AAGATTACCCGTTC-1","Monocyte:CD16+",0.384528733564922
"AAGATTACCGCCTT-1","Monocyte:CD16-",0.343811519727094
"AAGATTACCTCAAG-1","NK_cell",0.310603315620154
"AAGATTACTCCTCG-1","Monocyte:CD16-",0.241047293350218
"AAGCAAGAGCGAGA-1","T_cell:CD4+_effector_memory",0.308374819115982
"AAGCAAGAGCTTAG-1","T_cell:CD8+",0.308260871039272
"AAGCAAGAGGTGTT-1","NK_cell",0.294879468674929
"AAGCACTGAGCAAA-1","B_cell:Memory",0.303225496316006
"AAGCACTGCATACG-1","T_cell:CD4+_effector_memory",0.218603681258988
"AAGCACTGGTTCTT-1","B_cell:Naive",0.363597437011257
"AAGCCAACGTGTTG-1","T_cell:CD4+_central_memory",0.294114286488329
"AAGCCATGAACTGC-1","Monocyte:CD16+",0.396981182963998
"AAGCCATGACACGT-1","Monocyte:CD16-",0.306263069584265
"AAGCCATGCGTGAT-1","T_cell:CD4+_Naive",0.319154287130716
"AAGCCATGTCTCGC-1","Pre-B_cell_CD34-",0.231086122687711
"AAGCCTGACATGCA-1","T_cell:CD4+",0.291870518865535
"AAGCCTGACCGAAT-1","Monocyte:CD16-",0.261056521443537
"AAGCGACTCCTCAC-1","Monocyte:CD16+",0.338725842400068
"AAGCGACTGTGTCA-1","T_cell:CD8+_effector_memory",0.291808332616497
"AAGCGACTTACAGC-1","B_cell:immature",0.270055770103873
"AAGCGACTTTGACG-1","Monocyte:CD16+",0.394268866664909
"AAGCGTACGTCTTT-1","T_cell:CD4+_central_memory",0.278885529901157
"AAGGCTTGCGAACT-1","T_cell:CD8+",0.286611129477389
"AAGGTCACGGTTAC-1","Monocyte:CD16+",0.297959029499453
"AAGGTCACTGTTTC-1","B_cell:immature",0.276613229697638
"AAGGTCACTTCCCG-1","T_cell:CD4+_effector_memory",0.295152105292731
"AAGGTCTGACAGTC-1","T_cell:CD4+_central_memory",0.3003516298411
"AAGGTCTGCAGATC-1","T_cell:CD4+",0.205018343983146
"AAGTAACTCTGAAC-1","Monocyte:CD16-",0.318723711335897
"AAGTAACTGAGATA-1","B_cell:immature",0.203264835304044
"AAGTAGGATACAGC-1","NK_cell",0.325736425508622
"AAGTATACCGAACT-1","T_cell:CD4+_central_memory",0.311023549400174
"AAGTCCGACTTGTT-1","T_cell:CD4+_Naive",0.259289003961731
"AAGTCCGATAGAAG-1","T_cell:CD8+",0.314940495572431
"AAGTCTCTAGTCGT-1","T_cell:CD4+_Naive",0.313067750310718
"AAGTCTCTCGGAGA-1","unassigned",0.263681250245421
"AAGTGGCTTGGAGG-1","B_cell:immature",0.27817611885815
"AAGTTCCTCATTCT-1","Monocyte:CD16+",0.351459740059705
"AAGTTCCTTCTTAC-1","T_cell:CD4+_effector_memory",0.335590452754752
"AATAAGCTCGAATC-1","T_cell:CD4+_central_memory",0.311463646801012
"AATAAGCTCGTTGA-1","T_cell:CD4+_Naive",0.270701299266529
"AATACCCTGGACGA-1","B_cell:immature",0.271326282968574
"AATACCCTGGCATT-1","T_cell:CD4+_central_memory",0.324945770619915
"AATACTGAAAGGGC-1","NK_cell",0.282878439619902
"AATACTGAATTGGC-1","NK_cell",0.30091138909025
"AATAGGGAACCCTC-1","B_cell:immature",0.317074590798765
"AATAGGGAGAATGA-1","T_cell:CD4+_effector_memory",0.303447397783288
"AATCAAACTATCGG-1","T_cell:CD8+",0.287216101685464
"AATCCGGAATGCTG-1","B_cell",0.315096967326762
"AATCCTACCGGTAT-1","T_cell:CD4+_central_memory",0.282357551682509
"AATCCTTGACGGGA-1","Monocyte:CD16-",0.332133398186505
"AATCCTTGGTGAGG-1","T_cell:CD8+",0.300700996848987
"AATCGGTGGAACTC-1","T_cell:CD8+",0.287125537588064
"AATCGGTGTGCTTT-1","T_cell:CD8+_effector_memory",0.278830348873772
"AATCTAGAAAAGTG-1","T_cell:CD4+_effector_memory",0.300113449457904
"AATCTAGAATCGGT-1","T_cell:CD4+_Naive",0.285007274210221
"AATCTCACAGCCTA-1","Monocyte",0.372854397110974
"AATCTCACTCTAGG-1","T_cell:CD4+_central_memory",0.31870249329251
"AATCTCTGAACAGA-1","T_cell:CD4+_central_memory",0.263776096152589
"AATCTCTGCTTTAC-1","T_cell:CD8+",0.277499118912677
"AATGATACACCAAC-1","NK_cell",0.280361539382309
"AATGATACGGTCAT-1","Pre-B_cell_CD34-",0.352585525574756
"AATGCGTGACACCA-1","B_cell:immature",0.313162435882638
"AATGCGTGGACGGA-1","Monocyte:CD16-",0.363763331892732
"AATGCGTGGCTATG-1","B_cell:immature",0.307337588751835
"AATGGAGAATCGTG-1","Monocyte:CD16-",0.337994945831792
"AATGGAGATCCTTA-1","T_cell:CD4+_effector_memory",0.300724025099043
"AATGGCTGACACCA-1","B_cell:immature",0.315452990027715
"AATGGCTGCGTGAT-1","T_cell:CD4+_central_memory",0.305803271163371
"AATGGCTGTAAAGG-1","T_cell:CD8+",0.218144151255117
"AATGGCTGTACTCT-1","T_cell:CD8+",0.282741713916731
"AATGGCTGTGAAGA-1","T_cell:CD4+_central_memory",0.290996433713472
"AATGTAACGGTGGA-1","T_cell:CD4+_central_memory",0.321123960684846
"AATGTCCTCTTCTA-1","T_cell:CD4+_central_memory",0.331045775905571
"AATGTTGACAGTCA-1","T_cell:CD4+_effector_memory",0.326654619861468
"AATGTTGAGTTGAC-1","Monocyte:CD16-",0.352577258063932
"AATGTTGATCTACT-1","T_cell:CD4+_effector_memory",0.330306459204524
"AATTACGAATTCCT-1","Monocyte:CD16+",0.387047556797668
"AATTACGACTTCTA-1","T_cell:CD4+_Naive",0.299937040293732
"AATTACGAGTGAGG-1","T_cell:CD8+",0.339230757882371
"AATTACGATTGGCA-1","B_cell:immature",0.269486509123591
"AATTCCTGCTCAGA-1","B_cell:immature",0.277171956364578
"AATTGATGTCGCAA-1","Monocyte:CD16+",0.415647482684853
"AATTGTGACTTGGA-1","B_cell:immature",0.255977809687369
"ACAAAGGAGGGTGA-1","T_cell:CD4+_Naive",0.244613459665017
"ACAAATTGATTCTC-1","Monocyte:CD16+",0.388724473121011
"ACAAATTGCTCAGA-1","Monocyte:CD16-",0.264481401177777
"ACAAATTGTTGCGA-1","NK_cell",0.308460306036503
"ACAACCGAGGGATG-1","NK_cell",0.3316729140374
"ACAACCGAGTTACG-1","T_cell:CD4+_central_memory",0.312060510862551
"ACAAGAGAAGTCGT-1","Monocyte:CD16-",0.402067173261692
"ACAAGAGACTTATC-1","T_cell:CD8+",0.219438679088384
"ACAAGAGAGTTGAC-1","B_cell:immature",0.268310882513933
"ACAATCCTAACCGT-1","T_cell:CD4+",0.340072292943942
"ACAATCCTTAGCGT-1","B_cell:immature",0.278362040114117
"ACAATTGACTGACA-1","T_cell:CD8+",0.282264235377821
"ACAATTGATGACTG-1","NK_cell",0.296651798661033
"ACACAGACCATACG-1","T_cell:CD8+",0.295206510153746
"ACACCAGAGGGCAA-1","T_cell:CD4+_effector_memory",0.297444436817349
"ACACCCTGGTGTTG-1","NK_cell",0.29635635913258
"ACACGAACAGTTCG-1","T_cell:CD4+_effector_memory",0.270444178853221
"ACACGATGACGCAT-1","T_cell:CD4+_effector_memory",0.304900131931534
"ACACGATGATGTGC-1","Monocyte:CD16+",0.343650009160289
"ACACGATGTCGTAG-1","T_cell:CD4+_effector_memory",0.34239358272795
"ACACGATGTGGTCA-1","T_cell:CD8+",0.307209535487052
"ACAGACACGGCATT-1","T_cell:CD8+",0.296749702347275
"ACAGACACGTTGTG-1","T_cell:CD8+_effector_memory",0.323568753234019
"ACAGCAACACCTAG-1","Monocyte:CD16+",0.256882607745134
"ACAGCAACCTCAAG-1","Monocyte:CD16+",0.412014955040362
"ACAGGTACCCCACT-1","T_cell:CD4+_Naive",0.300852142560182
"ACAGGTACGCTGTA-1","T_cell:CD8+",0.31334292664344
"ACAGGTACTGGTGT-1","NK_cell",0.325944048178559
"ACAGTCGACCCAAA-1","T_cell:CD4+_central_memory",0.235490744059137
"ACAGTCGACCGATA-1","T_cell:CD8+_naive",0.3169505167095
"ACAGTGACTCACCC-1","T_cell:CD4+_effector_memory",0.302462494093858
"ACAGTGACTCTATC-1","T_cell:CD4+_effector_memory",0.304401936755432
"ACAGTGTGGTCACA-1","T_cell:CD4+_central_memory",0.225227887768191
"ACAGTGTGTTGCGA-1","Monocyte:CD16-",0.341240080014125
"ACATCACTCTACTT-1","Monocyte:CD16-",0.349818836117066
"ACATGGTGAAGCCT-1","T_cell:CD4+_central_memory",0.28806533084908
"ACATGGTGCAACCA-1","B_cell:immature",0.291552607233953
"ACATGGTGCGAGTT-1","T_cell:CD4+_central_memory",0.270131935140252
"ACATTCTGGCATAC-1","T_cell:CD4+_central_memory",0.333413095091322
"ACATTCTGGGAACG-1","T_cell:CD4+",0.364185522117974
"ACCAACGACATGCA-1","T_cell:CD4+_Naive",0.272035122047081
"ACCACAGAAAGTAG-1","T_cell:CD4+_effector_memory",0.242190057194178
"ACCACAGAGTTGGT-1","T_cell:CD4+_Naive",0.298465575096039
"ACCACCTGTGTGCA-1","T_cell:CD4+_central_memory",0.256104677220016
"ACCACGCTACAGCT-1","T_cell:CD4+_central_memory",0.297057052837623
"ACCACGCTACCCAA-1","T_cell:CD8+",0.291122948308454
"ACCACGCTGCGAGA-1","T_cell:CD4+_effector_memory",0.297573190574186
"ACCACGCTGCTGTA-1","T_cell:CD4+_effector_memory",0.285713422145435
"ACCAGCCTGACAGG-1","T_cell:CD4+_central_memory",0.321160084689635
"ACCAGTGAACGGTT-1","B_cell:Naive",0.279281874717665
"ACCAGTGAATACCG-1","Monocyte:CD16+",0.410960975984674
"ACCAGTGAGGGATG-1","T_cell:CD8+",0.295976977457178
"ACCAGTGATGACTG-1","Monocyte:CD16+",0.270709448737487
"ACCATTACCTTCTA-1","T_cell:CD4+_central_memory",0.324721718878261
"ACCATTACGAGATA-1","T_cell:CD4+_central_memory",0.329916470204356
"ACCATTTGTCATTC-1","T_cell:CD4+_central_memory",0.270072247180993
"ACCCAAGAACTGTG-1","T_cell:CD8+",0.29425340184899
"ACCCAAGAATTCCT-1","Monocyte:CD16+",0.391030582729306
"ACCCAAGAGGACAG-1","T_cell:CD4+_effector_memory",0.327688510344794
"ACCCAAGATTCACT-1","B_cell:immature",0.277510007117381
"ACCCACTGCGCCTT-1","Monocyte:CD16-",0.270223010673457
"ACCCACTGGACAGG-1","T_cell:CD4+_Naive",0.202411006138792
"ACCCACTGGTTCAG-1","Platelets",0.214136786839966
"ACCCACTGTCGTAG-1","Monocyte:CD16-",0.363293900188
"ACCCAGCTCAGAAA-1","T_cell:CD4+_central_memory",0.310453597300084
"ACCCAGCTGTTAGC-1","Pre-B_cell_CD34-",0.393349897547679
"ACCCAGCTTGCTTT-1","T_cell:CD4+_central_memory",0.280133805362829
"ACCCGTTGATGACC-1","B_cell:Naive",0.240817638304951
"ACCCGTTGCTGCAA-1","T_cell:CD4+_Naive",0.27557679252715
"ACCCGTTGCTTCTA-1","T_cell:CD8+",0.35342360648247
"ACCCTCGACCTATT-1","T_cell:CD4+_effector_memory",0.300513496862585
"ACCCTCGACGGTAT-1","B_cell:immature",0.25014545578291
"ACCCTCGATAAGGA-1","Monocyte:CD16+",0.338504958834409
"ACCCTCGATCAAGC-1","Monocyte:CD16+",0.295839625176711
"ACCGTGCTACCAGT-1","T_cell:CD4+_central_memory",0.30353115964889
"ACCGTGCTGGAACG-1","B_cell",0.287240388784023
"ACCTATTGCTGAGT-1","B_cell:immature",0.21894323365785
"ACCTATTGTGCCCT-1","Monocyte:CD16+",0.386634603364412
"ACCTCCGAGTCCTC-1","T_cell:CD4+_central_memory",0.332325818436261
"ACCTCCGATATGCG-1","T_cell:CD4+_Naive",0.283920849896481
"ACCTCCGATGCTGA-1","T_cell:CD4+_effector_memory",0.26653764605135
"ACCTCGTGAACCAC-1","T_cell:CD4+_effector_memory",0.296141021191711
"ACCTGAGATATCGG-1","Monocyte:CD16-",0.285447265835904
"ACCTGGCTAAGTAG-1","NK_cell:CD56hiCD62L+",0.3132924472818
"ACCTTTGACTCCCA-1","Monocyte:CD16-",0.384767324846647
"ACCTTTGAGGAACG-1","Monocyte:CD16-",0.395744643441403
"ACCTTTGAGGAAGC-1","Monocyte:CD16+",0.360615056486735
"ACGAACACCTTGTT-1","NK_cell",0.292455193050379
"ACGAACTGGCTATG-1","Monocyte:CD16-",0.405680722987585
"ACGAAGCTCTCCAC-1","T_cell:CD8+_effector_memory",0.188127595738665
"ACGAAGCTCTGAGT-1","B_cell:immature",0.380451309055828
"ACGACCCTATCTCT-1","Monocyte:CD16+",0.388303528773117
"ACGACCCTGATGAA-1","T_cell:CD4+_effector_memory",0.273174955033484
"ACGACCCTTGACAC-1","B_cell:immature",0.275408567772324
"ACGACCCTTGACCA-1","T_cell:CD4+_central_memory",0.275458569837307
"ACGAGGGACAGGAG-1","Monocyte:CD16+",0.420405131064189
"ACGAGGGACGAACT-1","T_cell:CD4+_central_memory",0.315801918326648
"ACGAGGGATGTAGC-1","T_cell:CD4+_central_memory",0.345954880091211
"ACGAGTACCCTAAG-1","B_cell:Naive",0.270318319459275
"ACGAGTACGAATCC-1","B_cell:immature",0.307903214856359
"ACGATCGAGGACTT-1","NK_cell:CD56hiCD62L+",0.268766497123759
"ACGATCGAGTCACA-1","Monocyte:CD16-",0.386325867665016
"ACGATGACAATGCC-1","T_cell:CD4+_central_memory",0.291858128273986
"ACGATGACTGGTCA-1","T_cell:CD4+_effector_memory",0.326592542366026
"ACGATTCTACGGGA-1","T_cell:CD8+",0.272464768049597
"ACGCAATGGTTCAG-1","NK_cell:CD56hiCD62L+",0.270198367540208
"ACGCACCTGTTAGC-1","B_cell",0.283237515154258
"ACGCCACTGAACTC-1","Monocyte:CD16+",0.229462092511354
"ACGCCGGAAACCAC-1","Monocyte:CD16-",0.342484721001124
"ACGCCGGAAAGCCT-1","T_cell:CD4+_central_memory",0.301267687400118
"ACGCCGGAAATGCC-1","T_cell:CD4+_central_memory",0.255191294907987
"ACGCCTTGCTCCCA-1","Monocyte:CD16+",0.38525856023103
"ACGCGGTGGCGAGA-1","T_cell:CD4+_central_memory",0.319547388402925
"ACGCGGTGTGTGGT-1","B_cell:immature",0.283397587083842
"ACGCGGTGTTTGCT-1","T_cell:CD8+",0.306236876304707
"ACGCTCACAGTACC-1","T_cell:CD4+_Naive",0.289191070700094
"ACGCTCACCCTTGC-1","T_cell:CD4+_effector_memory",0.289102805735466
"ACGCTGCTGTTCTT-1","NK_cell",0.318450149699526
"ACGGAACTCAGATC-1","NK_cell",0.306342900244031
"ACGGAACTGTCGTA-1","Monocyte:CD16+",0.339601435994961
"ACGGAGGACTCTTA-1","Monocyte:CD16-",0.365402596172482
"ACGGATTGGGAGGT-1","B_cell:Naive",0.246489739424754
"ACGGATTGGTTAGC-1","T_cell:CD4+_central_memory",0.333337435407819
"ACGGCTCTGAGCAG-1","T_cell:CD4+_effector_memory",0.333502697375163
"ACGGCTCTTGCACA-1","T_cell:CD4+_central_memory",0.301284538527571
"ACGGTAACCGCTAA-1","T_cell:CD4+_effector_memory",0.288549410880341
"ACGGTAACCTTCGC-1","T_cell:CD8+",0.276888660391991
"ACGGTAACGGTGGA-1","unassigned",0.195706381292779
"ACGGTAACTCGCAA-1","NK_cell:CD56hiCD62L+",0.229201074305471
"ACGGTATGAGTCGT-1","Monocyte:CD16-",0.32709884338804
"ACGGTATGGGTATC-1","B_cell:immature",0.279383443212579
"ACGGTATGGTTGTG-1","B_cell:Naive",0.276178544684478
"ACGGTCCTAACGGG-1","T_cell:CD4+_central_memory",0.309678780196977
"ACGGTCCTCGGGAA-1","T_cell:CD4+_central_memory",0.297813816820355
"ACGTAGACAACCAC-1","T_cell:CD4+_effector_memory",0.309563767999944
"ACGTAGACTACAGC-1","B_cell:immature",0.304070728456668
"ACGTCAGAAACGAA-1","T_cell:CD4+_central_memory",0.305021292343758
"ACGTCAGAGAGCTT-1","Monocyte:CD16-",0.328324375385146
"ACGTCAGAGGGATG-1","T_cell:CD4+_central_memory",0.266758021233427
"ACGTCCTGATAAGG-1","Monocyte:CD16-",0.320176270278857
"ACGTCCTGTGAACC-1","Monocyte:CD16-",0.375635708254526
"ACGTCGCTCCTGAA-1","NK_cell",0.378044845820797
"ACGTCGCTCTATTC-1","Monocyte:CD16+",0.273858532886185
"ACGTCGCTTCTCAT-1","B_cell:Naive",0.272547794981534
"ACGTGATGCCATGA-1","Monocyte:CD16-",0.407072928238904
"ACGTGATGGGTCTA-1","T_cell:CD4+_central_memory",0.296270167203318
"ACGTGATGTAACCG-1","Monocyte:CD16+",0.359987941899564
"ACGTGATGTGACAC-1","NK_cell",0.33343381735269
"ACGTGCCTCCGTAA-1","T_cell:CD4+_effector_memory",0.316990958878974
"ACGTGCCTTCTATC-1","T_cell:CD8+",0.237634584680838
"ACGTTACTTTCCAT-1","T_cell:CD4+_central_memory",0.316388450483692
"ACGTTGGAAAAGCA-1","T_cell:CD4+_Naive",0.264026249410309
"ACGTTGGAAACCTG-1","NK_cell",0.309488312625105
"ACGTTGGACCGTAA-1","Monocyte:CD16-",0.284925552594722
"ACGTTGGAGCCAAT-1","NK_cell:IL2",0.294322500287148
"ACGTTGGATATGGC-1","B_cell:Naive",0.242329984052926
"ACGTTGGATCAGGT-1","Monocyte:CD16-",0.371774099175664
"ACGTTTACATCAGC-1","T_cell:CD4+_central_memory",0.300320294462286
"ACTAAAACCCACAA-1","T_cell:CD8+",0.275075923055787
"ACTAAAACTCGACA-1","Monocyte:CD16-",0.339084558545587
"ACTACGGAATTTCC-1","T_cell:CD4+_central_memory",0.304672890946295
"ACTACGGACCTATT-1","T_cell:CD4+_central_memory",0.264816329388156
"ACTACGGATCGCTC-1","T_cell:CD4+_central_memory",0.31199441154602
"ACTACTACTAAGGA-1","T_cell:CD8+_effector_memory",0.282464137566118
"ACTAGGTGGAACCT-1","T_cell:CD4+_effector_memory",0.300009964652684
"ACTAGGTGGAACTC-1","T_cell:CD4+_effector_memory",0.335812761226635
"ACTATCACCTTGGA-1","T_cell:CD8+",0.301446075444313
"ACTATCACTGCCAA-1","T_cell:CD4+_central_memory",0.290548209640666
"ACTCAGGACTGAAC-1","T_cell:CD4+_central_memory",0.287170384322318
"ACTCAGGATCTATC-1","B_cell:immature",0.280077244640075
"ACTCAGGATTCGTT-1","Monocyte:CD16-",0.243284035042837
"ACTCCTCTCAACTG-1","T_cell:CD4+_central_memory",0.359391082368523
"ACTCGCACGAAAGT-1","Monocyte:CD16-",0.326179375074606
"ACTCGCACTACGAC-1","Monocyte:CD16+",0.318871060399853
"ACTCTCCTGACACT-1","T_cell:CD8+_effector_memory",0.223518444552004
"ACTCTCCTGCATAC-1","MEP",0.35597195409119
"ACTCTCCTGTTTGG-1","T_cell:CD4+_central_memory",0.305154154571491
"ACTGAGACAACCAC-1","T_cell:CD4+_effector_memory",0.311816241626364
"ACTGAGACCCATAG-1","Monocyte:CD16+",0.403515419582068
"ACTGAGACGTTGGT-1","B_cell:Memory",0.320072626788703
"ACTGCCACACACGT-1","T_cell:CD4+_effector_memory",0.314407714734685
"ACTGCCACTCCGTC-1","NK_cell:IL2",0.29355694580311
"ACTGGCCTTCAGTG-1","NK_cell",0.30414092649554
"ACTGTGGACGTGTA-1","T_cell:CD8+",0.310041209974935
"ACTGTGGATCTAGG-1","B_cell:immature",0.330601140152414
"ACTGTTACCCACAA-1","Monocyte:CD16-",0.301969873382285
"ACTGTTACTGCAGT-1","T_cell:CD8+_effector_memory",0.237036708020238
"ACTTAAGAACCACA-1","T_cell:CD4+_Naive",0.298616702494177
"ACTTAAGATTACTC-1","Monocyte:CD16-",0.340312743179445
"ACTTAGCTGCGTAT-1","Monocyte:CD16+",0.38828015045519
"ACTTAGCTGGGAGT-1","T_cell:CD4+_central_memory",0.319809941743332
"ACTTCAACAAGCAA-1","T_cell:CD8+",0.375377855957769
"ACTTCAACGTAGGG-1","NK_cell",0.279575751499373
"ACTTCCCTTTCCGC-1","T_cell:CD4+_central_memory",0.288402427731503
"ACTTCTGACATGCA-1","B_cell:Naive",0.264563726333316
"ACTTGACTCCACAA-1","B_cell:immature",0.291405834778511
"ACTTGGGAGAAAGT-1","Monocyte:CD16-",0.366048100586343
"ACTTGGGAGGTTTG-1","T_cell:CD4+_effector_memory",0.302806972825518
"ACTTGGGATGTGAC-1","Monocyte:CD16+",0.242072116723363
"ACTTGGGATTGACG-1","Monocyte:CD16+",0.393621077910107
"ACTTGTACCTGTCC-1","T_cell:CD4+_central_memory",0.212899342517092
"ACTTTGTGGAAAGT-1","T_cell:CD4+_central_memory",0.289935550175837
"ACTTTGTGGATAGA-1","Monocyte:CD16-",0.380796941749769
"AGAAACGAAAGTAG-1","B_cell:immature",0.254013294437935
"AGAAAGTGCGCAAT-1","T_cell:CD4+_Naive",0.327916108865476
"AGAAAGTGGGGATG-1","Monocyte:CD16-",0.314255684167895
"AGAACAGAAATGCC-1","NK_cell",0.299629065030152
"AGAACAGACGACTA-1","B_cell:Naive",0.261428136403333
"AGAACAGAGACAAA-1","T_cell:CD4+_effector_memory",0.330611052036544
"AGAACGCTTTGCTT-1","T_cell:CD4+_central_memory",0.273384433640788
"AGAAGATGTGACTG-1","T_cell:CD4+_central_memory",0.353894726800122
"AGAATGGAAGAAGT-1","T_cell:CD8+",0.314591397054436
"AGAATTTGTAACCG-1","T_cell:CD4+_central_memory",0.341890668428199
"AGAATTTGTAGAGA-1","T_cell:CD4+_central_memory",0.235776065990858
"AGACACACTGTAGC-1","T_cell:CD4+",0.28906610237066
"AGACACTGTCAAGC-1","Monocyte:CD16-",0.308409993572123
"AGACCTGAAGTAGA-1","Monocyte:CD16-",0.349195793662952
"AGACCTGACCAACA-1","T_cell:CD4+_central_memory",0.345147858367458
"AGACCTGAGGAAGC-1","T_cell:CD4+_effector_memory",0.329589088518347
"AGACGTACAGAGGC-1","T_cell:CD4+_central_memory",0.32425672977485
"AGACGTACCCCTAC-1","B_cell:Naive",0.262519151554571
"AGACGTACCTCTTA-1","Monocyte:CD16-",0.355760326032253
"AGACGTACTCGTGA-1","Monocyte:CD16+",0.326881168106002
"AGACTGACCATCAG-1","T_cell:CD8+",0.292905787246224
"AGACTGACCCTTTA-1","T_cell:CD4+_Naive",0.302523140671467
"AGACTTCTCATGCA-1","B_cell:immature",0.226032371107299
"AGAGATGACAGTCA-1","B_cell",0.254272214972351
"AGAGATGACTGAAC-1","T_cell:CD4+_central_memory",0.259346600704514
"AGAGATGAGGTTTG-1","Monocyte:CD16-",0.325246444077148
"AGAGATGATCTCGC-1","B_cell",0.311194360321125
"AGAGATGATTGTGG-1","T_cell:CD8+_effector_memory",0.299541712737451
"AGAGCGGAGGCAAG-1","Monocyte:CD16+",0.388371217155117
"AGAGTCTGGTCGTA-1","Monocyte:CD16+",0.43069577173084
"AGAGTGCTCAGCTA-1","T_cell:CD4+_central_memory",0.270991716227675
"AGAGTGCTCGAATC-1","T_cell:CD4+_Naive",0.288490431665902
"AGAGTGCTGTCATG-1","T_cell:CD4+_central_memory",0.333515970686564
"AGAGTGCTGTCCTC-1","T_cell:CD8+",0.29063309959393
"AGAGTGCTGTGTTG-1","B_cell:immature",0.275213795530878
"AGATATACCCGTAA-1","NK_cell:IL2",0.332218647452849
"AGATATACGATGAA-1","T_cell:CD4+_effector_memory",0.27869255868071
"AGATATACTGTTCT-1","B_cell:Memory",0.302264149739968
"AGATATTGCCTACC-1","T_cell:CD4+_effector_memory",0.318108092010132
"AGATATTGGCCAAT-1","Monocyte:CD16-",0.394741724682539
"AGATCGTGTCTGGA-1","Monocyte:CD16-",0.368380794684926
"AGATCGTGTTTGTC-1","B_cell:immature",0.281604540195295
"AGATCTCTATCACG-1","B_cell:Naive",0.271687456881591
"AGATTAACGTTCTT-1","Monocyte:CD16+",0.394025892895826
"AGATTCCTATCGTG-1","T_cell:CD4+_central_memory",0.311288774148546
"AGATTCCTCACTTT-1","Monocyte:CD16-",0.341560659062121
"AGATTCCTGACGAG-1","Monocyte:CD16-",0.362997792602758
"AGATTCCTGTTCAG-1","NK_cell",0.32729895490341
"AGCAAAGATATGCG-1","T_cell:CD4+_central_memory",0.296370892088992
"AGCACAACAGTCTG-1","T_cell:CD4+_effector_memory",0.256814777176724
"AGCACTGAGGGAGT-1","T_cell:CD4+_Naive",0.292454521222827
"AGCACTGATATGCG-1","T_cell:CD4+_central_memory",0.315815756014906
"AGCACTGATGCTTT-1","Monocyte:CD16-",0.365157445525524
"AGCACTGATTGCGA-1","T_cell:CD4+_central_memory",0.285492108429097
"AGCATCGAAGATCC-1","T_cell:CD4+_central_memory",0.288672784878865
"AGCATCGAAGGGTG-1","B_cell:immature",0.264533002124726
"AGCATCGAGCTTCC-1","Monocyte:CD16-",0.351554941553458
"AGCATCGAGTGAGG-1","T_cell:CD4+_central_memory",0.327990774868939
"AGCATCGATAACCG-1","Monocyte:CD16-",0.37960968152628
"AGCATGACGATGAA-1","T_cell:CD8+",0.282429736293649
"AGCCAATGGGGAGT-1","Monocyte:CD16+",0.327633385352601
"AGCCAATGTATCTC-1","T_cell:CD4+_effector_memory",0.31214071841094
"AGCCACCTGGATCT-1","T_cell:CD4+_effector_memory",0.281394445775127
"AGCCGGTGCCAATG-1","T_cell:CD4+_central_memory",0.337237366827226
"AGCCGGTGTGTTTC-1","T_cell:CD4+_central_memory",0.300149413829902
"AGCCGTCTCAATCG-1","T_cell:CD4+_Naive",0.304891492855832
"AGCCGTCTGAGAGC-1","T_cell:CD4+_effector_memory",0.336418769800425
"AGCCTCACGTTCGA-1","T_cell:CD4+_effector_memory",0.275349190434174
"AGCCTCACTGTCAG-1","Monocyte:CD16+",0.418450852684725
"AGCCTCTGCAGTTG-1","B_cell:immature",0.253773546360495
"AGCCTCTGCCAATG-1","NK_cell:CD56hiCD62L+",0.291422143646908
"AGCGAACTGGATCT-1","T_cell:CD8+",0.301641418103409
"AGCGAACTTACTGG-1","T_cell:CD4+_central_memory",0.309152162858726
"AGCGATACGGAGCA-1","T_cell:CD4+_central_memory",0.241364826180744
"AGCGATTGAGATCC-1","NK_cell",0.289840719091488
"AGCGCCGAATCTCT-1","T_cell:CD4+_central_memory",0.255823214036674
"AGCGCCGACAGAGG-1","T_cell:CD4+_central_memory",0.360801040125146
"AGCGCTCTACCTTT-1","T_cell:CD4+_central_memory",0.286576256878394
"AGCGGCACCGGGAA-1","T_cell:CD4+_Naive",0.265371253961553
"AGCGGCTGATGTGC-1","T_cell:CD4+_central_memory",0.312450867380368
"AGCGGGCTTGCCAA-1","T_cell:CD4+_central_memory",0.28621354045935
"AGCGTAACATGCTG-1","T_cell:CD4+_effector_memory",0.31848232112172
"AGCGTAACTGAGAA-1","Monocyte:CD16+",0.380495457717115
"AGCTCGCTACTGGT-1","T_cell:CD4+_Naive",0.291544446465769
"AGCTCGCTCTGCTC-1","T_cell:CD4+_central_memory",0.297699415174735
"AGCTGAACCATACG-1","Monocyte:CD16+",0.391861752267476
"AGCTGAACCTCTCG-1","T_cell:CD4+_central_memory",0.315505352554862
"AGCTGCCTTGGGAG-1","Monocyte:CD16+",0.257970421066485
"AGCTGCCTTTCATC-1","T_cell:CD4+_central_memory",0.39886681661709
"AGCTGCCTTTCTGT-1","T_cell:CD4+_effector_memory",0.302269420061832
"AGCTGTGATCCAAG-1","T_cell:CD4+_effector_memory",0.248264486801325
"AGCTTTACAAGTAG-1","T_cell:CD4+_central_memory",0.3005653523615
"AGCTTTACACCAAC-1","T_cell:CD4+_effector_memory",0.302056901842622
"AGCTTTACTCTCAT-1","B_cell:immature",0.272971438242476
"AGGAAATGAGGAGC-1","T_cell:CD4+_effector_memory",0.312119384356521
"AGGAACCTCTTAGG-1","Monocyte:CD16+",0.413886362993484
"AGGAACCTTGCCTC-1","T_cell:CD8+",0.311033664241363
"AGGAATGATAACGC-1","T_cell:CD4+_effector_memory",0.289764163329434
"AGGAATGATTTGTC-1","T_cell:CD4+_central_memory",0.321724831369424
"AGGAGTCTGGTTTG-1","T_cell:CD4+_central_memory",0.288240248286053
"AGGAGTCTTGTCAG-1","T_cell:CD4+_Naive",0.260283004858002
"AGGATAGACATTTC-1","T_cell:CD4+_effector_memory",0.354021210967133
"AGGATAGAGGATTC-1","T_cell:CD8+",0.304416773522265
"AGGATGCTACTAGC-1","B_cell:Naive",0.275421145314088
"AGGATGCTTTAGGC-1","NK_cell",0.274573119352547
"AGGCAACTGAAGGC-1","T_cell:CD4+_effector_memory",0.307867838561746
"AGGCAGGAGTACCA-1","T_cell:CD4+_effector_memory",0.279183965181247
"AGGCCTCTAGTCGT-1","T_cell:CD4+_central_memory",0.28695047046509
"AGGCCTCTCGGAGA-1","T_cell:CD4+_central_memory",0.303372385781571
"AGGCCTCTCGTAAC-1","T_cell:CD4+_effector_memory",0.242898671327178
"AGGGACGACGTTGA-1","T_cell:CD4+_Naive",0.266305290854264
"AGGGACGAGTCAAC-1","NK_cell",0.319291946110652
"AGGGACGAGTTGTG-1","T_cell:CD4+_central_memory",0.298793466818484
"AGGGACGATAGAGA-1","T_cell:CD8+",0.267491162866581
"AGGGACGATGCATG-1","T_cell:CD8+",0.292094954495782
"AGGGAGTGAGCCTA-1","T_cell:CD4+_central_memory",0.230000137506158
"AGGGCCACCATACG-1","T_cell:CD4+_central_memory",0.281418227192539
"AGGGCGCTAACCAC-1","Pre-B_cell_CD34-",0.323497553960497
"AGGGCGCTATGGTC-1","T_cell:CD4+_effector_memory",0.299847866524947
"AGGGTGGACAGTCA-1","B_cell:immature",0.307433554507752
"AGGGTGGACTCAAG-1","Monocyte:CD16+",0.334964477710364
"AGGGTGGAGTTGCA-1","T_cell:CD8+",0.308419580115726
"AGGGTTTGTTCATC-1","Monocyte:CD16-",0.301198276391529
"AGGTCATGAGTGTC-1","B_cell:immature",0.224999991666803
"AGGTCATGCTTATC-1","T_cell:CD4+_effector_memory",0.275804830247453
"AGGTCTGATTCTCA-1","Monocyte:CD16+",0.377636947490867
"AGGTGGGAAGAATG-1","T_cell:CD4+_effector_memory",0.289229943797853
"AGGTGGGAAGTTCG-1","T_cell:CD4+_Naive",0.305447051357087
"AGGTGTTGGTTACG-1","B_cell:Naive",0.299807488649181
"AGGTTCGAACCTCC-1","Pre-B_cell_CD34-",0.281799974733366
"AGGTTCGAACGTAC-1","Monocyte:CD16-",0.315163239754053
"AGGTTCGAGGGTGA-1","unassigned",0.215107644027253
"AGTAAGGAGTTTGG-1","T_cell:CD4+_central_memory",0.310670903472786
"AGTAAGGATTCTTG-1","T_cell:CD4+_effector_memory",0.314242930550372
"AGTAATACATCACG-1","T_cell:CD8+",0.278830841294268
"AGTAATACCGAACT-1","B_cell:Naive",0.233520340940669
"AGTAATTGTCCCAC-1","T_cell:CD4+_effector_memory",0.308948051519837
"AGTACGTGAGGGTG-1","T_cell:CD4+_central_memory",0.29506809023862
"AGTACGTGCTGCAA-1","T_cell:CD4+_central_memory",0.321756600307274
"AGTACGTGCTTGGA-1","T_cell:CD4+_central_memory",0.33204449854112
"AGTACTCTACGTGT-1","B_cell:Naive",0.27404157024583
"AGTACTCTCAACCA-1","T_cell:CD8+",0.274096995693562
"AGTACTCTCGGTAT-1","T_cell:CD8+",0.315368504694165
"AGTAGGCTTGCCTC-1","Monocyte:CD16+",0.390763053748685
"AGTATAACTTGTCT-1","Monocyte:CD16+",0.401688048323216
"AGTATCCTAGAACA-1","T_cell:CD4+_Naive",0.254597870688234
"AGTCACGATGAGCT-1","NK_cell",0.331590382475375
"AGTCAGACGAATAG-1","T_cell:CD4+_effector_memory",0.338220154171399
"AGTCAGACGCTTAG-1","T_cell:CD8+",0.237123382242105
"AGTCAGACTAGAGA-1","T_cell:CD4+_effector_memory",0.302557707933812
"AGTCAGACTGCACA-1","T_cell:CD4+_central_memory",0.320121387705807
"AGTCCAGATATCTC-1","T_cell:CD4+_central_memory",0.262633027232953
"AGTCCAGATTTCAC-1","T_cell:CD4+_central_memory",0.296188190720964
"AGTCGAACCAACCA-1","T_cell:CD4+_Naive",0.229623506916952
"AGTCGCCTCCGTAA-1","T_cell:CD4+_central_memory",0.306458958363233
"AGTCTACTAGGGTG-1","Pre-B_cell_CD34-",0.276823783063291
"AGTCTACTTGCATG-1","Monocyte:CD16+",0.430961117902717
"AGTCTTACACCACA-1","T_cell:CD8+_effector_memory",0.281500524910181
"AGTCTTACTTCGCC-1","unassigned",0.281280667640083
"AGTCTTACTTCGGA-1","Platelets",0.170817980563864
"AGTGACTGCAACTG-1","Monocyte:CD16+",0.418108195939479
"AGTGTTCTAACCTG-1","T_cell:CD4+_effector_memory",0.316542294866591
"AGTGTTCTATAAGG-1","T_cell:CD8+",0.235841446344471
"AGTGTTCTCACTTT-1","Monocyte:CD16-",0.355728719036672
"AGTTAAACCACTTT-1","T_cell:CD4+_effector_memory",0.322895748626019
"AGTTATGAACAGTC-1","Monocyte:CD16-",0.384927553107369
"AGTTATGACTGAGT-1","T_cell:CD4+_central_memory",0.338420066239879
"AGTTATGAGTTCAG-1","T_cell:CD4+_central_memory",0.306041602986788
"AGTTCTACCAGCTA-1","Monocyte:CD16-",0.31268198603409
"AGTTCTTGAAGCCT-1","T_cell:CD8+",0.240733328300986
"AGTTGTCTACTACG-1","T_cell:CD4+_central_memory",0.294471205334828
"AGTTTAGATGGTCA-1","T_cell:CD8+",0.251626221025877
"AGTTTCACGGTCTA-1","T_cell:CD8+",0.341398339379043
"AGTTTGCTACAGTC-1","T_cell:CD4+_effector_memory",0.264367859195848
"AGTTTGCTACTGGT-1","NK_cell",0.278422744371487
"AGTTTGCTCCAAGT-1","T_cell:CD4+_effector_memory",0.297941789893958
"ATAAACACAGTGCT-1","B_cell:immature",0.314524681408814
"ATAAACACCACCAA-1","T_cell:CD4+_central_memory",0.319194292665003
"ATAACAACATGCTG-1","Monocyte:CD16-",0.364195799827072
"ATAACAACGTCTAG-1","T_cell:CD4+_effector_memory",0.279946703283767
"ATAACAACTTTGTC-1","T_cell:CD4+_central_memory",0.314880038245312
"ATAACATGTACTCT-1","T_cell:CD4+_effector_memory",0.330780930577214
"ATAACCCTGTTGGT-1","T_cell:CD8+",0.246948822607726
"ATAACCCTTGGTAC-1","T_cell:CD4+_central_memory",0.329395168343664
"ATAAGTACGAATGA-1","B_cell:immature",0.267363692221981
"ATAAGTTGGTACGT-1","Monocyte:CD16+",0.281483237566611
"ATAAGTTGTCTAGG-1","T_cell:CD4+_central_memory",0.312932428654307
"ATAATCGAGCTGAT-1","B_cell:Naive",0.244384392025279
"ATAATCGATGGTTG-1","T_cell:CD8+_effector_memory",0.276963377391657
"ATAATGACCTACTT-1","T_cell:CD4+_central_memory",0.325220476134314
"ATAATGACTCGTGA-1","Monocyte:CD16-",0.336661780818459
"ATACAATGTTAGGC-1","T_cell:CD4+_central_memory",0.320967356035243
"ATACCACTCGTACA-1","Monocyte:CD16-",0.363031021549704
"ATACCACTCTAAGC-1","Monocyte:CD16+",0.336805974813224
"ATACCACTGCCAAT-1","NK_cell:CD56hiCD62L+",0.249843879195997
"ATACCGGAATGCTG-1","Monocyte:CD16-",0.409650908375459
"ATACCGGACATTTC-1","Monocyte:CD16+",0.337554286490447
"ATACCGGACTTCGC-1","T_cell:CD4+_central_memory",0.321633128725233
"ATACCGGAGGTGTT-1","Monocyte:CD16-",0.339891933310885
"ATACCGGATCTCGC-1","T_cell:CD4+_effector_memory",0.282055781386018
"ATACCTACGCATCA-1","T_cell:CD4+_effector_memory",0.315755216698759
"ATACCTTGGGGCAA-1","T_cell:CD4+_central_memory",0.320566343401475
"ATACGGACAGACTC-1","Monocyte:CD16-",0.24744670511625
"ATACGGACCTACTT-1","Monocyte:CD16-",0.266545412346186
"ATACGGACGAGGTG-1","B_cell:immature",0.245093191221346
"ATACGGACTATGCG-1","B_cell:immature",0.24169305066096
"ATACGGACTCTGGA-1","Monocyte:CD16+",0.301684581131747
"ATACGTCTTAACGC-1","Monocyte:CD16-",0.309361958771397
"ATACTCTGCTTCGC-1","Monocyte:CD16-",0.401241464583181
"ATACTCTGGTATGC-1","NK_cell",0.310563341591605
"ATAGATACCATGGT-1","T_cell:CD4+_central_memory",0.286202091891488
"ATAGATACGACGAG-1","T_cell:CD4+_Naive",0.281351695554924
"ATAGATTGGTGTAC-1","B_cell:Memory",0.281855898168049
"ATAGCCGAACGGAG-1","T_cell:CD4+_central_memory",0.264812705258313
"ATAGCGTGCAGATC-1","T_cell:CD4+_central_memory",0.312245693513832
"ATAGCGTGCCCTTG-1","Monocyte:CD16-",0.355054274742936
"ATAGCGTGGTATCG-1","Monocyte:CD16-",0.256857956854578
"ATAGCGTGTCTCTA-1","T_cell:CD4+_central_memory",0.323055932977949
"ATAGCTCTCTGATG-1","T_cell:CD4+_Naive",0.236400052746991
"ATAGCTCTGAGGTG-1","T_cell:CD4+_Naive",0.274807799134694
"ATAGGAGAAACAGA-1","Monocyte:CD16+",0.399100042479213
"ATAGGCTGTCAGAC-1","T_cell:CD4+_Naive",0.288989400863214
"ATAGTCCTAGTGTC-1","Monocyte:CD16-",0.340943716185427
"ATAGTCCTTGCATG-1","T_cell:CD4+_effector_memory",0.311402250791466
"ATAGTCCTTGTCGA-1","T_cell:CD4+_central_memory",0.3179968458186
"ATAGTTGACAACTG-1","T_cell:CD4+_central_memory",0.298328776087808
"ATAGTTGACCCTCA-1","Monocyte:CD16+",0.392393416084535
"ATAGTTGAGACGTT-1","T_cell:CD4+_central_memory",0.246950115350077
"ATAGTTGATAAGCC-1","T_cell:CD4+_central_memory",0.276676235619259
"ATATACGAAGCCAT-1","T_cell:CD4+_Naive",0.315849211845459
"ATATACGAATTGGC-1","T_cell:CD4+_central_memory",0.363802734558965
"ATATAGTGGAATGA-1","Monocyte:CD16-",0.259738305406305
"ATATGCCTAGATCC-1","Monocyte:CD16-",0.319752136783556
"ATATGCCTGGACAG-1","T_cell:CD4+_central_memory",0.339352049890956
"ATATGCCTTCTCTA-1","T_cell:CD4+_central_memory",0.24488233361812
"ATATGCCTTGGTAC-1","T_cell:CD4+_central_memory",0.279073396617569
"ATCAAATGAGCCTA-1","Monocyte:CD16+",0.346741152235647
"ATCAAATGGGTAAA-1","Monocyte:CD16+",0.398554806572562
"ATCAACCTAAACGA-1","T_cell:CD4+_central_memory",0.323508277278048
"ATCAACCTGAGGAC-1","T_cell:CD4+_central_memory",0.296517435221242
"ATCAACCTTCTCTA-1","T_cell:CD4+_effector_memory",0.347336196005479
"ATCAACCTTTGTCT-1","T_cell:CD8+_Central_memory",0.286829450357749
"ATCACACTTTGTCT-1","T_cell:CD4+_central_memory",0.333082600192029
"ATCACGGATTTCGT-1","B_cell:Naive",0.285157556156229
"ATCATCTGACACCA-1","Platelets",0.206295558549956
"ATCATGCTAGAGTA-1","T_cell:CD8+",0.226828521147897
"ATCATGCTGAACCT-1","B_cell:immature",0.318008564648109
"ATCCAGGACGCTAA-1","Monocyte:CD16+",0.392029005357137
"ATCCAGGATGGAAA-1","T_cell:CD4+_central_memory",0.300422609164203
"ATCCATACTCCTTA-1","Monocyte:CD16+",0.290268700142452
"ATCCATACTTCATC-1","Monocyte:CD16+",0.386001931381636
"ATCCCGTGCAGTCA-1","NK_cell",0.295705173173682
"ATCCCGTGCATGCA-1","B_cell:immature",0.204646252829403
"ATCCCGTGGCTGAT-1","B_cell:Naive",0.257992196486135
"ATCCGCACGCATCA-1","B_cell:immature",0.28472006753018
"ATCCTAACGACGGA-1","B_cell:immature",0.26360304146478
"ATCCTAACGCTACA-1","T_cell:CD4+_effector_memory",0.316853760493055
"ATCGACGAAACTGC-1","Monocyte:CD16-",0.383995171155385
"ATCGACGAATGACC-1","T_cell:CD4+_central_memory",0.294354326767905
"ATCGAGTGGACGTT-1","T_cell:CD8+",0.294782838197872
"ATCGCAGAATCTCT-1","Monocyte:CD16+",0.442917091869151
"ATCGCAGAGTGTCA-1","B_cell:immature",0.291131748504738
"ATCGCCACTGAGGG-1","T_cell:CD8+",0.275353398124362
"ATCGCCTGGGTCAT-1","T_cell:CD4+_central_memory",0.331899915174766
"ATCGCCTGTGGCAT-1","B_cell:Naive",0.197187871046578
"ATCGCGCTCAGAGG-1","Monocyte:CD16-",0.312370180811015
"ATCGCGCTGGGATG-1","T_cell:CD4+_central_memory",0.317828045513717
"ATCGCGCTTTTCGT-1","B_cell",0.270253170450654
"ATCGGAACCAGTCA-1","T_cell:CD4+",0.24063617892825
"ATCGGTGAGTCAAC-1","T_cell:CD4+_effector_memory",0.260819745015957
"ATCGGTGATTGCAG-1","T_cell:CD4+_central_memory",0.323169535608402
"ATCGTTTGCCTACC-1","Monocyte:CD16-",0.355478236662184
"ATCGTTTGGGTACT-1","Monocyte:CD16-",0.315977022980963
"ATCGTTTGTGCCAA-1","Monocyte:CD16-",0.242202738566386
"ATCTACACCCGCTT-1","Monocyte:CD16-",0.229159698308976
"ATCTACACCGGGAA-1","T_cell:CD4+_central_memory",0.301738289486193
"ATCTCAACAGGAGC-1","B_cell:immature",0.285119586675535
"ATCTCAACCTCGAA-1","unassigned",0.150440927639105
"ATCTCAACCTTGTT-1","Monocyte:CD16-",0.339322413793619
"ATCTGGGAAACCAC-1","Monocyte:CD16-",0.360120141788215
"ATCTGGGAAGTGTC-1","Monocyte:CD16+",0.368804708964592
"ATCTGGGATTCCGC-1","T_cell:CD8+",0.300061454583472
"ATCTGTTGAACGGG-1","T_cell:CD4+_effector_memory",0.320290279955764
"ATCTGTTGACCTCC-1","T_cell:CD4+_central_memory",0.345186641028022
"ATCTGTTGCCTTCG-1","Monocyte:CD16+",0.412723845730093
"ATCTGTTGGTTGCA-1","T_cell:CD4+_effector_memory",0.326859009544577
"ATCTTGACACCAAC-1","T_cell:CD4+_central_memory",0.324458220152051
"ATCTTGACCTCCCA-1","Monocyte:CD16+",0.294346073825752
"ATCTTTCTGCATCA-1","T_cell:CD4+_effector_memory",0.223675996764823
"ATCTTTCTGTTTCT-1","T_cell:CD8+_Central_memory",0.295079636547198
"ATCTTTCTTGTCCC-1","NK_cell:IL2",0.312094346603043
"ATGAAACTCTGTGA-1","T_cell:CD4+_effector_memory",0.334873348429558
"ATGAAACTGAGGCA-1","T_cell:CD4+_Naive",0.259363491121163
"ATGAAGGAACAGCT-1","T_cell:CD4+_effector_memory",0.269493396417602
"ATGAAGGACCTGTC-1","B_cell",0.284865797433005
"ATGAAGGACCTTAT-1","B_cell:immature",0.219439610569203
"ATGAAGGACTAGTG-1","B_cell:immature",0.209746536156127
"ATGAAGGACTTGCC-1","NK_cell",0.324265874833499
"ATGACGTGACGACT-1","B_cell:Naive",0.269143489619489
"ATGACGTGATCGGT-1","Monocyte:CD16+",0.400959278135043
"ATGAGAGAAAGTGA-1","T_cell:CD4+_central_memory",0.326730337124939
"ATGAGAGAACGCAT-1","T_cell:CD4+_central_memory",0.288468228733805
"ATGAGAGAAGTAGA-1","B_cell:immature",0.278500678120032
"ATGAGCACACAGCT-1","T_cell:CD4+_Naive",0.321045558425284
"ATGAGCACATCTTC-1","T_cell:CD4+_central_memory",0.304442553207104
"ATGATAACTTCACT-1","NK_cell",0.300421140376041
"ATGATATGAAACAG-1","T_cell:CD4+_central_memory",0.37047046212976
"ATGATATGACTGGT-1","T_cell:CD4+_central_memory",0.291361952038307
"ATGATATGAGCACT-1","T_cell:CD4+_central_memory",0.286291269599557
"ATGATATGGTCATG-1","T_cell:CD4+_Naive",0.271731260663107
"ATGATATGGTGCTA-1","NK_cell",0.315855570122246
"ATGATATGTTGTCT-1","Monocyte:CD16-",0.357202637897195
"ATGCACGAATGTCG-1","B_cell:immature",0.265899066294522
"ATGCACGACTGTAG-1","T_cell:CD4+_central_memory",0.289294306069906
"ATGCACGAGAACCT-1","B_cell",0.304794756063075
"ATGCACGAGTTCGA-1","T_cell:CD4+_central_memory",0.27378409399912
"ATGCACGATTGGTG-1","Monocyte:CD16+",0.415829019631459
"ATGCAGTGTTACCT-1","B_cell",0.239508654540011
"ATGCAGTGTTCTAC-1","T_cell:CD4+_effector_memory",0.277715855880275
"ATGCCAGAACGACT-1","T_cell:CD4+_central_memory",0.294103100444881
"ATGCCAGACAGTCA-1","Monocyte:CD16-",0.310097309166646
"ATGCCGCTTGAACC-1","Monocyte:CD16-",0.343162163960305
"ATGCGATGCTATGG-1","Monocyte:CD16+",0.364584651686264
"ATGCGATGCTGAGT-1","T_cell:CD4+_central_memory",0.282339836235827
"ATGCGATGGTTACG-1","B_cell:Naive",0.289761589108971
"ATGCGCCTTCATTC-1","T_cell:CD4+_central_memory",0.298919277981915
"ATGCTTTGCGAATC-1","T_cell:CD4+_central_memory",0.338317339487955
"ATGCTTTGGGCGAA-1","T_cell:CD8+",0.251032627036574
"ATGCTTTGTAGTCG-1","B_cell:immature",0.260040034446614
"ATGGACACATCGGT-1","T_cell:CD4+_central_memory",0.343497756614736
"ATGGACACGCATCA-1","NK_cell",0.258507824831687
"ATGGGTACAACCTG-1","B_cell:Naive",0.255229792458192
"ATGGGTACATCGGT-1","NK_cell",0.310206534694603
"ATGGGTACTATTCC-1","T_cell:CD4+_central_memory",0.328159398265971
"ATGGGTACTGGGAG-1","T_cell:CD4+_effector_memory",0.317992692637887
"ATGTAAACACCTCC-1","T_cell:CD4+",0.298561947968597
"ATGTAAACCCGCTT-1","T_cell:CD4+_Naive",0.351293731989611
"ATGTAAACGGGATG-1","Monocyte:CD16-",0.389284243816575
"ATGTAAACTCTCCG-1","T_cell:CD4+_effector_memory",0.359893207946877
"ATGTAAACTTCACT-1","Monocyte:CD16+",0.331878796073903
"ATGTACCTCAGTCA-1","T_cell:CD8+",0.276287129041448
"ATGTACCTTAGTCG-1","T_cell:CD4+_central_memory",0.328332561202945
"ATGTACCTTTATCC-1","Pre-B_cell_CD34-",0.284089113777492
"ATGTACCTTTCACT-1","NK_cell",0.323443200282145
"ATGTCACTAATGCC-1","Monocyte:CD16-",0.400186620105837
"ATGTCACTCTGCTC-1","T_cell:CD4+_effector_memory",0.237604416904444
"ATGTCGGAGGTGAG-1","T_cell:CD4+_central_memory",0.322212425860601
"ATGTTCACAGTCTG-1","Monocyte:CD16-",0.333435892494069
"ATGTTCACCGTAGT-1","T_cell:CD4+_effector_memory",0.327276046878405
"ATGTTGCTTTCAGG-1","T_cell:CD4+_effector_memory",0.286084341529409
"ATTAACGATGAGAA-1","NK_cell",0.264755884301416
"ATTAACGATGCAAC-1","T_cell:CD8+",0.31874773651441
"ATTAAGACTGCAGT-1","T_cell:CD4+_central_memory",0.353200229692695
"ATTACCTGCCTTAT-1","Monocyte:CD16-",0.369350376128043
"ATTACCTGGAGGAC-1","Monocyte:CD16+",0.388583618292721
"ATTAGATGTTTCAC-1","T_cell:CD4+_Naive",0.26731339840711
"ATTATGGAATCTCT-1","T_cell:CD4+_central_memory",0.31646970992783
"ATTCAAGAACGGGA-1","T_cell:CD4+_Naive",0.289128463354824
"ATTCAAGACCTTTA-1","T_cell:CD4+_central_memory",0.300361484275782
"ATTCAGCTCATTGG-1","Platelets",0.199605938583639
"ATTCCAACCATTGG-1","Pre-B_cell_CD34-",0.354799847237034
"ATTCCAACTTAGGC-1","NK_cell",0.294605022501437
"ATTCGACTCACTAG-1","T_cell:CD4+_effector_memory",0.302305767459157
"ATTCGACTGAATAG-1","Monocyte:CD16-",0.330522268743574
"ATTCGACTTTTGTC-1","Monocyte:CD16+",0.378674627405764
"ATTCGGGAAAGGCG-1","Pre-B_cell_CD34-",0.33981741963788
"ATTCGGGATTAGGC-1","T_cell:CD4+_central_memory",0.354698102423752
"ATTCTTCTGATACC-1","T_cell:CD4+_central_memory",0.261420582434127
"ATTGAATGGACGGA-1","T_cell:CD4+_effector_memory",0.289648547153986
"ATTGATGAAGGTTC-1","T_cell:CD4+_central_memory",0.283704130637822
"ATTGATGACTGAGT-1","T_cell:CD4+_central_memory",0.317975444426968
"ATTGATGAGCGAAG-1","T_cell:CD4+_central_memory",0.314477953507249
"ATTGATGATCTATC-1","Pre-B_cell_CD34-",0.295073433246876
"ATTGCACTGACGGA-1","T_cell:CD4+_Naive",0.299595101417569
"ATTGCACTGAGAGC-1","Monocyte:CD16+",0.381294907609837
"ATTGCACTGGAGCA-1","Monocyte:CD16-",0.325926161975813
"ATTGCACTTAGCCA-1","T_cell:CD4+_effector_memory",0.30696508811024
"ATTGCACTTGCTTT-1","Monocyte:CD16+",0.412420863889696
"ATTGCTTGTTACTC-1","B_cell:immature",0.293023789556747
"ATTGGTCTGACTAC-1","B_cell:Memory",0.29537877546917
"ATTGGTCTTGTCTT-1","B_cell:immature",0.213561914723366
"ATTGTAGATTCCCG-1","Monocyte:CD16-",0.395579345043899
"ATTGTAGATTGCAG-1","T_cell:CD8+_naive",0.290909042099444
"ATTGTCTGCGTACA-1","T_cell:CD4+_central_memory",0.304419769416159
"ATTTAGGAACCATG-1","Monocyte:CD16+",0.449250327462794
"ATTTAGGACAGAGG-1","T_cell:CD4+_effector_memory",0.335410044031697
"ATTTCCGAGATGAA-1","T_cell:CD4+_central_memory",0.324481237009471
"ATTTCCGAGTGCTA-1","T_cell:CD4+_central_memory",0.313096518638881
"ATTTCGTGTATGGC-1","NK_cell",0.286361375605206
"ATTTCTCTACTTTC-1","Monocyte:CD16+",0.38697822627156
"ATTTCTCTAGCAAA-1","T_cell:CD4+_effector_memory",0.335457262497965
"ATTTCTCTCACTTT-1","Monocyte:CD16+",0.390045461046509
"ATTTCTCTTCCCAC-1","T_cell:CD4+_effector_memory",0.274548206455122
"ATTTGCACAAGATG-1","Monocyte:CD16-",0.296936356791287
"CAAAGCACAGCTCA-1","T_cell:CD4+_central_memory",0.329380040197417
"CAAAGCACCGTAAC-1","B_cell:immature",0.286707033538784
"CAAAGCACGGTAAA-1","T_cell:CD8+",0.328889925550492
"CAAAGCTGAAAGTG-1","T_cell:CD4+_effector_memory",0.270220036064119
"CAAAGCTGTTGCTT-1","Monocyte:CD16+",0.332099457997177
"CAAATATGTGACAC-1","T_cell:CD4+_central_memory",0.27439141020313
"CAAATTGAGGGCAA-1","T_cell:CD4+_effector_memory",0.271986729593751
"CAAATTGATGGAGG-1","Monocyte:CD16-",0.251540400332069
"CAACCAGAAAAGTG-1","T_cell:CD8+_effector_memory",0.274134995475513
"CAACCAGAAGTGCT-1","T_cell:CD4+_central_memory",0.357235090122951
"CAACCAGAGTTCAG-1","Monocyte:CD16+",0.374208624687057
"CAACCAGATAGAAG-1","Monocyte:CD16-",0.248262233458874
"CAACCGCTGTTCAG-1","T_cell:CD4+_central_memory",0.279880790663815
"CAACCGCTTTGAGC-1","T_cell:CD4+_central_memory",0.304356836221906
"CAACGATGCGCAAT-1","Monocyte:CD16+",0.430217936001143
"CAACGTGACTCCAC-1","Monocyte:CD16-",0.369495697559774
"CAACGTGAGCCATA-1","T_cell:CD8+_effector_memory_RA",0.28854563292097
"CAACGTGATCAAGC-1","Monocyte:CD16-",0.338405081698646
"CAAGAAGACCACAA-1","T_cell:CD8+_naive",0.307865898060174
"CAAGAAGACGTCTC-1","Monocyte:CD16-",0.37325350471664
"CAAGAAGATTCTAC-1","T_cell:CD4+",0.296951205247185
"CAAGACTGACCTGA-1","B_cell:Naive",0.264333810059446
"CAAGACTGAGTAGA-1","B_cell:immature",0.314221081803013
"CAAGCTGACCATAG-1","Monocyte:CD16+",0.38113273978937
"CAAGCTGATCTATC-1","T_cell:CD8+",0.315054341087242
"CAAGGACTGTTCAG-1","T_cell:CD8+",0.315574043726607
"CAAGGACTTCTTTG-1","T_cell:CD8+",0.273477530277386
"CAAGGTTGCTCCAC-1","T_cell:CD4+",0.307273266989687
"CAAGGTTGTCATTC-1","B_cell:immature",0.265290573319665
"CAAGGTTGTCTGGA-1","NK_cell",0.309814091214494
"CAAGTCGAAACAGA-1","B_cell:immature",0.296291516307617
"CAAGTCGATAGCGT-1","Monocyte:CD16-",0.315612278097029
"CAATAAACGCCATA-1","Monocyte:CD16+",0.236339401148083
"CAATAATGAACTGC-1","Monocyte:CD16+",0.309099014346866
"CAATATGACATGGT-1","T_cell:CD4+_central_memory",0.33734196211802
"CAATATGACCTTCG-1","T_cell:CD8+",0.287354949224648
"CAATATGACGTTAG-1","T_cell:CD4+_Naive",0.267909057561976
"CAATATGAGGAGCA-1","T_cell:CD4+_effector_memory",0.312768642683405
"CAATCGGAGAAACA-1","T_cell:CD4+_effector_memory",0.286769615593477
"CAATCTACTGACTG-1","T_cell:CD8+",0.327843966684179
"CAATTCACCCAACA-1","T_cell:CD8+",0.279852251832381
"CAATTCACGATAGA-1","T_cell:CD4+_central_memory",0.303993566729456
"CAATTCACTTGTGG-1","NK_cell:CD56hiCD62L+",0.200046129538632
"CAATTCTGCTTGTT-1","Monocyte:CD16-",0.355109815179466
"CAATTCTGGCGTAT-1","Monocyte:CD16+",0.323753617927203
"CACAACGATACGAC-1","T_cell:CD8+_effector_memory",0.288370732328624
"CACAATCTTGTTCT-1","T_cell:CD4+_effector_memory",0.28175636764109
"CACAATCTTTCCAT-1","T_cell:CD4+_effector_memory",0.356939406419349
"CACACCTGCTTGAG-1","T_cell:CD4+_central_memory",0.270666654810646
"CACACCTGTATGGC-1","T_cell:CD4+_Naive",0.264574331270002
"CACAGAACCCTTGC-1","B_cell:immature",0.269963066406131
"CACAGAACCTGATG-1","T_cell:CD4+_effector_memory",0.364317949315313
"CACAGATGGGATTC-1","T_cell:CD4+_effector_memory",0.30794290492364
"CACAGATGGTTTCT-1","Monocyte:CD16-",0.338496363804386
"CACAGCCTGATACC-1","T_cell:CD4+_effector_memory",0.316023466450327
"CACAGCCTTGCCAA-1","Monocyte:CD16+",0.349666452418535
"CACAGCCTTGTAGC-1","T_cell:CD4+_central_memory",0.331328999894161
"CACAGTGATGAAGA-1","Monocyte:CD16-",0.353117992383985
"CACATACTACAGCT-1","T_cell:CD8+",0.277799516600656
"CACATGGAACACGT-1","T_cell:CD4+_central_memory",0.338634787539381
"CACATGGAAGTCGT-1","T_cell:CD4+_Naive",0.28168193553546
"CACCACTGCCAACA-1","T_cell:CD4+_central_memory",0.283126459323753
"CACCACTGGCGAAG-1","NK_cell:CD56hiCD62L+",0.286229968220568
"CACCCATGTTCTGT-1","T_cell:CD8+",0.196585505561002
"CACCGGGAATCGAC-1","T_cell:CD4+_effector_memory",0.338666762889434
"CACCGGGACGAGAG-1","T_cell:CD8+",0.329009449773915
"CACCGGGACGTGTA-1","T_cell:CD4+_central_memory",0.318354738985153
"CACCGGGACTTCTA-1","T_cell:CD4+_central_memory",0.378412733796474
"CACCGGGACTTGCC-1","NK_cell",0.273872174089925
"CACCGGGATTCGGA-1","T_cell:CD8+",0.302599067619499
"CACCGTACTAAGGA-1","B_cell:immature",0.268664970692288
"CACCGTACTAGCGT-1","T_cell:CD4+_central_memory",0.308063384502223
"CACCTGACACCCAA-1","NK_cell",0.329335809891695
"CACCTGACCAGAAA-1","T_cell:CD4+",0.298549378615
"CACCTGACCTCAAG-1","T_cell:CD8+",0.30198241761085
"CACCTGACGAAAGT-1","B_cell:immature",0.300801036970257
"CACCTGACTCGTAG-1","T_cell:CD4+_central_memory",0.324983547902274
"CACGAAACTTCCGC-1","B_cell:immature",0.293613658757807
"CACGACCTCGATAC-1","B_cell:immature",0.261647117056608
"CACGCTACAGAAGT-1","T_cell:CD4+_central_memory",0.20155221114854
"CACGCTACTGTTCT-1","B_cell:Naive",0.275532955688752
"CACGGGACAGAGTA-1","T_cell:CD4+_central_memory",0.291048296085594
"CACGGGACATAAGG-1","T_cell:CD4+_Naive",0.281146259204599
"CACGGGACGTAGGG-1","T_cell:CD4+_Naive",0.319839200538205
"CACGGGTGCTTCGC-1","T_cell:CD8+",0.286203677087181
"CACGGGTGGAGGAC-1","T_cell:CD8+",0.2703838076101
"CACGGGTGTGTTTC-1","T_cell:CD4+_central_memory",0.215521735547066
"CACTAACTCCTAAG-1","B_cell:immature",0.278422352425942
"CACTAACTGAAAGT-1","T_cell:CD4+_Naive",0.279012457058595
"CACTAGGATGATGC-1","B_cell:immature",0.231379332692593
"CACTATACCCCGTT-1","B_cell:immature",0.306664334336664
"CACTATACGTTTGG-1","T_cell:CD8+",0.27764504056371
"CACTGAGACAGTCA-1","Monocyte:CD16-",0.23869633539096
"CACTGCACTTCATC-1","T_cell:CD4+_effector_memory",0.296407681835015
"CACTGCTGAGACTC-1","Monocyte:CD16+",0.376809657852284
"CACTGCTGGAAAGT-1","T_cell:CD4+_central_memory",0.338176611405972
"CACTTAACCGAATC-1","T_cell:CD4+_central_memory",0.317520824909364
"CACTTAACCGTACA-1","B_cell",0.281324840039307
"CACTTTGACTCTAT-1","T_cell:CD8+",0.256857689082951
"CACTTTGAGCTGTA-1","T_cell:CD4+_effector_memory",0.233025930465756
"CAGAAGCTCTCAAG-1","T_cell:CD4+_central_memory",0.264665051585244
"CAGACATGAACGGG-1","T_cell:CD4+_Naive",0.287219165541909
"CAGACATGTCGACA-1","T_cell:CD4+_central_memory",0.315351053294242
"CAGACCCTAAGGTA-1","Monocyte:CD16+",0.392551666624362
"CAGACCCTAATGCC-1","T_cell:CD4+_central_memory",0.317979336029528
"CAGACCCTAGGAGC-1","T_cell:CD8+",0.296915322800294
"CAGACTGAGTATGC-1","T_cell:CD4+_central_memory",0.309847891427239
"CAGATCGAATGTCG-1","B_cell:immature",0.269106214887039
"CAGATCGACCTGAA-1","T_cell:CD8+",0.22385353313746
"CAGATCGATATGGC-1","T_cell:CD4+_central_memory",0.298841363128603
"CAGATGACATTCTC-1","NK_cell",0.330543855384807
"CAGCAATGCCTTCG-1","T_cell:CD4+_Naive",0.303250150330775
"CAGCAATGGAGGGT-1","NK_cell:CD56hiCD62L+",0.299522796348039
"CAGCAATGGTGCTA-1","T_cell:CD4+_central_memory",0.314820741882827
"CAGCAATGTCTACT-1","Monocyte:CD16-",0.3292077416256
"CAGCAATGTGACCA-1","T_cell:CD4+_central_memory",0.278028179643885
"CAGCAATGTGAGGG-1","Monocyte:CD16-",0.272626145995127
"CAGCACCTAAGCCT-1","T_cell:CD4+_central_memory",0.280457602022376
"CAGCACCTAGGCGA-1","T_cell:CD4+_effector_memory",0.251128024397156
"CAGCACCTGTAGGG-1","Monocyte:CD16-",0.401245398277727
"CAGCATGACAACCA-1","Monocyte:CD16-",0.361198291314098
"CAGCATGAGACGTT-1","T_cell:CD4+_effector_memory",0.308199223268325
"CAGCCTACCCAACA-1","T_cell:CD4+_central_memory",0.304089305428974
"CAGCCTTGCTACCC-1","Monocyte:CD16+",0.313075684119182
"CAGCCTTGGGGACA-1","T_cell:CD4+_central_memory",0.314310857345061
"CAGCGGACACCCTC-1","T_cell:CD4+_central_memory",0.260484084887319
"CAGCGGACCTTTAC-1","NK_cell",0.304425786772268
"CAGCGTCTAAAGCA-1","T_cell:CD4+_effector_memory",0.328552102247806
"CAGCGTCTTATCGG-1","T_cell:CD4+_effector_memory",0.309172490414881
"CAGCTAGATGTGAC-1","Monocyte:CD16-",0.269299587510986
"CAGCTCTGAGGCGA-1","T_cell:CD4+_effector_memory",0.289583562737566
"CAGCTCTGCAAGCT-1","T_cell:CD8+",0.277541898601351
"CAGCTCTGTCGTAG-1","Monocyte:CD16-",0.382027935795692
"CAGCTCTGTGTGGT-1","NK_cell",0.313701115974387
"CAGGAACTAACTGC-1","T_cell:CD8+",0.297241954569842
"CAGGAACTCTCAGA-1","Monocyte:CD16-",0.319841145932463
"CAGGCCGAACACCA-1","T_cell:CD4+_Naive",0.322979673323293
"CAGGCCGAACACGT-1","T_cell:CD4+_effector_memory",0.352665601509865
"CAGGCCGAACGACT-1","T_cell:CD4+_central_memory",0.267894987436333
"CAGGCCGAATCTCT-1","Monocyte:CD16+",0.325040657614748
"CAGGCCGACTAGCA-1","B_cell:immature",0.306884654477362
"CAGGGCACCATACG-1","B_cell:immature",0.237899661148634
"CAGGGCACCCAACA-1","T_cell:CD4+_Naive",0.29344774254136
"CAGGGCACTCCCGT-1","T_cell:CD4+_central_memory",0.315412454723254
"CAGGTAACAGACTC-1","Monocyte:CD16+",0.314852563480645
"CAGGTATGAGTCGT-1","T_cell:CD4+_effector_memory",0.280783094750703
"CAGGTATGTGCTTT-1","T_cell:CD4+_central_memory",0.355721199189453
"CAGGTTGAGGATCT-1","B_cell:immature",0.404777940716727
"CAGTGATGGACGGA-1","B_cell:Naive",0.266147019068767
"CAGTGATGGCTAAC-1","T_cell:CD8+",0.291028261031598
"CAGTGATGGGACAG-1","T_cell:CD4+_central_memory",0.342397143623579
"CAGTGATGTAAGGA-1","B_cell:immature",0.300055698489837
"CAGTGATGTACGCA-1","unassigned",0.163766663899752
"CAGTGTGATGTCAG-1","T_cell:CD4+_central_memory",0.261520401813653
"CAGTTACTAAGGTA-1","B_cell",0.312845841794706
"CAGTTACTGATAGA-1","T_cell:CD4+_effector_memory",0.289771979509445
"CAGTTGGAAAGAGT-1","Monocyte:CD16+",0.384575821076836
"CAGTTGGACATACG-1","T_cell:CD4+_central_memory",0.316424415335382
"CAGTTTACACACGT-1","T_cell:CD8+",0.414356606962961
"CAGTTTACCCCAAA-1","T_cell:CD8+_effector_memory",0.269269708460794
"CATAAAACGGAGCA-1","Monocyte:CD16-",0.327607079348926
"CATAAATGAACTGC-1","T_cell:CD4+_central_memory",0.288939175250086
"CATAACCTTCTCCG-1","T_cell:CD4+_central_memory",0.333293598263359
"CATACTACCTCGAA-1","T_cell:CD4+_central_memory",0.254279847024325
"CATACTACCTGAAC-1","T_cell:CD4+_central_memory",0.290624506756298
"CATACTACGTACCA-1","Monocyte:CD16+",0.320376639489685
"CATACTTGGGTTAC-1","Monocyte:CD16+",0.419783619766718
"CATAGTCTAATCGC-1","T_cell:CD4+_central_memory",0.295312940856386
"CATAGTCTCACTTT-1","T_cell:CD4+",0.311587424024317
"CATATAGACTAAGC-1","Monocyte:CD16-",0.321328108894521
"CATATAGATCAGGT-1","B_cell:immature",0.275418174355505
"CATCAACTAGAAGT-1","T_cell:CD4+_effector_memory",0.313191243783621
"CATCAACTCCCTCA-1","T_cell:CD4+_Naive",0.329433297494389
"CATCAGGACTTCCG-1","NK_cell",0.296489048054008
"CATCAGGATAGCCA-1","NK_cell",0.273641448408336
"CATCAGGATCCTAT-1","Monocyte:CD16+",0.426232007499691
"CATCAGGATGCACA-1","Monocyte:CD16+",0.362671015232795
"CATCAGGATTTCGT-1","Monocyte:CD16-",0.303967779166285
"CATCATACCGCATA-1","Monocyte:CD16+",0.355393260972507
"CATCATACGGAGCA-1","B_cell:immature",0.262841529135589
"CATCATACTCAAGC-1","T_cell:CD8+_effector_memory",0.30510979981063
"CATCGCTGGGATCT-1","T_cell:CD4+_effector_memory",0.329739682282447
"CATCGCTGTGGCAT-1","B_cell:Naive",0.277494018158698
"CATCGGCTATGCTG-1","T_cell:CD4+_Naive",0.329068209991712
"CATCGGCTTTGGCA-1","T_cell:CD4+_effector_memory",0.308893897318367
"CATCTCCTATGTGC-1","B_cell:immature",0.293594520849507
"CATCTCCTCGAACT-1","Monocyte:CD16-",0.333431483903302
"CATGAGACACGGGA-1","B_cell:immature",0.196205815185054
"CATGAGACGTTGAC-1","NK_cell",0.3000635430897
"CATGAGACTCGCCT-1","T_cell:CD4+_central_memory",0.25452179449742
"CATGCCACGGGTGA-1","T_cell:CD8+",0.280818232709897
"CATGCCACTGCCAA-1","T_cell:CD4+_effector_memory",0.323882346540101
"CATGCGCTAGTCAC-1","Monocyte:CD16+",0.428657197143503
"CATGCGCTCAGATC-1","Monocyte:CD16-",0.321873251532249
"CATGCGCTTTGCAG-1","Monocyte:CD16+",0.424865159862327
"CATGGCCTAGGGTG-1","Monocyte:CD16-",0.266930153212246
"CATGGCCTGTGCAT-1","T_cell:CD8+",0.305773118299268
"CATGTACTATCGTG-1","T_cell:CD8+",0.263411057067174
"CATGTTACAGTCGT-1","T_cell:CD8+",0.284181583113816
"CATGTTACCTGAGT-1","T_cell:CD4+_central_memory",0.292158655127258
"CATGTTTGGGGATG-1","Monocyte:CD16-",0.319381849610089
"CATTACACACGGAG-1","B_cell:immature",0.257492445070294
"CATTACACCAACTG-1","NK_cell",0.31426527223595
"CATTACACGGAGTG-1","T_cell:CD8+_effector_memory",0.331680632754463
"CATTACACTACTCT-1","T_cell:CD4+_central_memory",0.312669094552302
"CATTAGCTCCACAA-1","Monocyte:CD16-",0.382042724279987
"CATTGACTAGCGGA-1","Monocyte:CD16-",0.330647339814074
"CATTGGGACTCGAA-1","T_cell:CD4+_central_memory",0.275483498403638
"CATTGTACAGCGTT-1","T_cell:CD8+_effector_memory",0.278943902493669
"CATTGTACTCGATG-1","B_cell:immature",0.283243399627456
"CATTGTACTTATCC-1","T_cell:CD4+_central_memory",0.274950948421852
"CATTGTACTTTGCT-1","Monocyte:CD16+",0.384679756975025
"CATTGTTGCTAGTG-1","T_cell:CD4+_Naive",0.281257851355212
"CATTTCGACTCTAT-1","T_cell:CD8+",0.31218918432561
"CATTTCGAGATACC-1","NK_cell",0.326133356555657
"CATTTGACCACACA-1","T_cell:CD8+",0.269101979623989
"CATTTGACCCTGAA-1","T_cell:CD4+_effector_memory",0.297421636390778
"CATTTGTGACGACT-1","B_cell:Naive",0.298718373875897
"CATTTGTGCATTGG-1","T_cell:CD4+",0.30776395284035
"CATTTGTGCGGAGA-1","T_cell:CD4+_central_memory",0.286426166601986
"CATTTGTGGGATCT-1","B_cell:immature",0.294506010226676
"CCAAAGTGCTACGA-1","Monocyte:CD16-",0.393747305157657
"CCAAAGTGTGAGAA-1","Monocyte:CD16-",0.272490744939456
"CCAACCTGAAGTAG-1","T_cell:CD8+",0.293713469002478
"CCAACCTGACGTAC-1","Monocyte:CD16-",0.333404262505663
"CCAACCTGTTCGCC-1","Monocyte:CD16-",0.314933327031293
"CCAAGAACCCAATG-1","T_cell:CD4+_effector_memory",0.271653814932209
"CCAAGAACGTAGCT-1","T_cell:CD4+_central_memory",0.324462363273231
"CCAAGAACGTGTCA-1","T_cell:CD4+_central_memory",0.301928892649848
"CCAAGAACTACTGG-1","T_cell:CD8+",0.281613528746963
"CCAAGAACTCCTAT-1","B_cell:Memory",0.204215102123411
"CCAAGATGTCATTC-1","T_cell:CD4+_central_memory",0.277723428022926
"CCAAGATGTTTCAC-1","T_cell:CD4+_effector_memory",0.289520049767441
"CCAAGTGAGGAACG-1","T_cell:CD4+_Naive",0.305350114146393
"CCAAGTGATCAAGC-1","T_cell:CD4+_effector_memory",0.347816568584651
"CCAATTTGAACGTC-1","Monocyte:CD16+",0.349773033188976
"CCACCATGAACGTC-1","T_cell:CD4+_Naive",0.296010115981149
"CCACCATGATCGGT-1","T_cell:CD4+_central_memory",0.280230709167455
"CCACCATGGACGAG-1","Monocyte:CD16+",0.448218564294627
"CCACCATGGGGAGT-1","T_cell:CD4+_central_memory",0.276044580582799
"CCACCATGTCCTGC-1","Pre-B_cell_CD34-",0.323733344251428
"CCACTGACCCGCTT-1","Monocyte:CD16-",0.310979031677398
"CCACTGTGGGAAGC-1","Monocyte:CD16-",0.264695763779725
"CCACTGTGTGTAGC-1","T_cell:CD4+_effector_memory",0.280049277347557
"CCACTTCTCGGGAA-1","Monocyte:CD16-",0.367837437558041
"CCAGAAACCCTGTC-1","B_cell",0.233520518383653
"CCAGAAACGAACTC-1","T_cell:CD4+_central_memory",0.322588530618079
"CCAGAAACGGTCTA-1","T_cell:CD4+_central_memory",0.301013746286555
"CCAGACCTCTGAGT-1","Monocyte:CD16+",0.233826403707146
"CCAGACCTTGTGGT-1","Pre-B_cell_CD34-",0.247998428484382
"CCAGCACTGCGATT-1","Monocyte:CD16+",0.391724147913334
"CCAGCGGAAAGGCG-1","Monocyte:CD16-",0.312907662243349
"CCAGCGGACGACTA-1","Monocyte:CD16-",0.34955764555193
"CCAGCGGATGGGAG-1","T_cell:CD4+_central_memory",0.334505208436053
"CCAGCTACACAGTC-1","T_cell:CD4+_central_memory",0.287341171062988
"CCAGCTACCAGCTA-1","B_cell:Naive",0.235387692841224
"CCAGGTCTACACCA-1","B_cell:immature",0.271349959493633
"CCAGGTCTAGCATC-1","Monocyte:CD16-",0.333536675697351
"CCAGGTCTATGGTC-1","T_cell:CD4+_central_memory",0.301816978738142
"CCAGTCACACTGGT-1","Monocyte:CD16-",0.343529503777045
"CCAGTCACACTGTG-1","B_cell:immature",0.274703985089958
"CCAGTCACGTTGTG-1","T_cell:CD4+_central_memory",0.280810045521534
"CCAGTGCTAACCAC-1","T_cell:CD4+_central_memory",0.350342264614214
"CCAGTGCTCGTAGT-1","T_cell:CD4+_effector_memory",0.298777948763586
"CCATCCGAAAGCAA-1","T_cell:CD4+_effector_memory",0.30685886737726
"CCATCCGAACGACT-1","T_cell:CD4+_central_memory",0.232272016669706
"CCATCCGAAGGTTC-1","B_cell:immature",0.264767584903029
"CCATCCGATTCGCC-1","Monocyte:CD16-",0.294759374549964
"CCATCGTGAACGGG-1","T_cell:CD4+_central_memory",0.317086253401492
"CCATCGTGCTAGAC-1","Monocyte:CD16+",0.349246996960597
"CCCAACACCTCGCT-1","B_cell",0.275725851973866
"CCCAACACGCATCA-1","T_cell:CD4+_Naive",0.281486384686424
"CCCAACACTTTGTC-1","Monocyte:CD16+",0.380865976318772
"CCCAACTGCAATCG-1","Pre-B_cell_CD34-",0.250880513946153
"CCCAGACTGCCTTC-1","Monocyte:CD16+",0.408896977611401
"CCCAGACTGGTTTG-1","B_cell:immature",0.29182169177525
"CCCAGACTTTCGCC-1","Monocyte:CD16+",0.398206396730948
"CCCAGTTGCAGTTG-1","Monocyte:CD16-",0.378452997022272
"CCCAGTTGGGTACT-1","T_cell:CD4+_effector_memory",0.310060455492952
"CCCAGTTGTCTATC-1","B_cell:immature",0.293074733172961
"CCCGATTGTGTTTC-1","T_cell:CD4+_effector_memory",0.316063873891736
"CCCGGAGAAGGGTG-1","Monocyte:CD16-",0.253679426906867
"CCCTACGAATTGGC-1","Monocyte:CD16-",0.321225317454932
"CCCTAGTGCAAAGA-1","T_cell:CD4+_central_memory",0.32016857866548
"CCCTCAGACACTTT-1","B_cell:immature",0.306516367119815
"CCCTCAGACGAGAG-1","T_cell:CD4+_central_memory",0.325054822591302
"CCCTCAGAGGTCAT-1","T_cell:CD4+_Naive",0.287356172037977
"CCCTGAACTAAAGG-1","B_cell",0.250860761171516
"CCCTGATGCAACCA-1","T_cell:CD4+_effector_memory",0.30300113408046
"CCCTGATGCAAGCT-1","B_cell:immature",0.296197475744972
"CCCTTACTAACCAC-1","Monocyte:CD16-",0.376348730990901
"CCCTTACTGCAGTT-1","T_cell:CD8+_Central_memory",0.214155929417158
"CCGAAAACCTTGTT-1","Monocyte:CD16+",0.429313360231681
"CCGACACTGGTTTG-1","T_cell:CD4+_central_memory",0.351931458670027
"CCGACTACCCAGTA-1","Monocyte:CD16-",0.384430435711446
"CCGACTACCGTGTA-1","T_cell:CD8+_effector_memory",0.242814240876752
"CCGACTACTGAGGG-1","T_cell:CD8+",0.310933835868478
"CCGATAGACCTAAG-1","T_cell:CD4+_central_memory",0.253185388350956
"CCGATAGAGTTGGT-1","Monocyte:CD16-",0.352264410862476
"CCGCGAGACACACA-1","Monocyte:CD16-",0.344352653081731
"CCGCGAGAGGTTCA-1","T_cell:CD4+_effector_memory",0.279209128273118
"CCGCTATGGGACGA-1","B_cell:immature",0.284555175162774
"CCGCTATGTGCAAC-1","Monocyte",0.348993236261742
"CCGCTATGTGCACA-1","Monocyte:CD16-",0.368488944063358
"CCGGTACTGTCCTC-1","T_cell:CD8+",0.292158891012046
"CCGTACACAAGCAA-1","T_cell:CD4+_central_memory",0.287236441274689
"CCGTACACAGCGTT-1","B_cell:immature",0.28937922360889
"CCGTACACGTCATG-1","T_cell:CD8+",0.30107330114451
"CCGTACACGTTGGT-1","Monocyte:CD16-",0.395953415231369
"CCGTACACTAACGC-1","T_cell:CD4+_effector_memory",0.283339449350537
"CCTAAACTTTCGTT-1","T_cell:CD4+_central_memory",0.308576382643193
"CCTAAGGACCCAAA-1","T_cell:CD4+_central_memory",0.270470232621228
"CCTAAGGACTAGCA-1","Monocyte:CD16-",0.281126919600442
"CCTAAGGAGGGCAA-1","T_cell:CD4+_effector_memory",0.236689548608758
"CCTAAGGATGATGC-1","T_cell:CD4+_effector_memory",0.302477910365604
"CCTAAGGATGTCAG-1","T_cell:CD4+_central_memory",0.307594744448184
"CCTACCGACTCTTA-1","T_cell:CD4+_effector_memory",0.282503976473577
"CCTACCGAGGGATG-1","B_cell:immature",0.299563195015995
"CCTAGAGAGGTGAG-1","B_cell:immature",0.251115314137243
"CCTATAACCAAAGA-1","T_cell:CD8+_effector_memory",0.295880175155229
"CCTATAACGAGACG-1","Monocyte:CD16+",0.302561866415136
"CCTATAACTCAGAC-1","T_cell:CD4+_effector_memory",0.305385215207944
"CCTATAACTGCATG-1","Monocyte:CD16+",0.31310443909455
"CCTCGAACACTTTC-1","NK_cell",0.299453774238001
"CCTCGAACCCGTAA-1","Monocyte:CD16+",0.340194278313456
"CCTCGAACGTATCG-1","T_cell:CD4+_Naive",0.278964872773848
"CCTCGAACTTACTC-1","T_cell:CD4+_effector_memory",0.315150468329423
"CCTCTACTCTTCGC-1","Monocyte:CD16-",0.377585314653707
"CCTCTACTGGCATT-1","T_cell:CD4+_Naive",0.287028321575199
"CCTGACTGAAGTAG-1","T_cell:CD4+_effector_memory",0.277243712268149
"CCTGACTGGGGAGT-1","T_cell:CD8+_effector_memory",0.30842904732986
"CCTGACTGTGTCTT-1","B_cell:immature",0.291095911796211
"CCTGCAACACGTTG-1","Monocyte:CD16-",0.295003174175408
"CCTGGACTCGTGAT-1","T_cell:CD4+_central_memory",0.257483043820551
"CCTTAATGCCCAAA-1","B_cell:immature",0.289814866801945
"CCTTAATGTTCTAC-1","Monocyte:CD16+",0.382667769649334
"CCTTCACTACGACT-1","T_cell:CD4+_Naive",0.300917753620431
"CCTTCACTCAGTCA-1","B_cell:immature",0.270093996744457
"CCTTCACTGGAGTG-1","Pre-B_cell_CD34-",0.267703152673297
"CCTTTAGATTCATC-1","Monocyte:CD16-",0.372984544665188
"CGAACATGCCCTAC-1","Monocyte:CD16+",0.348504059765628
"CGAACATGTCAGAC-1","T_cell:CD4+",0.289780030931978
"CGAAGACTGGAACG-1","T_cell:CD4+_effector_memory",0.317033570694726
"CGAAGACTGTTACG-1","T_cell:CD4+_central_memory",0.27605894593307
"CGAAGGGAAACCTG-1","T_cell:CD4+_effector_memory",0.323239736840136
"CGAAGGGATCCGAA-1","B_cell:immature",0.266944887216383
"CGAAGTACCAACTG-1","B_cell:immature",0.265995422175882
"CGAATCGAGGAGCA-1","Monocyte:CD16-",0.230942267231342
"CGAATCGAGGAGGT-1","T_cell:CD4+_central_memory",0.313577455197255
"CGACAAACCCATAG-1","T_cell:CD4+_central_memory",0.312687127315775
"CGACAAACCGACAT-1","B_cell:immature",0.269560757699829
"CGACCACTAAAGTG-1","NK_cell:IL2",0.320573354835598
"CGACCACTGCCAAT-1","NK_cell",0.311265202399131
"CGACCGGAAGGTCT-1","T_cell:CD4+_central_memory",0.294181469245726
"CGACCGGATGGAAA-1","T_cell:CD4+_central_memory",0.314044039383774
"CGACCTTGCTAGTG-1","T_cell:CD4+_central_memory",0.288586913019909
"CGACGTCTATCGTG-1","T_cell:CD8+",0.26230639998626
"CGACGTCTCGTGTA-1","T_cell:CD4+_effector_memory",0.273695022763561
"CGACGTCTGAGGCA-1","T_cell:CD4+_central_memory",0.233571001316936
"CGACTCACGTCGTA-1","T_cell:CD4+_Naive",0.299971668265158
"CGACTCACGTTGCA-1","T_cell:CD8+",0.233449408234568
"CGACTCTGTGTGAC-1","T_cell:CD4+_effector_memory",0.348223044348762
"CGACTGCTTCCTCG-1","Monocyte:CD16-",0.331630782138845
"CGAGAACTAAGGCG-1","T_cell:CD8+",0.284826444870439
"CGAGAACTACGTTG-1","T_cell:CD4+_Naive",0.259473263414969
"CGAGAACTTGTTCT-1","Monocyte:CD16-",0.350037111525653
"CGAGATTGGACACT-1","T_cell:CD8+",0.306364308918599
"CGAGATTGGCCATA-1","T_cell:CD8+",0.204358197696915
"CGAGCCGAACACCA-1","T_cell:CD4+_central_memory",0.299445941483304
"CGAGCCGAGGCGAA-1","T_cell:CD4+_effector_memory",0.298487030775198
"CGAGCGTGCTCCAC-1","T_cell:CD8+",0.320214859813403
"CGAGCGTGGATACC-1","T_cell:CD4+_effector_memory",0.340738880896341
"CGAGCGTGTATGCG-1","Monocyte:CD16+",0.287240785364294
"CGAGGAGACCTCCA-1","B_cell:immature",0.284836020413191
"CGAGGAGATGTCGA-1","T_cell:CD4+_Naive",0.231900837315006
"CGAGGCACCTATGG-1","T_cell:CD8+",0.295089935995013
"CGAGGCACTATGCG-1","Monocyte:CD16-",0.402812829521101
"CGAGGCACTCTTCA-1","T_cell:CD8+",0.283070765641982
"CGAGGCTGACGCTA-1","NK_cell",0.275797282762246
"CGAGGCTGGCAGTT-1","Monocyte:CD16-",0.322617351949639
"CGAGGGCTACGACT-1","B_cell:Naive",0.272912952600857
"CGAGGGCTCGAATC-1","T_cell:CD4+_central_memory",0.227204834422397
"CGAGTATGTCACCC-1","Monocyte:CD16+",0.352754982451809
"CGATACGAACAGTC-1","Monocyte:leukotriene_D4",0.353046191256428
"CGATACGACAGGAG-1","T_cell:gamma-delta",0.405376724188378
"CGATACGATTCACT-1","B_cell:immature",0.281468021554842
"CGATAGACCCGTAA-1","Monocyte:CD16-",0.285872165615123
"CGATAGACCGTACA-1","T_cell:CD4+_effector_memory",0.320826422395986
"CGATAGACGTAGGG-1","Monocyte:CD16-",0.324927753080727
"CGATAGACTGTTCT-1","T_cell:CD4+_central_memory",0.258228086038603
"CGATCAGAAGAACA-1","T_cell:CD8+",0.305928021514338
"CGATCAGAGAGGGT-1","T_cell:CD4+_central_memory",0.317021087242384
"CGATCAGAGGTACT-1","T_cell:CD4+_effector_memory",0.387484071860487
"CGATCAGATGTGAC-1","Pre-B_cell_CD34-",0.370653215929854
"CGATCCACCGGGAA-1","T_cell:CD8+",0.341239163511451
"CGATCCACTTCCAT-1","B_cell:immature",0.201043369191427
"CGCAAATGCTCGAA-1","T_cell:CD8+",0.226624892943857
"CGCAACCTCCTTGC-1","T_cell:CD4+_central_memory",0.301348471490698
"CGCAACCTGGACGA-1","T_cell:CD4+_central_memory",0.29300788714928
"CGCACGGAGGACGA-1","B_cell:immature",0.266921594058233
"CGCACGGATCTTTG-1","T_cell:CD4+_Naive",0.235556709912753
"CGCACTACAGAATG-1","T_cell:CD4+_central_memory",0.282714999872086
"CGCACTACAGCCAT-1","T_cell:CD4+_effector_memory",0.325519122901852
"CGCACTACATTGGC-1","T_cell:CD4+_central_memory",0.289492896728615
"CGCACTACTCGCCT-1","B_cell:immature",0.233946598026552
"CGCACTACTCGTGA-1","T_cell:CD4+_central_memory",0.312882585752084
"CGCACTTGTCACGA-1","Monocyte:CD16-",0.374655871777743
"CGCAGGACAGATCC-1","T_cell:CD8+",0.297394559151287
"CGCAGGACCTACTT-1","T_cell:CD4+_central_memory",0.214395438633137
"CGCAGGACTTGTCT-1","Monocyte:CD16+",0.441321561652487
"CGCAGGTGCACTGA-1","T_cell:CD4+_central_memory",0.311590333331598
"CGCAGGTGCCATAG-1","Monocyte:CD16+",0.397365130655181
"CGCAGGTGGGAACG-1","T_cell:CD4+_effector_memory",0.325442786341914
"CGCATAGATCACGA-1","Monocyte:CD16-",0.26548704013563
"CGCCATACTGCAAC-1","T_cell:CD4+_central_memory",0.339932333154205
"CGCCATTGAGAGGC-1","T_cell:CD4+_effector_memory",0.288121093504068
"CGCCATTGCTATGG-1","T_cell:CD4+_central_memory",0.286720519023738
"CGCCATTGGAGACG-1","T_cell:CD4+_central_memory",0.324306635768285
"CGCCATTGGAGCAG-1","B_cell:Memory",0.316422894361539
"CGCCATTGTACTGG-1","B_cell:immature",0.273582144447765
"CGCCGAGAGCTTAG-1","NK_cell",0.298296976750747
"CGCCTAACGAATGA-1","Monocyte:CD16-",0.403168683332874
"CGCCTAACTGCTCC-1","T_cell:CD4+_effector_memory",0.328150687947701
"CGCGAGACACAGCT-1","T_cell:CD4+_effector_memory",0.304598095762815
"CGCGAGACAGGTCT-1","B_cell:Memory",0.321433607701815
"CGCGAGACGCTACA-1","T_cell:CD4+_effector_memory",0.297610210868193
"CGCGATCTCAGTCA-1","Monocyte:CD16+",0.34022452007704
"CGCGATCTGTTGAC-1","Monocyte:CD16-",0.315841647208626
"CGCGATCTTTCTTG-1","B_cell:immature",0.282761719891936
"CGCGGATGGCCAAT-1","T_cell:CD4+_central_memory",0.326538389321523
"CGCTAAGAATGTCG-1","T_cell:CD4+_central_memory",0.358778262555295
"CGCTAAGACAACTG-1","T_cell:CD4+_central_memory",0.287421322027403
"CGCTAAGACCCTTG-1","T_cell:CD4+_central_memory",0.297938037921632
"CGCTACTGAACAGA-1","Monocyte:CD16-",0.379195360219643
"CGCTACTGAGAACA-1","T_cell:CD4+_central_memory",0.320961956165249
"CGCTACTGTGAGCT-1","T_cell:CD4+_central_memory",0.256843386525059
"CGCTACTGTTCCCG-1","T_cell:CD8+",0.280365520384881
"CGCTCATGCATTTC-1","Monocyte:CD16-",0.295698134825733
"CGGAATTGGTTTGG-1","T_cell:CD4+_effector_memory",0.292673427515619
"CGGAATTGTGGAGG-1","T_cell:CD4+_central_memory",0.283020954311282
"CGGACCGATGCGTA-1","T_cell:CD8+",0.288362448021186
"CGGACCGATGGGAG-1","T_cell:CD4+",0.208789674814714
"CGGACTCTAAACAG-1","B_cell:Naive",0.266698553596302
"CGGACTCTCCAATG-1","T_cell:CD4+_effector_memory",0.310352906473977
"CGGACTCTCCTCGT-1","NK_cell",0.299587449471735
"CGGAGGCTATTCCT-1","unassigned",0.217386568219919
"CGGAGGCTTGGATC-1","T_cell:CD4+_central_memory",0.28945089307844
"CGGATAACAACGAA-1","Monocyte:CD16-",0.34607473341847
"CGGATAACAGCTCA-1","T_cell:CD4+_effector_memory",0.314133022468538
"CGGATAACTCAGTG-1","Monocyte:CD16-",0.263258468290841
"CGGCACGAACTCAG-1","T_cell:CD4+_effector_memory",0.328511629025748
"CGGCACGAAGGGTG-1","T_cell:CD4+_central_memory",0.286913691596479
"CGGCACGACTACGA-1","Monocyte:CD16+",0.375797951257416
"CGGCATCTTAGAAG-1","T_cell:CD4+_effector_memory",0.311879203341791
"CGGCATCTTCGTAG-1","Monocyte:CD16-",0.369179493895403
"CGGCCAGAAAGGTA-1","T_cell:CD4+_effector_memory",0.277659359883418
"CGGCCAGAGAGGCA-1","T_cell:CD8+",0.327747178937041
"CGGCGAACCAGTCA-1","Monocyte:CD16+",0.39138324130167
"CGGCGAACGACAAA-1","NK_cell",0.290285296255464
"CGGCGAACGGTCTA-1","T_cell:CD4+_central_memory",0.305385956451758
"CGGCGAACTACTTC-1","T_cell:CD8+",0.28193551368372
"CGGGACTGCGTGTA-1","T_cell:CD4+_central_memory",0.329966123973797
"CGGGACTGGAATAG-1","T_cell:CD8+",0.311957436494336
"CGGGCATGACCCAA-1","T_cell:CD8+",0.207810417203327
"CGGGCATGTCTCTA-1","NK_cell:CD56hiCD62L+",0.321133108155864
"CGGGCATGTTGTGG-1","T_cell:CD4+_Naive",0.275779850550143
"CGGTAAACTCGCAA-1","T_cell:CD8+",0.335993385931428
"CGGTCACTGTTTGG-1","T_cell:CD4+_effector_memory",0.308541993901382
"CGGTCACTTACTTC-1","T_cell:CD4+_effector_memory",0.347318255449955
"CGTAACGATCGCCT-1","T_cell:CD4+_central_memory",0.32476485854154
"CGTACCACACACAC-1","T_cell:CD4+_effector_memory",0.296202257136883
"CGTACCACACGTTG-1","T_cell:CD4+_Naive",0.275316331799795
"CGTACCACCTCATT-1","T_cell:CD8+_effector_memory",0.292662092312469
"CGTACCACGGAGCA-1","T_cell:CD4+_central_memory",0.307334384747674
"CGTACCTGGCATCA-1","NK_cell:CD56hiCD62L+",0.316366448056444
"CGTAGCCTCTCTCG-1","Monocyte:CD16-",0.303341811929512
"CGTAGCCTGCGAAG-1","T_cell:CD4+_central_memory",0.322324814695446
"CGTAGCCTGTATGC-1","Monocyte:CD16+",0.381443685569054
"CGTCAAGAAAGGTA-1","Monocyte:CD16-",0.28520644860493
"CGTCAAGAACGTGT-1","T_cell:CD4+_central_memory",0.312194894638243
"CGTCAAGACAGAGG-1","T_cell:CD4+_effector_memory",0.335295129426756
"CGTCAAGACAGGAG-1","T_cell:CD8+",0.317464609128122
"CGTCCATGCTCTTA-1","T_cell:CD4+_central_memory",0.325579940433839
"CGTCGACTTTCCGC-1","T_cell:CD8+_naive",0.299281942577031
"CGTGATGACGCTAA-1","T_cell:CD4+_Naive",0.251109922254355
"CGTGATGAGGTTCA-1","T_cell:CD4+_central_memory",0.287420889729967
"CGTGCACTTATGGC-1","Monocyte:CD16+",0.37327864081028
"CGTGTAGAAAAACG-1","T_cell:CD4+_effector_memory",0.322093360438875
"CGTGTAGACGATAC-1","NK_cell:CD56hiCD62L+",0.299095072694246
"CGTGTAGAGTTACG-1","NK_cell",0.314311449891706
"CGTGTAGAGTTCAG-1","Monocyte:CD16-",0.338240929809718
"CGTGTAGATTCGGA-1","NK_cell",0.312237292312796
"CGTTAGGAAACCAC-1","T_cell:CD4+_Naive",0.304490234761867
"CGTTAGGATCATTC-1","Monocyte:CD16+",0.419104396800098
"CGTTATACCCTGAA-1","T_cell:CD8+",0.313798296046194
"CGTTTAACTGGTCA-1","T_cell:CD4+",0.335109530457495
"CTAAACCTCTGACA-1","NK_cell",0.351247825883329
"CTAAACCTGTGCAT-1","B_cell:Naive",0.292027319835166
"CTAACACTAACGTC-1","T_cell:CD4+_central_memory",0.314754819202105
"CTAACACTAGTGCT-1","Monocyte:CD16-",0.33737675969382
"CTAACGGAACCGAT-1","NK_cell",0.315121715578886
"CTAACGGATTTCTG-1","T_cell:CD4+_central_memory",0.286976433865437
"CTAACTACGGCAAG-1","T_cell:CD4+_effector_memory",0.248453408404649
"CTAAGGACACCATG-1","T_cell:CD4+_Naive",0.281636136340412
"CTAAGGACCGTTAG-1","T_cell:CD4+_central_memory",0.376747493342812
"CTAAGGACGCCATA-1","Monocyte:CD16-",0.354948358987657
"CTAAGGTGCCTAAG-1","B_cell:immature",0.245608984479106
"CTAAGGTGTTGCAG-1","T_cell:CD4+_central_memory",0.322997670282743
"CTAAGGTGTTTCTG-1","unassigned",0.20553964199695
"CTAATAGAGCTATG-1","unassigned",0.163681442026865
"CTAATGCTTGTGGT-1","Monocyte:CD16-",0.330145660065271
"CTACAACTCCCGTT-1","T_cell:CD8+",0.294975906300052
"CTACCTCTCAACCA-1","T_cell:CD4+_effector_memory",0.308493070376091
"CTACGCACACCTAG-1","Monocyte:CD16+",0.387784824746721
"CTACGCACTCTCCG-1","T_cell:CD4+_central_memory",0.30241131693052
"CTACGCACTGGTCA-1","T_cell:CD8+",0.323301005099234
"CTACGGCTTTCTTG-1","Monocyte:CD16-",0.40743783988808
"CTACTATGAACCAC-1","Monocyte:CD16-",0.357389230254915
"CTACTATGATGTGC-1","Monocyte:CD16-",0.316212248143433
"CTACTATGCTAAGC-1","T_cell:CD4+_effector_memory",0.301051212738758
"CTACTATGTAAAGG-1","B_cell:immature",0.235316257296417
"CTACTCCTATGTCG-1","NK_cell",0.314536920157838
"CTACTCCTGCCATA-1","Monocyte:CD16-",0.220594294636634
"CTAGAGACACTTTC-1","T_cell:CD4+_central_memory",0.32577097607285
"CTAGAGACAGCATC-1","T_cell:CD4+_effector_memory",0.299525862656776
"CTAGAGACTTTGGG-1","Monocyte:CD16+",0.437929394038536
"CTAGATCTCTCTAT-1","T_cell:CD4+_central_memory",0.288980555216984
"CTAGATCTTCGACA-1","T_cell:CD4+_central_memory",0.320268331616776
"CTAGGATGAGCCTA-1","B_cell:Plasma_cell",0.359227780558465
"CTAGGATGATCGTG-1","B_cell:immature",0.272005125889624
"CTAGGCCTCTCAGA-1","T_cell:CD4+_central_memory",0.286839454278172
"CTAGGTGATGGTTG-1","Monocyte:CD16+",0.381361907507414
"CTAGTTACCAGAGG-1","T_cell:CD4+_effector_memory",0.289028880833511
"CTAGTTACCGCATA-1","T_cell:CD4+_central_memory",0.302372244543155
"CTAGTTACGAAACA-1","NK_cell",0.317000033161979
"CTATAAGATCGTTT-1","B_cell:Memory",0.283780592797093
"CTATACTGAGGTTC-1","Monocyte:CD16-",0.23203586330405
"CTATACTGCCAGTA-1","T_cell:CD4+_central_memory",0.295411452693914
"CTATACTGCGCTAA-1","Monocyte:CD16-",0.331838275381101
"CTATACTGCTACGA-1","NK_cell",0.319144821002974
"CTATACTGTCTCAT-1","NK_cell",0.31229862781391
"CTATACTGTTCGTT-1","CMP",0.354281277917465
"CTATAGCTGTCACA-1","T_cell:CD4+_Naive",0.278292119150652
"CTATAGCTTCGCTC-1","Monocyte:CD16-",0.367021891686129
"CTATAGCTTGCCTC-1","Monocyte:CD16-",0.353863607051535
"CTATCAACGAACTC-1","T_cell:CD4+_effector_memory",0.318983723273991
"CTATCAACGCAGAG-1","T_cell:CD4+_central_memory",0.338416825809136
"CTATCAACTTTGGG-1","T_cell:CD4+_central_memory",0.27126000794915
"CTATCCCTCCACCT-1","Monocyte:CD16-",0.32614064560269
"CTATGTACGAGAGC-1","T_cell:CD4+_central_memory",0.31683054437436
"CTATGTACGCTTAG-1","T_cell:CD4+_effector_memory",0.287943556071644
"CTATGTACTGTTTC-1","B_cell",0.366839328974392
"CTATGTTGAAAGCA-1","T_cell:CD4+_central_memory",0.32856151141474
"CTATGTTGTCCTCG-1","T_cell:CD4+_effector_memory",0.247910628836521
"CTATGTTGTCTCGC-1","T_cell:CD4+_effector_memory",0.328110644334954
"CTATTGACAAACGA-1","Monocyte:CD16-",0.292773127757915
"CTATTGACACTGGT-1","Monocyte:CD16+",0.340175492806673
"CTATTGACGGTGAG-1","Monocyte:CD16+",0.390373071658704
"CTATTGTGGCAAGG-1","T_cell:CD4+_effector_memory",0.273705897919565
"CTCAATTGGTTCAG-1","T_cell:CD4+_effector_memory",0.340730913412111
"CTCAATTGGTTGCA-1","Monocyte:CD16-",0.323378469882135
"CTCAGAGATAGAAG-1","T_cell:CD4+_central_memory",0.320709665390927
"CTCAGCACTCTAGG-1","T_cell:CD4+_central_memory",0.313763825783309
"CTCAGCACTGAACC-1","Monocyte:CD16+",0.251160882217793
"CTCAGCACTTGCAG-1","T_cell:CD4+_effector_memory",0.264819833247764
"CTCAGCTGAACCTG-1","Monocyte:CD16-",0.323806179257644
"CTCAGCTGCAGTTG-1","T_cell:CD8+_naive",0.284478611039464
"CTCAGGCTCGTTGA-1","Monocyte:CD16+",0.423880252972405
"CTCAGGCTGCTAAC-1","T_cell:CD4+_central_memory",0.263626310930347
"CTCATTGACCTTAT-1","T_cell:CD4+_central_memory",0.339301585875237
"CTCATTGATGCTTT-1","Monocyte:CD16+",0.344018544638981
"CTCCACGAGAGATA-1","Monocyte:CD16-",0.383396694922479
"CTCCATCTCTTAGG-1","T_cell:CD4+_central_memory",0.283531095526337
"CTCCATCTGACGAG-1","T_cell:CD4+_central_memory",0.307965796023674
"CTCCGAACAAGTGA-1","Monocyte:CD16+",0.354050855729525
"CTCCTACTGCCTTC-1","Monocyte:CD16-",0.2815770020917
"CTCGAAGATGTGGT-1","T_cell:CD4+_effector_memory",0.312034987717211
"CTCGAAGATTAGGC-1","Monocyte:CD16-",0.338715944534561
"CTCGACTGCTCTAT-1","T_cell:CD4+_central_memory",0.265866610828449
"CTCGACTGGGTGAG-1","T_cell:CD4+_Naive",0.285938100448463
"CTCGACTGGTTGAC-1","NK_cell:CD56hiCD62L+",0.313756321615175
"CTCGAGCTCTGGAT-1","T_cell:CD8+",0.261084999867586
"CTCGCATGACTTTC-1","T_cell:CD4+_effector_memory",0.288431577366611
"CTCGCATGCTTAGG-1","T_cell:CD4+_central_memory",0.309174207772278
"CTCTAAACCTCGAA-1","T_cell:CD4+_central_memory",0.284709879769755
"CTCTAAACGGCGAA-1","T_cell:CD8+",0.259676352213
"CTCTAATGTCCAAG-1","Monocyte:CD16-",0.346675380030882
"CTGAACGACAGTCA-1","T_cell:CD4+_central_memory",0.321418713030005
"CTGAACGATGAGGG-1","T_cell:CD4+_effector_memory",0.283175399522289
"CTGAAGACCCAACA-1","T_cell:CD4+_effector_memory",0.313337837780397
"CTGAAGACGTGCAT-1","B_cell:immature",0.322531870776013
"CTGAAGTGAAGCCT-1","Monocyte:CD16+",0.430773557848428
"CTGAAGTGCAGCTA-1","B_cell:immature",0.272570519856147
"CTGAAGTGGCTATG-1","T_cell:CD4+_central_memory",0.274402239671977
"CTGAAGTGTCCAGA-1","T_cell:CD4+_central_memory",0.331134902162842
"CTGAATCTGAATAG-1","T_cell:CD4+_central_memory",0.302914361568909
"CTGACAGAATCGTG-1","T_cell:CD8+",0.328415175622704
"CTGACCACAGCAAA-1","T_cell:CD4+_central_memory",0.306912448289514
"CTGAGAACCGGGAA-1","T_cell:CD4+_central_memory",0.352260545399874
"CTGAGAACGTAAAG-1","T_cell:CD8+",0.285782490549831
"CTGATACTAGTAGA-1","T_cell:CD4+_central_memory",0.279486782948466
"CTGATTTGGTGTTG-1","Monocyte:CD16-",0.366718749873524
"CTGCAGCTAACCGT-1","T_cell:CD4+_Naive",0.294790131788468
"CTGCAGCTGACACT-1","T_cell:CD4+_central_memory",0.310999757487731
"CTGCAGCTGGATTC-1","Monocyte:CD16+",0.410713365413343
"CTGCAGCTTGGCAT-1","T_cell:CD4+_central_memory",0.36755951142006
"CTGCCAACAGGAGC-1","T_cell:CD4+_effector_memory",0.311680162203144
"CTGCCAACCAGCTA-1","T_cell:CD4+_central_memory",0.324584119441236
"CTGCCAACTAACCG-1","Monocyte:CD16-",0.331349102646841
"CTGCCAACTGCTCC-1","T_cell:CD4+_effector_memory",0.293589226512145
"CTGCCAACTTGCAG-1","T_cell:CD4+_central_memory",0.293189461440629
"CTGCCAACTTGCTT-1","T_cell:CD4+_effector_memory",0.332727930472359
"CTGCGACTCCACCT-1","T_cell:CD8+",0.216892962697814
"CTGGAAACAAACGA-1","T_cell:CD8+",0.290917739846654
"CTGGAAACATCGAC-1","T_cell:CD4+_effector_memory",0.306927321741688
"CTGGATGACTGGAT-1","T_cell:CD8+",0.290909805716512
"CTGGATGACTTGTT-1","T_cell:CD4+_effector_memory",0.27227524605858
"CTGGATGATGTGAC-1","B_cell:Naive",0.211837710546115
"CTGGCACTCAAGCT-1","Monocyte:CD16-",0.344429209803649
"CTGTAACTAACCAC-1","T_cell:CD4+_central_memory",0.307051254847601
"CTGTAACTAGCGTT-1","T_cell:CD4+_effector_memory",0.298686701439898
"CTGTATACGTAAAG-1","T_cell:CD4+_effector_memory",0.231848430877349
"CTGTATACGTACGT-1","Monocyte:CD16-",0.368435173243104
"CTGTATACGTTGGT-1","T_cell:CD4+_central_memory",0.267518129315935
"CTGTGAGACAACCA-1","Monocyte:CD16+",0.398043444972858
"CTGTGAGACCTTGC-1","T_cell:CD8+",0.283792658781914
"CTGTGAGACGAACT-1","Monocyte:CD16-",0.33767947572089
"CTGTGAGACTGTAG-1","Monocyte:CD16-",0.348201100201335
"CTTAAAGAACCTGA-1","T_cell:CD4+_central_memory",0.266782271300978
"CTTAACACCTGTAG-1","T_cell:CD4+_central_memory",0.308331990719799
"CTTAACACTATCGG-1","B_cell:immature",0.26639478331691
"CTTAAGCTACCTAG-1","T_cell:CD4+_central_memory",0.297661897225179
"CTTAAGCTAGTACC-1","T_cell:CD8+_effector_memory",0.22309704821085
"CTTAAGCTCATCAG-1","T_cell:CD4+_central_memory",0.281504868345232
"CTTAAGCTCCGCTT-1","B_cell:Naive",0.304408460781453
"CTTACAACTAACGC-1","T_cell:CD4+_central_memory",0.307795401402691
"CTTACAACTCCCGT-1","Monocyte:CD16+",0.305295883266766
"CTTACTGACGTACA-1","T_cell:CD4+_central_memory",0.285978561113144
"CTTAGACTAAACGA-1","T_cell:CD4+_central_memory",0.304333157808597
"CTTAGGGACTTGCC-1","T_cell:CD4+_central_memory",0.348978626597255
"CTTAGGGAGAATCC-1","T_cell:CD4+_central_memory",0.234320253006656
"CTTATCGACTCATT-1","T_cell:CD4+_central_memory",0.299659664494352
"CTTCACCTACCTGA-1","Monocyte:CD16+",0.427319974276102
"CTTCATGAAGCATC-1","B_cell:immature",0.27900926560372
"CTTCATGAAGTACC-1","T_cell:CD4+_central_memory",0.262430209109262
"CTTCATGACCGAAT-1","NK_cell:CD56hiCD62L+",0.220532943863773
"CTTGAACTACGCAT-1","T_cell:CD4+",0.285109174120247
"CTTGATTGAGGTTC-1","T_cell:CD8+",0.301290222908105
"CTTGATTGATCTTC-1","Monocyte:CD16-",0.311373233330098
"CTTGATTGCATTCT-1","T_cell:CD4+_effector_memory",0.325975774407923
"CTTGATTGTTTCGT-1","T_cell:CD4+_central_memory",0.328709085386487
"CTTGTATGACACCA-1","B_cell:immature",0.279356216193048
"CTTGTATGCGCAAT-1","B_cell:immature",0.228149057485614
"CTTTACGAGCGAAG-1","T_cell:CD8+_effector_memory",0.243074753444956
"CTTTAGACCGTGAT-1","T_cell:CD4+",0.241837842859449
"CTTTAGACGAGACG-1","T_cell:CD4+_effector_memory",0.289482324697178
"CTTTAGACGATACC-1","T_cell:CD4+",0.301612553444091
"CTTTAGACGTTGGT-1","T_cell:CD8+",0.322001555912397
"CTTTAGACTCATTC-1","T_cell:CD8+",0.296373847824731
"CTTTAGTGACGGGA-1","NK_cell",0.31672291837572
"CTTTAGTGGGTGGA-1","T_cell:CD4+_central_memory",0.259663221978149
"CTTTCAGAGAAACA-1","T_cell:CD4+_central_memory",0.305461179090883
"CTTTGATGAGCACT-1","T_cell:CD4+_effector_memory",0.309221229525278
"CTTTGATGTCTAGG-1","T_cell:CD4+_effector_memory",0.312259767536965
"CTTTGATGTGTCCC-1","T_cell:CD4+_central_memory",0.328276276916416
"CTTTGATGTGTGGT-1","T_cell:CD4+_central_memory",0.295396089458062
"GAAACAGAACTACG-1","T_cell:CD4+_effector_memory",0.28842332422797
"GAAACAGAATCACG-1","T_cell:CD4+_effector_memory",0.307442952056384
"GAAACAGACATTCT-1","T_cell:CD4+_central_memory",0.309768615040214
"GAAACCTGATCGTG-1","T_cell:CD4+_Naive",0.298765019629361
"GAAACCTGATGCCA-1","T_cell:CD4+_central_memory",0.309755696409272
"GAAACCTGCTTATC-1","T_cell:CD4+_central_memory",0.3311966505571
"GAAACCTGGACTAC-1","Monocyte:CD16+",0.43554576875828
"GAAACCTGTGCTAG-1","T_cell:CD4+_central_memory",0.28263683641
"GAAAGATGATTTCC-1","T_cell:CD4+_effector_memory",0.327765397759569
"GAAAGATGCTGATG-1","Monocyte:CD16+",0.425125001539008
"GAAAGATGCTTCGC-1","Monocyte:CD16-",0.305827116762471
"GAAAGATGTAAGGA-1","T_cell:CD4+",0.187324102917295
"GAAAGCCTACGTTG-1","B_cell:immature",0.289958395058196
"GAAAGTGAAAGTGA-1","Monocyte:CD16-",0.386501643653963
"GAAAGTGACCACAA-1","Monocyte:CD16-",0.382271487124775
"GAAAGTGACTCAAG-1","T_cell:CD4+_central_memory",0.307519636480954
"GAAATACTACCAAC-1","unassigned",0.209972536515772
"GAAATACTCTTAGG-1","B_cell:immature",0.282669137823292
"GAAATACTTCCTCG-1","T_cell:CD4+_effector_memory",0.319027842067187
"GAACACACGTGCAT-1","Monocyte:CD16-",0.398332498276072
"GAACACACTGCCTC-1","T_cell:CD4+",0.263067846819394
"GAACAGCTAACTGC-1","Monocyte:CD16+",0.431327645090552
"GAACAGCTCTCAGA-1","Monocyte:CD16+",0.398145623287025
"GAACCAACCACAAC-1","T_cell:CD8+",0.203271356313263
"GAACCAACTTCCGC-1","NK_cell",0.301435966274208
"GAACCTGAACGTGT-1","T_cell:CD4+_effector_memory",0.408016009631348
"GAACCTGAGAGACG-1","T_cell:CD4+_central_memory",0.32007477627541
"GAACCTGATGAACC-1","T_cell:CD4+_central_memory",0.328821486950209
"GAACGGGATACTTC-1","T_cell:CD4+_central_memory",0.284058481500361
"GAACTGTGACCTGA-1","Monocyte:CD16+",0.407430626328977
"GAACTGTGCCAGTA-1","Monocyte:CD16-",0.33773933817006
"GAAGAATGCAATCG-1","T_cell:CD8+",0.264792885409928
"GAAGCGGACCTATT-1","Monocyte:CD16+",0.396251780421092
"GAAGCTACGAATGA-1","Monocyte:CD16+",0.355588639724987
"GAAGCTACGGTTTG-1","T_cell:CD4+_effector_memory",0.315555972540369
"GAAGGGTGAAAGTG-1","T_cell:CD4+_central_memory",0.29789623454739
"GAAGGGTGCTTAGG-1","Monocyte:CD16-",0.362419318246213
"GAAGGTCTGAAAGT-1","T_cell:CD4+_central_memory",0.319837394845071
"GAAGGTCTGTTGCA-1","T_cell:CD4+_central_memory",0.303918735964236
"GAAGGTCTTAAAGG-1","Monocyte:CD16+",0.380138894722097
"GAAGTAGACTCCCA-1","T_cell:CD8+",0.29261507377664
"GAAGTAGATCCAAG-1","Monocyte:CD16+",0.426905157160141
"GAAGTCACCCTCGT-1","Monocyte:CD16-",0.325170235467767
"GAAGTCACCCTGTC-1","B_cell:immature",0.274678826183452
"GAAGTCTGTCGCAA-1","B_cell:immature",0.306839163043839
"GAAGTCTGTTCTGT-1","T_cell:CD4+_central_memory",0.264121732465781
"GAAGTGCTAAACGA-1","NK_cell",0.296104897128716
"GAAGTGCTCCGCTT-1","Monocyte:CD16-",0.369674249596885
"GAAGTGCTTAACCG-1","T_cell:CD4+_central_memory",0.319139158693731
"GAATGCACCCTAAG-1","T_cell:CD4+_central_memory",0.335462195928134
"GAATGCACCTTCGC-1","T_cell:CD8+",0.294160141167041
"GAATGCTGCGGTAT-1","T_cell:CD8+_effector_memory",0.270341119602846
"GAATTAACGATAAG-1","T_cell:CD4+_Naive",0.292331014419291
"GAATTAACGGTCAT-1","T_cell:CD4+_central_memory",0.300505411564927
"GAATTAACGTCGTA-1","NK_cell",0.278656326094881
"GAATTAACTGAAGA-1","B_cell:immature",0.312581049945144
"GACAACACAGGCGA-1","T_cell:CD4+",0.282951712736623
"GACAACACATCGTG-1","T_cell:CD4+_central_memory",0.318750569711739
"GACAACACTCGCCT-1","T_cell:CD8+",0.287848308033664
"GACAACTGAGGTTC-1","T_cell:CD4+_effector_memory",0.320025166645031
"GACAGGGAAGAGTA-1","B_cell:immature",0.270376780881931
"GACAGGGAATGCCA-1","T_cell:CD8+_effector_memory",0.323122653665559
"GACAGTACGAGCTT-1","Monocyte:CD16+",0.437238467843464
"GACAGTACTTCGGA-1","Monocyte:CD16+",0.432182069595766
"GACAGTTGAGTAGA-1","B_cell",0.326378886356375
"GACATTCTCCACCT-1","Monocyte:CD16-",0.400572000160716
"GACCAAACGACTAC-1","Monocyte:CD16-",0.330884502981455
"GACCAAACGTATCG-1","Monocyte:CD16-",0.341022025022965
"GACCCTACTAAAGG-1","B_cell:immature",0.275011264654219
"GACCTAGACCTCAC-1","T_cell:CD4+_effector_memory",0.253131995063009
"GACCTAGACGAGAG-1","T_cell:CD4+_effector_memory",0.300710146032336
"GACCTCACAAGGTA-1","T_cell:CD4+_Naive",0.260844546946363
"GACCTCACGTACGT-1","Monocyte:CD16-",0.38142646539082
"GACCTCTGCATCAG-1","T_cell:CD8+_effector_memory",0.328383465953409
"GACGAACTCCCACT-1","T_cell:CD4+_central_memory",0.301364441533259
"GACGATTGCCAATG-1","B_cell:Naive",0.248347347787313
"GACGCCGACCTTCG-1","T_cell:CD4+_effector_memory",0.362142683920211
"GACGCTCTCTCTCG-1","Platelets",0.176527986849781
"GACGGCACACGGGA-1","NK_cell",0.328288545967503
"GACGGCACGAGATA-1","Monocyte:CD16-",0.381948286911208
"GACGTAACCTATGG-1","T_cell:CD4+_central_memory",0.289454397022648
"GACGTAACCTGTGA-1","T_cell:CD4+_effector_memory",0.31427572694101
"GACGTAACTATGGC-1","T_cell:CD4+_effector_memory",0.354388980405671
"GACGTATGTTGACG-1","T_cell:CD4+_central_memory",0.300542283570124
"GACGTATGTTTGCT-1","T_cell:CD8+",0.305010012423176
"GACGTCCTACGGAG-1","T_cell:CD4+_effector_memory",0.305535270800441
"GACGTCCTCTCAAG-1","Monocyte:CD16-",0.351258721258551
"GACGTCCTGATAAG-1","B_cell:immature",0.284753773535441
"GACTACGATGGTCA-1","B_cell:immature",0.292583166552687
"GACTCCTGCTCGCT-1","T_cell:CD4+_Naive",0.290791326058663
"GACTCCTGGGTTAC-1","T_cell:CD4+_Naive",0.318526164263707
"GACTCCTGTTATCC-1","T_cell:CD4+_effector_memory",0.286059794890669
"GACTCCTGTTGGTG-1","Monocyte:CD16-",0.35300697634832
"GACTGAACCAATCG-1","Monocyte:CD16-",0.3077247992904
"GACTGATGTGATGC-1","T_cell:CD8+",0.291857444932534
"GACTTTACATGCCA-1","T_cell:CD4+_Naive",0.303768627937253
"GACTTTACGACAGG-1","B_cell:immature",0.239606260202554
"GAGAAATGTTCTCA-1","B_cell:Naive",0.240266042282381
"GAGATAGAAAAAGC-1","Monocyte:CD16+",0.399921169212332
"GAGATCACGACAAA-1","Monocyte:CD16+",0.367959398508232
"GAGATGCTCTGGAT-1","T_cell:CD4+_effector_memory",0.309944224298177
"GAGATGCTGAATGA-1","T_cell:CD4+_central_memory",0.309471594215234
"GAGCAGGATTCCCG-1","T_cell:CD4+_effector_memory",0.298214030627594
"GAGCATACTTTGCT-1","Monocyte:CD16+",0.406536566347773
"GAGCGCACGCGTAT-1","Pre-B_cell_CD34-",0.313128907807187
"GAGCGCACGGTGAG-1","T_cell:CD8+_Central_memory",0.230290787497145
"GAGCGCTGAAGATG-1","NK_cell",0.303403459687981
"GAGCGCTGTCTTAC-1","Monocyte:CD16-",0.32111142843881
"GAGCGGCTGGGAGT-1","B_cell:Naive",0.254359977172113
"GAGGACGACTCAGA-1","T_cell:CD8+",0.233200470503498
"GAGGATCTGAAAGT-1","unassigned",0.206923909284391
"GAGGCAGACTTGCC-1","T_cell:CD8+",0.303403352819221
"GAGGGAACACCAGT-1","T_cell:CD4+_effector_memory",0.306440220541439
"GAGGGAACGAGGGT-1","T_cell:CD4+_effector_memory",0.309331648558768
"GAGGGATGGGAAAT-1","T_cell:CD4+",0.269592934869292
"GAGGGCCTTCACCC-1","T_cell:CD4+_effector_memory",0.338312840467466
"GAGGGTGAAGAGTA-1","T_cell:CD4+_Naive",0.299736579225385
"GAGGTACTACGGTT-1","T_cell:CD4+_Naive",0.260026969580326
"GAGGTACTACTCAG-1","Monocyte:CD16-",0.333038234915901
"GAGGTACTGACACT-1","NK_cell",0.299293015719381
"GAGGTACTGGGAGT-1","T_cell:CD4+_effector_memory",0.256765315977589
"GAGGTACTTAGCGT-1","Monocyte:CD16+",0.36636026098503
"GAGGTGGAGTACGT-1","T_cell:CD8+_effector_memory",0.253543727515629
"GAGGTGGATCCTCG-1","NK_cell",0.314749550528631
"GAGGTTACTCGTTT-1","Monocyte:CD16-",0.363165694940154
"GAGGTTTGTAAGCC-1","Pre-B_cell_CD34-",0.232206677890256
"GAGTCAACCATTCT-1","unassigned",0.22199215036302
"GAGTCAACGGGAGT-1","T_cell:CD4+_central_memory",0.282524960484464
"GAGTCTGATCGTGA-1","T_cell:CD4+_central_memory",0.302426896101325
"GAGTCTGATTTGGG-1","B_cell:Naive",0.276633716033278
"GAGTGACTCAGCTA-1","T_cell:CD4+_central_memory",0.347961895491504
"GAGTGACTCGGTAT-1","T_cell:CD8+",0.315172168105201
"GAGTGACTCTTGCC-1","B_cell:immature",0.300683023201363
"GAGTGACTGACTAC-1","B_cell:immature",0.240237131157585
"GAGTGACTGTCTAG-1","T_cell:CD4+_Naive",0.29867150568962
"GAGTGGGAGTCTTT-1","B_cell:immature",0.273000778528631
"GAGTGGGATGCCCT-1","T_cell:CD4+_Naive",0.262577728514677
"GAGTGGGATGCTGA-1","B_cell:immature",0.265909723738798
"GAGTGTTGCTGTAG-1","T_cell:CD4+_effector_memory",0.335633632430169
"GAGTGTTGTGGTCA-1","T_cell:CD4+_Naive",0.294764559548142
"GAGTTGTGCATGGT-1","Monocyte:CD16-",0.217281396293058
"GAGTTGTGCTGAGT-1","T_cell:CD8+",0.300960091586297
"GAGTTGTGGCGAGA-1","Monocyte:CD16-",0.289668288790557
"GAGTTGTGGTAGCT-1","Platelets",0.284664589115973
"GAGTTGTGTATGCG-1","Monocyte:CD16+",0.406263375147176
"GATAAGGAGAAACA-1","Monocyte:CD16-",0.263306357584998
"GATAAGGATTCACT-1","Monocyte:CD16-",0.352394878110731
"GATACTCTATCGGT-1","T_cell:CD4+_central_memory",0.310087982034342
"GATACTCTTACTTC-1","T_cell:CD4+_central_memory",0.315528280034921
"GATACTCTTGACTG-1","Monocyte:CD16-",0.351557569531012
"GATAGAGAAGGGTG-1","T_cell:CD8+",0.309574311774778
"GATAGAGACTGTGA-1","T_cell:CD4+_central_memory",0.342034797059001
"GATAGAGATCACGA-1","Monocyte:CD16-",0.351322979874554
"GATAGCACCCATAG-1","T_cell:CD4+_central_memory",0.306174705878578
"GATAGCACGAAGGC-1","Monocyte:CD16+",0.389963603732146
"GATAGCACTTGTCT-1","T_cell:CD8+",0.313608918852142
"GATATAACAAGGTA-1","T_cell:CD4+_effector_memory",0.333303594743145
"GATATAACACGCAT-1","T_cell:CD4+_central_memory",0.295255435877689
"GATATATGCTGGAT-1","T_cell:CD4+_Naive",0.293905894282272
"GATATATGTCCGTC-1","T_cell:CD8+",0.27071413178074
"GATATATGTGGAGG-1","Pre-B_cell_CD34-",0.34667724021212
"GATATCCTAGAAGT-1","T_cell:CD4+_central_memory",0.314599007613595
"GATATCCTCCCGTT-1","Monocyte:CD16-",0.264672336021363
"GATATTGACAGGAG-1","T_cell:CD4+_effector_memory",0.293179549459779
"GATATTGACGAGTT-1","Monocyte:CD16+",0.409282883938796
"GATATTGAGCCAAT-1","T_cell:CD4+_central_memory",0.300411344521014
"GATCCCTGACCTTT-1","NK_cell",0.32256364592206
"GATCCCTGTGTAGC-1","T_cell:CD8+",0.292014568628008
"GATCCGCTGGTCAT-1","Monocyte:CD16-",0.385444913475065
"GATCGAACCGAGAG-1","T_cell:CD4+_central_memory",0.371806406670517
"GATCGATGACTAGC-1","B_cell",0.233467476904615
"GATCGATGGTAAAG-1","B_cell:immature",0.261624561396606
"GATCGATGTAAGGA-1","Monocyte:CD16-",0.32878326481665
"GATCGTGACACTAG-1","T_cell:CD4+_central_memory",0.291728926924687
"GATCGTGATTCACT-1","T_cell:CD4+_effector_memory",0.314699875736297
"GATCTACTGGTGAG-1","T_cell:CD4+_effector_memory",0.288261577682904
"GATCTACTTTGCAG-1","B_cell:Naive",0.285251604601506
"GATCTTACACCCAA-1","Monocyte:CD16+",0.407012095595366
"GATCTTACCCTACC-1","T_cell:CD4+_central_memory",0.310405541062525
"GATCTTACGAATAG-1","Monocyte:CD16-",0.297614805220243
"GATCTTACGAGATA-1","Monocyte:CD16-",0.321279654854006
"GATGCAACTCCAGA-1","T_cell:CD4+_central_memory",0.295032924964545
"GATGCCCTACGTAC-1","T_cell:CD4+_effector_memory",0.338017650772999
"GATGCCCTCTCATT-1","T_cell:CD4+_central_memory",0.290414127495696
"GATGCCCTGGCAAG-1","Monocyte:CD16-",0.322056277388271
"GATGCCCTTTTGCT-1","T_cell:CD4+_central_memory",0.259449528678106
"GATTACCTTGTTCT-1","T_cell:CD8+",0.29063179159782
"GATTCGGAACGACT-1","T_cell:CD4+",0.281496963712441
"GATTCGGACAGGAG-1","Monocyte:CD16-",0.37591582977351
"GATTCGGAGAAGGC-1","Monocyte:CD16+",0.399892244624835
"GATTCTTGATTCGG-1","Monocyte:CD16-",0.395219939192147
"GATTCTTGCCGATA-1","T_cell:CD4+_central_memory",0.295631381332147
"GATTCTTGCGAGTT-1","B_cell:immature",0.264753085266738
"GATTGGACCCGTTC-1","B_cell:immature",0.309325684184476
"GATTGGACGGTGTT-1","B_cell:immature",0.265904206784455
"GATTGGACTTTCGT-1","B_cell:Naive",0.273504641711858
"GATTGGTGTGTCAG-1","T_cell:CD4+_effector_memory",0.356485422685991
"GATTTAGACACTCC-1","Monocyte:CD16+",0.39748974135772
"GATTTAGACTAAGC-1","B_cell:immature",0.3457166931523
"GATTTAGATTCGTT-1","Pre-B_cell_CD34-",0.227134905839556
"GATTTGCTAACGAA-1","T_cell:CD4+_central_memory",0.304875218385641
"GATTTGCTAACGGG-1","Monocyte:CD16-",0.240704744050406
"GCAACCCTCCTCGT-1","Monocyte:CD16-",0.236994411442302
"GCAACTGATTGCGA-1","T_cell:CD8+",0.280770036962763
"GCAAGACTACTGGT-1","T_cell:CD4+_central_memory",0.374632924698319
"GCAAGACTAGGTCT-1","T_cell:CD8+_effector_memory",0.315261105808732
"GCAAGACTCCCTTG-1","T_cell:CD4+_Naive",0.312505625750165
"GCAATCGACTGCAA-1","T_cell:CD8+",0.298426632199428
"GCAATCGAGACGTT-1","Monocyte:CD16+",0.391620547011603
"GCAATCGATCCTTA-1","Monocyte:CD16+",0.355435100803524
"GCAATTCTCGTGTA-1","T_cell:CD4+_central_memory",0.299958229680685
"GCAATTCTTCTCCG-1","T_cell:CD4+_effector_memory",0.336981240743072
"GCACAAACAATGCC-1","T_cell:CD4+_effector_memory",0.247281142372794
"GCACAAACGGTACT-1","T_cell:CD4+_central_memory",0.325634572550731
"GCACAATGGTGCAT-1","Monocyte:CD16-",0.322261569386581
"GCACACCTGTGCTA-1","NK_cell:IL2",0.290381760579357
"GCACCACTCATGAC-1","Monocyte:CD16-",0.351938580710995
"GCACCACTGTTTGG-1","Pre-B_cell_CD34-",0.227265162926413
"GCACCACTTCCTTA-1","NK_cell",0.322717981162065
"GCACCACTTTCGGA-1","Monocyte:CD16-",0.379729569728245
"GCACCTACGCGATT-1","T_cell:CD4+_central_memory",0.348845211408855
"GCACCTTGGCTGTA-1","T_cell:CD4+_Naive",0.25298982373487
"GCACCTTGGGGAGT-1","Monocyte:CD16+",0.365693316379464
"GCACGGACCAGCTA-1","T_cell:CD4+_effector_memory",0.331559119680632
"GCACGGTGACCTCC-1","T_cell:CD4+_central_memory",0.316690649400985
"GCACGGTGCTATGG-1","Monocyte:CD16-",0.390421010549037
"GCACTAGAACGGGA-1","T_cell:CD4+_central_memory",0.307360004919979
"GCACTAGAAGATGA-1","B_cell:Naive",0.275905323035514
"GCACTAGACCTTTA-1","Monocyte:CD16+",0.393036715650942
"GCACTAGACGTAAC-1","B_cell:immature",0.213494687503591
"GCACTAGAGTCGTA-1","NK_cell:CD56hiCD62L+",0.29757246980815
"GCACTAGATGCAAC-1","T_cell:CD4+_central_memory",0.331641181260574
"GCACTGCTGAGGCA-1","T_cell:CD4+_effector_memory",0.343443534140076
"GCAGATACAGCGTT-1","T_cell:CD8+",0.281883321943484
"GCAGATACGACGGA-1","T_cell:CD4+_central_memory",0.272768192568543
"GCAGATACGCAGAG-1","T_cell:CD4+_central_memory",0.299664054780942
"GCAGCCGACAGTCA-1","T_cell:CD8+_effector_memory",0.309314364554569
"GCAGCGTGCACTCC-1","T_cell:CD4+_central_memory",0.288263112318576
"GCAGCTCTCAATCG-1","T_cell:CD4+_central_memory",0.265783080807802
"GCAGCTCTGTTTCT-1","T_cell:CD4+_central_memory",0.302903334100018
"GCAGGGCTAAGAAC-1","T_cell:CD4+_central_memory",0.30208971208685
"GCAGGGCTAAGGGC-1","T_cell:CD4+_Naive",0.265854334689506
"GCAGGGCTATCGAC-1","NK_cell",0.319510404099913
"GCAGGGCTTGGGAG-1","NK_cell",0.324181935364932
"GCAGTCCTAACTGC-1","T_cell:CD4+_central_memory",0.28561432332436
"GCAGTCCTCTCTTA-1","T_cell:CD4+_central_memory",0.281082101924774
"GCATCAGATGCGTA-1","T_cell:CD4+_effector_memory",0.309014980628915
"GCATGTGACAAGCT-1","T_cell:CD4+_central_memory",0.298992962879317
"GCATTGGAGAAGGC-1","T_cell:CD4+_effector_memory",0.336048657775176
"GCCAAAACGAGGCA-1","T_cell:CD8+",0.292705224161386
"GCCAAATGATCGAC-1","T_cell:CD4+_effector_memory",0.325021745177088
"GCCAACCTACGGTT-1","T_cell:CD4+_central_memory",0.299691198915164
"GCCAACCTCGCCTT-1","T_cell:CD4+_central_memory",0.264198508346603
"GCCACGGAGGCGAA-1","Monocyte:CD16-",0.314781449875883
"GCCACGGATACTGG-1","T_cell:CD4+_Naive",0.270103983702855
"GCCACTACGTCTTT-1","T_cell:CD4+_central_memory",0.276783862657609
"GCCCAACTACCGAT-1","T_cell:CD4+_central_memory",0.298301051485057
"GCCCAACTATGGTC-1","T_cell:CD8+",0.273520759968604
"GCCCATACAGCGTT-1","T_cell:CD8+",0.270077474739723
"GCCGACGAACTCTT-1","Monocyte:CD16+",0.356990625862124
"GCCGAGTGCGTTGA-1","T_cell:CD4+_effector_memory",0.336575714130136
"GCCGGAACGAACTC-1","T_cell:CD8+",0.303952008781368
"GCCGGAACGTTCTT-1","NK_cell",0.300699913195693
"GCCGGAACTGCACA-1","NK_cell",0.267862675204724
"GCCGGAACTTACTC-1","T_cell:CD4+_effector_memory",0.284881659079217
"GCCGTACTACCTGA-1","T_cell:CD8+",0.251660066639369
"GCCGTACTGGCAAG-1","Monocyte:CD16-",0.316646229441954
"GCCTACACAGTTCG-1","NK_cell",0.314327968869184
"GCCTACACCACTGA-1","Monocyte:CD16+",0.354672677348223
"GCCTACACCTTGAG-1","T_cell:CD4+_central_memory",0.318385107578811
"GCCTAGCTACGGAG-1","B_cell:immature",0.243605196630001
"GCCTAGCTCTATTC-1","T_cell:CD4+_central_memory",0.30059910985495
"GCCTAGCTTCTCAT-1","T_cell:CD4+_central_memory",0.276815192332995
"GCCTAGCTTCTCTA-1","Monocyte:CD16+",0.380234818024814
"GCCTCAACCATGGT-1","T_cell:CD4+_central_memory",0.295362674994576
"GCCTCAACTCTTTG-1","T_cell:gamma-delta",0.41779181203882
"GCCTCATGTCTTAC-1","T_cell:CD4+_effector_memory",0.313749806711382
"GCCTGACTCTCAAG-1","Monocyte:CD16-",0.321364490172625
"GCGAAGGAACTCTT-1","T_cell:CD4+_effector_memory",0.256454125058493
"GCGAAGGATGCCAA-1","T_cell:CD4+_Naive",0.272116230834615
"GCGAGAGAGGGACA-1","T_cell:CD4+_central_memory",0.301054623861745
"GCGAGCACTGTCGA-1","unassigned",0.184419242199508
"GCGAGCACTTGACG-1","T_cell:CD4+_Naive",0.296083610604012
"GCGAGCACTTGCTT-1","Monocyte:CD16+",0.342811527215257
"GCGATATGGTACGT-1","T_cell:CD4+_central_memory",0.306688473739011
"GCGATATGGTGTTG-1","T_cell:CD4+_central_memory",0.288569579176348
"GCGCACGAAGTCGT-1","T_cell:CD8+",0.281727111685373
"GCGCACGACTTTAC-1","Monocyte:CD16-",0.314805562698641
"GCGCATCTAGGTCT-1","T_cell:CD4+_effector_memory",0.236194757222354
"GCGCATCTGGTTAC-1","unassigned",0.249903699884186
"GCGCATCTTCGATG-1","T_cell:CD8+_effector_memory",0.282830084655382
"GCGCATCTTGCTCC-1","NK_cell",0.321735164963078
"GCGCATCTTTCTAC-1","T_cell:CD4+_central_memory",0.295317577967795
"GCGCGAACGTTCTT-1","B_cell:immature",0.268555023007962
"GCGCGATGAACGGG-1","T_cell:CD4+_central_memory",0.307406351542051
"GCGCGATGGTGCAT-1","NK_cell",0.360914323696975
"GCGGAGCTCCTGAA-1","T_cell:CD4+_Naive",0.29476937929898
"GCGGCAACCCGATA-1","T_cell:CD4+",0.300660567991796
"GCGGCAACGGAGGT-1","B_cell:Naive",0.262346690142316
"GCGGCAACTGTCGA-1","Monocyte:CD16-",0.216011686405229
"GCGTAAACACGGTT-1","Pre-B_cell_CD34-",0.380819541612873
"GCGTAATGCACCAA-1","Monocyte:CD16+",0.408154347261062
"GCGTATGAACACCA-1","T_cell:CD4+_effector_memory",0.288677335176449
"GCGTATGATGAGAA-1","Monocyte:CD16-",0.360914296177491
"GCTACAGAAAGGTA-1","T_cell:CD4+_central_memory",0.312494209552979
"GCTACAGAATCTTC-1","unassigned",0.197206306962892
"GCTACCTGAGAAGT-1","Monocyte:CD16-",0.359958487911094
"GCTACCTGATCACG-1","T_cell:CD4+_central_memory",0.314490117614967
"GCTACGCTAGAATG-1","T_cell:CD4+_central_memory",0.306096901695687
"GCTACGCTAGCTAC-1","T_cell:CD4+_effector_memory",0.31340347923579
"GCTACGCTCCCTAC-1","T_cell:CD4+_central_memory",0.335302781899237
"GCTAGAACAGAGGC-1","B_cell:Naive",0.252970597176488
"GCTAGAACGGATCT-1","T_cell:CD4+_central_memory",0.353644240607402
"GCTAGAACTCCCGT-1","unassigned",0.217163694702824
"GCTAGATGAGCTCA-1","Monocyte:CD16-",0.331574480752663
"GCTAGATGGCGATT-1","T_cell:CD8+",0.279923199556897
"GCTATACTAAGGCG-1","T_cell:CD4+_central_memory",0.330757009555791
"GCTATACTAGCGTT-1","T_cell:CD4+_effector_memory",0.259673515031196
"GCTATACTCTCTTA-1","T_cell:CD8+_effector_memory",0.285747731596732
"GCTATACTGGACGA-1","T_cell:CD4+_effector_memory",0.328177035801594
"GCTCAAGAACCATG-1","Monocyte:CD16+",0.396187306391274
"GCTCAAGAAGTCAC-1","Monocyte:CD16+",0.383577731597145
"GCTCAGCTGTCTAG-1","T_cell:CD4+",0.238983226867934
"GCTCCATGAGAAGT-1","T_cell:CD8+",0.314812647028195
"GCTCCATGCCGAAT-1","T_cell:CD4+",0.278770702639366
"GCTCGACTCTAGTG-1","Monocyte:CD16-",0.290262116710939
"GCTGATGAGGTATC-1","Monocyte:CD16-",0.315445240911202
"GCTTAACTACAGTC-1","Monocyte:CD16-",0.245438265422121
"GCTTAACTACTGGT-1","T_cell:CD8+",0.293557345399245
"GCTTAACTGCTGAT-1","T_cell:CD4+_central_memory",0.301365715658125
"GCTTAACTTAGACC-1","Monocyte:CD16-",0.269282111607435
"GCTTAACTTCAGTG-1","T_cell:CD4+_central_memory",0.310109697742224
"GGAACACTCACTTT-1","Monocyte:CD16-",0.23367745792794
"GGAACACTTCAGAC-1","Platelets",0.172327440817401
"GGAACTACTACTTC-1","T_cell:CD4+_central_memory",0.29940828531998
"GGAACTTGAAGGTA-1","Pre-B_cell_CD34-",0.389482223433608
"GGAACTTGAGAATG-1","T_cell:CD8+",0.28524300007184
"GGAACTTGCTCCAC-1","Monocyte:CD16-",0.361707519466198
"GGAACTTGGGTAGG-1","B_cell:immature",0.272604111778036
"GGAAGGACATCGGT-1","Monocyte:CD16-",0.300222576367286
"GGAAGGACCACTAG-1","T_cell:CD4+_central_memory",0.320061781284878
"GGAAGGACGAGGGT-1","T_cell:CD4+_central_memory",0.343310912264151
"GGAAGGACGCGAAG-1","T_cell:CD8+",0.295048674999726
"GGAAGGTGGCGAGA-1","NK_cell",0.307569582717461
"GGAATCTGAAGGGC-1","T_cell:CD4+_effector_memory",0.282100973754453
"GGAATCTGAGGAGC-1","T_cell:CD4+_central_memory",0.35536112379206
"GGAATCTGCTTAGG-1","B_cell:Naive",0.244723538623196
"GGAATCTGCTTGTT-1","Monocyte:CD16-",0.389353425236108
"GGAATCTGGGAGGT-1","T_cell:CD4+_Naive",0.309848445036603
"GGAATGCTTTCTAC-1","T_cell:CD4+_Naive",0.274565333876238
"GGACAGGAAAGGGC-1","T_cell:CD4+_effector_memory",0.297455171303588
"GGACAGGAGTGCTA-1","B_cell:Naive",0.303171722569656
"GGACAGGATCTCGC-1","T_cell:CD4+_effector_memory",0.319458846671703
"GGACCCGAAGCTAC-1","Monocyte:CD16-",0.390881420479904
"GGACCGTGCTTACT-1","Monocyte:CD16-",0.307295896237153
"GGACCGTGGGAACG-1","Monocyte:CD16-",0.387395455872367
"GGACCGTGTAACGC-1","T_cell:CD4+_central_memory",0.317781551205532
"GGACCTCTGTAAGA-1","Monocyte:CD16+",0.351229366287136
"GGACCTCTTTTCTG-1","T_cell:CD8+",0.279423184559864
"GGACGAGAGTGTCA-1","Monocyte:CD16-",0.256529606197521
"GGACGCTGACGCAT-1","T_cell:CD4+_effector_memory",0.349662937612008
"GGACGCTGCTAGCA-1","T_cell:CD4+_central_memory",0.287522417584034
"GGACGCTGTCCTCG-1","NK_cell",0.303853556744183
"GGAGAGACGTGAGG-1","T_cell:CD4+_central_memory",0.311477946711482
"GGAGCAGATTCAGG-1","B_cell:immature",0.2516200547091
"GGAGCCACCTTCTA-1","B_cell:Naive",0.327684610906569
"GGAGCGCTACGCAT-1","Monocyte:CD16+",0.403582181981566
"GGAGCGCTCCGAAT-1","T_cell:CD4+_effector_memory",0.332469322773671
"GGAGGATGCCACCT-1","T_cell:CD8+",0.252563627454044
"GGAGGATGGTTGAC-1","Monocyte:CD16-",0.31462049026785
"GGAGGATGTCAGTG-1","Monocyte:CD16-",0.347487212885306
"GGAGGCCTCGTTGA-1","T_cell:CD8+",0.29459186651217
"GGAGGCCTTTCTTG-1","T_cell:CD4+_central_memory",0.301174588494094
"GGAGGTGATACGCA-1","T_cell:CD4+_central_memory",0.305571979494578
"GGAGGTGATCGCTC-1","T_cell:CD4+_central_memory",0.306521485220065
"GGATACTGCAGCTA-1","T_cell:CD4+_effector_memory",0.309845496024624
"GGATACTGTCTAGG-1","T_cell:CD4+_central_memory",0.306061053538334
"GGATAGCTCGTCTC-1","T_cell:CD4+_central_memory",0.338562437848353
"GGATAGCTCTGAAC-1","T_cell:CD8+",0.292692698109971
"GGATGTACCAAAGA-1","B_cell:Naive",0.257551654325537
"GGATGTACGCGAAG-1","T_cell:CD4+_central_memory",0.259633259775714
"GGATGTACGTCTTT-1","Monocyte:CD16+",0.217102626968188
"GGATGTACGTGTCA-1","T_cell:CD8+",0.284680223406984
"GGATTTCTAGGTTC-1","T_cell:CD4+_central_memory",0.297663767750538
"GGATTTCTTTGTCT-1","Monocyte:CD16+",0.354719527879146
"GGCAAGGAAAAAGC-1","NK_cell",0.319648681354181
"GGCAAGGAAGAAGT-1","T_cell:CD4+_central_memory",0.312337137379278
"GGCAAGGACTTGGA-1","Monocyte:CD16-",0.347089167759799
"GGCAAGGAGGACTT-1","T_cell:CD4+_central_memory",0.320134552206609
"GGCAATACGCTAAC-1","B_cell:Naive",0.248599537347096
"GGCAATACGGCATT-1","T_cell:CD8+",0.248095882385045
"GGCAATACGTTTCT-1","B_cell:Naive",0.303800728667331
"GGCACGTGGCTTAG-1","Monocyte:CD16+",0.401051148738681
"GGCACTCTTTTGTC-1","T_cell:CD4+_central_memory",0.339660279003928
"GGCATATGCTTATC-1","NK_cell",0.326303860962655
"GGCATATGGGGAGT-1","Platelets",0.160562671957442
"GGCATATGTGTGAC-1","T_cell:CD4+_central_memory",0.389890037027321
"GGCCACGACAGAGG-1","T_cell:CD4+_central_memory",0.22533015320239
"GGCCAGACTGGTTG-1","T_cell:CD4+_central_memory",0.310776116475508
"GGCCCAGAAAGTAG-1","Monocyte:CD16-",0.357982608189927
"GGCCGAACAACGAA-1","T_cell:CD4+_central_memory",0.285174028144732
"GGCCGAACGCAGAG-1","T_cell:CD4+_central_memory",0.199084227592611
"GGCCGAACGTAGGG-1","T_cell:CD4+_central_memory",0.283501839092824
"GGCCGAACTCTAGG-1","NK_cell",0.301147481241314
"GGCCGATGCAGGAG-1","T_cell:CD4+_central_memory",0.339279593222977
"GGCCGATGCCGAAT-1","T_cell:CD4+_effector_memory",0.328872370552597
"GGCCGATGTACTCT-1","T_cell:CD4+_effector_memory",0.296239660590307
"GGCGACACTGCCCT-1","T_cell:CD4+_effector_memory",0.37310930487609
"GGCGACTGCGTAAC-1","T_cell:CD4+_central_memory",0.316171431140266
"GGCGCATGCCTAAG-1","Monocyte:CD16+",0.331827687737286
"GGCGCATGCTCCAC-1","T_cell:CD4+_central_memory",0.325431059162306
"GGCGCATGTGGAAA-1","T_cell:CD4+_effector_memory",0.244645962852863
"GGCGGACTAGAGGC-1","T_cell:CD4+_central_memory",0.28225812081369
"GGCGGACTAGGAGC-1","T_cell:CD4+_effector_memory",0.296501554797269
"GGCGGACTCTGACA-1","T_cell:CD4+_central_memory",0.277459066778861
"GGCGGACTCTTGGA-1","T_cell:CD8+",0.28341869812461
"GGCGGACTTACTGG-1","T_cell:CD4+_Naive",0.283248905254148
"GGCGGACTTGAACC-1","T_cell:CD4+_central_memory",0.306679404293026
"GGCTAAACACCTGA-1","NK_cell:CD56hiCD62L+",0.310109468181388
"GGCTAAACTCTTAC-1","T_cell:CD4+_central_memory",0.314440437837185
"GGCTAATGAGCACT-1","T_cell:CD8+",0.298807661774915
"GGCTAATGGTCTAG-1","T_cell:CD4+_Naive",0.298171097337534
"GGCTCACTACTCAG-1","Monocyte:CD16-",0.344856937769175
"GGGAACGAAGCTCA-1","Monocyte:CD16+",0.429583332555375
"GGGAACGACACAAC-1","B_cell:Naive",0.276371434251745
"GGGAACGAGTGTCA-1","Monocyte:CD16-",0.285483244389445
"GGGAAGTGTTGAGC-1","Monocyte:CD16-",0.288168539655828
"GGGACCACACGTTG-1","T_cell:CD8+",0.291112465842973
"GGGACCACAGAACA-1","T_cell:CD4+_central_memory",0.305268176347083
"GGGACCACGAATAG-1","T_cell:CD4+_central_memory",0.305607206467466
"GGGACCACGTCATG-1","T_cell:CD8+",0.291400188065378
"GGGACCACTCAAGC-1","unassigned",0.219076450291313
"GGGACCACTCGTGA-1","T_cell:CD4+_central_memory",0.281329182251726
"GGGACCACTGCATG-1","T_cell:CD4+_central_memory",0.256860280764835
"GGGACCTGACCCTC-1","Monocyte:CD16-",0.373953292610115
"GGGACCTGCTTGCC-1","T_cell:CD4+_central_memory",0.290108435039675
"GGGACCTGTGGAGG-1","B_cell:immature",0.259599913799266
"GGGATGGACGACAT-1","B_cell:immature",0.226564918158573
"GGGATGGATACTTC-1","T_cell:CD4+_effector_memory",0.312764268826956
"GGGATGGATGGTTG-1","Monocyte:CD16-",0.320673140416828
"GGGATTACGTCTAG-1","T_cell:CD4+_central_memory",0.316038624460221
"GGGCAAGATGCATG-1","Monocyte:CD16+",0.278913404276793
"GGGCACACGGTGAG-1","Monocyte:CD16+",0.346431871358993
"GGGCACACGTTGCA-1","T_cell:CD4+_effector_memory",0.358056821382751
"GGGCAGCTTGGGAG-1","T_cell:CD4+_effector_memory",0.295542208927233
"GGGCAGCTTTTCTG-1","T_cell:CD4+_central_memory",0.308767147332745
"GGGCCAACCTTGGA-1","Monocyte:CD16-",0.375289837089457
"GGGCCAACGCGTTA-1","B_cell:immature",0.289870790441114
"GGGCCAACTACGCA-1","Monocyte:CD16-",0.302996891206053
"GGGCCAACTCCAAG-1","B_cell:Naive",0.285868346229098
"GGGCCATGATGGTC-1","T_cell:CD4+_effector_memory",0.306400037506036
"GGGCCATGTTGACG-1","T_cell:CD4+_central_memory",0.311646111144685
"GGGTAACTCAGCTA-1","T_cell:CD4+_Naive",0.335034931174648
"GGGTAACTCTAGTG-1","B_cell:Naive",0.264594007554872
"GGGTAACTCTGGAT-1","T_cell:CD4+_central_memory",0.275931436019675
"GGGTTAACGTGCAT-1","NK_cell",0.324303467368738
"GGTAAAGAGCTAAC-1","T_cell:CD8+",0.285285849692067
"GGTACAACTGCAAC-1","T_cell:CD4+_central_memory",0.32477542044363
"GGTACATGAAAGCA-1","B_cell:immature",0.278458449233882
"GGTACATGAGCTCA-1","T_cell:CD4+_effector_memory",0.300207316821109
"GGTACATGCGGTAT-1","T_cell:CD4+_effector_memory",0.244580202699767
"GGTACATGGTTACG-1","T_cell:CD8+",0.291270270696693
"GGTACATGTGGGAG-1","T_cell:CD4+_effector_memory",0.306274604131405
"GGTACTGAACTCTT-1","Monocyte:CD16-",0.349346938904385
"GGTAGTACACCACA-1","T_cell:CD8+",0.265136686026875
"GGTAGTACACTAGC-1","Monocyte:CD16-",0.283999784391257
"GGTAGTACCCTGTC-1","T_cell:CD4+_Naive",0.278726926415864
"GGTAGTACGCCATA-1","Monocyte:CD16-",0.294110028932789
"GGTAGTACTGTCTT-1","T_cell:CD8+",0.325138209146485
"GGTATCGAGACAAA-1","Monocyte:CD16-",0.224887372143907
"GGTATCGATGAACC-1","B_cell:immature",0.234581101619711
"GGTCAAACCAAAGA-1","T_cell:CD4+_central_memory",0.312821638692913
"GGTCTAGAGAAACA-1","Monocyte:CD16-",0.324652161255091
"GGTCTAGATAGCGT-1","Monocyte:CD16-",0.407600986934517
"GGTGATACCGACTA-1","B_cell:immature",0.296670694843662
"GGTGATACGACTAC-1","Monocyte:CD16-",0.350606761453652
"GGTGATACTGTTTC-1","T_cell:CD4+_Naive",0.293178022149984
"GGTGGAGAAACGGG-1","T_cell:CD8+",0.268089381152299
"GGTGGAGAAGTAGA-1","T_cell:CD4+_central_memory",0.294143005437611
"GGTGGAGACAGATC-1","T_cell:CD8+",0.289121564496295
"GGTGGAGATCGATG-1","T_cell:CD4+_central_memory",0.299583969378765
"GGTGGAGATCTCTA-1","Monocyte:CD16-",0.297893375958629
"GGTGGAGATTACTC-1","T_cell:CD8+",0.328017696472615
"GGTTTACTACGCAT-1","T_cell:CD8+",0.325060031703664
"GTAACGTGACCTCC-1","Monocyte:CD16-",0.406378491875738
"GTAACGTGATCGGT-1","B_cell:immature",0.270756561759208
"GTAACGTGCAGCTA-1","B_cell:Naive",0.284904498407869
"GTAACGTGGTTGAC-1","B_cell:Naive",0.28562982466483
"GTAAGCACAACGGG-1","T_cell:CD4+_Naive",0.289676659036252
"GTAAGCACTCATTC-1","B_cell:Naive",0.230296714167474
"GTAAGCTGGTACCA-1","Monocyte:CD16-",0.314215949933779
"GTAATAACCTTCTA-1","Monocyte:CD16+",0.340998272923376
"GTAATAACGTTGTG-1","T_cell:CD4+_central_memory",0.272257426951005
"GTACCCTGACAGTC-1","Monocyte:CD16+",0.420360510388541
"GTACCCTGGAGCTT-1","T_cell:CD4+_central_memory",0.283709836039444
"GTACCCTGTCCTTA-1","T_cell:CD8+",0.278410949950749
"GTACCCTGTGAACC-1","T_cell:CD4+_central_memory",0.306275959560147
"GTACGTGAACGTTG-1","T_cell:CD8+",0.275834398364635
"GTACTTTGTCGACA-1","T_cell:CD4+_effector_memory",0.301412525752312
"GTAGACTGAGATGA-1","Monocyte:CD16-",0.326458375981419
"GTAGACTGTATTCC-1","T_cell:CD4+_effector_memory",0.286418182682889
"GTAGCAACAGTCGT-1","Monocyte:CD16+",0.334224978747497
"GTAGCAACCATTTC-1","B_cell:Naive",0.26766262764185
"GTAGCAACGGTAGG-1","Monocyte:CD16+",0.233141145011434
"GTAGCATGCACTCC-1","B_cell:Naive",0.265125912784856
"GTAGCATGTAAGCC-1","Monocyte:CD16-",0.317887012532702
"GTAGCCCTGACGTT-1","T_cell:CD8+",0.292627256646128
"GTAGCTGAAGCTAC-1","Monocyte:CD16+",0.42019354871844
"GTAGCTGAATTCGG-1","T_cell:CD4+_Naive",0.28406290210323
"GTAGGTACACGGGA-1","Monocyte:CD16-",0.341508132904877
"GTAGTGACCTCATT-1","T_cell:CD4+_central_memory",0.295611823166358
"GTAGTGTGAGCGGA-1","NK_cell",0.311793042250323
"GTAGTGTGAGGCGA-1","Monocyte:CD16+",0.282651946696305
"GTAGTGTGTGGTTG-1","T_cell:CD8+",0.26022520444548
"GTATCACTGGTAGG-1","Monocyte:CD16-",0.368804444303472
"GTATCTACAGAAGT-1","T_cell:CD8+",0.312499393324241
"GTATCTACGACGAG-1","T_cell:CD8+",0.301738099997878
"GTATCTACGTTACG-1","T_cell:CD4+_effector_memory",0.305957824511179
"GTATTAGAAACAGA-1","T_cell:CD4+_effector_memory",0.389052898323578
"GTATTAGAGGTCTA-1","T_cell:CD8+",0.250963372279639
"GTATTCACACAGCT-1","T_cell:CD4+_central_memory",0.268709798105879
"GTATTCACGGGTGA-1","T_cell:CD4+_effector_memory",0.270063984158046
"GTCAACGACACTGA-1","T_cell:CD4+_effector_memory",0.352354637306584
"GTCAACGAGTGTAC-1","Monocyte:CD16+",0.343009869394143
"GTCAATCTACACCA-1","T_cell:CD4+_effector_memory",0.317985153727819
"GTCAATCTGTAGCT-1","T_cell:CD4+_effector_memory",0.359143647691088
"GTCAATCTTGTGGT-1","T_cell:CD4+_Naive",0.294085872399887
"GTCACCTGCCTCCA-1","T_cell:CD4+_Naive",0.296516880528064
"GTCACCTGTCCCGT-1","T_cell:CD4+_Naive",0.297968221473819
"GTCATACTAATCGC-1","B_cell:Memory",0.256666139472403
"GTCATACTGCGATT-1","T_cell:CD8+",0.297953227404356
"GTCATACTTCGCCT-1","Platelets",0.201977892542605
"GTCATACTTTACCT-1","T_cell:CD8+",0.276854577572972
"GTCATACTTTGACG-1","T_cell:CD4+_Naive",0.318555253347254
"GTCCAAGAAAAACG-1","T_cell:CD4+_central_memory",0.295682086737623
"GTCCACTGACCTCC-1","T_cell:CD8+_effector_memory",0.309708882416875
"GTCCACTGGGTACT-1","Monocyte:CD16+",0.413951424025756
"GTCCAGCTACGGGA-1","T_cell:CD4+_Naive",0.32103510709744
"GTCCCATGTGGTGT-1","Monocyte:CD16+",0.400925789202619
"GTCGAATGAAGGCG-1","Monocyte:CD16-",0.365996501214472
"GTCGACCTGAATGA-1","NK_cell",0.313158537049119
"GTCGACCTGTTCAG-1","T_cell:CD4+_effector_memory",0.255282034878031
"GTCGCACTTGAGAA-1","B_cell:Naive",0.360037894343987
"GTCTAACTGGTCTA-1","Monocyte:CD16+",0.380556140402237
"GTCTAGGAGCTTCC-1","Monocyte:CD16-",0.371866386387666
"GTGAACACACTCTT-1","T_cell:CD4+_central_memory",0.283349009836918
"GTGAACACTCAGGT-1","T_cell:CD4+_central_memory",0.255452510925569
"GTGACCCTTAAGCC-1","T_cell:CD4+_effector_memory",0.283046729493429
"GTGATGACAAGTGA-1","T_cell:CD4+_central_memory",0.408480197627527
"GTGATGACCTGAGT-1","B_cell:Naive",0.244433351943169
"GTGATGACGGTTTG-1","T_cell:CD8+",0.282887689352601
"GTGATTCTCATTTC-1","T_cell:CD4+_effector_memory",0.338771503953555
"GTGATTCTCTCTCG-1","Monocyte:CD16-",0.354322115039153
"GTGATTCTGGTTCA-1","NK_cell",0.297665545772686
"GTGATTCTGTCGAT-1","T_cell:CD4+_central_memory",0.260895867480557
"GTGATTCTTAGCGT-1","B_cell:immature",0.2469614896691
"GTGCCACTCAGGAG-1","T_cell:CD4+_central_memory",0.259764830416783
"GTGGATTGCACTAG-1","Monocyte:CD16+",0.402658406081827
"GTGGATTGCGGAGA-1","T_cell:CD4+_effector_memory",0.31733773997515
"GTGGATTGTAACGC-1","T_cell:CD4+_central_memory",0.298983593143245
"GTGTACGATCAGTG-1","T_cell:CD4+_central_memory",0.283528289779654
"GTGTAGTGGGTACT-1","T_cell:CD4+_effector_memory",0.322100044128135
"GTGTATCTAGCCTA-1","B_cell:Naive",0.255691707526606
"GTGTATCTAGTAGA-1","T_cell:CD8+",0.382293570022971
"GTGTATCTGTTACG-1","B_cell:Naive",0.288334726445027
"GTGTCAGAAGCGTT-1","T_cell:CD8+",0.29372630935242
"GTTAAAACCGAGAG-1","T_cell:CD8+",0.321305666251285
"GTTAAATGCTCGAA-1","T_cell:CD4+_effector_memory",0.319684664904171
"GTTAAATGTCGACA-1","B_cell:immature",0.341603841099509
"GTTAACCTAGCTAC-1","T_cell:CD4+_central_memory",0.315150841987097
"GTTAACCTTGCTTT-1","Monocyte:CD16-",0.382768206634693
"GTTAGGTGCACTCC-1","T_cell:CD4+_central_memory",0.25342806979389
"GTTAGGTGCCAGTA-1","Monocyte:CD16-",0.412884752985187
"GTTAGGTGCCCAAA-1","Monocyte:CD16+",0.369258210599631
"GTTAGGTGGAACTC-1","B_cell:immature",0.264145784317772
"GTTAGTCTAAGAAC-1","T_cell:CD8+",0.22610585192944
"GTTATAGAGGACAG-1","T_cell:CD8+",0.289020679407714
"GTTATGCTTTCATC-1","T_cell:CD4+_central_memory",0.298881716827236
"GTTCAACTGGGACA-1","NK_cell",0.283912481487088
"GTTCAACTTATGCG-1","T_cell:CD8+",0.300795294971666
"GTTGACGAGCCCTT-1","T_cell:CD8+",0.307996875071837
"GTTGACGATATCGG-1","NK_cell",0.345168367683721
"GTTGAGTGGTCTTT-1","Monocyte:CD16-",0.391290496444067
"GTTGAGTGTGCTTT-1","T_cell:CD4+_central_memory",0.347404385215201
"GTTGATCTGGGACA-1","unassigned",0.190995998434351
"GTTGATCTTTTCAC-1","T_cell:CD8+",0.324416869980593
"GTTGGATGTTTACC-1","Monocyte:CD16+",0.405026506481681
"GTTGTACTATTCCT-1","Monocyte:CD16-",0.377047111702109
"GTTGTACTTTTGGG-1","T_cell:CD4+_Naive",0.281928910841165
"GTTTAAGACCATGA-1","Monocyte:CD16-",0.355602559454804
"GTTTAAGACTGTCC-1","T_cell:CD8+",0.258236894791679
"TAAACAACCAACCA-1","T_cell:CD4+_effector_memory",0.342598865758312
"TAAACAACGAATCC-1","B_cell:immature",0.301012366163073
"TAAAGACTCAGGAG-1","T_cell:CD4+_effector_memory",0.29867446562464
"TAAATCGATGAGGG-1","T_cell:CD4+_central_memory",0.309935014666297
"TAACAATGTGCCCT-1","B_cell:immature",0.275997409888763
"TAACACCTTCGCTC-1","Monocyte:CD16-",0.360436587846158
"TAACACCTTCGTAG-1","Monocyte:CD16-",0.39685923997065
"TAACACCTTGTTTC-1","Platelets",0.223244680419962
"TAACATGACACTAG-1","T_cell:CD4+_central_memory",0.297445908812749
"TAACCGGACTTACT-1","T_cell:CD4+",0.248043598127719
"TAACGTCTCAACCA-1","Monocyte:CD16-",0.316640325676147
"TAACGTCTCATTGG-1","T_cell:CD4+_central_memory",0.321044092695878
"TAACTAGAATTTCC-1","T_cell:CD4+_central_memory",0.317840694536382
"TAACTAGACTTAGG-1","T_cell:CD4+_effector_memory",0.317570283308314
"TAACTAGATCTGGA-1","T_cell:CD4+_central_memory",0.30428299565346
"TAACTCACGAGGAC-1","Monocyte:CD16-",0.320288657956116
"TAACTCACGTACAC-1","B_cell:immature",0.282534216294386
"TAACTCACGTATCG-1","Monocyte:CD16-",0.368019540846172
"TAACTCACTCTACT-1","NK_cell",0.319221653225761
"TAAGAACTGTGTCA-1","Monocyte:CD16-",0.302409083781531
"TAAGAGGACTAAGC-1","B_cell:immature",0.289054715868906
"TAAGAGGACTTGTT-1","NK_cell",0.312783269690136
"TAAGATACGGTTCA-1","Monocyte:CD16-",0.303529024590228
"TAAGATTGCGTAGT-1","T_cell:CD4+_central_memory",0.31407439156544
"TAAGATTGTTGCTT-1","T_cell:CD4+_central_memory",0.317642331394734
"TAAGCGTGAGGTTC-1","Monocyte:CD16-",0.367232623392551
"TAAGCGTGGACAAA-1","Monocyte:CD16+",0.43259619881977
"TAAGCGTGGGAAAT-1","T_cell:CD4+_effector_memory",0.308984734506902
"TAAGCGTGTGCTCC-1","Monocyte:CD16+",0.434954972112673
"TAAGGCTGCCATGA-1","T_cell:CD4+_effector_memory",0.314253991712963
"TAAGGCTGCTGCTC-1","T_cell:CD4+_central_memory",0.267043418049887
"TAAGGCTGTCTCGC-1","Monocyte:CD16-",0.395436025406829
"TAAGGGCTGCTGTA-1","T_cell:CD4+_effector_memory",0.323584402425434
"TAAGGGCTTTACTC-1","T_cell:CD4+_central_memory",0.317434761820414
"TAAGTAACCGAGAG-1","B_cell:immature",0.207522651958914
"TAAGTAACCTCCAC-1","B_cell:Naive",0.273735768589599
"TAAGTAACCTGTAG-1","T_cell:CD4+_effector_memory",0.330462197006449
"TAAGTAACTTGTCT-1","T_cell:CD8+",0.288256023346778
"TAATGATGAGCGGA-1","T_cell:CD4+_Naive",0.303455888253643
"TAATGCCTCATGAC-1","T_cell:CD4+_central_memory",0.356818500842728
"TAATGCCTCGTCTC-1","NK_cell",0.391257405436844
"TAATGTGAAGATGA-1","T_cell:CD4+_central_memory",0.246131167083803
"TAATGTGACTGCAA-1","Monocyte:CD16+",0.349656001111548
"TAATGTGATTACTC-1","T_cell:CD4+_effector_memory",0.308889659553217
"TACAAATGGGTACT-1","T_cell:CD4+_effector_memory",0.322150552466493
"TACAATGAAAACAG-1","Monocyte:CD16+",0.342623974405669
"TACAATGACTTAGG-1","T_cell:CD4+_effector_memory",0.276523119463452
"TACAATGATGCTAG-1","T_cell:CD8+",0.311371516958524
"TACACACTCACACA-1","T_cell:CD4+_Naive",0.329413547227038
"TACACACTCTTACT-1","T_cell:CD4+_effector_memory",0.267047427098528
"TACATAGAACGCAT-1","T_cell:CD4+_effector_memory",0.311058723868266
"TACATCACACGGGA-1","T_cell:CD4+_Naive",0.258984480764225
"TACATCACCTGTTT-1","Monocyte:CD16+",0.401368329796908
"TACATCACGCTAAC-1","B_cell:Naive",0.259361107394329
"TACATCACTGAACC-1","Monocyte:CD16+",0.431217695310313
"TACCATTGAGGTTC-1","T_cell:CD4+_Naive",0.250413728909915
"TACCATTGCGGGAA-1","Monocyte:CD16-",0.300092203765556
"TACCATTGGGGATG-1","Monocyte:CD16-",0.282587380498962
"TACCATTGTGAGGG-1","Monocyte:CD16-",0.290046771937139
"TACCGGCTGTTGGT-1","T_cell:CD4+_Naive",0.305237517824556
"TACGAGTGATCTCT-1","T_cell:CD4+_effector_memory",0.312078002118846
"TACGAGTGATGCTG-1","Monocyte:CD16+",0.372203574072815
"TACGAGTGCGGAGA-1","T_cell:CD4+_central_memory",0.327007857433581
"TACGAGTGGTTGGT-1","T_cell:CD4+_central_memory",0.305864043887483
"TACGATCTAGTGTC-1","T_cell:CD4+_Naive",0.244160713333121
"TACGATCTCACTGA-1","Monocyte:CD16-",0.404260574394674
"TACGATCTTACGAC-1","T_cell:CD8+",0.284078456996488
"TACGCAGAGAATCC-1","NK_cell",0.288711063432206
"TACGCCACATTCCT-1","T_cell:CD8+_effector_memory",0.281492114002793
"TACGCCACTCCCAC-1","Monocyte:CD16+",0.427202066343908
"TACGCCACTCCGAA-1","B_cell:Memory",0.263522264154312
"TACGGAACGCGTTA-1","B_cell:immature",0.245923400258302
"TACGGCCTGGGACA-1","NK_cell",0.314555572824504
"TACGTACTACGGAG-1","T_cell:CD4+_effector_memory",0.394771808916505
"TACGTACTCAGTTG-1","T_cell:CD4+_effector_memory",0.3296021072619
"TACGTACTCCCGTT-1","B_cell:immature",0.274795257758365
"TACGTTACAGAAGT-1","T_cell:CD4+",0.294569294287803
"TACGTTACCAAGCT-1","Monocyte:CD16-",0.323902150003544
"TACTAAGAAAGGTA-1","B_cell:immature",0.240731799999519
"TACTAAGAATCACG-1","T_cell:CD4+_central_memory",0.24255825356316
"TACTAAGATGATGC-1","Monocyte:CD16-",0.327976280853284
"TACTAAGATTGCGA-1","T_cell:CD4+_Naive",0.323682906578925
"TACTACACGAGAGC-1","T_cell:CD4+_central_memory",0.343830884445603
"TACTACACTTACCT-1","unassigned",0.195068529062614
"TACTACTGAACCTG-1","Monocyte:CD16-",0.317958314529098
"TACTACTGATGTCG-1","T_cell:CD8+",0.304871701204468
"TACTACTGATTCTC-1","T_cell:CD4+_central_memory",0.297417879721684
"TACTACTGTATGGC-1","T_cell:CD4+_central_memory",0.298777979549774
"TACTCAACGGTCTA-1","Monocyte:CD16-",0.374173741015216
"TACTCAACTGCTAG-1","B_cell:immature",0.299894768131441
"TACTCCCTCAGTTG-1","T_cell:CD4+_central_memory",0.253743394885828
"TACTCTGAATCGAC-1","T_cell:CD8+",0.298634319361361
"TACTCTGACGAGTT-1","T_cell:CD4+_central_memory",0.331213755384961
"TACTCTGATTGACG-1","B_cell:immature",0.271498197789096
"TACTGGGATCGATG-1","T_cell:CD4+_central_memory",0.345364567037929
"TACTGTTGAAAGCA-1","T_cell:CD4+_central_memory",0.287610180486429
"TACTGTTGAGGCGA-1","NK_cell",0.300354390455813
"TACTGTTGCTGAAC-1","B_cell",0.346061393963742
"TACTTGACTCCTCG-1","T_cell:CD8+",0.295815724907762
"TACTTGACTGGTGT-1","B_cell",0.22804471547003
"TACTTTCTTTTGGG-1","T_cell:CD4+_effector_memory",0.288349764069119
"TAGAAACTAATCGC-1","T_cell:CD4+_Naive",0.272249563363138
"TAGAAACTGCTTCC-1","Monocyte:CD16-",0.348979545479039
"TAGAAACTGGGATG-1","T_cell:CD8+",0.280777120031866
"TAGAATTGCGACAT-1","T_cell:CD4+_Naive",0.245957568393223
"TAGAATTGTATCGG-1","T_cell:CD4+_central_memory",0.310471454325117
"TAGACGTGCTTGAG-1","T_cell:CD4+_effector_memory",0.285098575213059
"TAGACGTGTCGCTC-1","T_cell:CD4+_central_memory",0.287076555481521
"TAGAGCACCTTACT-1","B_cell:immature",0.273963812071398
"TAGATTGACTTGTT-1","B_cell:Naive",0.254963952736661
"TAGATTGAGGCATT-1","T_cell:CD8+",0.217913733525947
"TAGCATCTCAGCTA-1","T_cell:CD8+",0.315162998408964
"TAGCATCTCCCTCA-1","T_cell:CD8+_effector_memory",0.224478702254915
"TAGCATCTGCTGTA-1","Monocyte:CD16+",0.393771334516471
"TAGCATCTGGGACA-1","T_cell:CD4+_Naive",0.283091700526591
"TAGCATCTTGTCGA-1","T_cell:CD4+_Naive",0.278438708261397
"TAGCCCACAAAAGC-1","T_cell:CD4+_central_memory",0.335890446325482
"TAGCCCACAGCCAT-1","T_cell:CD4+_effector_memory",0.332313391874759
"TAGCCCACAGCTAC-1","NK_cell",0.326610899510855
"TAGCCCACCCACAA-1","T_cell:CD4+_Naive",0.292714277426177
"TAGCCCTGCGGAGA-1","T_cell:CD8+",0.267387657522556
"TAGCCGCTTACGAC-1","T_cell:CD4+_effector_memory",0.313118072747909
"TAGCCGCTTACTTC-1","T_cell:CD8+",0.315146609900757
"TAGCCGCTTTCCAT-1","Monocyte:CD16-",0.37786655350504
"TAGCTACTGAATAG-1","B_cell:immature",0.267036476481633
"TAGCTACTGTAGCT-1","T_cell:CD4+_central_memory",0.326284183903434
"TAGCTACTTTTGCT-1","T_cell:CD4+_effector_memory",0.237739104274785
"TAGGACTGTGCTGA-1","T_cell:CD4+_effector_memory",0.311531758353231
"TAGGAGCTAAGGCG-1","B_cell:Naive",0.274118521927323
"TAGGAGCTGAGGGT-1","T_cell:CD4+_central_memory",0.31350909622245
"TAGGAGCTTGCATG-1","B_cell:immature",0.247760173098712
"TAGGCAACCGTCTC-1","B_cell:immature",0.259134581340945
"TAGGCATGCTCTCG-1","Monocyte",0.294823556014847
"TAGGCATGGCGAGA-1","T_cell:CD8+",0.316161086999612
"TAGGCTGATGCCTC-1","Monocyte:CD16+",0.309767650718255
"TAGGGACTGAACTC-1","NK_cell",0.319295420333608
"TAGGTCGACACTGA-1","T_cell:CD4+_Naive",0.30454853978889
"TAGGTCGAGGATCT-1","B_cell:Naive",0.243890735784844
"TAGGTGACACACTG-1","Pre-B_cell_CD34-",0.292090310925932
"TAGGTGACACGTTG-1","B_cell:immature",0.27531902475198
"TAGGTGTGTTCTGT-1","T_cell:CD4+_effector_memory",0.27832028325814
"TAGGTTCTGAAGGC-1","T_cell:CD4+_central_memory",0.360392376275643
"TAGGTTCTTCTTAC-1","Monocyte:CD16+",0.380819332960792
"TAGGTTCTTGCTGA-1","Monocyte:CD16-",0.39519750024902
"TAGTAAACCTCGCT-1","T_cell:CD4+_Naive",0.314801172787961
"TAGTAAACGTCACA-1","T_cell:CD4+_effector_memory",0.341456888781734
"TAGTAATGAGATCC-1","T_cell:CD4+_central_memory",0.257303144964571
"TAGTACCTAAGAAC-1","Monocyte:CD16-",0.301969409160041
"TAGTATGATCTTAC-1","B_cell:immature",0.285633982111193
"TAGTATGATTCTCA-1","T_cell:CD4+_effector_memory",0.329893906459239
"TAGTCTTGGCTGTA-1","unassigned",0.173356883944976
"TAGTCTTGGGACTT-1","T_cell:CD8+",0.219755040496689
"TAGTCTTGTGGAAA-1","NK_cell",0.31707336786372
"TAGTGGTGAAGTGA-1","NK_cell",0.330796240958549
"TAGTTAGAACCACA-1","NK_cell:IL2",0.312882183339285
"TAGTTAGATGAACC-1","T_cell:CD8+_effector_memory",0.299840078844918
"TATAAGACAACAGA-1","T_cell:CD4+_effector_memory",0.205757960388274
"TATAAGACAGCTCA-1","Monocyte:CD16+",0.421888686439274
"TATAAGTGACACCA-1","Monocyte:CD16+",0.386633112247325
"TATAAGTGTATCGG-1","Monocyte:CD16-",0.255400495724248
"TATAAGTGTGGTGT-1","Monocyte:CD16+",0.431191393874958
"TATACAGAACCCTC-1","T_cell:CD8+",0.26827979016398
"TATACAGAAGAACA-1","T_cell:CD4+",0.258450608911825
"TATACAGATCCAGA-1","T_cell:CD4+_central_memory",0.295014474730593
"TATACCACCTGATG-1","B_cell:Naive",0.286376292801267
"TATACGCTACCAAC-1","T_cell:CD4+_central_memory",0.307108727278025
"TATAGATGGACGGA-1","T_cell:CD4+_central_memory",0.302691945442732
"TATAGATGTTCCGC-1","Monocyte:CD16+",0.394844936168771
"TATCCAACCAGCTA-1","Monocyte:CD16+",0.275984576005356
"TATCCAACTCTCTA-1","T_cell:CD4+_effector_memory",0.309181860574937
"TATCGACTACTAGC-1","NK_cell:CD56hiCD62L+",0.244939143353546
"TATCGACTCGATAC-1","Monocyte:CD16+",0.370633017603723
"TATCGTACAGATGA-1","T_cell:CD8+",0.287729756179464
"TATCGTACATTCCT-1","Monocyte:CD16+",0.343361277001108
"TATCTCGAGAGATA-1","T_cell:CD4+_central_memory",0.225573466592858
"TATCTGACAGGTTC-1","T_cell:CD8+",0.274887604907369
"TATCTGACTGTTTC-1","T_cell:CD8+",0.311465416559134
"TATCTTCTAAACAG-1","T_cell:CD4+_central_memory",0.288531367272795
"TATGAATGGAGGAC-1","T_cell:CD8+",0.306590959371518
"TATGAATGTTTGCT-1","Monocyte:CD16+",0.403847321547659
"TATGCGGATAACCG-1","T_cell:CD4+",0.279200794873604
"TATGGGTGCATCAG-1","NK_cell",0.356889237280434
"TATGGGTGCTAGCA-1","B_cell:immature",0.288128019467327
"TATGGTCTCTACCC-1","T_cell:CD4+_central_memory",0.293204688346816
"TATGTCACGGAACG-1","B_cell:immature",0.304769955140399
"TATGTCACTAACCG-1","Monocyte:CD16+",0.378344134361892
"TATGTCACTTCTCA-1","B_cell:immature",0.267131373706728
"TATGTGCTCCGATA-1","Monocyte:CD16-",0.37390656241371
"TATGTGCTGGATTC-1","T_cell:CD4+_central_memory",0.291100132057548
"TATTGCTGAAGAAC-1","Monocyte:CD16-",0.251964662299508
"TATTGCTGCCGTTC-1","Pre-B_cell_CD34-",0.241675072275336
"TATTGCTGTCTGGA-1","T_cell:CD4+_central_memory",0.272397418741743
"TATTGCTGTGCACA-1","T_cell:CD8+",0.190613227837159
"TATTTCCTATTGGC-1","Monocyte:CD16-",0.28780642649853
"TATTTCCTGGAGGT-1","T_cell:CD8+",0.316102819960088
"TATTTCCTGGTGTT-1","T_cell:CD4+_central_memory",0.273749888480486
"TCAACACTGTTTGG-1","T_cell:CD8+",0.333700844652716
"TCAAGGACAGCGTT-1","T_cell:CD4+_central_memory",0.275050932690495
"TCAAGGACATTCTC-1","T_cell:CD8+",0.269687303214516
"TCAAGGACGGTGTT-1","Monocyte:CD16-",0.319657073161746
"TCAATCACACTCTT-1","T_cell:CD8+",0.301597205920927
"TCAATCACAGTCGT-1","Monocyte:CD16+",0.359016913931542
"TCACAACTATGTGC-1","T_cell:CD4+_effector_memory",0.270251376413206
"TCACAACTTTGCTT-1","Pre-B_cell_CD34-",0.277590331115714
"TCACATACACTTTC-1","T_cell:CD4+_effector_memory",0.323188556632554
"TCACATACAGGGTG-1","T_cell:CD4+_effector_memory",0.235555744762847
"TCACCCGAGACGGA-1","Monocyte:CD16+",0.407899905840403
"TCACCGTGCTCGCT-1","Monocyte:CD16+",0.407078273538687
"TCACCTCTACGACT-1","T_cell:CD8+",0.295070200980094
"TCACCTCTTCCAAG-1","Monocyte:CD16+",0.369430191194306
"TCACGAGAGGAGGT-1","B_cell:Memory",0.279935347547219
"TCACTATGGGGCAA-1","T_cell:CD8+",0.274634909074993
"TCACTATGGTTGTG-1","unassigned",0.209261602668577
"TCAGACGACGCTAA-1","T_cell:CD4+_effector_memory",0.310770674646999
"TCAGACGACGTTAG-1","NK_cell",0.307554123746504
"TCAGAGACTCCAGA-1","T_cell:CD4+_Naive",0.253960744058392
"TCAGCAGACTCCAC-1","T_cell:CD4+_central_memory",0.304644063165846
"TCAGCGCTCTAGTG-1","T_cell:CD4+_effector_memory",0.298704630259475
"TCAGCGCTGGATCT-1","B_cell",0.262542874071392
"TCAGCGCTGGTATC-1","T_cell:CD4+_effector_memory",0.309618924945356
"TCAGGATGAAGTAG-1","T_cell:CD4+_Naive",0.281071157106011
"TCAGGATGCCTTTA-1","Monocyte:CD16+",0.372276891845571
"TCAGTGGAAGATCC-1","NK_cell",0.273955990038209
"TCAGTTACCTACGA-1","Monocyte:CD16-",0.356854197435315
"TCAGTTACTAGAAG-1","T_cell:CD4+_central_memory",0.290556581743133
"TCATCAACCCGATA-1","T_cell:CD4+_central_memory",0.297565520728609
"TCATCAACTGTTCT-1","Monocyte:CD16-",0.384731592681435
"TCATCATGCAGTTG-1","T_cell:CD4+_central_memory",0.289913172716791
"TCATCCCTTACTGG-1","T_cell:CD4+_effector_memory",0.330676983309745
"TCATTCGATACAGC-1","Monocyte:CD16+",0.406449409481766
"TCCACGTGGAAACA-1","T_cell:CD4+_central_memory",0.320457495917497
"TCCACTCTACACTG-1","T_cell:CD4+_central_memory",0.301838844527882
"TCCACTCTGAGCTT-1","Monocyte:CD16+",0.370536012320129
"TCCACTCTTACTTC-1","B_cell:immature",0.276637450405517
"TCCATAACAAAGTG-1","T_cell:CD4+_Naive",0.281178644729223
"TCCATAACCGTAGT-1","B_cell:immature",0.271766433484359
"TCCATAACGATGAA-1","T_cell:CD4+_central_memory",0.31862674461714
"TCCATAACTACGCA-1","T_cell:CD4+_central_memory",0.294403155978927
"TCCATCCTCCCTAC-1","T_cell:CD8+",0.305376679955666
"TCCCACGATCATTC-1","T_cell:CD4+_central_memory",0.29979192619772
"TCCCATCTCAAAGA-1","Monocyte:CD16-",0.368659749821248
"TCCCGAACACAGTC-1","NK_cell",0.288613341046712
"TCCCGAACTTCGCC-1","Monocyte:CD16+",0.403748456951962
"TCCCGATGAGATCC-1","T_cell:CD4+_central_memory",0.307923631457845
"TCCCGATGCCTGAA-1","Monocyte:CD16-",0.256511667879723
"TCCCTACTCAACTG-1","B_cell:immature",0.278752087985883
"TCCGAAGACAATCG-1","Monocyte:CD16-",0.291113410064195
"TCCGAAGACGTTAG-1","T_cell:CD4+_central_memory",0.320263022093571
"TCCGGACTGAGGTG-1","T_cell:CD4+_central_memory",0.316216487258295
"TCCGGACTGTACGT-1","T_cell:CD4+_effector_memory",0.295810388936659
"TCCTAAACATCGAC-1","T_cell:CD4+_effector_memory",0.217247582721237
"TCCTAAACCGAGAG-1","T_cell:CD4+_effector_memory",0.338384318775749
"TCCTAAACCGCATA-1","NK_cell",0.268503385155935
"TCCTAATGGTTTGG-1","T_cell:CD8+",0.316298131268062
"TCCTACCTGTCGTA-1","T_cell:CD4+_effector_memory",0.314690004119846
"TCCTATGAAAAGCA-1","T_cell:CD8+",0.268526077379251
"TCGAATCTCTGGTA-1","T_cell:CD8+",0.258793553667356
"TCGACCTGCCGATA-1","Monocyte:CD16+",0.321580335305633
"TCGACGCTTCTATC-1","Monocyte:CD16-",0.344211043048588
"TCGACGCTTTGACG-1","T_cell:CD4+_central_memory",0.296637478941007
"TCGAGAACGACAGG-1","NK_cell:CD56hiCD62L+",0.290059790618976
"TCGAGAACGTTAGC-1","T_cell:CD4+_central_memory",0.341198949624902
"TCGAGCCTATCAGC-1","B_cell:immature",0.250785782967582
"TCGAGCCTGCGAGA-1","T_cell:CD4+_effector_memory",0.330734086605244
"TCGAGCCTTGTGAC-1","T_cell:CD4+_central_memory",0.298715659482428
"TCGATACTATTCCT-1","T_cell:CD4+_effector_memory",0.307151014166128
"TCGATACTTGCACA-1","T_cell:CD4+_effector_memory",0.296424417922048
"TCGATTTGATGCCA-1","Monocyte:CD16+",0.310976627117126
"TCGATTTGCACTCC-1","T_cell:CD4+_Naive",0.301527238241321
"TCGATTTGCAGCTA-1","NK_cell",0.312078400263946
"TCGATTTGCCTACC-1","Monocyte:CD16-",0.358817667111502
"TCGATTTGTCGTGA-1","B_cell",0.270846027161956
"TCGCAGCTAGATCC-1","T_cell:CD4+_effector_memory",0.304154650465851
"TCGCCATGAGACTC-1","T_cell:CD4+_central_memory",0.290735689211971
"TCGCCATGTGGTCA-1","B_cell:immature",0.28865982672602
"TCGGACCTAACAGA-1","T_cell:CD4+_central_memory",0.328806833396911
"TCGGACCTATAAGG-1","B_cell:immature",0.250968323472847
"TCGGACCTGTACAC-1","T_cell:CD4+_effector_memory",0.3810266098361
"TCGGTAGAGTAGGG-1","T_cell:CD4+_central_memory",0.271810780370839
"TCGGTAGATCCCAC-1","B_cell:Naive",0.284669952507502
"TCGTAGGATCGACA-1","T_cell:CD4+_effector_memory",0.348511393020852
"TCGTTATGGACAAA-1","T_cell:CD4+_effector_memory",0.305252547294586
"TCTAACACCAGTTG-1","NK_cell",0.252019923491059
"TCTAACACGAGCAG-1","Monocyte:CD16-",0.339261352843025
"TCTAACTGAACCAC-1","T_cell:CD4+_effector_memory",0.308038882215973
"TCTAAGCTAATGCC-1","T_cell:CD4+_central_memory",0.308168217004194
"TCTAAGCTTAGTCG-1","NK_cell",0.279808968767896
"TCTAAGCTTCTAGG-1","Monocyte:CD16+",0.392257826556539
"TCTAAGCTTGTTCT-1","Monocyte:CD16-",0.330288726343015
"TCTAAGCTTTCGCC-1","B_cell:Naive",0.214893296262979
"TCTACAACGACTAC-1","Monocyte:CD16-",0.371632456365822
"TCTAGACTTAGAAG-1","Monocyte:CD16-",0.314881117319277
"TCTAGTTGCACCAA-1","Monocyte:CD16+",0.389445760598118
"TCTATGTGAAGAGT-1","Monocyte:CD16+",0.278575394006015
"TCTATGTGAGTCTG-1","T_cell:CD4+_central_memory",0.238759439160163
"TCTCAAACCTAAGC-1","B_cell:immature",0.250780905743263
"TCTCTAGAATTTCC-1","T_cell:CD4+_central_memory",0.313376252342424
"TCTGATACACGTGT-1","T_cell:CD4+_central_memory",0.283567882472356
"TCTGATACTCGCCT-1","T_cell:CD4+_central_memory",0.284951169160063
"TCTTACGAACCTGA-1","Monocyte:CD16-",0.328746062961624
"TCTTCAGAGCTACA-1","Monocyte:CD16+",0.404573343948576
"TCTTGATGCGGAGA-1","NK_cell",0.305965009917785
"TGAAATTGGTGAGG-1","Monocyte:CD16-",0.374631592387497
"TGAACCGAAAACGA-1","T_cell:CD4+_central_memory",0.288680638941263
"TGAACCGACTACTT-1","Monocyte:CD16+",0.39282003306395
"TGAACCGATTCGGA-1","Monocyte:CD16+",0.358322127182723
"TGAAGCACTCACGA-1","T_cell:CD4+_effector_memory",0.263414477815279
"TGAAGCTGAACGAA-1","T_cell:CD4+_central_memory",0.298697446315315
"TGAAGCTGCATGGT-1","B_cell:immature",0.275697358683387
"TGAAGCTGCGTAAC-1","T_cell:CD4+_central_memory",0.305215800200698
"TGAATAACCACTTT-1","T_cell:CD4+_central_memory",0.320072685781022
"TGAATAACTCCCAC-1","NK_cell",0.296999946740333
"TGACACGACCTTAT-1","B_cell:immature",0.252750479597567
"TGACCAGACAACCA-1","T_cell:CD4+_central_memory",0.301550965962818
"TGACCAGAGGATTC-1","T_cell:CD8+_effector_memory",0.271350105392457
"TGACCGCTAAAAGC-1","T_cell:CD4+_effector_memory",0.330473878978275
"TGACCGCTCTGCAA-1","T_cell:CD4+_Naive",0.247679891493413
"TGACGATGCAAAGA-1","Monocyte:CD16+",0.304125372096649
"TGACGCCTGTACCA-1","T_cell:CD4+_effector_memory",0.390102096366356
"TGACGCCTTTACTC-1","T_cell:CD4+_central_memory",0.341220730343953
"TGACTGGAAGAGAT-1","Monocyte:CD16-",0.297801414416428
"TGACTGGACCGTAA-1","T_cell:CD4+_effector_memory",0.2827137009585
"TGACTGGACGCAAT-1","T_cell:CD4+_central_memory",0.26008387935454
"TGACTGGAGGACAG-1","B_cell:immature",0.270066683901354
"TGACTGGATTCTCA-1","T_cell:CD4+_effector_memory",0.348371255093821
"TGACTTACACACCA-1","T_cell:CD4+_central_memory",0.35764844503905
"TGACTTACAGTCTG-1","Monocyte:CD16-",0.39958976854715
"TGACTTTGCGCATA-1","T_cell:CD8+_effector_memory",0.278089373704812
"TGACTTTGTTTGTC-1","T_cell:CD4+_effector_memory",0.315300136398234
"TGAGACACAAGGTA-1","T_cell:CD4+_central_memory",0.378696304963786
"TGAGACACTCAAGC-1","NK_cell:CD56hiCD62L+",0.278692386545887
"TGAGCTGAATGCTG-1","Monocyte:CD16+",0.41387477490152
"TGAGCTGACTGGAT-1","Monocyte:CD16-",0.312723208246854
"TGAGCTGATGCTAG-1","Monocyte:CD16-",0.224093219687553
"TGAGGACTCTCATT-1","Monocyte:CD16-",0.386003943718609
"TGAGGACTTCATTC-1","T_cell:CD4+_central_memory",0.330269017525778
"TGAGGTACGAACCT-1","Monocyte:CD16+",0.410495595182963
"TGAGTCGAGTTACG-1","B_cell:immature",0.264661650262839
"TGAGTGACTGAGCT-1","T_cell:CD4+_Naive",0.324532362733969
"TGATAAACGAATCC-1","T_cell:CD4+",0.317828725128054
"TGATAAACTCCGTC-1","NK_cell:CD56hiCD62L+",0.308528328416223
"TGATAAACTTTCAC-1","T_cell:CD4+_Naive",0.291354529349465
"TGATACCTCACTAG-1","Monocyte:CD16-",0.294168894086656
"TGATACCTGTTGGT-1","T_cell:CD4+_central_memory",0.304815018861125
"TGATACCTTATGCG-1","T_cell:CD4+_central_memory",0.274388160688802
"TGATACCTTGAAGA-1","T_cell:CD4+_central_memory",0.344140679952681
"TGATATGAACCTTT-1","T_cell:CD4+_central_memory",0.314894668761895
"TGATCACTAGCATC-1","T_cell:CD4+_effector_memory",0.235900640644915
"TGATCACTCTCGCT-1","T_cell:CD4+_central_memory",0.262905680137831
"TGATCACTTCTACT-1","B_cell:Naive",0.24595516153746
"TGATCGGACTGACA-1","Monocyte:CD16+",0.41547985912132
"TGATCGGAGGAGCA-1","B_cell",0.26724083938361
"TGATCGGATATGCG-1","Monocyte:CD16+",0.28683491003712
"TGATTAGACATTGG-1","T_cell:CD4+_central_memory",0.30182757654748
"TGATTAGATGACTG-1","B_cell:immature",0.243468815453617
"TGATTAGATGCTAG-1","T_cell:CD8+",0.296033162866432
"TGATTCACTATGCG-1","T_cell:CD8+_effector_memory",0.270676376104214
"TGATTCACTGTCAG-1","B_cell:immature",0.26350804634736
"TGATTCTGCCGAAT-1","T_cell:CD4+_effector_memory",0.321276915787962
"TGATTCTGCTCTTA-1","T_cell:CD4+_central_memory",0.314142347958805
"TGCAAGTGAGAACA-1","T_cell:CD4+_effector_memory",0.312652172950925
"TGCAAGTGGGTAGG-1","Monocyte:CD16+",0.288524271421505
"TGCAATCTTCAGGT-1","Monocyte:CD16+",0.395595243871831
"TGCACAGACGACAT-1","NK_cell",0.346289811977528
"TGCCAAGAGCAGTT-1","Monocyte:CD16+",0.332036950106122
"TGCCAAGATCTCTA-1","T_cell:CD4+_effector_memory",0.327602965847988
"TGCCACTGAACGTC-1","T_cell:CD4+_central_memory",0.32296725318312
"TGCCACTGCGATAC-1","NK_cell",0.316952412164101
"TGCCAGCTTGGCAT-1","T_cell:CD4+_central_memory",0.29720914250527
"TGCCCAACAGCAAA-1","T_cell:CD4+_central_memory",0.309849364900719
"TGCCCAACCGCATA-1","Monocyte:CD16+",0.350359093901263
"TGCCGACTCTCCCA-1","B_cell:immature",0.277122553353088
"TGCGAAACAGTCAC-1","B_cell:immature",0.298903454975669
"TGCGAAACGTTGCA-1","B_cell:immature",0.262024468555777
"TGCGATGAACGGTT-1","T_cell:CD4+_effector_memory",0.277965805573686
"TGCGATGACCTCGT-1","T_cell:CD4+_central_memory",0.289498692964845
"TGCGATGACTAGTG-1","B_cell:immature",0.286451266180231
"TGCGATGACTGCTC-1","B_cell:immature",0.307597025390141
"TGCGATGACTTGCC-1","B_cell:immature",0.292316072988256
"TGCGATGAGTGCTA-1","Monocyte:CD16-",0.34410011419712
"TGCGCACTCTTGAG-1","Monocyte:CD16-",0.279960962617244
"TGCGTAGAATAAGG-1","Monocyte:CD16-",0.300791138827783
"TGCGTAGACGGGAA-1","B_cell:immature",0.262442506231603
"TGCGTAGATGGTCA-1","Monocyte:CD16+",0.446695366011441
"TGCTAGGAAACCGT-1","T_cell:CD4+_effector_memory",0.302139797179885
"TGCTAGGATAGTCG-1","T_cell:CD4+_central_memory",0.308985663217877
"TGCTATACGGTTCA-1","Monocyte:CD16-",0.306327682950662
"TGCTATACTGCTGA-1","NK_cell",0.305382711344216
"TGCTGAGAGAGCAG-1","NK_cell",0.302930930074881
"TGCTGAGATTATCC-1","T_cell:CD4+_Naive",0.322064177926648
"TGGAAAGACTCTCG-1","B_cell:immature",0.248050079457496
"TGGAAAGAGCGATT-1","T_cell:CD4+_central_memory",0.344203473486096
"TGGAAAGAGGTCAT-1","Monocyte:CD16+",0.387276252497833
"TGGAAAGATATGGC-1","T_cell:CD8+",0.24942534759903
"TGGAACACAAACAG-1","NK_cell",0.276704543915469
"TGGAACACGCTAAC-1","T_cell:CD8+",0.279790350900549
"TGGAAGCTCAGATC-1","Pre-B_cell_CD34-",0.261249209353053
"TGGACCCTACACTG-1","Monocyte",0.236797972393714
"TGGACCCTCATGGT-1","T_cell:CD4+_effector_memory",0.29201322680133
"TGGACCCTGGTACT-1","Monocyte:CD16+",0.39118846973111
"TGGACTGAGTATGC-1","T_cell:CD4+_central_memory",0.373963389487432
"TGGAGACTATCAGC-1","Monocyte:CD16-",0.36218460582484
"TGGAGACTTCAAGC-1","T_cell:CD4+_Naive",0.301482471023057
"TGGAGACTTGACCA-1","T_cell:CD8+",0.270046249940566
"TGGAGGGACGGAGA-1","Monocyte:CD16-",0.327510079549832
"TGGAGGGAGCTATG-1","T_cell:CD8+",0.210007465715667
"TGGATCGATAAAGG-1","T_cell:CD4+_effector_memory",0.301698608068507
"TGGATGTGACCTAG-1","B_cell:immature",0.270058766807474
"TGGATGTGTGAAGA-1","B_cell:immature",0.311053267251563
"TGGATTCTCATACG-1","T_cell:CD4+_effector_memory",0.324228684889422
"TGGCAATGCTTGTT-1","B_cell:immature",0.261438747945686
"TGGCACCTTCACGA-1","T_cell:CD8+_naive",0.198127449551745
"TGGCACCTTCAGTG-1","Monocyte:CD16-",0.330949699599775
"TGGGTATGAAGAGT-1","T_cell:CD4+_central_memory",0.326221442487982
"TGGGTATGCACAAC-1","T_cell:CD4+_central_memory",0.344414959478818
"TGGGTATGGTACGT-1","B_cell:Naive",0.224194566394196
"TGGGTATGTTTGGG-1","Monocyte:CD16+",0.34413666218089
"TGGTAGACATGCCA-1","T_cell:CD4+_effector_memory",0.311706332318575
"TGGTAGACCCTCAC-1","NK_cell",0.310161290470675
"TGGTAGACCTGATG-1","T_cell:CD4+_central_memory",0.31800191726585
"TGGTAGTGCACTGA-1","Monocyte:CD16+",0.263688403188018
"TGGTATCTAAACAG-1","T_cell:CD4+_central_memory",0.267398535848087
"TGGTATCTCTTCCG-1","T_cell:CD4+_Naive",0.295262683348518
"TGGTCAGACCCAAA-1","CMP",0.245342570566841
"TGGTTACTGACGTT-1","Monocyte:CD16-",0.373992094194262
"TGGTTACTGTTCTT-1","T_cell:CD8+_effector_memory",0.321948697228749
"TGTAACCTAGAGGC-1","T_cell:CD4+_central_memory",0.313800888265822
"TGTAACCTTGCCTC-1","Monocyte:CD16+",0.356048800361541
"TGTAATGACACAAC-1","NK_cell",0.289358632557092
"TGTAATGAGGTAAA-1","NK_cell",0.267349458397074
"TGTACTTGCTCTAT-1","Monocyte:CD16+",0.432639941504754
"TGTAGGTGCGAGAG-1","B_cell:immature",0.236936219919455
"TGTAGGTGCTATGG-1","T_cell:CD4+_central_memory",0.340617617742786
"TGTAGGTGCTCTAT-1","Monocyte:CD16-",0.406596559607399
"TGTAGGTGTGCTGA-1","T_cell:CD4+_Naive",0.291287196848783
"TGTAGTCTTCCAGA-1","CMP",0.307641769071823
"TGTAGTCTTGCACA-1","T_cell:CD4+_effector_memory",0.327245084646854
"TGTATCTGTTAGGC-1","T_cell:CD4+_central_memory",0.300268781352552
"TGTATGCTCATGGT-1","B_cell:immature",0.265642162486298
"TGTATGCTGTAGGG-1","T_cell:gamma-delta",0.261623724348803
"TGTATGCTTTCATC-1","T_cell:CD4+_effector_memory",0.278643072572886
"TGTCAGGAATACCG-1","T_cell:CD8+",0.304178697240771
"TGTCAGGAGATGAA-1","Monocyte:CD16+",0.420167318768818
"TGTCTAACCCCTTG-1","T_cell:CD4+_central_memory",0.264697929240804
"TGTGACGATTCTCA-1","T_cell:CD4+_effector_memory",0.364772381268871
"TGTGAGACTGTCAG-1","Monocyte:CD16+",0.361525081508197
"TGTGAGACTTGAGC-1","T_cell:CD4+_effector_memory",0.298841373556158
"TGTGAGTGACCACA-1","T_cell:CD4+_central_memory",0.287960138046585
"TGTGAGTGAGTGCT-1","Monocyte:CD16+",0.403443342520799
"TGTGAGTGGAGATA-1","T_cell:CD8+",0.234863748065607
"TGTGATCTCTCTAT-1","B_cell:Memory",0.275384530863831
"TGTGATCTGACACT-1","T_cell:CD8+_effector_memory",0.212047439448244
"TGTGGATGGCCAAT-1","B_cell:immature",0.261875437892371
"TGTTAAGACAAAGA-1","Monocyte:CD16+",0.238508748659391
"TGTTAAGATAAGGA-1","Monocyte:CD16-",0.340398117852645
"TGTTACACCGCATA-1","Monocyte:CD16+",0.390934581277371
"TGTTACACGACTAC-1","Monocyte:CD16+",0.31170268337205
"TGTTACTGGCTACA-1","T_cell:CD8+",0.329730458335113
"TGTTACTGTAGTCG-1","T_cell:CD8+",0.285945507286989
"TTAACCACCGTAAC-1","T_cell:CD4+_central_memory",0.311078703310465
"TTAACCACTAAGGA-1","T_cell:CD8+",0.246715950486859
"TTAACCACTCAGAC-1","T_cell:CD4+_effector_memory",0.299679209330287
"TTACACACGTGTTG-1","T_cell:CD4+_effector_memory",0.301208348530688
"TTACACACTCCTAT-1","T_cell:CD4+_central_memory",0.293603874681147
"TTACCATGAATCGC-1","Monocyte:CD16-",0.349612146058153
"TTACCATGGTTGAC-1","T_cell:CD4+_Naive",0.364007058281594
"TTACCATGTGTCTT-1","NK_cell",0.259283797779625
"TTACCATGTTGTGG-1","B_cell:immature",0.287197414046189
"TTACGACTGAGAGC-1","T_cell:CD4+_central_memory",0.331723220784928
"TTACGACTTGACAC-1","Monocyte:CD16-",0.297931700701596
"TTACGTACGTTCAG-1","Platelets",0.17871823588682
"TTACTCGAAGAATG-1","Monocyte:CD16-",0.365831744426927
"TTACTCGACGCAAT-1","Monocyte:CD16-",0.401752092306383
"TTACTCGAGGGTGA-1","T_cell:CD4+_Naive",0.309134304205367
"TTACTCGATCTACT-1","NK_cell:IL2",0.336288557220822
"TTAGAATGTGGTGT-1","T_cell:CD4+_central_memory",0.279806619693799
"TTAGAATGTGTAGC-1","unassigned",0.177430644283781
"TTAGACCTCCTACC-1","T_cell:CD4+_central_memory",0.282798080129411
"TTAGACCTCCTTTA-1","Monocyte:CD16+",0.336674034578515
"TTAGCTACAACCGT-1","T_cell:CD8+",0.276714652547021
"TTAGCTACTGTCCC-1","Monocyte:CD16+",0.392073053709882
"TTAGCTACTTTCGT-1","T_cell:CD4+_effector_memory",0.330238871246742
"TTAGGGACGCGAAG-1","T_cell:CD4+_effector_memory",0.31104390045802
"TTAGGGTGCTGGAT-1","B_cell:immature",0.311063952785543
"TTAGGGTGTCCTGC-1","Monocyte:CD16+",0.370167772911198
"TTAGGTCTACTTTC-1","Monocyte:CD16-",0.26971874678391
"TTAGTCACCAGTTG-1","T_cell:CD4+_effector_memory",0.326010802262335
"TTAGTCTGAAAGCA-1","B_cell:Memory",0.319982695728481
"TTAGTCTGCCAACA-1","NK_cell",0.286688983128523
"TTAGTCTGTGCACA-1","T_cell:CD4+_central_memory",0.283210577490497
"TTATCCGACTAGTG-1","B_cell:immature",0.285023907740714
"TTATCCGAGAAAGT-1","Monocyte:CD16-",0.387457165676281
"TTATGAGAGATAAG-1","NK_cell:CD56hiCD62L+",0.249401743007887
"TTATGCACGTCACA-1","B_cell:Naive",0.263084665082187
"TTATGGCTTATGGC-1","Monocyte:CD16-",0.378336948423335
"TTATTCCTATGCTG-1","Monocyte:CD16-",0.367772683517014
"TTATTCCTGGACAG-1","B_cell:immature",0.294261699995938
"TTATTCCTGGTACT-1","B_cell:Naive",0.287569206366992
"TTATTCCTTCGTGA-1","T_cell:CD4+_effector_memory",0.327808194247935
"TTCAAAGATAAAGG-1","T_cell:CD4+_effector_memory",0.28337834706259
"TTCAACACAACAGA-1","T_cell:CD4+_central_memory",0.308646766449177
"TTCAACACCCCAAA-1","Monocyte:CD16+",0.304876539267318
"TTCAACACGGACGA-1","Monocyte:CD16+",0.371575044541617
"TTCAAGCTAAGAAC-1","Monocyte:CD16-",0.361445727239452
"TTCAAGCTAGATGA-1","T_cell:CD4+_Naive",0.302790481999092
"TTCAAGCTGTTGAC-1","T_cell:CD4+_effector_memory",0.333030312423692
"TTCAAGCTTGATGC-1","T_cell:CD4+_central_memory",0.303980039664654
"TTCAAGCTTTCGCC-1","T_cell:CD4+_Naive",0.296838593974256
"TTCACAACCCGTTC-1","Monocyte:CD16-",0.361455897847634
"TTCACAACGTCTGA-1","Monocyte:CD16+",0.248893596897694
"TTCAGACTACCCAA-1","unassigned",0.210257982408553
"TTCAGACTCTCGAA-1","T_cell:CD4+_central_memory",0.297222117644821
"TTCAGTACCGACTA-1","T_cell:CD4+_central_memory",0.339338950556146
"TTCAGTACTCAAGC-1","T_cell:CD4+_central_memory",0.361180542738829
"TTCAGTACTCCTAT-1","Monocyte:CD16-",0.318999217006198
"TTCAGTTGCCAAGT-1","T_cell:CD4+_central_memory",0.297073013194641
"TTCAGTTGTCCTTA-1","Monocyte:CD16-",0.298212173343917
"TTCAGTTGTCTAGG-1","T_cell:CD4+_effector_memory",0.219307735169375
"TTCAGTTGTCTCGC-1","B_cell:Naive",0.245406737694344
"TTCATCGAGGTGGA-1","Monocyte:CD16+",0.327854618738357
"TTCATGTGTGGTGT-1","T_cell:CD4+_central_memory",0.319964831135453
"TTCATTCTATGTCG-1","Monocyte:CD16+",0.342727202248425
"TTCATTCTTCTCTA-1","T_cell:CD8+",0.233653137888315
"TTCCAAACCTATGG-1","Monocyte:CD16-",0.291560834929315
"TTCCAAACCTCCCA-1","B_cell:immature",0.286632345832678
"TTCCAAACTCCCAC-1","NK_cell",0.237650448466637
"TTCCAAACTTGACG-1","T_cell:CD8+",0.290918419385159
"TTCCATGACGAGAG-1","Monocyte:CD16-",0.310240577378348
"TTCCATGACTGTCC-1","T_cell:CD4+",0.212265970579766
"TTCCCACTTGAGGG-1","NK_cell",0.268245899528474
"TTCCCACTTGTCTT-1","Monocyte:CD16-",0.368561665034641
"TTCCTAGAAAGTGA-1","T_cell:CD4+_Naive",0.257189182202198
"TTCCTAGACTAGTG-1","Monocyte:CD16+",0.32840705202432
"TTCGAGGACTCTAT-1","T_cell:CD4+_effector_memory",0.329548939509167
"TTCGAGGAGGGCAA-1","T_cell:CD4+_effector_memory",0.28762765490451
"TTCGAGGATAGAAG-1","Monocyte:CD16+",0.328683051787058
"TTCGATTGAGCATC-1","T_cell:CD4+_central_memory",0.279539729676801
"TTCGGAGAATGCCA-1","Monocyte:CD16-",0.282868111538862
"TTCGGAGATGTGCA-1","T_cell:CD4+_central_memory",0.310143521366204
"TTCGTATGAAAAGC-1","T_cell:CD8+",0.28954489927787
"TTCGTATGGATAGA-1","T_cell:CD8+",0.284290784339129
"TTCGTATGGTCTGA-1","T_cell:CD4+_central_memory",0.285423158211191
"TTCGTATGTCCTTA-1","Monocyte:CD16+",0.405722536709156
"TTCTACGAACGTAC-1","T_cell:CD4+_central_memory",0.304986959977666
"TTCTACGAGTTGGT-1","T_cell:CD4+_effector_memory",0.327147744405579
"TTCTAGTGACACGT-1","T_cell:CD4+_central_memory",0.359604030096446
"TTCTAGTGCATGAC-1","Monocyte:CD16-",0.327844746380697
"TTCTAGTGGAGAGC-1","NK_cell",0.300216102473408
"TTCTAGTGGTCACA-1","Monocyte:CD16-",0.358040184465582
"TTCTCAGAAGAGAT-1","T_cell:CD4+_central_memory",0.290557200925058
"TTCTCAGAAGCATC-1","B_cell:immature",0.306978908823133
"TTCTCAGATGGAGG-1","T_cell:CD4+_effector_memory",0.360517592706322
"TTCTGATGGAGACG-1","NK_cell",0.34226849899494
"TTCTTACTCTGGAT-1","Monocyte:CD16+",0.328525184651572
"TTGAACCTCCTTGC-1","B_cell:immature",0.242349786733826
"TTGAATGAACTACG-1","Monocyte:CD16+",0.348272929010405
"TTGAATGACTTACT-1","T_cell:CD4+_central_memory",0.297038346711266
"TTGAATGATCTCAT-1","B_cell:immature",0.300371459555572
"TTGACACTCTGTAG-1","T_cell:CD4+_effector_memory",0.284473484034025
"TTGACACTGATAAG-1","B_cell:immature",0.259808250723928
"TTGAGGACAGAACA-1","Monocyte:CD16+",0.331213715815701
"TTGAGGACTACGCA-1","Monocyte:CD16-",0.402753257054277
"TTGAGGTGGACGGA-1","T_cell:CD4+_central_memory",0.273542307733013
"TTGCATTGAGCTAC-1","T_cell:CD8+",0.277501432304673
"TTGCATTGCTAAGC-1","Pre-B_cell_CD34-",0.367438700709169
"TTGCATTGTGACTG-1","T_cell:CD4+_central_memory",0.301961302251445
"TTGCTAACACCAAC-1","T_cell:CD8+",0.289836107392632
"TTGCTAACACGCTA-1","Monocyte:CD16+",0.354371256757573
"TTGCTAACCACTCC-1","T_cell:CD4+_Naive",0.269555320811263
"TTGCTATGGTACGT-1","Monocyte:CD16-",0.382872086583431
"TTGCTATGGTAGGG-1","Monocyte:CD16+",0.394836239730656
"TTGGAGACCAATCG-1","T_cell:CD4+_effector_memory",0.35568603974633
"TTGGAGACGCTATG-1","Monocyte:CD16-",0.34821139759205
"TTGGAGACTATGGC-1","B_cell:immature",0.290146624683153
"TTGGGAACTGAACC-1","T_cell:CD4+_central_memory",0.285386581346564
"TTGGTACTACTGGT-1","Monocyte:CD16+",0.363625544299043
"TTGGTACTCTTAGG-1","T_cell:CD4+_central_memory",0.291527627292491
"TTGGTACTGAATCC-1","B_cell:immature",0.28668349343616
"TTGGTACTGGATTC-1","B_cell:immature",0.28470265220525
"TTGTACACGTTGTG-1","B_cell:Naive",0.264412068680918
"TTGTACACTTGCAG-1","T_cell:CD4+_effector_memory",0.315623730907114
"TTGTAGCTAGCTCA-1","T_cell:CD4+_central_memory",0.331930001600578
"TTGTAGCTCTCTTA-1","B_cell:Naive",0.282745145620929
"TTGTCATGGACGGA-1","NK_cell",0.319199238580903
"TTTAGAGATCCTCG-1","B_cell:immature",0.299291230402907
"TTTAGCTGATACCG-1","T_cell:CD4+_Naive",0.3025818087991
"TTTAGCTGGATACC-1","Monocyte:CD16+",0.338998069386976
"TTTAGCTGTACTCT-1","Monocyte:CD16+",0.367407885764832
"TTTAGGCTCCTTTA-1","Monocyte:CD16-",0.329017822995058
"TTTATCCTGTTGTG-1","Monocyte:CD16+",0.38677002714079
"TTTCACGAGGTTCA-1","T_cell:CD4+_central_memory",0.280482926359826
"TTTCAGTGGAAGGC-1","T_cell:CD4+_effector_memory",0.274217536377376
"TTTCAGTGTCACGA-1","B_cell:immature",0.278492265814507
"TTTCAGTGTCTATC-1","Monocyte:CD16-",0.279673422863964
"TTTCAGTGTGCAGT-1","B_cell:immature",0.253902314477186
"TTTCCAGAGGTGAG-1","T_cell:CD4+_central_memory",0.31988674417006
"TTTCGAACACCTGA-1","Pre-B_cell_CD34-",0.33152466439658
"TTTCGAACTCTCAT-1","Monocyte:CD16-",0.379698843060598
"TTTCTACTGAGGCA-1","B_cell:Plasma_cell",0.308403889097349
"TTTCTACTTCCTCG-1","B_cell:immature",0.25849918434548
"TTTGCATGAGAGGC-1","B_cell:Naive",0.224927192517621
"TTTGCATGCCTCAC-1","T_cell:CD4+_central_memory",0.289491281798198
