barcode,label,confidence
AAACATACAACCAC-1,Trm cytotoxic T cells,0.5011155498644908
AAACATTGAGCTAC-1,B cells,0.9933390287289574
AAACATTGATCAGC-1,Tcm/Naive helper T cells,0.5746767069852796
AAACCGTGCTTCCG-1,Classical monocytes,0.9822983226719948
AAACCGTGTATGCG-1,CD16+ NK cells,0.999557938764034
AAACGCACTGGTAC-1,Regulatory T cells,0.9947026555547667
AAACGCTGACCAGT-1,Tcm/Naive helper T cells,0.8257864599857675
AAACGCTGGTTCTT-1,MAIT cells,0.6729847953405003
AAACGCTGTAGCCA-1,B cells,0.713176336162685
AAACGCTGTTTCTG-1,Non-classical monocytes,0.9842245043859275
AAACTTGAAAAACG-1,B cells,0.9728166370324037
AAACTTGATCCAGA-1,Tcm/Naive cytotoxic T cells,0.944680238076527
AAAGAGACGAGATA-1,Tcm/Naive helper T cells,0.7956490447324266
AAAGAGACGCGAGA-1,Classical monocytes,0.991787903886691
AAAGAGACGGACTT-1,Tem/Trm cytotoxic T cells,0.9662929692497184
AAAGAGACGGCATT-1,Tcm/Naive helper T cells,0.919562726623615
AAAGCAGATATCGG-1,Non-classical monocytes,0.996995044277112
AAAGCCTGTATGCG-1,Tem/Effector helper T cells,0.35047453311112353
AAAGGCCTGTCTAG-1,B cells,0.26069427538705026
AAAGTTTGATCACG-1,B cells,0.9171314437876268
AAAGTTTGGGGTGA-1,B cells,0.9441649171424488
AAAGTTTGTAGAGA-1,Tcm/Naive helper T cells,0.6649002703706905
AAAGTTTGTAGCGT-1,Classical monocytes,0.9921642352960435
AAATCAACAATGCC-1,B cells,0.9901054394269597
AAATCAACACCAGT-1,Tcm/Naive helper T cells,0.8330074188183453
AAATCAACCAGGAG-1,Tcm/Naive cytotoxic T cells,0.9998096268500081
AAATCAACCCTATT-1,Macrophages,0.3843172164408511
AAATCAACGGAAGC-1,Tcm/Naive helper T cells,0.9935371607083282
AAATCAACTCGCAA-1,Tem/Effector helper T cells,0.8441787257645917
AAATCATGACCACA-1,Non-classical monocytes,0.9986638216406645
AAATCCCTCCACAA-1,B cells,0.2690414540832843
AAATCCCTGCTATG-1,B cells,0.9956718884646225
AAATGTTGAACGAA-1,Classical monocytes,0.7832112017976219
AAATGTTGCCACAA-1,Regulatory T cells,0.6644516310630444
AAATGTTGTGGCAT-1,Classical monocytes,0.7590136801224648
AAATTCGAAGGTTC-1,Tcm/Naive helper T cells,0.27686357734864214
AAATTCGAATCACG-1,Classical monocytes,0.9937115305224332
AAATTCGAGCTGAT-1,Non-classical monocytes,0.9997153810171808
AAATTCGAGGAGTG-1,Tcm/Naive cytotoxic T cells,0.9999795931458102
AAATTCGATTCTCA-1,NK cells,0.7743930336044689
AAATTGACACGACT-1,MAIT cells,0.6416490998442618
AAATTGACTCGCTC-1,Tem/Effector helper T cells,0.683963732868276
AACAAACTCATTTC-1,Tcm/Naive helper T cells,0.9890119260438133
AACAAACTTTCGTT-1,Tcm/Naive helper T cells,0.6387057127389808
AACAATACGACGAG-1,Tcm/Naive cytotoxic T cells,0.9994261430429535
AACACGTGCAGAGG-1,Regulatory T cells,0.9082881246867475
AACACGTGGAAAGT-1,Tcm/Naive helper T cells,0.8570056711112511
AACACGTGGAACCT-1,Classical monocytes,0.8864482154447006
AACACGTGGCTACA-1,Tcm/Naive cytotoxic T cells,0.7981918655108635
AACACGTGTACGAC-1,Non-classical monocytes,0.9999514777833968
AACAGCACAAGAGT-1,Classical monocytes,0.9420774805522115
AACATTGATGGGAG-1,Non-classical monocytes,0.9974281531079481
AACCAGTGATACCG-1,Non-classical monocytes,0.9997816459514804
AACCCAGATCGCTC-1,Tcm/Naive helper T cells,0.8095202519200206
AACCGATGCTCCCA-1,Tcm/Naive helper T cells,0.608737465272498
AACCGATGGTCATG-1,B cells,0.9959978712347101
AACCGATGTTCTAC-1,Classical monocytes,0.9596619644175167
AACCGCCTAGCGTT-1,Tem/Effector helper T cells,0.9423539743268939
AACCGCCTCTACGA-1,Classical monocytes,0.7671750955641441
AACCTACTGTGAGG-1,Non-classical monocytes,0.4325210384610224
AACCTACTGTGTTG-1,Tcm/Naive cytotoxic T cells,0.9827721860702531
AACCTTACGAGACG-1,Tcm/Naive helper T cells,0.9480276833794998
AACCTTACGCGAGA-1,CD16+ NK cells,0.9999539641776297
AACCTTACTAACGC-1,Non-classical monocytes,0.9498106371425513
AACCTTTGGACGGA-1,Tcm/Naive helper T cells,0.9810119529500299
AACCTTTGTACGCA-1,Non-classical monocytes,0.9980769001305373
AACGCAACAAGTAG-1,Regulatory T cells,0.7199248224541753
AACGCATGACCCAA-1,Tem/Effector helper T cells,0.927102978584078
AACGCATGCCTTCG-1,Tcm/Naive cytotoxic T cells,0.9984989161065556
AACGCATGTACTTC-1,Regulatory T cells,0.4991359923798403
AACGCCCTCGGGAA-1,Tem/Effector helper T cells,0.6535336135487073
AACGCCCTCGTACA-1,CD16+ NK cells,0.999899080400647
AACGCCCTGGCATT-1,Tcm/Naive helper T cells,0.6511064371726684
AACGTCGAGTATCG-1,CD16+ NK cells,0.9997757975526663
AACGTGTGAAAGCA-1,Tcm/Naive helper T cells,0.787099173274723
AACGTGTGGCGGAA-1,B cells,0.994929943716629
AACGTGTGTCCAAG-1,Tcm/Naive cytotoxic T cells,0.8355726679558468
AACGTGTGTGCTTT-1,Regulatory T cells,0.5113712416103561
AACTACCTTAGAGA-1,Tcm/Naive helper T cells,0.9433950722023607
AACTCACTCAAGCT-1,Classical monocytes,0.9194235039059265
AACTCACTTGGAGG-1,Classical monocytes,0.9891808982295547
AACTCGGAAAGTGA-1,MAIT cells,0.5925291646242298
AACTCGGAAGGTCT-1,Classical monocytes,0.9807502656136277
AACTCTTGCAGGAG-1,Regulatory T cells,0.7490366483369437
AACTGTCTCCCTTG-1,Classical monocytes,0.8705781359124115
AACTTGCTACGCTA-1,B cells,0.9653381142734438
AACTTGCTGGGACA-1,Tcm/Naive helper T cells,0.9941696666564387
AAGAACGAGTGTTG-1,Tcm/Naive helper T cells,0.29934348456039817
AAGAAGACGTAGGG-1,B cells,0.9936140573949961
AAGACAGAAGTCTG-1,B cells,0.9908056015067904
AAGACAGAGGATCT-1,Tcm/Naive helper T cells,0.961567699556949
AAGACAGATTACCT-1,Classical monocytes,0.970910909731751
AAGAGATGGGTAGG-1,B cells,0.747491257286995
AAGATGGAAAACAG-1,B cells,0.9872410797544288
AAGATGGAGAACTC-1,Classical monocytes,0.6833938297509206
AAGATGGAGATAAG-1,Classical monocytes,0.9557611768860252
AAGATTACAACCTG-1,Tcm/Naive helper T cells,0.9972490066315856
AAGATTACAGATCC-1,Classical monocytes,0.8961306268331217
AAGATTACCCGTTC-1,Classical monocytes,0.9520540292486577
AAGATTACCGCCTT-1,DC,0.897764509568901
AAGATTACCTCAAG-1,CD16+ NK cells,0.999992488289289
AAGATTACTCCTCG-1,Classical monocytes,0.8912242427453465
AAGCAAGAGCGAGA-1,Trm cytotoxic T cells,0.35555425341746283
AAGCAAGAGCTTAG-1,CD16+ NK cells,0.17796562137040695
AAGCAAGAGGTGTT-1,CD16+ NK cells,0.7155419320404578
AAGCACTGAGCAAA-1,B cells,0.9980487330341421
AAGCACTGCATACG-1,NK cells,0.607583585722767
AAGCACTGGTTCTT-1,B cells,0.9908123141482287
AAGCCAACGTGTTG-1,Tcm/Naive helper T cells,0.982487230882453
AAGCCATGAACTGC-1,DC2,0.6010325822441128
AAGCCATGACACGT-1,Classical monocytes,0.9602042615841051
AAGCCATGCGTGAT-1,Tcm/Naive helper T cells,0.8550658528398156
AAGCCATGTCTCGC-1,Tem/Trm cytotoxic T cells,0.5143926379220874
AAGCCTGACATGCA-1,Regulatory T cells,0.9976757062967921
AAGCCTGACCGAAT-1,Classical monocytes,0.9608500204094801
AAGCGACTCCTCAC-1,Non-classical monocytes,0.9709029073783059
AAGCGACTGTGTCA-1,Tcm/Naive cytotoxic T cells,0.9645928669683616
AAGCGACTTACAGC-1,B cells,0.9874995137839068
AAGCGACTTTGACG-1,Non-classical monocytes,0.9986691880451513
AAGCGTACGTCTTT-1,Tcm/Naive cytotoxic T cells,0.5292500493796691
AAGGCTTGCGAACT-1,Tem/Trm cytotoxic T cells,0.8694727017153041
AAGGTCACGGTTAC-1,Classical monocytes,0.9662504318744406
AAGGTCACTGTTTC-1,B cells,0.9566132252547902
AAGGTCACTTCCCG-1,MAIT cells,0.9858830267873281
AAGGTCTGACAGTC-1,Tcm/Naive cytotoxic T cells,0.3243831757758331
AAGGTCTGCAGATC-1,Tcm/Naive helper T cells,0.649191326543598
AAGTAACTCTGAAC-1,Classical monocytes,0.8220425269197277
AAGTAACTGAGATA-1,B cells,0.9267684990520957
AAGTAGGATACAGC-1,CD16+ NK cells,0.9892937475775695
AAGTATACCGAACT-1,Tcm/Naive helper T cells,0.9382479177221612
AAGTCCGACTTGTT-1,Tcm/Naive helper T cells,0.6288101259025525
AAGTCCGATAGAAG-1,Tcm/Naive cytotoxic T cells,0.9991087648510556
AAGTCTCTAGTCGT-1,Tcm/Naive helper T cells,0.9858759020915692
AAGTCTCTCGGAGA-1,Trm cytotoxic T cells,0.24937449815835272
AAGTGGCTTGGAGG-1,B cells,0.9661854700158387
AAGTTCCTCATTCT-1,Non-classical monocytes,0.9309912109667446
AAGTTCCTTCTTAC-1,Tcm/Naive cytotoxic T cells,0.9375007081261505
AATAAGCTCGAATC-1,Tem/Effector helper T cells,0.4093902935205657
AATAAGCTCGTTGA-1,Tcm/Naive helper T cells,0.9944919082577778
AATACCCTGGACGA-1,B cells,0.9954455864051576
AATACCCTGGCATT-1,Tcm/Naive helper T cells,0.5575051801502576
AATACTGAAAGGGC-1,CD16+ NK cells,0.7822227998075515
AATACTGAATTGGC-1,CD16+ NK cells,0.9990796850761097
AATAGGGAACCCTC-1,B cells,0.9934682116581909
AATAGGGAGAATGA-1,Tem/Trm cytotoxic T cells,0.16828801133956187
AATCAAACTATCGG-1,Tcm/Naive cytotoxic T cells,0.1835739074432814
AATCCGGAATGCTG-1,B cells,0.9925508452373918
AATCCTACCGGTAT-1,Tcm/Naive helper T cells,0.9708396992971284
AATCCTTGACGGGA-1,Classical monocytes,0.745381217026768
AATCCTTGGTGAGG-1,CD16+ NK cells,0.9999770616793471
AATCGGTGGAACTC-1,Tem/Temra cytotoxic T cells,0.3852216640204121
AATCGGTGTGCTTT-1,Tcm/Naive cytotoxic T cells,0.5503990959581039
AATCTAGAAAAGTG-1,Tem/Effector helper T cells,0.32431912765413573
AATCTAGAATCGGT-1,Tcm/Naive cytotoxic T cells,0.9993600008685903
AATCTCACAGCCTA-1,Classical monocytes,0.9588917568318412
AATCTCACTCTAGG-1,Tcm/Naive helper T cells,0.8959375863834037
AATCTCTGAACAGA-1,Tcm/Naive helper T cells,0.8303273503477085
AATCTCTGCTTTAC-1,CD16+ NK cells,0.9990044405175197
AATGATACACCAAC-1,NK cells,0.36643644051491325
AATGATACGGTCAT-1,Classical monocytes,0.779156365627581
AATGCGTGACACCA-1,B cells,0.9703866658516579
AATGCGTGGACGGA-1,DC3,0.41556164028936216
AATGCGTGGCTATG-1,B cells,0.990046916002498
AATGGAGAATCGTG-1,Classical monocytes,0.9966452048400684
AATGGAGATCCTTA-1,Tem/Trm cytotoxic T cells,0.617276761142174
AATGGCTGACACCA-1,B cells,0.9999140636435979
AATGGCTGCGTGAT-1,Tcm/Naive helper T cells,0.8219687375061604
AATGGCTGTAAAGG-1,MAIT cells,0.4966255074267088
AATGGCTGTACTCT-1,Tem/Trm cytotoxic T cells,0.9676593774038914
AATGGCTGTGAAGA-1,Tcm/Naive helper T cells,0.9730767233312474
AATGTAACGGTGGA-1,Tcm/Naive helper T cells,0.9943163239209731
AATGTCCTCTTCTA-1,Tcm/Naive helper T cells,0.2196012221788749
AATGTTGACAGTCA-1,Tcm/Naive helper T cells,0.9462345143904461
AATGTTGAGTTGAC-1,Classical monocytes,0.9524530892798934
AATGTTGATCTACT-1,Regulatory T cells,0.7575611119306174
AATTACGAATTCCT-1,DC2,0.48317909240506735
AATTACGACTTCTA-1,Tcm/Naive helper T cells,0.942096843071144
AATTACGAGTGAGG-1,Tcm/Naive helper T cells,0.5289066050677849
AATTACGATTGGCA-1,B cells,0.9786469737577673
AATTCCTGCTCAGA-1,B cells,0.9192974434126004
AATTGATGTCGCAA-1,Non-classical monocytes,0.9996560563988424
AATTGTGACTTGGA-1,B cells,0.9977329482587388
ACAAAGGAGGGTGA-1,Tcm/Naive helper T cells,0.3944316474231509
ACAAATTGATTCTC-1,Non-classical monocytes,0.9847347667785682
ACAAATTGCTCAGA-1,Classical monocytes,0.9232889616913129
ACAAATTGTTGCGA-1,CD16+ NK cells,0.9991216079753025
ACAACCGAGGGATG-1,CD16+ NK cells,0.9973117137446721
ACAACCGAGTTACG-1,Tcm/Naive helper T cells,0.4291875077202379
ACAAGAGAAGTCGT-1,Classical monocytes,0.7988793120149111
ACAAGAGACTTATC-1,Tcm/Naive cytotoxic T cells,0.32876542045765594
ACAAGAGAGTTGAC-1,B cells,0.9999335724393504
ACAATCCTAACCGT-1,Tcm/Naive helper T cells,0.6271060058759149
ACAATCCTTAGCGT-1,B cells,0.9941104402697668
ACAATTGACTGACA-1,NK cells,0.6272294241939976
ACAATTGATGACTG-1,CD16+ NK cells,0.9995924894080285
ACACAGACCATACG-1,Tem/Trm cytotoxic T cells,0.7359664653153561
ACACCAGAGGGCAA-1,Tem/Trm cytotoxic T cells,0.9998657048027518
ACACCCTGGTGTTG-1,CD16+ NK cells,0.9999378003065965
ACACGAACAGTTCG-1,Tcm/Naive helper T cells,0.713541288950874
ACACGATGACGCAT-1,MAIT cells,0.9686705573383748
ACACGATGATGTGC-1,Non-classical monocytes,0.9395776720180404
ACACGATGTCGTAG-1,Tem/Trm cytotoxic T cells,0.9875920052257151
ACACGATGTGGTCA-1,Tem/Trm cytotoxic T cells,0.7990562509335563
ACAGACACGGCATT-1,Tcm/Naive cytotoxic T cells,0.1244966195289596
ACAGACACGTTGTG-1,Tcm/Naive helper T cells,0.8502489799072026
ACAGCAACACCTAG-1,Classical monocytes,0.7217059145387226
ACAGCAACCTCAAG-1,Non-classical monocytes,0.9999207809076471
ACAGGTACCCCACT-1,Tcm/Naive helper T cells,0.9655714435996008
ACAGGTACGCTGTA-1,MAIT cells,0.978708385811639
ACAGGTACTGGTGT-1,CD16+ NK cells,0.9999941398493685
ACAGTCGACCCAAA-1,Tcm/Naive cytotoxic T cells,0.7274207119828467
ACAGTCGACCGATA-1,Tem/Trm cytotoxic T cells,0.9761687839557314
ACAGTGACTCACCC-1,Tem/Trm cytotoxic T cells,0.9240632486255165
ACAGTGACTCTATC-1,MAIT cells,0.9721321539297115
ACAGTGTGGTCACA-1,Tcm/Naive helper T cells,0.9973160859207448
ACAGTGTGTTGCGA-1,Classical monocytes,0.9909990419787102
ACATCACTCTACTT-1,Non-classical monocytes,0.9022008405025319
ACATGGTGAAGCCT-1,Tcm/Naive cytotoxic T cells,0.5149295115868862
ACATGGTGCAACCA-1,B cells,0.9645366492060669
ACATGGTGCGAGTT-1,Tcm/Naive helper T cells,0.9462115631214976
ACATTCTGGCATAC-1,Tcm/Naive helper T cells,0.9969691238230638
ACATTCTGGGAACG-1,Classical monocytes,0.9770054481239111
ACCAACGACATGCA-1,Tcm/Naive cytotoxic T cells,0.4982468696130886
ACCACAGAAAGTAG-1,Tcm/Naive helper T cells,0.9514974608982236
ACCACAGAGTTGGT-1,Tcm/Naive helper T cells,0.9867009185608423
ACCACCTGTGTGCA-1,Tcm/Naive helper T cells,0.9828883315142694
ACCACGCTACAGCT-1,Tcm/Naive helper T cells,0.7965702970520907
ACCACGCTACCCAA-1,Tem/Trm cytotoxic T cells,0.94123331533454
ACCACGCTGCGAGA-1,Tem/Effector helper T cells,0.3786072302039851
ACCACGCTGCTGTA-1,Tcm/Naive cytotoxic T cells,0.34189076548465513
ACCAGCCTGACAGG-1,Tcm/Naive helper T cells,0.7383903865548087
ACCAGTGAACGGTT-1,B cells,0.9840073351740772
ACCAGTGAATACCG-1,Non-classical monocytes,0.98403332249949
ACCAGTGAGGGATG-1,Tcm/Naive cytotoxic T cells,0.9999600375311077
ACCAGTGATGACTG-1,Classical monocytes,0.7822433859538378
ACCATTACCTTCTA-1,Tcm/Naive helper T cells,0.753714878504434
ACCATTACGAGATA-1,Regulatory T cells,0.9971815528853044
ACCATTTGTCATTC-1,Tcm/Naive helper T cells,0.5119850567893508
ACCCAAGAACTGTG-1,Tem/Trm cytotoxic T cells,0.1415688299151636
ACCCAAGAATTCCT-1,Non-classical monocytes,0.9971626933666004
ACCCAAGAGGACAG-1,Tem/Effector helper T cells,0.9718453056679957
ACCCAAGATTCACT-1,B cells,0.9938725966675732
ACCCACTGCGCCTT-1,Non-classical monocytes,0.9397415267131886
ACCCACTGGACAGG-1,Tcm/Naive cytotoxic T cells,0.9761895295044752
ACCCACTGGTTCAG-1,Megakaryocytes/platelets,0.982793143875956
ACCCACTGTCGTAG-1,Classical monocytes,0.9865589466013006
ACCCAGCTCAGAAA-1,Tcm/Naive helper T cells,0.8803348840282971
ACCCAGCTGTTAGC-1,Classical monocytes,0.965256732882081
ACCCAGCTTGCTTT-1,Tcm/Naive helper T cells,0.9820876051933365
ACCCGTTGATGACC-1,B cells,0.9880351186067234
ACCCGTTGCTGCAA-1,Tcm/Naive helper T cells,0.6087423691845172
ACCCGTTGCTTCTA-1,pDC,0.9975473663551758
ACCCTCGACCTATT-1,Regulatory T cells,0.5688239008539734
ACCCTCGACGGTAT-1,B cells,0.9043960083080939
ACCCTCGATAAGGA-1,Classical monocytes,0.9451304909699689
ACCCTCGATCAAGC-1,Non-classical monocytes,0.7968522724396725
ACCGTGCTACCAGT-1,Tem/Effector helper T cells,0.7332078331663394
ACCGTGCTGGAACG-1,B cells,0.9980397565649389
ACCTATTGCTGAGT-1,B cells,0.9974752962776299
ACCTATTGTGCCCT-1,Non-classical monocytes,0.9988594544987928
ACCTCCGAGTCCTC-1,Tem/Effector helper T cells,0.3699201130243133
ACCTCCGATATGCG-1,Tem/Effector helper T cells,0.42222370796159664
ACCTCCGATGCTGA-1,Tcm/Naive helper T cells,0.8103731177640208
ACCTCGTGAACCAC-1,MAIT cells,0.9110438983945355
ACCTGAGATATCGG-1,Classical monocytes,0.9560890307009438
ACCTGGCTAAGTAG-1,CD16+ NK cells,0.9999887313833685
ACCTTTGACTCCCA-1,Classical monocytes,0.9896338505885384
ACCTTTGAGGAACG-1,Classical monocytes,0.8047431871373625
ACCTTTGAGGAAGC-1,Non-classical monocytes,0.7879965628016176
ACGAACACCTTGTT-1,Tem/Temra cytotoxic T cells,0.6065597697121341
ACGAACTGGCTATG-1,Non-classical monocytes,0.99778172723827
ACGAAGCTCTCCAC-1,Tcm/Naive cytotoxic T cells,0.9767859754024578
ACGAAGCTCTGAGT-1,B cells,0.9994287458554116
ACGACCCTATCTCT-1,Non-classical monocytes,0.7480451871660534
ACGACCCTGATGAA-1,Tcm/Naive cytotoxic T cells,0.470608623391681
ACGACCCTTGACAC-1,B cells,0.9827601548964211
ACGACCCTTGACCA-1,Tcm/Naive helper T cells,0.9799183232954469
ACGAGGGACAGGAG-1,DC2,0.791792096824686
ACGAGGGACGAACT-1,Tcm/Naive helper T cells,0.581155370392429
ACGAGGGATGTAGC-1,Tem/Effector helper T cells,0.5002269152090584
ACGAGTACCCTAAG-1,B cells,0.9988280255489571
ACGAGTACGAATCC-1,B cells,0.7503680064541738
ACGATCGAGGACTT-1,NK cells,0.9328493356172356
ACGATCGAGTCACA-1,Classical monocytes,0.9997566832957259
ACGATGACAATGCC-1,Tcm/Naive helper T cells,0.7561161762750229
ACGATGACTGGTCA-1,Tcm/Naive helper T cells,0.325917595068614
ACGATTCTACGGGA-1,Tem/Trm cytotoxic T cells,0.9925931662644738
ACGCAATGGTTCAG-1,CD16+ NK cells,0.9536539528771483
ACGCACCTGTTAGC-1,B cells,0.945881978825829
ACGCCACTGAACTC-1,Classical monocytes,0.8372934169555776
ACGCCGGAAACCAC-1,Classical monocytes,0.9838399865281724
ACGCCGGAAAGCCT-1,Tcm/Naive helper T cells,0.7680698717954867
ACGCCGGAAATGCC-1,Tcm/Naive helper T cells,0.23321544905591987
ACGCCTTGCTCCCA-1,Non-classical monocytes,0.9333306254039458
ACGCGGTGGCGAGA-1,Tcm/Naive helper T cells,0.5637328241831824
ACGCGGTGTGTGGT-1,B cells,0.936654644962473
ACGCGGTGTTTGCT-1,CD16+ NK cells,0.4587891764254343
ACGCTCACAGTACC-1,Tcm/Naive helper T cells,0.994882099107804
ACGCTCACCCTTGC-1,Tcm/Naive helper T cells,0.9349874236089679
ACGCTGCTGTTCTT-1,CD16+ NK cells,0.9671473247880864
ACGGAACTCAGATC-1,CD16+ NK cells,0.9962182704900868
ACGGAACTGTCGTA-1,Non-classical monocytes,0.9980406704971682
ACGGAGGACTCTTA-1,Classical monocytes,0.890977861108824
ACGGATTGGGAGGT-1,B cells,0.9883231730760765
ACGGATTGGTTAGC-1,Tcm/Naive helper T cells,0.9489668173451733
ACGGCTCTGAGCAG-1,Tem/Effector helper T cells,0.7489274589286022
ACGGCTCTTGCACA-1,Tcm/Naive helper T cells,0.7559218454624861
ACGGTAACCGCTAA-1,Treg(diff),0.602760825295775
ACGGTAACCTTCGC-1,NK cells,0.6782796890296147
ACGGTAACGGTGGA-1,Tcm/Naive helper T cells,0.9988016463636282
ACGGTAACTCGCAA-1,Tem/Trm cytotoxic T cells,0.5137055676835642
ACGGTATGAGTCGT-1,Classical monocytes,0.8465342366013262
ACGGTATGGGTATC-1,B cells,0.9973352139444424
ACGGTATGGTTGTG-1,B cells,0.9892703327046392
ACGGTCCTAACGGG-1,Tem/Effector helper T cells,0.10418254970111336
ACGGTCCTCGGGAA-1,Tem/Effector helper T cells,0.5105612761818709
ACGTAGACAACCAC-1,Tcm/Naive helper T cells,0.30147717650560185
ACGTAGACTACAGC-1,B cells,0.9995856182889965
ACGTCAGAAACGAA-1,Tem/Effector helper T cells,0.9277925649818046
ACGTCAGAGAGCTT-1,Non-classical monocytes,0.7818476524275985
ACGTCAGAGGGATG-1,Regulatory T cells,0.8204312574534807
ACGTCCTGATAAGG-1,Classical monocytes,0.9905736177940248
ACGTCCTGTGAACC-1,Non-classical monocytes,0.76248293912069
ACGTCGCTCCTGAA-1,NK cells,0.7378587578328298
ACGTCGCTCTATTC-1,DC,0.9422389500120384
ACGTCGCTTCTCAT-1,B cells,0.92338150888073
ACGTGATGCCATGA-1,DC,0.7561667875265343
ACGTGATGGGTCTA-1,Tcm/Naive cytotoxic T cells,0.9525913047036474
ACGTGATGTAACCG-1,Non-classical monocytes,0.987351794799533
ACGTGATGTGACAC-1,CD16+ NK cells,0.9996458728528756
ACGTGCCTCCGTAA-1,Regulatory T cells,0.9966753305808507
ACGTGCCTTCTATC-1,NK cells,0.5918538411146448
ACGTTACTTTCCAT-1,Tcm/Naive helper T cells,0.9914236232634888
ACGTTGGAAAAGCA-1,Tcm/Naive cytotoxic T cells,0.9775547674403199
ACGTTGGAAACCTG-1,Tem/Temra cytotoxic T cells,0.07031849251788913
ACGTTGGACCGTAA-1,Classical monocytes,0.9966111609569039
ACGTTGGAGCCAAT-1,CD16+ NK cells,0.9998873327782791
ACGTTGGATATGGC-1,B cells,0.9747085949672422
ACGTTGGATCAGGT-1,Non-classical monocytes,0.9803645122262113
ACGTTTACATCAGC-1,Tcm/Naive cytotoxic T cells,0.8291713520447372
ACTAAAACCCACAA-1,Tem/Trm cytotoxic T cells,0.9326193261066393
ACTAAAACTCGACA-1,Classical monocytes,0.9538937627791507
ACTACGGAATTTCC-1,Tem/Effector helper T cells,0.8870582848844522
ACTACGGACCTATT-1,Tcm/Naive helper T cells,0.9766676136180953
ACTACGGATCGCTC-1,Tcm/Naive helper T cells,0.8773766711336781
ACTACTACTAAGGA-1,Tcm/Naive cytotoxic T cells,0.993510492271382
ACTAGGTGGAACCT-1,Tem/Effector helper T cells,0.25872606035044704
ACTAGGTGGAACTC-1,Tcm/Naive helper T cells,0.9536216476153118
ACTATCACCTTGGA-1,Tem/Trm cytotoxic T cells,0.8376072661889252
ACTATCACTGCCAA-1,Tcm/Naive helper T cells,0.9910641371469195
ACTCAGGACTGAAC-1,Tcm/Naive helper T cells,0.9887524135152275
ACTCAGGATCTATC-1,B cells,0.999535373451153
ACTCAGGATTCGTT-1,Classical monocytes,0.8057140271972899
ACTCCTCTCAACTG-1,Tem/Effector helper T cells,0.862140327849868
ACTCGCACGAAAGT-1,Classical monocytes,0.9896615583105869
ACTCGCACTACGAC-1,Classical monocytes,0.9985221717409969
ACTCTCCTGACACT-1,Tcm/Naive helper T cells,0.8161315191623559
ACTCTCCTGCATAC-1,MEMP,0.27893024824975393
ACTCTCCTGTTTGG-1,Tcm/Naive helper T cells,0.9930102110060485
ACTGAGACAACCAC-1,MAIT cells,0.7113019851021427
ACTGAGACCCATAG-1,Non-classical monocytes,0.9966310775775618
ACTGAGACGTTGGT-1,B cells,0.816775204812497
ACTGCCACACACGT-1,Tem/Trm cytotoxic T cells,0.7767099487658129
ACTGCCACTCCGTC-1,CD16+ NK cells,0.9952744564579842
ACTGGCCTTCAGTG-1,CD16+ NK cells,0.9994183698384551
ACTGTGGACGTGTA-1,Tem/Temra cytotoxic T cells,0.8935696889453745
ACTGTGGATCTAGG-1,B cells,0.9898088029451116
ACTGTTACCCACAA-1,Classical monocytes,0.8950552444589396
ACTGTTACTGCAGT-1,Tcm/Naive cytotoxic T cells,0.8072656429474442
ACTTAAGAACCACA-1,Tcm/Naive cytotoxic T cells,0.9401941946844523
ACTTAAGATTACTC-1,DC,0.334252921117832
ACTTAGCTGCGTAT-1,Non-classical monocytes,0.9909884354319578
ACTTAGCTGGGAGT-1,Tcm/Naive helper T cells,0.9823944803738405
ACTTCAACAAGCAA-1,Tem/Trm cytotoxic T cells,0.9053111984338442
ACTTCAACGTAGGG-1,CD16+ NK cells,0.9981023669006667
ACTTCCCTTTCCGC-1,Tcm/Naive helper T cells,0.8488107444490797
ACTTCTGACATGCA-1,B cells,0.6298352662520404
ACTTGACTCCACAA-1,B cells,0.9984215628523095
ACTTGGGAGAAAGT-1,Classical monocytes,0.9871685588212621
ACTTGGGAGGTTTG-1,Regulatory T cells,0.8066776243907672
ACTTGGGATGTGAC-1,Non-classical monocytes,0.9884758881853831
ACTTGGGATTGACG-1,Classical monocytes,0.7974356930504671
ACTTGTACCTGTCC-1,Tcm/Naive helper T cells,0.9880862884805557
ACTTTGTGGAAAGT-1,Tcm/Naive helper T cells,0.7532071124886224
ACTTTGTGGATAGA-1,Non-classical monocytes,0.41172338384357865
AGAAACGAAAGTAG-1,B cells,0.8619131392327463
AGAAAGTGCGCAAT-1,Tcm/Naive helper T cells,0.6587607172653017
AGAAAGTGGGGATG-1,Classical monocytes,0.9815510659995816
AGAACAGAAATGCC-1,CD16+ NK cells,0.9986277003066747
AGAACAGACGACTA-1,B cells,0.9357055286285711
AGAACAGAGACAAA-1,Tem/Effector helper T cells,0.9847849020703746
AGAACGCTTTGCTT-1,Tcm/Naive helper T cells,0.9798133908117881
AGAAGATGTGACTG-1,Tem/Effector helper T cells,0.7223751436637368
AGAATGGAAGAAGT-1,Regulatory T cells,0.31310277518175805
AGAATTTGTAACCG-1,Tcm/Naive helper T cells,0.9018006527936798
AGAATTTGTAGAGA-1,Tcm/Naive helper T cells,0.9896404412171829
AGACACACTGTAGC-1,Tcm/Naive cytotoxic T cells,0.9875137166091461
AGACACTGTCAAGC-1,Classical monocytes,0.9740734059953706
AGACCTGAAGTAGA-1,Classical monocytes,0.9993845439906492
AGACCTGACCAACA-1,Tcm/Naive helper T cells,0.7118421779296878
AGACCTGAGGAAGC-1,MAIT cells,0.9828489720499818
AGACGTACAGAGGC-1,Tcm/Naive helper T cells,0.750252601810407
AGACGTACCCCTAC-1,B cells,0.9988453109483761
AGACGTACCTCTTA-1,CD16- NK cells,0.24984578360355794
AGACGTACTCGTGA-1,Non-classical monocytes,0.998213052223826
AGACTGACCATCAG-1,Tem/Trm cytotoxic T cells,0.996355525985809
AGACTGACCCTTTA-1,Tcm/Naive cytotoxic T cells,0.9987920480249355
AGACTTCTCATGCA-1,B cells,0.7272139349536114
AGAGATGACAGTCA-1,B cells,0.9874836134625781
AGAGATGACTGAAC-1,Tcm/Naive helper T cells,0.9770678587971112
AGAGATGAGGTTTG-1,Macrophages,0.7637268719060892
AGAGATGATCTCGC-1,B cells,0.8907215805275447
AGAGATGATTGTGG-1,Tcm/Naive cytotoxic T cells,0.23436681720876473
AGAGCGGAGGCAAG-1,Non-classical monocytes,0.8364376589155932
AGAGTCTGGTCGTA-1,Non-classical monocytes,0.9950259764875744
AGAGTGCTCAGCTA-1,Tcm/Naive helper T cells,0.9211757216258623
AGAGTGCTCGAATC-1,Tcm/Naive helper T cells,0.9221379007784776
AGAGTGCTGTCATG-1,Tcm/Naive helper T cells,0.9473457178636672
AGAGTGCTGTCCTC-1,MAIT cells,0.9791519142106059
AGAGTGCTGTGTTG-1,B cells,0.9996476540443783
AGATATACCCGTAA-1,CD16+ NK cells,0.8756739217014972
AGATATACGATGAA-1,Tcm/Naive helper T cells,0.9641975586566037
AGATATACTGTTCT-1,B cells,0.9035940928714895
AGATATTGCCTACC-1,Tem/Trm cytotoxic T cells,0.9895880490531451
AGATATTGGCCAAT-1,Classical monocytes,0.9476072064619583
AGATCGTGTCTGGA-1,Classical monocytes,0.9644182411732557
AGATCGTGTTTGTC-1,B cells,0.9995378370386184
AGATCTCTATCACG-1,B cells,0.9517282009390856
AGATTAACGTTCTT-1,Non-classical monocytes,0.9990653889496658
AGATTCCTATCGTG-1,Tcm/Naive helper T cells,0.6779754884806178
AGATTCCTCACTTT-1,Classical monocytes,0.9986721048351698
AGATTCCTGACGAG-1,Classical monocytes,0.912052229714486
AGATTCCTGTTCAG-1,CD16+ NK cells,0.9997682535919336
AGCAAAGATATGCG-1,Tcm/Naive helper T cells,0.9698201960542318
AGCACAACAGTCTG-1,Tcm/Naive cytotoxic T cells,0.7760688774639758
AGCACTGAGGGAGT-1,Tcm/Naive helper T cells,0.7926525967956025
AGCACTGATATGCG-1,Regulatory T cells,0.9945208366686359
AGCACTGATGCTTT-1,DC,0.8932764946931179
AGCACTGATTGCGA-1,Tcm/Naive helper T cells,0.842326799982835
AGCATCGAAGATCC-1,Regulatory T cells,0.985627334503816
AGCATCGAAGGGTG-1,B cells,0.9087751499604725
AGCATCGAGCTTCC-1,Classical monocytes,0.9901221078988155
AGCATCGAGTGAGG-1,Tem/Effector helper T cells,0.6440132531652794
AGCATCGATAACCG-1,Classical monocytes,0.9933961681847727
AGCATGACGATGAA-1,NK cells,0.39956979907771034
AGCCAATGGGGAGT-1,Non-classical monocytes,0.9874020317959722
AGCCAATGTATCTC-1,Tcm/Naive helper T cells,0.8484296264854811
AGCCACCTGGATCT-1,Tem/Trm cytotoxic T cells,0.7813598820608236
AGCCGGTGCCAATG-1,Tcm/Naive helper T cells,0.25045321656633174
AGCCGGTGTGTTTC-1,Tcm/Naive helper T cells,0.9333329642344821
AGCCGTCTCAATCG-1,Tcm/Naive cytotoxic T cells,0.9972460537407857
AGCCGTCTGAGAGC-1,Tcm/Naive helper T cells,0.4456531353939216
AGCCTCACGTTCGA-1,Tcm/Naive cytotoxic T cells,0.3104230687309657
AGCCTCACTGTCAG-1,Non-classical monocytes,0.9868856715138248
AGCCTCTGCAGTTG-1,B cells,0.8262377905747514
AGCCTCTGCCAATG-1,CD16+ NK cells,0.9996736778910135
AGCGAACTGGATCT-1,Tcm/Naive cytotoxic T cells,0.959710034814589
AGCGAACTTACTGG-1,Tcm/Naive helper T cells,0.7968334428231335
AGCGATACGGAGCA-1,Tcm/Naive cytotoxic T cells,0.9983751206135312
AGCGATTGAGATCC-1,CD16+ NK cells,0.9994794516623147
AGCGCCGAATCTCT-1,Tem/Effector helper T cells,0.6080937212127453
AGCGCCGACAGAGG-1,Tcm/Naive helper T cells,0.9489309299227754
AGCGCTCTACCTTT-1,Tcm/Naive helper T cells,0.8551114683452685
AGCGGCACCGGGAA-1,Tcm/Naive helper T cells,0.6372698422022947
AGCGGCTGATGTGC-1,Tcm/Naive helper T cells,0.8273102384577267
AGCGGGCTTGCCAA-1,Tcm/Naive helper T cells,0.8272219396210376
AGCGTAACATGCTG-1,Tem/Effector helper T cells,0.9722175460074006
AGCGTAACTGAGAA-1,Non-classical monocytes,0.8936653801702715
AGCTCGCTACTGGT-1,Tcm/Naive helper T cells,0.997676861506743
AGCTCGCTCTGCTC-1,Tcm/Naive cytotoxic T cells,0.9904652784842097
AGCTGAACCATACG-1,Non-classical monocytes,0.999503074811833
AGCTGAACCTCTCG-1,Tcm/Naive helper T cells,0.9634772055817967
AGCTGCCTTGGGAG-1,Myelocytes,0.3518393686681748
AGCTGCCTTTCATC-1,Regulatory T cells,0.26082724072219365
AGCTGCCTTTCTGT-1,Tcm/Naive cytotoxic T cells,0.9748316297969482
AGCTGTGATCCAAG-1,Tcm/Naive cytotoxic T cells,0.9634258942971253
AGCTTTACAAGTAG-1,Tcm/Naive helper T cells,0.9750824398334969
AGCTTTACACCAAC-1,NK cells,0.4136812462290406
AGCTTTACTCTCAT-1,B cells,0.8276335831296863
AGGAAATGAGGAGC-1,Tcm/Naive helper T cells,0.8984020186952917
AGGAACCTCTTAGG-1,Non-classical monocytes,0.9997413762590648
AGGAACCTTGCCTC-1,Tem/Trm cytotoxic T cells,0.964275789543088
AGGAATGATAACGC-1,Tcm/Naive cytotoxic T cells,0.937186663391939
AGGAATGATTTGTC-1,Regulatory T cells,0.579016141209379
AGGAGTCTGGTTTG-1,Tcm/Naive helper T cells,0.4526925241570434
AGGAGTCTTGTCAG-1,Tcm/Naive helper T cells,0.9891302514314987
AGGATAGACATTTC-1,Tem/Effector helper T cells,0.6075804869053486
AGGATAGAGGATTC-1,NKT cells,0.7011838999102179
AGGATGCTACTAGC-1,B cells,0.978079816959782
AGGATGCTTTAGGC-1,CD16+ NK cells,0.9999731159653262
AGGCAACTGAAGGC-1,Tcm/Naive helper T cells,0.39473310523020805
AGGCAGGAGTACCA-1,MAIT cells,0.9967368973962991
AGGCCTCTAGTCGT-1,Tcm/Naive helper T cells,0.9975781717243206
AGGCCTCTCGGAGA-1,Tcm/Naive cytotoxic T cells,0.7358150045472026
AGGCCTCTCGTAAC-1,Tcm/Naive helper T cells,0.9787084438629715
AGGGACGACGTTGA-1,Tcm/Naive helper T cells,0.9079883742773357
AGGGACGAGTCAAC-1,CD16+ NK cells,0.9960252266613073
AGGGACGAGTTGTG-1,Tcm/Naive helper T cells,0.9583203046438004
AGGGACGATAGAGA-1,MAIT cells,0.9295849862051784
AGGGACGATGCATG-1,Tem/Trm cytotoxic T cells,0.9811343500108177
AGGGAGTGAGCCTA-1,Regulatory T cells,0.9776840720721406
AGGGCCACCATACG-1,Tcm/Naive helper T cells,0.9910161988502647
AGGGCGCTAACCAC-1,Classical monocytes,0.7394728383456101
AGGGCGCTATGGTC-1,Regulatory T cells,0.3855647295125782
AGGGTGGACAGTCA-1,B cells,0.9967055204222364
AGGGTGGACTCAAG-1,Classical monocytes,0.8638294336211861
AGGGTGGAGTTGCA-1,Tem/Trm cytotoxic T cells,0.9764807966044668
AGGGTTTGTTCATC-1,MNP,0.5956957989038723
AGGTCATGAGTGTC-1,B cells,0.9514212439617327
AGGTCATGCTTATC-1,MAIT cells,0.8019050748231149
AGGTCTGATTCTCA-1,Non-classical monocytes,0.9837683488616978
AGGTGGGAAGAATG-1,Tcm/Naive helper T cells,0.8329317715590246
AGGTGGGAAGTTCG-1,Tcm/Naive helper T cells,0.9750277647820064
AGGTGTTGGTTACG-1,B cells,0.9729543688073964
AGGTTCGAACCTCC-1,Classical monocytes,0.9659422231045599
AGGTTCGAACGTAC-1,Classical monocytes,0.7811947612891432
AGGTTCGAGGGTGA-1,Tcm/Naive cytotoxic T cells,0.982773198224613
AGTAAGGAGTTTGG-1,Tem/Effector helper T cells,0.8664487301740191
AGTAAGGATTCTTG-1,Tem/Effector helper T cells,0.9656659462186644
AGTAATACATCACG-1,CD16+ NK cells,0.9877915009078857
AGTAATACCGAACT-1,B cells,0.998640290426957
AGTAATTGTCCCAC-1,Tcm/Naive helper T cells,0.5922418489268191
AGTACGTGAGGGTG-1,Tcm/Naive helper T cells,0.9136478653155192
AGTACGTGCTGCAA-1,Tcm/Naive helper T cells,0.815229270031148
AGTACGTGCTTGGA-1,Tcm/Naive helper T cells,0.688536618964683
AGTACTCTACGTGT-1,B cells,0.994679874757516
AGTACTCTCAACCA-1,Tem/Trm cytotoxic T cells,0.4077317165588654
AGTACTCTCGGTAT-1,Tcm/Naive cytotoxic T cells,0.4105427753553241
AGTAGGCTTGCCTC-1,Non-classical monocytes,0.9985576482753121
AGTATAACTTGTCT-1,Non-classical monocytes,0.9904797065022094
AGTATCCTAGAACA-1,Tcm/Naive cytotoxic T cells,0.9191092355672138
AGTCACGATGAGCT-1,CD16+ NK cells,0.7417793238575052
AGTCAGACGAATAG-1,Tem/Effector helper T cells,0.7741606751207958
AGTCAGACGCTTAG-1,Tem/Trm cytotoxic T cells,0.42740024541261623
AGTCAGACTAGAGA-1,MAIT cells,0.969465223053213
AGTCAGACTGCACA-1,Tem/Effector helper T cells,0.16242444663770442
AGTCCAGATATCTC-1,Tcm/Naive helper T cells,0.8654512398685854
AGTCCAGATTTCAC-1,Tem/Effector helper T cells,0.6615665472032204
AGTCGAACCAACCA-1,Tcm/Naive helper T cells,0.9232405796666615
AGTCGCCTCCGTAA-1,Tcm/Naive helper T cells,0.3190204962731167
AGTCTACTAGGGTG-1,Classical monocytes,0.7802354288048198
AGTCTACTTGCATG-1,Non-classical monocytes,0.9795699631772593
AGTCTTACACCACA-1,Tcm/Naive cytotoxic T cells,0.9817504741101147
AGTCTTACTTCGCC-1,Tem/Trm cytotoxic T cells,0.4603535667688986
AGTCTTACTTCGGA-1,Megakaryocytes/platelets,0.9413947183889989
AGTGACTGCAACTG-1,Non-classical monocytes,0.9929149310003456
AGTGTTCTAACCTG-1,Tem/Effector helper T cells,0.8757271770520437
AGTGTTCTATAAGG-1,Tem/Trm cytotoxic T cells,0.6701893840981196
AGTGTTCTCACTTT-1,Classical monocytes,0.9752516386643293
AGTTAAACCACTTT-1,Tcm/Naive helper T cells,0.6192945030499718
AGTTATGAACAGTC-1,Classical monocytes,0.9620234281731512
AGTTATGACTGAGT-1,Type 17 helper T cells,0.07072527802073032
AGTTATGAGTTCAG-1,Tcm/Naive helper T cells,0.9516732244587668
AGTTCTACCAGCTA-1,Classical monocytes,0.8418187500892413
AGTTCTTGAAGCCT-1,Tem/Trm cytotoxic T cells,0.9216975890188714
AGTTGTCTACTACG-1,Tcm/Naive helper T cells,0.9961234515523034
AGTTTAGATGGTCA-1,Tcm/Naive cytotoxic T cells,0.33413097047121826
AGTTTCACGGTCTA-1,Tem/Trm cytotoxic T cells,0.9670020993728584
AGTTTGCTACAGTC-1,Tcm/Naive cytotoxic T cells,0.996932764018765
AGTTTGCTACTGGT-1,CD16+ NK cells,0.4741125978827566
AGTTTGCTCCAAGT-1,Tcm/Naive helper T cells,0.7387425491301353
ATAAACACAGTGCT-1,B cells,0.46104856087688767
ATAAACACCACCAA-1,Tcm/Naive cytotoxic T cells,0.9304300685516558
ATAACAACATGCTG-1,Classical monocytes,0.9948524041550421
ATAACAACGTCTAG-1,Tcm/Naive helper T cells,0.8474654670128905
ATAACAACTTTGTC-1,Tcm/Naive cytotoxic T cells,0.9176551238483824
ATAACATGTACTCT-1,Tem/Effector helper T cells,0.9449815400093239
ATAACCCTGTTGGT-1,Tem/Trm cytotoxic T cells,0.37958694263428916
ATAACCCTTGGTAC-1,Tem/Effector helper T cells,0.9258639143784106
ATAAGTACGAATGA-1,B cells,0.994876533367904
ATAAGTTGGTACGT-1,Non-classical monocytes,0.8241399508265663
ATAAGTTGTCTAGG-1,Tem/Effector helper T cells,0.8351299842849346
ATAATCGAGCTGAT-1,B cells,0.9800903729931462
ATAATCGATGGTTG-1,Tcm/Naive helper T cells,0.9185396747642365
ATAATGACCTACTT-1,Tem/Effector helper T cells,0.22596078975400258
ATAATGACTCGTGA-1,Classical monocytes,0.7111256577097915
ATACAATGTTAGGC-1,Tem/Effector helper T cells,0.9128292836674742
ATACCACTCGTACA-1,Classical monocytes,0.9811014704742365
ATACCACTCTAAGC-1,DC2,0.8955592186149768
ATACCACTGCCAAT-1,CD16+ NK cells,0.51201515369865
ATACCGGAATGCTG-1,DC,0.855548793030302
ATACCGGACATTTC-1,Non-classical monocytes,0.7738798987453396
ATACCGGACTTCGC-1,Tcm/Naive helper T cells,0.8382848944006352
ATACCGGAGGTGTT-1,Classical monocytes,0.9998846797459421
ATACCGGATCTCGC-1,Tcm/Naive helper T cells,0.1899039462492274
ATACCTACGCATCA-1,Tcm/Naive helper T cells,0.3969441119162034
ATACCTTGGGGCAA-1,Tcm/Naive cytotoxic T cells,0.9963296457193382
ATACGGACAGACTC-1,Classical monocytes,0.9652024659357841
ATACGGACCTACTT-1,Classical monocytes,0.9958693196825922
ATACGGACGAGGTG-1,B cells,0.9997946762038227
ATACGGACTATGCG-1,B cells,0.96823316244976
ATACGGACTCTGGA-1,Classical monocytes,0.9899652214078795
ATACGTCTTAACGC-1,Classical monocytes,0.9999544612308402
ATACTCTGCTTCGC-1,Non-classical monocytes,0.5488914516162765
ATACTCTGGTATGC-1,CD16+ NK cells,0.9928369078447443
ATAGATACCATGGT-1,Tem/Effector helper T cells,0.4174561796393635
ATAGATACGACGAG-1,Tcm/Naive helper T cells,0.9849959000989658
ATAGATTGGTGTAC-1,B cells,0.9902091546188644
ATAGCCGAACGGAG-1,Tcm/Naive helper T cells,0.974124367727647
ATAGCGTGCAGATC-1,Tem/Effector helper T cells,0.48770129940053564
ATAGCGTGCCCTTG-1,Classical monocytes,0.9508999605240941
ATAGCGTGGTATCG-1,Classical monocytes,0.9983345665684599
ATAGCGTGTCTCTA-1,Tem/Effector helper T cells,0.6435917796486251
ATAGCTCTCTGATG-1,Tcm/Naive helper T cells,0.9922192074850466
ATAGCTCTGAGGTG-1,Tcm/Naive helper T cells,0.9964502861414203
ATAGGAGAAACAGA-1,Non-classical monocytes,0.997732704934254
ATAGGCTGTCAGAC-1,Tcm/Naive helper T cells,0.9890263517616645
ATAGTCCTAGTGTC-1,Classical monocytes,0.9978339585260243
ATAGTCCTTGCATG-1,Tem/Trm cytotoxic T cells,0.812361822962426
ATAGTCCTTGTCGA-1,Tcm/Naive cytotoxic T cells,0.8662751388324007
ATAGTTGACAACTG-1,Regulatory T cells,0.7018086843848006
ATAGTTGACCCTCA-1,Non-classical monocytes,0.9836420780906225
ATAGTTGAGACGTT-1,Tcm/Naive cytotoxic T cells,0.3768513886869824
ATAGTTGATAAGCC-1,Regulatory T cells,0.8618464242797266
ATATACGAAGCCAT-1,Tcm/Naive helper T cells,0.8907863419589619
ATATACGAATTGGC-1,Tcm/Naive helper T cells,0.9768356049496424
ATATAGTGGAATGA-1,Classical monocytes,0.9979181795393768
ATATGCCTAGATCC-1,Classical monocytes,0.9650127391460323
ATATGCCTGGACAG-1,Tcm/Naive cytotoxic T cells,0.9939636636046976
ATATGCCTTCTCTA-1,Tem/Effector helper T cells,0.4506936447536829
ATATGCCTTGGTAC-1,Tcm/Naive helper T cells,0.9538360454849623
ATCAAATGAGCCTA-1,Classical monocytes,0.9485019260055583
ATCAAATGGGTAAA-1,Non-classical monocytes,0.9851458216931305
ATCAACCTAAACGA-1,Tcm/Naive helper T cells,0.4700360816804063
ATCAACCTGAGGAC-1,Tcm/Naive helper T cells,0.9977745210114906
ATCAACCTTCTCTA-1,MAIT cells,0.9648069179079649
ATCAACCTTTGTCT-1,MAIT cells,0.5938585784497612
ATCACACTTTGTCT-1,Tcm/Naive helper T cells,0.7917576228453994
ATCACGGATTTCGT-1,B cells,0.8247807909283447
ATCATCTGACACCA-1,Megakaryocytes/platelets,0.9187153841027581
ATCATGCTAGAGTA-1,Regulatory T cells,0.03685852660533218
ATCATGCTGAACCT-1,B cells,0.9937772270907654
ATCCAGGACGCTAA-1,Non-classical monocytes,0.998248902388658
ATCCAGGATGGAAA-1,Regulatory T cells,0.8627309390497245
ATCCATACTCCTTA-1,Classical monocytes,0.4851251644133497
ATCCATACTTCATC-1,Non-classical monocytes,0.9968521800434159
ATCCCGTGCAGTCA-1,CD16+ NK cells,0.9984254686077154
ATCCCGTGCATGCA-1,B cells,0.9979401090062866
ATCCCGTGGCTGAT-1,B cells,0.980629535240628
ATCCGCACGCATCA-1,B cells,0.7877678554232981
ATCCTAACGACGGA-1,B cells,0.9747822216948975
ATCCTAACGCTACA-1,Tcm/Naive helper T cells,0.5255929690029955
ATCGACGAAACTGC-1,Classical monocytes,0.8154023171481235
ATCGACGAATGACC-1,Tcm/Naive cytotoxic T cells,0.9990372770259618
ATCGAGTGGACGTT-1,NK cells,0.1345256484721969
ATCGCAGAATCTCT-1,Non-classical monocytes,0.9998977941209174
ATCGCAGAGTGTCA-1,B cells,0.9975006111895729
ATCGCCACTGAGGG-1,Tem/Trm cytotoxic T cells,0.5749049384299814
ATCGCCTGGGTCAT-1,Tcm/Naive helper T cells,0.5593261647505318
ATCGCCTGTGGCAT-1,B cells,0.9834811276363192
ATCGCGCTCAGAGG-1,Classical monocytes,0.9411296346099145
ATCGCGCTGGGATG-1,Regulatory T cells,0.4210540104916493
ATCGCGCTTTTCGT-1,B cells,0.9956155483122582
ATCGGAACCAGTCA-1,Tcm/Naive helper T cells,0.8374227984841375
ATCGGTGAGTCAAC-1,Tcm/Naive helper T cells,0.9055435547793572
ATCGGTGATTGCAG-1,Tcm/Naive helper T cells,0.6971701171888248
ATCGTTTGCCTACC-1,Classical monocytes,0.953413760362121
ATCGTTTGGGTACT-1,Classical monocytes,0.9323778252036067
ATCGTTTGTGCCAA-1,Classical monocytes,0.8201186579414318
ATCTACACCCGCTT-1,Classical monocytes,0.9172343260773111
ATCTACACCGGGAA-1,Tem/Effector helper T cells,0.5539189436132862
ATCTCAACAGGAGC-1,B cells,0.9816180923264034
ATCTCAACCTCGAA-1,Tcm/Naive helper T cells,0.9325137978726357
ATCTCAACCTTGTT-1,Classical monocytes,0.999743731074905
ATCTGGGAAACCAC-1,Classical monocytes,0.9939585976781994
ATCTGGGAAGTGTC-1,Non-classical monocytes,0.9660887453829944
ATCTGGGATTCCGC-1,MAIT cells,0.8232182428912703
ATCTGTTGAACGGG-1,Tem/Effector helper T cells,0.6275644774736497
ATCTGTTGACCTCC-1,Tem/Effector helper T cells,0.9754934771028462
ATCTGTTGCCTTCG-1,Non-classical monocytes,0.9989745039681703
ATCTGTTGGTTGCA-1,Tem/Effector helper T cells,0.6937564678890993
ATCTTGACACCAAC-1,Tcm/Naive helper T cells,0.7193819235439851
ATCTTGACCTCCCA-1,Classical monocytes,0.977872029736589
ATCTTTCTGCATCA-1,B cells,0.30556064396787486
ATCTTTCTGTTTCT-1,Trm cytotoxic T cells,0.94348250663585
ATCTTTCTTGTCCC-1,CD16+ NK cells,0.9999886959736726
ATGAAACTCTGTGA-1,Tcm/Naive cytotoxic T cells,0.9773109972738672
ATGAAACTGAGGCA-1,Tcm/Naive helper T cells,0.9111199307006382
ATGAAGGAACAGCT-1,Tem/Trm cytotoxic T cells,0.6178197822353063
ATGAAGGACCTGTC-1,B cells,0.995481317039153
ATGAAGGACCTTAT-1,B cells,0.9809764872787933
ATGAAGGACTAGTG-1,B cells,0.9723297569896452
ATGAAGGACTTGCC-1,CD16+ NK cells,0.9999964391525402
ATGACGTGACGACT-1,B cells,0.9963549961021007
ATGACGTGATCGGT-1,Non-classical monocytes,0.9991405072178684
ATGAGAGAAAGTGA-1,Tcm/Naive helper T cells,0.46208119223975286
ATGAGAGAACGCAT-1,Tcm/Naive helper T cells,0.9946086125907794
ATGAGAGAAGTAGA-1,B cells,0.9974779379787193
ATGAGCACACAGCT-1,Tcm/Naive cytotoxic T cells,0.99559351688033
ATGAGCACATCTTC-1,Tcm/Naive helper T cells,0.9924099001732337
ATGATAACTTCACT-1,CD16+ NK cells,0.7473008315974938
ATGATATGAAACAG-1,Tcm/Naive helper T cells,0.5394270604518739
ATGATATGACTGGT-1,Tcm/Naive helper T cells,0.13007324542822812
ATGATATGAGCACT-1,Tcm/Naive helper T cells,0.9261257020575299
ATGATATGGTCATG-1,Tcm/Naive helper T cells,0.9329305987384472
ATGATATGGTGCTA-1,CD16+ NK cells,0.8825653627219652
ATGATATGTTGTCT-1,Non-classical monocytes,0.873287189808684
ATGCACGAATGTCG-1,Naive B cells,0.9561514158461009
ATGCACGACTGTAG-1,Regulatory T cells,0.858232147757663
ATGCACGAGAACCT-1,B cells,0.716489107368057
ATGCACGAGTTCGA-1,Tcm/Naive helper T cells,0.7252698925443568
ATGCACGATTGGTG-1,Non-classical monocytes,0.9567044102058004
ATGCAGTGTTACCT-1,B cells,0.9990836323730637
ATGCAGTGTTCTAC-1,Tem/Effector helper T cells,0.6918870524379993
ATGCCAGAACGACT-1,Tcm/Naive helper T cells,0.24148858038505028
ATGCCAGACAGTCA-1,Classical monocytes,0.9982969993445063
ATGCCGCTTGAACC-1,Classical monocytes,0.9103473039279169
ATGCGATGCTATGG-1,Non-classical monocytes,0.9768877736895335
ATGCGATGCTGAGT-1,B cells,0.3445931396137635
ATGCGATGGTTACG-1,B cells,0.24554738028950973
ATGCGCCTTCATTC-1,Tcm/Naive helper T cells,0.9864051169864811
ATGCTTTGCGAATC-1,Tcm/Naive helper T cells,0.48885112713348494
ATGCTTTGGGCGAA-1,NK cells,0.17806646680576044
ATGCTTTGTAGTCG-1,B cells,0.994218575918095
ATGGACACATCGGT-1,Tcm/Naive helper T cells,0.9112629957084875
ATGGACACGCATCA-1,CD16+ NK cells,0.9910837939905074
ATGGGTACAACCTG-1,B cells,0.9998082664545145
ATGGGTACATCGGT-1,CD16+ NK cells,0.9999936918659618
ATGGGTACTATTCC-1,Tcm/Naive helper T cells,0.8678054478758076
ATGGGTACTGGGAG-1,Tcm/Naive helper T cells,0.9646085961854849
ATGTAAACACCTCC-1,Tcm/Naive helper T cells,0.7273668420082052
ATGTAAACCCGCTT-1,Tcm/Naive helper T cells,0.9289595666888601
ATGTAAACGGGATG-1,Classical monocytes,0.6436678520255957
ATGTAAACTCTCCG-1,MAIT cells,0.41399245521308015
ATGTAAACTTCACT-1,Classical monocytes,0.38063173537763045
ATGTACCTCAGTCA-1,Tcm/Naive cytotoxic T cells,0.7601347231069924
ATGTACCTTAGTCG-1,Tem/Effector helper T cells,0.74587522089588
ATGTACCTTTATCC-1,Non-classical monocytes,0.6699911652616941
ATGTACCTTTCACT-1,NK cells,0.15751345913681497
ATGTCACTAATGCC-1,Classical monocytes,0.9559829558470109
ATGTCACTCTGCTC-1,Tcm/Naive helper T cells,0.7299655659832024
ATGTCGGAGGTGAG-1,Tcm/Naive helper T cells,0.5861106600662065
ATGTTCACAGTCTG-1,Classical monocytes,0.835839564879213
ATGTTCACCGTAGT-1,Tcm/Naive helper T cells,0.8892693233575945
ATGTTGCTTTCAGG-1,Tcm/Naive helper T cells,0.26741692650777676
ATTAACGATGAGAA-1,CD16+ NK cells,0.9811173626882738
ATTAACGATGCAAC-1,NKT cells,0.2104994785543035
ATTAAGACTGCAGT-1,Tem/Effector helper T cells,0.9786441482845961
ATTACCTGCCTTAT-1,Classical monocytes,0.9996173966036348
ATTACCTGGAGGAC-1,Non-classical monocytes,0.9999899302183062
ATTAGATGTTTCAC-1,Tcm/Naive helper T cells,0.6615739155562204
ATTATGGAATCTCT-1,Regulatory T cells,0.2643564083980445
ATTCAAGAACGGGA-1,Tcm/Naive cytotoxic T cells,0.9996941913201203
ATTCAAGACCTTTA-1,Regulatory T cells,0.9748348357994475
ATTCAGCTCATTGG-1,Megakaryocytes/platelets,0.9481123354869332
ATTCCAACCATTGG-1,Classical monocytes,0.991272877768963
ATTCCAACTTAGGC-1,CD16+ NK cells,0.9678140540639234
ATTCGACTCACTAG-1,Tem/Effector helper T cells,0.1949737096538054
ATTCGACTGAATAG-1,Classical monocytes,0.9570662725423295
ATTCGACTTTTGTC-1,Non-classical monocytes,0.9996804985443484
ATTCGGGAAAGGCG-1,Classical monocytes,0.4904864311751635
ATTCGGGATTAGGC-1,Tem/Effector helper T cells,0.477993524625627
ATTCTTCTGATACC-1,Tcm/Naive helper T cells,0.4199470949467278
ATTGAATGGACGGA-1,Tem/Effector helper T cells,0.53293197505747
ATTGATGAAGGTTC-1,Tcm/Naive helper T cells,0.9766605102518647
ATTGATGACTGAGT-1,Tem/Effector helper T cells,0.4803137238860096
ATTGATGAGCGAAG-1,Tem/Effector helper T cells,0.6731878768008351
ATTGATGATCTATC-1,Tcm/Naive cytotoxic T cells,0.46624329227557637
ATTGCACTGACGGA-1,Tcm/Naive cytotoxic T cells,0.9812487123404737
ATTGCACTGAGAGC-1,Non-classical monocytes,0.9978490308169221
ATTGCACTGGAGCA-1,Classical monocytes,0.9922844315322524
ATTGCACTTAGCCA-1,Tcm/Naive helper T cells,0.1327789342062802
ATTGCACTTGCTTT-1,Non-classical monocytes,0.999861271486365
ATTGCTTGTTACTC-1,B cells,0.8752445830695403
ATTGGTCTGACTAC-1,B cells,0.9607612933701462
ATTGGTCTTGTCTT-1,B cells,0.9737936670250605
ATTGTAGATTCCCG-1,DC,0.786441367924196
ATTGTAGATTGCAG-1,Tcm/Naive cytotoxic T cells,0.5679188355640788
ATTGTCTGCGTACA-1,Tem/Effector helper T cells,0.6592598321681367
ATTTAGGAACCATG-1,Non-classical monocytes,0.9986923043243091
ATTTAGGACAGAGG-1,Tcm/Naive helper T cells,0.9307602823918102
ATTTCCGAGATGAA-1,Tcm/Naive helper T cells,0.3542499101848104
ATTTCCGAGTGCTA-1,Tcm/Naive helper T cells,0.5093762522218727
ATTTCGTGTATGGC-1,NK cells,0.47293509374141235
ATTTCTCTACTTTC-1,Non-classical monocytes,0.9831457920178822
ATTTCTCTAGCAAA-1,Regulatory T cells,0.854923733260192
ATTTCTCTCACTTT-1,Non-classical monocytes,0.8336967412511604
ATTTCTCTTCCCAC-1,Tcm/Naive cytotoxic T cells,0.7636214537944322
ATTTGCACAAGATG-1,Classical monocytes,0.8671244479030739
CAAAGCACAGCTCA-1,Tcm/Naive helper T cells,0.2915497483199611
CAAAGCACCGTAAC-1,B cells,0.9721422872817584
CAAAGCACGGTAAA-1,gamma-delta T cells,0.03147162096985792
CAAAGCTGAAAGTG-1,Tcm/Naive cytotoxic T cells,0.24469458685334158
CAAAGCTGTTGCTT-1,Classical monocytes,0.890271084371043
CAAATATGTGACAC-1,Tcm/Naive helper T cells,0.7937190494025572
CAAATTGAGGGCAA-1,Regulatory T cells,0.8221919464081757
CAAATTGATGGAGG-1,Classical monocytes,0.8578433713433763
CAACCAGAAAAGTG-1,Tcm/Naive cytotoxic T cells,0.9468548279222265
CAACCAGAAGTGCT-1,Tem/Effector helper T cells,0.8813037086080459
CAACCAGAGTTCAG-1,Non-classical monocytes,0.8413992100357048
CAACCAGATAGAAG-1,Myelocytes,0.9945421030034427
CAACCGCTGTTCAG-1,Tcm/Naive helper T cells,0.9800153639684308
CAACCGCTTTGAGC-1,Tcm/Naive helper T cells,0.9003129594087779
CAACGATGCGCAAT-1,Non-classical monocytes,0.994837099624662
CAACGTGACTCCAC-1,Mono-mac,0.8080567964510902
CAACGTGAGCCATA-1,Tem/Trm cytotoxic T cells,0.21846129592834748
CAACGTGATCAAGC-1,Classical monocytes,0.9537529131508475
CAAGAAGACCACAA-1,Tem/Trm cytotoxic T cells,0.8990047493102654
CAAGAAGACGTCTC-1,Classical monocytes,0.8869542694752247
CAAGAAGATTCTAC-1,Tcm/Naive helper T cells,0.9662283019392693
CAAGACTGACCTGA-1,B cells,0.6414242719567311
CAAGACTGAGTAGA-1,B cells,0.9960138778888471
CAAGCTGACCATAG-1,Non-classical monocytes,0.9975692926191722
CAAGCTGATCTATC-1,NK cells,0.15333465937155188
CAAGGACTGTTCAG-1,Tcm/Naive cytotoxic T cells,0.9807146263199669
CAAGGACTTCTTTG-1,Tem/Trm cytotoxic T cells,0.9737035799538181
CAAGGTTGCTCCAC-1,Regulatory T cells,0.9286849857573036
CAAGGTTGTCATTC-1,B cells,0.9955517937606316
CAAGGTTGTCTGGA-1,CD16+ NK cells,0.9999784630734432
CAAGTCGAAACAGA-1,B cells,0.999912230808066
CAAGTCGATAGCGT-1,Classical monocytes,0.9838682974457188
CAATAAACGCCATA-1,Classical monocytes,0.9252292690235069
CAATAATGAACTGC-1,Classical monocytes,0.9876637553795765
CAATATGACATGGT-1,Tcm/Naive helper T cells,0.5047546046381209
CAATATGACCTTCG-1,NK cells,0.6701327456548846
CAATATGACGTTAG-1,Regulatory T cells,0.450585758266811
CAATATGAGGAGCA-1,Tem/Effector helper T cells,0.9913721380533087
CAATCGGAGAAACA-1,Tcm/Naive helper T cells,0.9862581929379414
CAATCTACTGACTG-1,CD16+ NK cells,0.8335622114248665
CAATTCACCCAACA-1,NKT cells,0.27742515455692673
CAATTCACGATAGA-1,Tcm/Naive helper T cells,0.9549993183758948
CAATTCACTTGTGG-1,Tcm/Naive helper T cells,0.9764376053315887
CAATTCTGCTTGTT-1,Monocytes,0.822197451871907
CAATTCTGGCGTAT-1,Non-classical monocytes,0.9966708204457742
CACAACGATACGAC-1,Tcm/Naive cytotoxic T cells,0.9941675256293351
CACAATCTTGTTCT-1,CD8a/a,0.3436407981491891
CACAATCTTTCCAT-1,MAIT cells,0.4140120565191619
CACACCTGCTTGAG-1,Tcm/Naive helper T cells,0.5025007838759006
CACACCTGTATGGC-1,Tcm/Naive helper T cells,0.9178934574332592
CACAGAACCCTTGC-1,B cells,0.7559024361843103
CACAGAACCTGATG-1,Tem/Effector helper T cells,0.9336697456124373
CACAGATGGGATTC-1,Tcm/Naive cytotoxic T cells,0.7036376416386674
CACAGATGGTTTCT-1,Classical monocytes,0.9975764915856465
CACAGCCTGATACC-1,Regulatory T cells,0.7420523821722136
CACAGCCTTGCCAA-1,Non-classical monocytes,0.999566197563683
CACAGCCTTGTAGC-1,Tcm/Naive helper T cells,0.9243196568043076
CACAGTGATGAAGA-1,Classical monocytes,0.9299818909993323
CACATACTACAGCT-1,CD16+ NK cells,0.43344749546667705
CACATGGAACACGT-1,Tcm/Naive helper T cells,0.9897961109840794
CACATGGAAGTCGT-1,Tcm/Naive helper T cells,0.9733929219132993
CACCACTGCCAACA-1,Tcm/Naive helper T cells,0.8438164291218667
CACCACTGGCGAAG-1,NK cells,0.8745858134475852
CACCCATGTTCTGT-1,Treg(diff),0.4425947389383179
CACCGGGAATCGAC-1,Tcm/Naive helper T cells,0.5680517648408449
CACCGGGACGAGAG-1,NK cells,0.5174767122085144
CACCGGGACGTGTA-1,Tcm/Naive helper T cells,0.8975802055810774
CACCGGGACTTCTA-1,Regulatory T cells,0.986175356571978
CACCGGGACTTGCC-1,NK cells,0.12327635335728301
CACCGGGATTCGGA-1,NK cells,0.112929949195433
CACCGTACTAAGGA-1,B cells,0.950214163682938
CACCGTACTAGCGT-1,Tcm/Naive helper T cells,0.9920189555338176
CACCTGACACCCAA-1,NK cells,0.2844659732168993
CACCTGACCAGAAA-1,Tem/Effector helper T cells,0.9766593104714416
CACCTGACCTCAAG-1,Tem/Trm cytotoxic T cells,0.5163485261084014
CACCTGACGAAAGT-1,B cells,0.9966338746963054
CACCTGACTCGTAG-1,Tcm/Naive helper T cells,0.9905688743849115
CACGAAACTTCCGC-1,B cells,0.9976190313524544
CACGACCTCGATAC-1,B cells,0.9826796995915117
CACGCTACAGAAGT-1,Tcm/Naive helper T cells,0.9619430956872239
CACGCTACTGTTCT-1,B cells,0.9998048494816668
CACGGGACAGAGTA-1,Tcm/Naive helper T cells,0.9917173808760177
CACGGGACATAAGG-1,Tcm/Naive helper T cells,0.9205603210733047
CACGGGACGTAGGG-1,Tcm/Naive helper T cells,0.96220275684433
CACGGGTGCTTCGC-1,NK cells,0.19297530734948012
CACGGGTGGAGGAC-1,CD16- NK cells,0.05618215640648191
CACGGGTGTGTTTC-1,Tcm/Naive helper T cells,0.7371827089860918
CACTAACTCCTAAG-1,B cells,0.9977887090099634
CACTAACTGAAAGT-1,Tcm/Naive helper T cells,0.7055744449153071
CACTAGGATGATGC-1,B cells,0.6769382732548368
CACTATACCCCGTT-1,B cells,0.998961383765647
CACTATACGTTTGG-1,NK cells,0.46982340235305214
CACTGAGACAGTCA-1,Myelocytes,0.8407012852170942
CACTGCACTTCATC-1,Tcm/Naive helper T cells,0.32456926501627525
CACTGCTGAGACTC-1,Non-classical monocytes,0.9994109641124397
CACTGCTGGAAAGT-1,Regulatory T cells,0.4438451976343491
CACTTAACCGAATC-1,Tem/Effector helper T cells,0.9513998642351343
CACTTAACCGTACA-1,B cells,0.9791273578899568
CACTTTGACTCTAT-1,Tem/Trm cytotoxic T cells,0.7704299034526191
CACTTTGAGCTGTA-1,Tem/Trm cytotoxic T cells,0.9991500179201568
CAGAAGCTCTCAAG-1,Tcm/Naive cytotoxic T cells,0.9764264465887562
CAGACATGAACGGG-1,Tcm/Naive helper T cells,0.9658387546583214
CAGACATGTCGACA-1,Tem/Effector helper T cells,0.9631636379940085
CAGACCCTAAGGTA-1,Non-classical monocytes,0.9990534401749104
CAGACCCTAATGCC-1,Tcm/Naive helper T cells,0.8085634082900052
CAGACCCTAGGAGC-1,Tcm/Naive cytotoxic T cells,0.5116448386785237
CAGACTGAGTATGC-1,Tcm/Naive helper T cells,0.8247458812846478
CAGATCGAATGTCG-1,B cells,0.9997026085782771
CAGATCGACCTGAA-1,Tem/Trm cytotoxic T cells,0.376190927608359
CAGATCGATATGGC-1,Tcm/Naive helper T cells,0.8020019739827229
CAGATGACATTCTC-1,CD16+ NK cells,0.9911012720733682
CAGCAATGCCTTCG-1,Tcm/Naive helper T cells,0.7435879363729015
CAGCAATGGAGGGT-1,CD16+ NK cells,0.9805607712373979
CAGCAATGGTGCTA-1,Tcm/Naive helper T cells,0.9541875377659924
CAGCAATGTCTACT-1,Monocytes,0.6245914072538273
CAGCAATGTGACCA-1,Regulatory T cells,0.9767569634609675
CAGCAATGTGAGGG-1,Classical monocytes,0.936557121371375
CAGCACCTAAGCCT-1,Tcm/Naive helper T cells,0.8263316015773973
CAGCACCTAGGCGA-1,Tcm/Naive cytotoxic T cells,0.6628066348228179
CAGCACCTGTAGGG-1,Classical monocytes,0.9961170133749331
CAGCATGACAACCA-1,Classical monocytes,0.9819679076494943
CAGCATGAGACGTT-1,MAIT cells,0.30654798579639114
CAGCCTACCCAACA-1,Tem/Effector helper T cells,0.8633843130582288
CAGCCTTGCTACCC-1,Classical monocytes,0.9982428219308307
CAGCCTTGGGGACA-1,Tem/Effector helper T cells,0.6691812157185985
CAGCGGACACCCTC-1,Tcm/Naive helper T cells,0.9750209166640065
CAGCGGACCTTTAC-1,CD16+ NK cells,0.9999386701574099
CAGCGTCTAAAGCA-1,Tcm/Naive helper T cells,0.4270267723514409
CAGCGTCTTATCGG-1,Tem/Effector helper T cells,0.5548917570088646
CAGCTAGATGTGAC-1,Classical monocytes,0.9579133543433225
CAGCTCTGAGGCGA-1,Tem/Effector helper T cells,0.669222363689933
CAGCTCTGCAAGCT-1,Trm cytotoxic T cells,0.1723980800670029
CAGCTCTGTCGTAG-1,Classical monocytes,0.8395164168674252
CAGCTCTGTGTGGT-1,CD16+ NK cells,0.9998033492574661
CAGGAACTAACTGC-1,Tem/Trm cytotoxic T cells,0.7763687006507961
CAGGAACTCTCAGA-1,Classical monocytes,0.8523300948619508
CAGGCCGAACACCA-1,Tcm/Naive helper T cells,0.9589197839905508
CAGGCCGAACACGT-1,Tcm/Naive helper T cells,0.5177075357443447
CAGGCCGAACGACT-1,Tem/Effector helper T cells,0.31358089189629995
CAGGCCGAATCTCT-1,Non-classical monocytes,0.9979678044695818
CAGGCCGACTAGCA-1,B cells,0.9581500175771179
CAGGGCACCATACG-1,B cells,0.9989827672824545
CAGGGCACCCAACA-1,B cells,0.4429620062591027
CAGGGCACTCCCGT-1,Regulatory T cells,0.20960894273418876
CAGGTAACAGACTC-1,Non-classical monocytes,0.46468624813447035
CAGGTATGAGTCGT-1,Tem/Effector helper T cells,0.9816071834976935
CAGGTATGTGCTTT-1,Regulatory T cells,0.9616359277264254
CAGGTTGAGGATCT-1,B cells,0.9925290760555755
CAGTGATGGACGGA-1,B cells,0.9979863891201317
CAGTGATGGCTAAC-1,Tem/Temra cytotoxic T cells,0.6479392043656824
CAGTGATGGGACAG-1,Tcm/Naive helper T cells,0.8581532749695745
CAGTGATGTAAGGA-1,B cells,0.9964618536177838
CAGTGATGTACGCA-1,B cells,0.8619733181532868
CAGTGTGATGTCAG-1,Tcm/Naive helper T cells,0.9789679865466563
CAGTTACTAAGGTA-1,B cells,0.9500932183122702
CAGTTACTGATAGA-1,Tcm/Naive helper T cells,0.38226775382100653
CAGTTGGAAAGAGT-1,Non-classical monocytes,0.8894171036385388
CAGTTGGACATACG-1,Tcm/Naive helper T cells,0.996362310091542
CAGTTTACACACGT-1,CD16+ NK cells,0.7005607701669556
CAGTTTACCCCAAA-1,Tcm/Naive cytotoxic T cells,0.989779526676686
CATAAAACGGAGCA-1,Classical monocytes,0.9975719933893145
CATAAATGAACTGC-1,Tcm/Naive helper T cells,0.9923857965186029
CATAACCTTCTCCG-1,Tcm/Naive helper T cells,0.7655715411546539
CATACTACCTCGAA-1,Tcm/Naive cytotoxic T cells,0.5648592942531871
CATACTACCTGAAC-1,Tcm/Naive helper T cells,0.5347635339929947
CATACTACGTACCA-1,Non-classical monocytes,0.6384923976923077
CATACTTGGGTTAC-1,Non-classical monocytes,0.9852119224375926
CATAGTCTAATCGC-1,Tem/Effector helper T cells,0.7561611332032369
CATAGTCTCACTTT-1,Tcm/Naive helper T cells,0.769167490244332
CATATAGACTAAGC-1,DC,0.5184297531774013
CATATAGATCAGGT-1,B cells,0.9829339613048826
CATCAACTAGAAGT-1,Regulatory T cells,0.3917630386469878
CATCAACTCCCTCA-1,Tcm/Naive helper T cells,0.7808812878496815
CATCAGGACTTCCG-1,CD16+ NK cells,0.9987640508213029
CATCAGGATAGCCA-1,CD16+ NK cells,0.9950743997117542
CATCAGGATCCTAT-1,Non-classical monocytes,0.9992182952394235
CATCAGGATGCACA-1,Non-classical monocytes,0.9871731501526045
CATCAGGATTTCGT-1,Classical monocytes,0.9974105813789513
CATCATACCGCATA-1,Classical monocytes,0.6513657672660588
CATCATACGGAGCA-1,B cells,0.8173322923539558
CATCATACTCAAGC-1,Tcm/Naive cytotoxic T cells,0.999468153357106
CATCGCTGGGATCT-1,Tem/Effector helper T cells,0.8777841999698901
CATCGCTGTGGCAT-1,B cells,0.9756339167724584
CATCGGCTATGCTG-1,Regulatory T cells,0.8220512644758057
CATCGGCTTTGGCA-1,Tcm/Naive helper T cells,0.5609337643365551
CATCTCCTATGTGC-1,B cells,0.9535375018337522
CATCTCCTCGAACT-1,Classical monocytes,0.9088281672999011
CATGAGACACGGGA-1,B cells,0.9949631567573367
CATGAGACGTTGAC-1,CD16+ NK cells,0.9998612378100039
CATGAGACTCGCCT-1,Tem/Effector helper T cells,0.9277571700637367
CATGCCACGGGTGA-1,Tcm/Naive cytotoxic T cells,0.5929185018842531
CATGCCACTGCCAA-1,Tcm/Naive helper T cells,0.9877064221428853
CATGCGCTAGTCAC-1,Non-classical monocytes,0.9983209709223738
CATGCGCTCAGATC-1,Classical monocytes,0.9947269394800868
CATGCGCTTTGCAG-1,Non-classical monocytes,0.9983639002017962
CATGGCCTAGGGTG-1,Classical monocytes,0.8727392332780397
CATGGCCTGTGCAT-1,Tcm/Naive cytotoxic T cells,0.9733588676818273
CATGTACTATCGTG-1,Tem/Temra cytotoxic T cells,0.21177931055866656
CATGTTACAGTCGT-1,Tem/Trm cytotoxic T cells,0.6315097369545005
CATGTTACCTGAGT-1,Tcm/Naive cytotoxic T cells,0.530876966532974
CATGTTTGGGGATG-1,Classical monocytes,0.9724789856867057
CATTACACACGGAG-1,Naive B cells,0.851775417790554
CATTACACCAACTG-1,CD16+ NK cells,0.9999479061622785
CATTACACGGAGTG-1,Tcm/Naive helper T cells,0.6729745863253214
CATTACACTACTCT-1,Tcm/Naive cytotoxic T cells,0.9515699067792079
CATTAGCTCCACAA-1,Classical monocytes,0.9791916762939751
CATTGACTAGCGGA-1,Classical monocytes,0.9383244830723831
CATTGGGACTCGAA-1,Tem/Effector helper T cells,0.07961334068036682
CATTGTACAGCGTT-1,Tcm/Naive cytotoxic T cells,0.997775580678155
CATTGTACTCGATG-1,B cells,0.9919165265267457
CATTGTACTTATCC-1,Tem/Effector helper T cells,0.9417806493586154
CATTGTACTTTGCT-1,Non-classical monocytes,0.9998292035921938
CATTGTTGCTAGTG-1,Tcm/Naive cytotoxic T cells,0.9344481343980521
CATTTCGACTCTAT-1,Tem/Trm cytotoxic T cells,0.9214568280380248
CATTTCGAGATACC-1,CD16+ NK cells,0.9991111894310544
CATTTGACCACACA-1,Tem/Trm cytotoxic T cells,0.9987592511126341
CATTTGACCCTGAA-1,Tem/Trm cytotoxic T cells,0.9740494286477089
CATTTGTGACGACT-1,B cells,0.9871906898108003
CATTTGTGCATTGG-1,Tcm/Naive cytotoxic T cells,0.46571333106228374
CATTTGTGCGGAGA-1,Tcm/Naive cytotoxic T cells,0.9874235512196629
CATTTGTGGGATCT-1,B cells,0.9999809162304848
CCAAAGTGCTACGA-1,Classical monocytes,0.7760842444495696
CCAAAGTGTGAGAA-1,Classical monocytes,0.9140774225932282
CCAACCTGAAGTAG-1,Regulatory T cells,0.5933116292943696
CCAACCTGACGTAC-1,Classical monocytes,0.9975411158577454
CCAACCTGTTCGCC-1,Tcm/Naive cytotoxic T cells,0.8169540847921681
CCAAGAACCCAATG-1,Regulatory T cells,0.4472151079109948
CCAAGAACGTAGCT-1,Tcm/Naive helper T cells,0.49923714643171824
CCAAGAACGTGTCA-1,Tcm/Naive helper T cells,0.6348978854792666
CCAAGAACTACTGG-1,NK cells,0.16102428491616624
CCAAGAACTCCTAT-1,Tem/Trm cytotoxic T cells,0.13974942911785948
CCAAGATGTCATTC-1,Regulatory T cells,0.288912957460825
CCAAGATGTTTCAC-1,Regulatory T cells,0.9927653386179135
CCAAGTGAGGAACG-1,Tcm/Naive cytotoxic T cells,0.9878859177911983
CCAAGTGATCAAGC-1,Tcm/Naive helper T cells,0.4031215616839681
CCAATTTGAACGTC-1,Classical monocytes,0.9895569196457362
CCACCATGAACGTC-1,Tcm/Naive helper T cells,0.9975176398807586
CCACCATGATCGGT-1,Tcm/Naive helper T cells,0.8717236271670584
CCACCATGGACGAG-1,Non-classical monocytes,0.9999465744193139
CCACCATGGGGAGT-1,Tcm/Naive helper T cells,0.9108360015022526
CCACCATGTCCTGC-1,NK cells,0.16437983538146453
CCACTGACCCGCTT-1,Classical monocytes,0.9873687616189661
CCACTGTGGGAAGC-1,Classical monocytes,0.9847383391019258
CCACTGTGTGTAGC-1,Tcm/Naive helper T cells,0.43630861216818384
CCACTTCTCGGGAA-1,Non-classical monocytes,0.9017216502467401
CCAGAAACCCTGTC-1,B cells,0.9699017295517064
CCAGAAACGAACTC-1,Tem/Effector helper T cells,0.6092804236470345
CCAGAAACGGTCTA-1,Tcm/Naive helper T cells,0.9984654503114951
CCAGACCTCTGAGT-1,B cells,0.8698478940887922
CCAGACCTTGTGGT-1,Tcm/Naive helper T cells,0.7979354458641185
CCAGCACTGCGATT-1,Non-classical monocytes,0.9890849733421181
CCAGCGGAAAGGCG-1,Classical monocytes,0.9632850908575347
CCAGCGGACGACTA-1,Classical monocytes,0.9930057426477692
CCAGCGGATGGGAG-1,Tcm/Naive helper T cells,0.6829425915417909
CCAGCTACACAGTC-1,Tcm/Naive helper T cells,0.9990162099394148
CCAGCTACCAGCTA-1,B cells,0.9996097515607496
CCAGGTCTACACCA-1,B cells,0.9948677283192584
CCAGGTCTAGCATC-1,Classical monocytes,0.9124864380789361
CCAGGTCTATGGTC-1,Tcm/Naive helper T cells,0.9196129513740413
CCAGTCACACTGGT-1,Classical monocytes,0.7820739618862573
CCAGTCACACTGTG-1,B cells,0.9827728937399964
CCAGTCACGTTGTG-1,Tcm/Naive cytotoxic T cells,0.9049134902124306
CCAGTGCTAACCAC-1,Tcm/Naive helper T cells,0.8000878927757762
CCAGTGCTCGTAGT-1,Tcm/Naive helper T cells,0.6793647298321936
CCATCCGAAAGCAA-1,Double-positive thymocytes,0.41010668485278173
CCATCCGAACGACT-1,Tcm/Naive helper T cells,0.5793441749589736
CCATCCGAAGGTTC-1,B cells,0.9699627736397349
CCATCCGATTCGCC-1,Classical monocytes,0.9964275515081891
CCATCGTGAACGGG-1,Regulatory T cells,0.32932050565115967
CCATCGTGCTAGAC-1,Non-classical monocytes,0.9954600325910348
CCCAACACCTCGCT-1,B cells,0.937184054238519
CCCAACACGCATCA-1,Tcm/Naive helper T cells,0.9978887925803597
CCCAACACTTTGTC-1,Classical monocytes,0.518533832845432
CCCAACTGCAATCG-1,Classical monocytes,0.8322092438776377
CCCAGACTGCCTTC-1,Non-classical monocytes,0.9304422616388428
CCCAGACTGGTTTG-1,B cells,0.9233156695702652
CCCAGACTTTCGCC-1,Non-classical monocytes,0.9997910103053753
CCCAGTTGCAGTTG-1,Classical monocytes,0.807769159085782
CCCAGTTGGGTACT-1,Tem/Effector helper T cells,0.32190072451705337
CCCAGTTGTCTATC-1,Naive B cells,0.9500288060729376
CCCGATTGTGTTTC-1,Tcm/Naive helper T cells,0.8751613224259875
CCCGGAGAAGGGTG-1,Classical monocytes,0.9945228016965338
CCCTACGAATTGGC-1,Classical monocytes,0.9959500020372257
CCCTAGTGCAAAGA-1,B cells,0.24926516886137629
CCCTCAGACACTTT-1,B cells,0.7806486857966018
CCCTCAGACGAGAG-1,Tcm/Naive helper T cells,0.9953508531563972
CCCTCAGAGGTCAT-1,Tcm/Naive helper T cells,0.9973411751119499
CCCTGAACTAAAGG-1,B cells,0.9987120020627606
CCCTGATGCAACCA-1,Tcm/Naive helper T cells,0.3084655026219981
CCCTGATGCAAGCT-1,B cells,0.9982438911679139
CCCTTACTAACCAC-1,Classical monocytes,0.9994575116822402
CCCTTACTGCAGTT-1,MAIT cells,0.8055718300406896
CCGAAAACCTTGTT-1,Non-classical monocytes,0.8934645506651826
CCGACACTGGTTTG-1,Tcm/Naive helper T cells,0.8397258945010427
CCGACTACCCAGTA-1,Classical monocytes,0.9310725652437505
CCGACTACCGTGTA-1,Tcm/Naive helper T cells,0.9941223900736138
CCGACTACTGAGGG-1,Tcm/Naive cytotoxic T cells,0.9705848828746733
CCGATAGACCTAAG-1,Tcm/Naive cytotoxic T cells,0.9747815961568994
CCGATAGAGTTGGT-1,Non-classical monocytes,0.9256061410257113
CCGCGAGACACACA-1,Classical monocytes,0.9663590199361933
CCGCGAGAGGTTCA-1,MAIT cells,0.7719107930401677
CCGCTATGGGACGA-1,Naive B cells,0.9206391856450651
CCGCTATGTGCAAC-1,Classical monocytes,0.9785639587742032
CCGCTATGTGCACA-1,Classical monocytes,0.9893791209687184
CCGGTACTGTCCTC-1,Tcm/Naive cytotoxic T cells,0.9794089113166804
CCGTACACAAGCAA-1,Follicular helper T cells,0.2637680471424385
CCGTACACAGCGTT-1,B cells,0.9518437942440428
CCGTACACGTCATG-1,NKT cells,0.4604603355701642
CCGTACACGTTGGT-1,Classical monocytes,0.9863491948824427
CCGTACACTAACGC-1,MAIT cells,0.8140702433447088
CCTAAACTTTCGTT-1,Tcm/Naive cytotoxic T cells,0.44764241545566325
CCTAAGGACCCAAA-1,Tcm/Naive helper T cells,0.8417106347256869
CCTAAGGACTAGCA-1,Classical monocytes,0.9969213824892872
CCTAAGGAGGGCAA-1,MAIT cells,0.8408159574076417
CCTAAGGATGATGC-1,Tcm/Naive helper T cells,0.43683970332666267
CCTAAGGATGTCAG-1,Tcm/Naive helper T cells,0.9591820936240977
CCTACCGACTCTTA-1,Tcm/Naive helper T cells,0.9920551274498446
CCTACCGAGGGATG-1,B cells,0.9683767461540064
CCTAGAGAGGTGAG-1,B cells,0.9986779832743373
CCTATAACCAAAGA-1,Tcm/Naive cytotoxic T cells,0.973803595216427
CCTATAACGAGACG-1,Non-classical monocytes,0.9968163032391844
CCTATAACTCAGAC-1,Tcm/Naive helper T cells,0.7106230461675732
CCTATAACTGCATG-1,Non-classical monocytes,0.9998701031654486
CCTCGAACACTTTC-1,CD16+ NK cells,0.9995720625210902
CCTCGAACCCGTAA-1,Non-classical monocytes,0.9779440442700909
CCTCGAACGTATCG-1,Tcm/Naive helper T cells,0.3856189550218668
CCTCGAACTTACTC-1,Tem/Effector helper T cells,0.9270822387111226
CCTCTACTCTTCGC-1,Classical monocytes,0.910567997701276
CCTCTACTGGCATT-1,Tcm/Naive cytotoxic T cells,0.8534567270574549
CCTGACTGAAGTAG-1,MAIT cells,0.9213377243270268
CCTGACTGGGGAGT-1,Tcm/Naive cytotoxic T cells,0.9680666376752296
CCTGACTGTGTCTT-1,B cells,0.9916801814728857
CCTGCAACACGTTG-1,Classical monocytes,0.7230647852152217
CCTGGACTCGTGAT-1,Tcm/Naive helper T cells,0.5483516697908623
CCTTAATGCCCAAA-1,Naive B cells,0.8108662858489046
CCTTAATGTTCTAC-1,Non-classical monocytes,0.9790711217399592
CCTTCACTACGACT-1,Tcm/Naive helper T cells,0.42205974936488505
CCTTCACTCAGTCA-1,B cells,0.9028821259254093
CCTTCACTGGAGTG-1,Classical monocytes,0.9881179812941143
CCTTTAGATTCATC-1,Classical monocytes,0.9611794655518942
CGAACATGCCCTAC-1,Non-classical monocytes,0.44418813665905954
CGAACATGTCAGAC-1,Tem/Effector helper T cells,0.8556319238163175
CGAAGACTGGAACG-1,MAIT cells,0.9727371666810798
CGAAGACTGTTACG-1,Tcm/Naive helper T cells,0.45398278549378146
CGAAGGGAAACCTG-1,Tem/Trm cytotoxic T cells,0.11995079892164333
CGAAGGGATCCGAA-1,B cells,0.915138697097504
CGAAGTACCAACTG-1,B cells,0.7813402269458801
CGAATCGAGGAGCA-1,Classical monocytes,0.8942993331310656
CGAATCGAGGAGGT-1,Tcm/Naive helper T cells,0.8055360996759485
CGACAAACCCATAG-1,Tcm/Naive helper T cells,0.22950046697476992
CGACAAACCGACAT-1,B cells,0.9806748859851434
CGACCACTAAAGTG-1,CD16+ NK cells,0.9998289272001373
CGACCACTGCCAAT-1,CD16+ NK cells,0.9950413371211329
CGACCGGAAGGTCT-1,Tcm/Naive helper T cells,0.9552243228709655
CGACCGGATGGAAA-1,Regulatory T cells,0.44694592023629354
CGACCTTGCTAGTG-1,Tcm/Naive helper T cells,0.3946141028372731
CGACGTCTATCGTG-1,Tcm/Naive cytotoxic T cells,0.13514808480461032
CGACGTCTCGTGTA-1,Tem/Effector helper T cells,0.9890587168779239
CGACGTCTGAGGCA-1,Tcm/Naive helper T cells,0.2800602028373153
CGACTCACGTCGTA-1,Tcm/Naive helper T cells,0.6471404382121074
CGACTCACGTTGCA-1,Tcm/Naive cytotoxic T cells,0.7300008202868111
CGACTCTGTGTGAC-1,Tem/Effector helper T cells,0.20844258591703452
CGACTGCTTCCTCG-1,Classical monocytes,0.9977860858604153
CGAGAACTAAGGCG-1,Tem/Temra cytotoxic T cells,0.8726753169056944
CGAGAACTACGTTG-1,Tcm/Naive helper T cells,0.9962669323928302
CGAGAACTTGTTCT-1,Classical monocytes,0.8906108126715984
CGAGATTGGACACT-1,Double-positive thymocytes,0.6861325227680719
CGAGATTGGCCATA-1,NK cells,0.4927523964545898
CGAGCCGAACACCA-1,Tcm/Naive helper T cells,0.41597616800215154
CGAGCCGAGGCGAA-1,Tcm/Naive cytotoxic T cells,0.45471578940823737
CGAGCGTGCTCCAC-1,Tcm/Naive cytotoxic T cells,0.17131442274153533
CGAGCGTGGATACC-1,Tem/Effector helper T cells,0.6365982625076203
CGAGCGTGTATGCG-1,Classical monocytes,0.9670088217732723
CGAGGAGACCTCCA-1,B cells,0.9999314563711752
CGAGGAGATGTCGA-1,Tcm/Naive helper T cells,0.9330956010816965
CGAGGCACCTATGG-1,NK cells,0.2602090383996383
CGAGGCACTATGCG-1,Non-classical monocytes,0.8005731680605166
CGAGGCACTCTTCA-1,MAIT cells,0.2873941440425432
CGAGGCTGACGCTA-1,CD16+ NK cells,0.982319750028616
CGAGGCTGGCAGTT-1,Classical monocytes,0.7636353119835018
CGAGGGCTACGACT-1,B cells,0.9811610793485767
CGAGGGCTCGAATC-1,Tcm/Naive cytotoxic T cells,0.8914300336982347
CGAGTATGTCACCC-1,Non-classical monocytes,0.9998962994477976
CGATACGAACAGTC-1,Classical monocytes,0.8946795718546298
CGATACGACAGGAG-1,Cycling T cells,0.8842397076092927
CGATACGATTCACT-1,B cells,0.9979354818226923
CGATAGACCCGTAA-1,Classical monocytes,0.9073787221856545
CGATAGACCGTACA-1,Regulatory T cells,0.9968424334390888
CGATAGACGTAGGG-1,Classical monocytes,0.9954786315777885
CGATAGACTGTTCT-1,Tcm/Naive helper T cells,0.8796646983322214
CGATCAGAAGAACA-1,NK cells,0.7676872945444635
CGATCAGAGAGGGT-1,Tcm/Naive helper T cells,0.21959139056591692
CGATCAGAGGTACT-1,Tcm/Naive helper T cells,0.9349263554262194
CGATCAGATGTGAC-1,pDC,0.9670378799848163
CGATCCACCGGGAA-1,MAIT cells,0.9026918676794397
CGATCCACTTCCAT-1,B cells,0.9655481784771893
CGCAAATGCTCGAA-1,Tcm/Naive helper T cells,0.8047288705574467
CGCAACCTCCTTGC-1,Tem/Effector helper T cells,0.4029037597682351
CGCAACCTGGACGA-1,Tcm/Naive cytotoxic T cells,0.2062145609680907
CGCACGGAGGACGA-1,B cells,0.9974199746678637
CGCACGGATCTTTG-1,Tcm/Naive cytotoxic T cells,0.9946467062781248
CGCACTACAGAATG-1,Tcm/Naive helper T cells,0.953879601899678
CGCACTACAGCCAT-1,Tem/Effector helper T cells,0.9793194024729222
CGCACTACATTGGC-1,Tcm/Naive helper T cells,0.5019404606200794
CGCACTACTCGCCT-1,B cells,0.9910588490038335
CGCACTACTCGTGA-1,Tem/Trm cytotoxic T cells,0.90047068296593
CGCACTTGTCACGA-1,Classical monocytes,0.8742076785101062
CGCAGGACAGATCC-1,Tem/Trm cytotoxic T cells,0.9125070482538553
CGCAGGACCTACTT-1,Tcm/Naive helper T cells,0.9883747855559128
CGCAGGACTTGTCT-1,Non-classical monocytes,0.9970508027635256
CGCAGGTGCACTGA-1,Tem/Effector helper T cells,0.9755132399383095
CGCAGGTGCCATAG-1,Non-classical monocytes,0.9958287654954553
CGCAGGTGGGAACG-1,Regulatory T cells,0.9878604654569231
CGCATAGATCACGA-1,Classical monocytes,0.971349279299254
CGCCATACTGCAAC-1,Tcm/Naive helper T cells,0.6060614605892346
CGCCATTGAGAGGC-1,Tcm/Naive helper T cells,0.899418239040845
CGCCATTGCTATGG-1,Tcm/Naive helper T cells,0.47872838220847286
CGCCATTGGAGACG-1,Tem/Effector helper T cells,0.9497616748790187
CGCCATTGGAGCAG-1,B cells,0.9089639197347416
CGCCATTGTACTGG-1,B cells,0.9870691432051164
CGCCGAGAGCTTAG-1,CD16+ NK cells,0.993355999733394
CGCCTAACGAATGA-1,Classical monocytes,0.3202872037084439
CGCCTAACTGCTCC-1,Tem/Effector helper T cells,0.7102241849725335
CGCGAGACACAGCT-1,Regulatory T cells,0.2652344398998402
CGCGAGACAGGTCT-1,B cells,0.997263381227531
CGCGAGACGCTACA-1,Tcm/Naive cytotoxic T cells,0.46970570656206817
CGCGATCTCAGTCA-1,Classical monocytes,0.8117107540151405
CGCGATCTGTTGAC-1,Classical monocytes,0.9932147448444465
CGCGATCTTTCTTG-1,Memory B cells,0.771743743608021
CGCGGATGGCCAAT-1,Regulatory T cells,0.5957401623904197
CGCTAAGAATGTCG-1,Tcm/Naive helper T cells,0.9945892005026051
CGCTAAGACAACTG-1,Tcm/Naive cytotoxic T cells,0.23287900337809417
CGCTAAGACCCTTG-1,Tem/Effector helper T cells,0.16619162344370017
CGCTACTGAACAGA-1,Classical monocytes,0.9316079162623421
CGCTACTGAGAACA-1,Tcm/Naive helper T cells,0.30798591506406764
CGCTACTGTGAGCT-1,Tcm/Naive helper T cells,0.881992359327502
CGCTACTGTTCCCG-1,NK cells,0.46201756250901976
CGCTCATGCATTTC-1,Classical monocytes,0.9946064868988725
CGGAATTGGTTTGG-1,Tcm/Naive helper T cells,0.7215133882141977
CGGAATTGTGGAGG-1,Tcm/Naive helper T cells,0.8871988629307846
CGGACCGATGCGTA-1,Tem/Trm cytotoxic T cells,0.4498136778844057
CGGACCGATGGGAG-1,Tcm/Naive cytotoxic T cells,0.18032864761661935
CGGACTCTAAACAG-1,B cells,0.9986656005100191
CGGACTCTCCAATG-1,Tem/Effector helper T cells,0.6281125233083921
CGGACTCTCCTCGT-1,NK cells,0.4793774490744642
CGGAGGCTATTCCT-1,Tcm/Naive cytotoxic T cells,0.21476842386632392
CGGAGGCTTGGATC-1,Tcm/Naive cytotoxic T cells,0.9978181867830368
CGGATAACAACGAA-1,Classical monocytes,0.9995062304170109
CGGATAACAGCTCA-1,Tem/Effector helper T cells,0.7638379851586704
CGGATAACTCAGTG-1,Classical monocytes,0.9483545519151155
CGGCACGAACTCAG-1,MAIT cells,0.9385528752038287
CGGCACGAAGGGTG-1,Tcm/Naive helper T cells,0.9427151008956327
CGGCACGACTACGA-1,Non-classical monocytes,0.9737288429848003
CGGCATCTTAGAAG-1,Tem/Effector helper T cells,0.7180111722458998
CGGCATCTTCGTAG-1,Classical monocytes,0.9681272816065785
CGGCCAGAAAGGTA-1,Regulatory T cells,0.722101409415203
CGGCCAGAGAGGCA-1,Tem/Trm cytotoxic T cells,0.4513842713179012
CGGCGAACCAGTCA-1,Classical monocytes,0.7989652606559019
CGGCGAACGACAAA-1,CD16+ NK cells,0.9933525865545626
CGGCGAACGGTCTA-1,Tem/Effector helper T cells,0.9958591286300528
CGGCGAACTACTTC-1,CD16+ NK cells,0.998103024898477
CGGGACTGCGTGTA-1,Tcm/Naive cytotoxic T cells,0.9562770981547417
CGGGACTGGAATAG-1,NK cells,0.47758405570431545
CGGGCATGACCCAA-1,Tem/Trm cytotoxic T cells,0.25279570354854003
CGGGCATGTCTCTA-1,NK cells,0.4288804160128555
CGGGCATGTTGTGG-1,Tcm/Naive cytotoxic T cells,0.5137440232245378
CGGTAAACTCGCAA-1,Tcm/Naive cytotoxic T cells,0.3318779313811263
CGGTCACTGTTTGG-1,Tem/Effector helper T cells,0.6789399673792538
CGGTCACTTACTTC-1,Tem/Effector helper T cells,0.4735666774021902
CGTAACGATCGCCT-1,Tcm/Naive helper T cells,0.8757566086321202
CGTACCACACACAC-1,Tcm/Naive helper T cells,0.9144692267617092
CGTACCACACGTTG-1,Tcm/Naive helper T cells,0.973154321629156
CGTACCACCTCATT-1,Tcm/Naive helper T cells,0.974194046141131
CGTACCACGGAGCA-1,Tcm/Naive helper T cells,0.978648933409605
CGTACCTGGCATCA-1,CD16+ NK cells,0.998700655545359
CGTAGCCTCTCTCG-1,Classical monocytes,0.9705576238110296
CGTAGCCTGCGAAG-1,Tem/Effector helper T cells,0.8658016749430112
CGTAGCCTGTATGC-1,Non-classical monocytes,0.7434084771737507
CGTCAAGAAAGGTA-1,Myelocytes,0.9451044250109059
CGTCAAGAACGTGT-1,Tcm/Naive helper T cells,0.7681417525811912
CGTCAAGACAGAGG-1,Tcm/Naive helper T cells,0.5045196478085471
CGTCAAGACAGGAG-1,NK cells,0.5016410639608511
CGTCCATGCTCTTA-1,Tcm/Naive helper T cells,0.9658856862174351
CGTCGACTTTCCGC-1,MAIT cells,0.9948447804770564
CGTGATGACGCTAA-1,Tcm/Naive cytotoxic T cells,0.8951548390943658
CGTGATGAGGTTCA-1,Tcm/Naive helper T cells,0.6358033027493493
CGTGCACTTATGGC-1,Non-classical monocytes,0.9413713421344885
CGTGTAGAAAAACG-1,Tcm/Naive helper T cells,0.8899804301144907
CGTGTAGACGATAC-1,CD16- NK cells,0.6045872571173961
CGTGTAGAGTTACG-1,CD16+ NK cells,0.9996904262455161
CGTGTAGAGTTCAG-1,Classical monocytes,0.992441224257027
CGTGTAGATTCGGA-1,CD16+ NK cells,0.9489527252316914
CGTTAGGAAACCAC-1,Tcm/Naive helper T cells,0.934883923474828
CGTTAGGATCATTC-1,Classical monocytes,0.9336580554067198
CGTTATACCCTGAA-1,Regulatory T cells,0.17401276373491975
CGTTTAACTGGTCA-1,Tcm/Naive helper T cells,0.5610798250899401
CTAAACCTCTGACA-1,CD16+ NK cells,0.9999972406279576
CTAAACCTGTGCAT-1,B cells,0.8813209853865878
CTAACACTAACGTC-1,Tem/Effector helper T cells,0.22219157962853334
CTAACACTAGTGCT-1,Classical monocytes,0.8853088805435989
CTAACGGAACCGAT-1,CD16+ NK cells,0.9993522124737444
CTAACGGATTTCTG-1,Tcm/Naive helper T cells,0.9829047313434569
CTAACTACGGCAAG-1,Tem/Trm cytotoxic T cells,0.9941897446679598
CTAAGGACACCATG-1,Tcm/Naive helper T cells,0.9369983033113843
CTAAGGACCGTTAG-1,Tcm/Naive helper T cells,0.8197807487392156
CTAAGGACGCCATA-1,Classical monocytes,0.9870364239792143
CTAAGGTGCCTAAG-1,B cells,0.91534903625869
CTAAGGTGTTGCAG-1,Tem/Effector helper T cells,0.9084640067326893
CTAAGGTGTTTCTG-1,Tem/Trm cytotoxic T cells,0.724672032145868
CTAATAGAGCTATG-1,Tcm/Naive cytotoxic T cells,0.4330110410642734
CTAATGCTTGTGGT-1,Classical monocytes,0.9090890506715673
CTACAACTCCCGTT-1,Tem/Trm cytotoxic T cells,0.0984551397195569
CTACCTCTCAACCA-1,Tcm/Naive helper T cells,0.35452653644170207
CTACGCACACCTAG-1,Non-classical monocytes,0.9943520082314157
CTACGCACTCTCCG-1,Regulatory T cells,0.7732513882765031
CTACGCACTGGTCA-1,NKT cells,0.2289391543270128
CTACGGCTTTCTTG-1,Classical monocytes,0.8866736710122676
CTACTATGAACCAC-1,Non-classical monocytes,0.8508847860631195
CTACTATGATGTGC-1,Classical monocytes,0.9557353299929257
CTACTATGCTAAGC-1,Trm cytotoxic T cells,0.5705001608148268
CTACTATGTAAAGG-1,B cells,0.969220240141333
CTACTCCTATGTCG-1,CD16+ NK cells,0.9993074588667856
CTACTCCTGCCATA-1,Classical monocytes,0.9611309401405734
CTAGAGACACTTTC-1,Regulatory T cells,0.725499555466938
CTAGAGACAGCATC-1,NK cells,0.911879943572372
CTAGAGACTTTGGG-1,Non-classical monocytes,0.995681301694732
CTAGATCTCTCTAT-1,Tcm/Naive helper T cells,0.8758845341954699
CTAGATCTTCGACA-1,Tcm/Naive helper T cells,0.7962178602926129
CTAGGATGAGCCTA-1,B cells,0.9768681896350954
CTAGGATGATCGTG-1,B cells,0.7456080239421684
CTAGGCCTCTCAGA-1,Tcm/Naive helper T cells,0.7825470538287583
CTAGGTGATGGTTG-1,Non-classical monocytes,0.9994419604917303
CTAGTTACCAGAGG-1,Tem/Effector helper T cells,0.7422035874996102
CTAGTTACCGCATA-1,Tcm/Naive helper T cells,0.8924513878024302
CTAGTTACGAAACA-1,CD16+ NK cells,0.999054431197618
CTATAAGATCGTTT-1,B cells,0.8763033554910338
CTATACTGAGGTTC-1,Classical monocytes,0.8876338150531767
CTATACTGCCAGTA-1,Tcm/Naive helper T cells,0.7624368638126954
CTATACTGCGCTAA-1,Classical monocytes,0.9660223764500284
CTATACTGCTACGA-1,CD16+ NK cells,0.9999694390123431
CTATACTGTCTCAT-1,CD16+ NK cells,0.9993529039948058
CTATACTGTTCGTT-1,HSC/MPP,0.021006465498859733
CTATAGCTGTCACA-1,Tcm/Naive helper T cells,0.44081975444757066
CTATAGCTTCGCTC-1,Classical monocytes,0.8234737886043191
CTATAGCTTGCCTC-1,Classical monocytes,0.9574930219636768
CTATCAACGAACTC-1,Tcm/Naive helper T cells,0.9826327418553499
CTATCAACGCAGAG-1,Tem/Effector helper T cells,0.9590745081345011
CTATCAACTTTGGG-1,Tcm/Naive cytotoxic T cells,0.9715344873833611
CTATCCCTCCACCT-1,Classical monocytes,0.903998869502598
CTATGTACGAGAGC-1,Tcm/Naive helper T cells,0.9335976469879282
CTATGTACGCTTAG-1,Tcm/Naive helper T cells,0.9062396334356462
CTATGTACTGTTTC-1,B cells,0.2010219974379831
CTATGTTGAAAGCA-1,Tcm/Naive helper T cells,0.9141315984625804
CTATGTTGTCCTCG-1,Tcm/Naive helper T cells,0.989153561335547
CTATGTTGTCTCGC-1,Tem/Effector helper T cells,0.8301235020219636
CTATTGACAAACGA-1,Classical monocytes,0.9935547342901656
CTATTGACACTGGT-1,Non-classical monocytes,0.9988940879140792
CTATTGACGGTGAG-1,Non-classical monocytes,0.9861147476734463
CTATTGTGGCAAGG-1,Tcm/Naive helper T cells,0.6682774349967074
CTCAATTGGTTCAG-1,Tem/Effector helper T cells,0.6515633994077329
CTCAATTGGTTGCA-1,Classical monocytes,0.9993111277395959
CTCAGAGATAGAAG-1,Tcm/Naive cytotoxic T cells,0.7384896035573956
CTCAGCACTCTAGG-1,Tcm/Naive cytotoxic T cells,0.4701799295500318
CTCAGCACTGAACC-1,Classical monocytes,0.5169596014951657
CTCAGCACTTGCAG-1,Tcm/Naive helper T cells,0.8405108151440759
CTCAGCTGAACCTG-1,Classical monocytes,0.9894544202323546
CTCAGCTGCAGTTG-1,Tcm/Naive cytotoxic T cells,0.9418914664808459
CTCAGGCTCGTTGA-1,Non-classical monocytes,0.999526996759379
CTCAGGCTGCTAAC-1,Regulatory T cells,0.5761884611236974
CTCATTGACCTTAT-1,Tem/Effector helper T cells,0.19556167330976607
CTCATTGATGCTTT-1,Non-classical monocytes,0.8242189936860295
CTCCACGAGAGATA-1,Macrophages,0.817249887544486
CTCCATCTCTTAGG-1,Tem/Effector helper T cells,0.6887931749041636
CTCCATCTGACGAG-1,Tcm/Naive cytotoxic T cells,0.1193685484555471
CTCCGAACAAGTGA-1,Non-classical monocytes,0.9977410366418693
CTCCTACTGCCTTC-1,Classical monocytes,0.9993483181222016
CTCGAAGATGTGGT-1,Tcm/Naive cytotoxic T cells,0.9972079985120451
CTCGAAGATTAGGC-1,Classical monocytes,0.9652136375654391
CTCGACTGCTCTAT-1,Tcm/Naive helper T cells,0.7891481272318592
CTCGACTGGGTGAG-1,Tcm/Naive helper T cells,0.9649984497120815
CTCGACTGGTTGAC-1,CD16+ NK cells,0.9999635005670582
CTCGAGCTCTGGAT-1,NK cells,0.076381810505136
CTCGCATGACTTTC-1,Tcm/Naive helper T cells,0.24803685026371022
CTCGCATGCTTAGG-1,Tcm/Naive helper T cells,0.654393705986078
CTCTAAACCTCGAA-1,Tcm/Naive helper T cells,0.9172748022848637
CTCTAAACGGCGAA-1,Tcm/Naive cytotoxic T cells,0.481796485284833
CTCTAATGTCCAAG-1,Classical monocytes,0.9688142409744982
CTGAACGACAGTCA-1,Tcm/Naive helper T cells,0.979601154274979
CTGAACGATGAGGG-1,Tcm/Naive helper T cells,0.47346159564503865
CTGAAGACCCAACA-1,Tem/Effector helper T cells,0.8670480474400521
CTGAAGACGTGCAT-1,B cells,0.996195355175606
CTGAAGTGAAGCCT-1,Non-classical monocytes,0.9998623874244248
CTGAAGTGCAGCTA-1,B cells,0.9778157335786516
CTGAAGTGGCTATG-1,Tcm/Naive helper T cells,0.9405063024982705
CTGAAGTGTCCAGA-1,Tcm/Naive helper T cells,0.19442358545160526
CTGAATCTGAATAG-1,Regulatory T cells,0.9794369659707678
CTGACAGAATCGTG-1,Tem/Temra cytotoxic T cells,0.3173662234086967
CTGACCACAGCAAA-1,Tcm/Naive helper T cells,0.9975127888442697
CTGAGAACCGGGAA-1,Tem/Effector helper T cells,0.7128059308838377
CTGAGAACGTAAAG-1,CD16+ NK cells,0.8689439937253952
CTGATACTAGTAGA-1,Tcm/Naive helper T cells,0.9201457861726016
CTGATTTGGTGTTG-1,Non-classical monocytes,0.9487668384805937
CTGCAGCTAACCGT-1,Tcm/Naive cytotoxic T cells,0.9691185151248893
CTGCAGCTGACACT-1,Tcm/Naive helper T cells,0.9897946843964891
CTGCAGCTGGATTC-1,Non-classical monocytes,0.9989488688989359
CTGCAGCTTGGCAT-1,MAIT cells,0.9220141516255613
CTGCCAACAGGAGC-1,Tcm/Naive cytotoxic T cells,0.591975940154071
CTGCCAACCAGCTA-1,Tcm/Naive helper T cells,0.8502932015595199
CTGCCAACTAACCG-1,Classical monocytes,0.8825389180256673
CTGCCAACTGCTCC-1,Tem/Trm cytotoxic T cells,0.9212644093862546
CTGCCAACTTGCAG-1,Tcm/Naive helper T cells,0.9855532514547781
CTGCCAACTTGCTT-1,Tem/Trm cytotoxic T cells,0.75240800125247
CTGCGACTCCACCT-1,Tem/Trm cytotoxic T cells,0.7650178785062492
CTGGAAACAAACGA-1,Tem/Temra cytotoxic T cells,0.10924924194549224
CTGGAAACATCGAC-1,Tcm/Naive helper T cells,0.9337419609395451
CTGGATGACTGGAT-1,Tem/Trm cytotoxic T cells,0.9942436162641364
CTGGATGACTTGTT-1,Regulatory T cells,0.8020763188857768
CTGGATGATGTGAC-1,B cells,0.8286198495072217
CTGGCACTCAAGCT-1,Classical monocytes,0.9504661521853008
CTGTAACTAACCAC-1,Tcm/Naive helper T cells,0.8891486916254093
CTGTAACTAGCGTT-1,Tcm/Naive helper T cells,0.5604606905532812
CTGTATACGTAAAG-1,Tcm/Naive helper T cells,0.34990131808141006
CTGTATACGTACGT-1,Non-classical monocytes,0.4518343280372162
CTGTATACGTTGGT-1,Tcm/Naive helper T cells,0.6563355209740298
CTGTGAGACAACCA-1,Non-classical monocytes,0.990875604739514
CTGTGAGACCTTGC-1,Tem/Trm cytotoxic T cells,0.980637277671377
CTGTGAGACGAACT-1,Classical monocytes,0.985874260268395
CTGTGAGACTGTAG-1,Classical monocytes,0.9440912545712098
CTTAAAGAACCTGA-1,Tcm/Naive helper T cells,0.8708784861377425
CTTAACACCTGTAG-1,Treg(diff),0.2182343420152024
CTTAACACTATCGG-1,B cells,0.8547463767311075
CTTAAGCTACCTAG-1,Tcm/Naive helper T cells,0.8499238733944993
CTTAAGCTAGTACC-1,Tcm/Naive cytotoxic T cells,0.9617111458382226
CTTAAGCTCATCAG-1,Tcm/Naive helper T cells,0.9800471631605198
CTTAAGCTCCGCTT-1,B cells,0.9911107906613704
CTTACAACTAACGC-1,Tcm/Naive helper T cells,0.8793050049882075
CTTACAACTCCCGT-1,Myelocytes,0.7999366446429514
CTTACTGACGTACA-1,Tcm/Naive helper T cells,0.9933565021140028
CTTAGACTAAACGA-1,Tcm/Naive helper T cells,0.51057661226672
CTTAGGGACTTGCC-1,Tem/Effector helper T cells,0.3717952289639889
CTTAGGGAGAATCC-1,Tcm/Naive helper T cells,0.9692274058036617
CTTATCGACTCATT-1,Regulatory T cells,0.8994896019818635
CTTCACCTACCTGA-1,Non-classical monocytes,0.9994575700926727
CTTCATGAAGCATC-1,Naive B cells,0.379990975691915
CTTCATGAAGTACC-1,Tcm/Naive helper T cells,0.6095876989681279
CTTCATGACCGAAT-1,MAIT cells,0.19163550359146672
CTTGAACTACGCAT-1,Tem/Effector helper T cells,0.535767677352208
CTTGATTGAGGTTC-1,Tem/Temra cytotoxic T cells,0.14133518145378426
CTTGATTGATCTTC-1,Classical monocytes,0.8465872201219805
CTTGATTGCATTCT-1,Regulatory T cells,0.44929335836139844
CTTGATTGTTTCGT-1,Tcm/Naive helper T cells,0.8760278205190353
CTTGTATGACACCA-1,B cells,0.2974089241163289
CTTGTATGCGCAAT-1,B cells,0.9924624925505326
CTTTACGAGCGAAG-1,Tcm/Naive helper T cells,0.585809173217328
CTTTAGACCGTGAT-1,Tcm/Naive helper T cells,0.5734543548518186
CTTTAGACGAGACG-1,Tcm/Naive helper T cells,0.8847942359633846
CTTTAGACGATACC-1,Tcm/Naive helper T cells,0.6539396599897093
CTTTAGACGTTGGT-1,Tcm/Naive cytotoxic T cells,0.15909329185952067
CTTTAGACTCATTC-1,Regulatory T cells,0.3472145414130753
CTTTAGTGACGGGA-1,CD16+ NK cells,0.9994244784299147
CTTTAGTGGGTGGA-1,Tcm/Naive helper T cells,0.9346499500705008
CTTTCAGAGAAACA-1,Tcm/Naive helper T cells,0.9053566363162971
CTTTGATGAGCACT-1,Tcm/Naive helper T cells,0.7176536670143742
CTTTGATGTCTAGG-1,MAIT cells,0.19094591908486586
CTTTGATGTGTCCC-1,Tcm/Naive helper T cells,0.8879640466391063
CTTTGATGTGTGGT-1,Tcm/Naive cytotoxic T cells,0.9589427245619976
GAAACAGAACTACG-1,Tcm/Naive helper T cells,0.1606007242936149
GAAACAGAATCACG-1,Tcm/Naive helper T cells,0.45790539909034106
GAAACAGACATTCT-1,Tcm/Naive helper T cells,0.9989603183791559
GAAACCTGATCGTG-1,Tcm/Naive cytotoxic T cells,0.9800110452868428
GAAACCTGATGCCA-1,Tcm/Naive helper T cells,0.6872814763390259
GAAACCTGCTTATC-1,Tem/Effector helper T cells,0.5178210546129359
GAAACCTGGACTAC-1,Non-classical monocytes,0.9977719647159208
GAAACCTGTGCTAG-1,Tcm/Naive helper T cells,0.9849836162807607
GAAAGATGATTTCC-1,Tem/Effector helper T cells,0.6253006135126029
GAAAGATGCTGATG-1,Non-classical monocytes,0.992098226290449
GAAAGATGCTTCGC-1,Classical monocytes,0.9178880245576624
GAAAGATGTAAGGA-1,Tcm/Naive helper T cells,0.49465790237053125
GAAAGCCTACGTTG-1,B cells,0.9992011891753978
GAAAGTGAAAGTGA-1,Regulatory T cells,0.19474420826553582
GAAAGTGACCACAA-1,Classical monocytes,0.9354282371780444
GAAAGTGACTCAAG-1,Tem/Effector helper T cells,0.8473408547676081
GAAATACTACCAAC-1,Myelocytes,0.952770803808565
GAAATACTCTTAGG-1,B cells,0.926087143687243
GAAATACTTCCTCG-1,Regulatory T cells,0.9666558379674295
GAACACACGTGCAT-1,Classical monocytes,0.8227947052809547
GAACACACTGCCTC-1,Tcm/Naive helper T cells,0.9544147044662666
GAACAGCTAACTGC-1,Non-classical monocytes,0.9923950165806931
GAACAGCTCTCAGA-1,Non-classical monocytes,0.9888699862176765
GAACCAACCACAAC-1,Tcm/Naive helper T cells,0.10688455638146134
GAACCAACTTCCGC-1,CD16+ NK cells,0.9999973255697797
GAACCTGAACGTGT-1,Tcm/Naive helper T cells,0.14742183977482068
GAACCTGAGAGACG-1,Tcm/Naive helper T cells,0.9951911573385858
GAACCTGATGAACC-1,Tcm/Naive helper T cells,0.44839384688701917
GAACGGGATACTTC-1,Tcm/Naive helper T cells,0.9933505068077082
GAACTGTGACCTGA-1,Non-classical monocytes,0.999883874310871
GAACTGTGCCAGTA-1,Classical monocytes,0.9991509272424905
GAAGAATGCAATCG-1,Tcm/Naive cytotoxic T cells,0.996390660147049
GAAGCGGACCTATT-1,Classical monocytes,0.31632781961845724
GAAGCTACGAATGA-1,Classical monocytes,0.49426014974453375
GAAGCTACGGTTTG-1,Regulatory T cells,0.6603313267333316
GAAGGGTGAAAGTG-1,Tem/Effector helper T cells,0.7283622009145635
GAAGGGTGCTTAGG-1,Classical monocytes,0.9955640750574876
GAAGGTCTGAAAGT-1,Regulatory T cells,0.997077514987105
GAAGGTCTGTTGCA-1,Tcm/Naive cytotoxic T cells,0.960783036349875
GAAGGTCTTAAAGG-1,DC,0.9966681028498198
GAAGTAGACTCCCA-1,NK cells,0.29382687198969243
GAAGTAGATCCAAG-1,Non-classical monocytes,0.9999540795761918
GAAGTCACCCTCGT-1,Classical monocytes,0.9806688591567534
GAAGTCACCCTGTC-1,B cells,0.9997593530870262
GAAGTCTGTCGCAA-1,B cells,0.9949949875747143
GAAGTCTGTTCTGT-1,Tcm/Naive helper T cells,0.5977566022783567
GAAGTGCTAAACGA-1,CD16+ NK cells,0.99985756484892
GAAGTGCTCCGCTT-1,Classical monocytes,0.8606155262602551
GAAGTGCTTAACCG-1,Tcm/Naive helper T cells,0.06383051558014782
GAATGCACCCTAAG-1,Tcm/Naive helper T cells,0.8531603808372082
GAATGCACCTTCGC-1,CD16+ NK cells,0.9999964122440695
GAATGCTGCGGTAT-1,Tcm/Naive cytotoxic T cells,0.9837844433983846
GAATTAACGATAAG-1,Tcm/Naive helper T cells,0.9990711248070869
GAATTAACGGTCAT-1,Tem/Effector helper T cells,0.3531724136089882
GAATTAACGTCGTA-1,CD16+ NK cells,0.46112506525440833
GAATTAACTGAAGA-1,B cells,0.9842468279802655
GACAACACAGGCGA-1,Tcm/Naive helper T cells,0.9922742646136979
GACAACACATCGTG-1,Tcm/Naive helper T cells,0.7283844093269295
GACAACACTCGCCT-1,Tcm/Naive cytotoxic T cells,0.6923468961633327
GACAACTGAGGTTC-1,Tem/Effector helper T cells,0.5478532288464724
GACAGGGAAGAGTA-1,B cells,0.989158253932577
GACAGGGAATGCCA-1,Tcm/Naive helper T cells,0.8558400427187891
GACAGTACGAGCTT-1,Non-classical monocytes,0.9997535916249599
GACAGTACTTCGGA-1,Non-classical monocytes,0.9999458795484035
GACAGTTGAGTAGA-1,B cells,0.9687547861215516
GACATTCTCCACCT-1,DC,0.817002722892244
GACCAAACGACTAC-1,Classical monocytes,0.7340165690616657
GACCAAACGTATCG-1,Classical monocytes,0.9570185938079958
GACCCTACTAAAGG-1,B cells,0.9052021620188522
GACCTAGACCTCAC-1,Tcm/Naive cytotoxic T cells,0.05795416247516442
GACCTAGACGAGAG-1,Tcm/Naive helper T cells,0.31504681634070986
GACCTCACAAGGTA-1,Tcm/Naive cytotoxic T cells,0.9865027373287403
GACCTCACGTACGT-1,Classical monocytes,0.9735274736321372
GACCTCTGCATCAG-1,Tcm/Naive cytotoxic T cells,0.9889083963045253
GACGAACTCCCACT-1,Tcm/Naive helper T cells,0.9534456872161977
GACGATTGCCAATG-1,B cells,0.9618778583716258
GACGCCGACCTTCG-1,Regulatory T cells,0.724205108201328
GACGCTCTCTCTCG-1,Megakaryocytes/platelets,0.6561495821396496
GACGGCACACGGGA-1,CD16+ NK cells,0.9863818836074645
GACGGCACGAGATA-1,Classical monocytes,0.9944571918296717
GACGTAACCTATGG-1,Tcm/Naive helper T cells,0.9794425939925916
GACGTAACCTGTGA-1,Tcm/Naive helper T cells,0.7410977584930509
GACGTAACTATGGC-1,Tem/Effector helper T cells,0.8880047146189719
GACGTATGTTGACG-1,Tcm/Naive cytotoxic T cells,0.9153783067077467
GACGTATGTTTGCT-1,Tcm/Naive cytotoxic T cells,0.997744115819872
GACGTCCTACGGAG-1,Tem/Effector helper T cells,0.8603042611183599
GACGTCCTCTCAAG-1,Classical monocytes,0.7479762076897996
GACGTCCTGATAAG-1,B cells,0.8667079389293124
GACTACGATGGTCA-1,B cells,0.9868265799620054
GACTCCTGCTCGCT-1,Tcm/Naive helper T cells,0.9297338665377848
GACTCCTGGGTTAC-1,Tcm/Naive cytotoxic T cells,0.9839860611971485
GACTCCTGTTATCC-1,Tem/Effector helper T cells,0.9063081619022388
GACTCCTGTTGGTG-1,Classical monocytes,0.9916800661120744
GACTGAACCAATCG-1,Classical monocytes,0.9942731434996933
GACTGATGTGATGC-1,Tcm/Naive cytotoxic T cells,0.9998604928915158
GACTTTACATGCCA-1,Tcm/Naive helper T cells,0.9323333643100298
GACTTTACGACAGG-1,B cells,0.9970950888457917
GAGAAATGTTCTCA-1,B cells,0.6571619526889142
GAGATAGAAAAAGC-1,Classical monocytes,0.8511224707033255
GAGATCACGACAAA-1,Non-classical monocytes,0.9985334054794945
GAGATGCTCTGGAT-1,MAIT cells,0.6885623847786008
GAGATGCTGAATGA-1,Tem/Effector helper T cells,0.904727117573309
GAGCAGGATTCCCG-1,MAIT cells,0.740878417137987
GAGCATACTTTGCT-1,Non-classical monocytes,0.9039262189101415
GAGCGCACGCGTAT-1,Classical monocytes,0.9902489500295384
GAGCGCACGGTGAG-1,MAIT cells,0.9423524764379771
GAGCGCTGAAGATG-1,CD16+ NK cells,0.9999550491235243
GAGCGCTGTCTTAC-1,Classical monocytes,0.9761162117518011
GAGCGGCTGGGAGT-1,B cells,0.9619274764736049
GAGGACGACTCAGA-1,Tem/Trm cytotoxic T cells,0.36202333344250126
GAGGATCTGAAAGT-1,B cells,0.8182215099575507
GAGGCAGACTTGCC-1,NK cells,0.6815368363883685
GAGGGAACACCAGT-1,Tcm/Naive helper T cells,0.6689257215055507
GAGGGAACGAGGGT-1,Tem/Effector helper T cells,0.8954543494522892
GAGGGATGGGAAAT-1,Regulatory T cells,0.9946102482460235
GAGGGCCTTCACCC-1,Tem/Effector helper T cells,0.283073634069252
GAGGGTGAAGAGTA-1,Tcm/Naive helper T cells,0.9725554644708015
GAGGTACTACGGTT-1,Tcm/Naive cytotoxic T cells,0.9993613067466105
GAGGTACTACTCAG-1,Classical monocytes,0.934963915222327
GAGGTACTGACACT-1,CD16+ NK cells,0.9859989258408975
GAGGTACTGGGAGT-1,Tem/Effector helper T cells,0.391258026061385
GAGGTACTTAGCGT-1,Classical monocytes,0.7876672562371015
GAGGTGGAGTACGT-1,Tcm/Naive cytotoxic T cells,0.9859770946432674
GAGGTGGATCCTCG-1,CD16+ NK cells,0.9999437204658639
GAGGTTACTCGTTT-1,Monocytes,0.3556096482675117
GAGGTTTGTAAGCC-1,Classical monocytes,0.8612085691210871
GAGTCAACCATTCT-1,Tcm/Naive helper T cells,0.2462345235569723
GAGTCAACGGGAGT-1,Tcm/Naive helper T cells,0.8440087077259838
GAGTCTGATCGTGA-1,Tcm/Naive cytotoxic T cells,0.7697429462668841
GAGTCTGATTTGGG-1,B cells,0.9623514549742136
GAGTGACTCAGCTA-1,Regulatory T cells,0.994622493222834
GAGTGACTCGGTAT-1,Tem/Trm cytotoxic T cells,0.9945833882622571
GAGTGACTCTTGCC-1,B cells,0.9981546818381657
GAGTGACTGACTAC-1,B cells,0.9899278767419362
GAGTGACTGTCTAG-1,Tcm/Naive helper T cells,0.9480525488125988
GAGTGGGAGTCTTT-1,B cells,0.9936267767057868
GAGTGGGATGCCCT-1,Tcm/Naive cytotoxic T cells,0.9971082487713084
GAGTGGGATGCTGA-1,B cells,0.7786227254599969
GAGTGTTGCTGTAG-1,Tem/Effector helper T cells,0.8961826684467376
GAGTGTTGTGGTCA-1,Tcm/Naive helper T cells,0.9892066330892079
GAGTTGTGCATGGT-1,Classical monocytes,0.9026740490685127
GAGTTGTGCTGAGT-1,Tem/Trm cytotoxic T cells,0.6165951671821638
GAGTTGTGGCGAGA-1,Classical monocytes,0.9997020012059805
GAGTTGTGGTAGCT-1,Megakaryocytes/platelets,0.9978495589191939
GAGTTGTGTATGCG-1,Non-classical monocytes,0.9998919966445966
GATAAGGAGAAACA-1,Classical monocytes,0.9144840213480356
GATAAGGATTCACT-1,Classical monocytes,0.9634906823302448
GATACTCTATCGGT-1,Tcm/Naive helper T cells,0.9822968436119852
GATACTCTTACTTC-1,Tcm/Naive cytotoxic T cells,0.9935390428082691
GATACTCTTGACTG-1,Classical monocytes,0.9738357709777057
GATAGAGAAGGGTG-1,NKT cells,0.320773092893554
GATAGAGACTGTGA-1,Tcm/Naive helper T cells,0.5849288679194052
GATAGAGATCACGA-1,Monocytes,0.7149175833651441
GATAGCACCCATAG-1,Tcm/Naive helper T cells,0.5890143885092729
GATAGCACGAAGGC-1,Non-classical monocytes,0.9949301096028682
GATAGCACTTGTCT-1,Tcm/Naive cytotoxic T cells,0.9982953002356032
GATATAACAAGGTA-1,Tem/Effector helper T cells,0.8769789372554461
GATATAACACGCAT-1,Tcm/Naive helper T cells,0.9952032467640816
GATATATGCTGGAT-1,Tcm/Naive helper T cells,0.9071243006325371
GATATATGTCCGTC-1,NKT cells,0.7124802187978588
GATATATGTGGAGG-1,Classical monocytes,0.6844354791974709
GATATCCTAGAAGT-1,Tcm/Naive helper T cells,0.9035044441767026
GATATCCTCCCGTT-1,Classical monocytes,0.9649232481152707
GATATTGACAGGAG-1,MAIT cells,0.46523345140939437
GATATTGACGAGTT-1,Non-classical monocytes,0.9639932453947769
GATATTGAGCCAAT-1,Tcm/Naive helper T cells,0.9552346642612106
GATCCCTGACCTTT-1,CD16+ NK cells,0.9997515396270762
GATCCCTGTGTAGC-1,Tem/Temra cytotoxic T cells,0.23562763081947086
GATCCGCTGGTCAT-1,Classical monocytes,0.9984616683862056
GATCGAACCGAGAG-1,MAIT cells,0.27308706965098206
GATCGATGACTAGC-1,B cells,0.999823679318358
GATCGATGGTAAAG-1,B cells,0.9989815327576733
GATCGATGTAAGGA-1,Classical monocytes,0.9763963346639444
GATCGTGACACTAG-1,Tcm/Naive helper T cells,0.27053569150384155
GATCGTGATTCACT-1,Tem/Effector helper T cells,0.2985598215182557
GATCTACTGGTGAG-1,Tcm/Naive helper T cells,0.7754827145911842
GATCTACTTTGCAG-1,B cells,0.9882665222348669
GATCTTACACCCAA-1,Non-classical monocytes,0.9818096099608107
GATCTTACCCTACC-1,Tcm/Naive helper T cells,0.9133875405514503
GATCTTACGAATAG-1,Monocytes,0.8654748090409998
GATCTTACGAGATA-1,Classical monocytes,0.9913323935320902
GATGCAACTCCAGA-1,Tcm/Naive helper T cells,0.9283924458987218
GATGCCCTACGTAC-1,Tcm/Naive helper T cells,0.46588366893388533
GATGCCCTCTCATT-1,Tcm/Naive helper T cells,0.9981949586307509
GATGCCCTGGCAAG-1,Classical monocytes,0.884071387367077
GATGCCCTTTTGCT-1,Regulatory T cells,0.3655896565430441
GATTACCTTGTTCT-1,Tcm/Naive cytotoxic T cells,0.986293508959486
GATTCGGAACGACT-1,Tcm/Naive helper T cells,0.7617806472733482
GATTCGGACAGGAG-1,Non-classical monocytes,0.6488633601125295
GATTCGGAGAAGGC-1,Non-classical monocytes,0.9991532314143461
GATTCTTGATTCGG-1,Classical monocytes,0.991382682620285
GATTCTTGCCGATA-1,T(agonist),0.5143977165909628
GATTCTTGCGAGTT-1,B cells,0.9923736965335714
GATTGGACCCGTTC-1,B cells,0.804529827085454
GATTGGACGGTGTT-1,B cells,0.9071640360194737
GATTGGACTTTCGT-1,B cells,0.8941785955792345
GATTGGTGTGTCAG-1,Tcm/Naive helper T cells,0.8657535386127521
GATTTAGACACTCC-1,Non-classical monocytes,0.9999437464998295
GATTTAGACTAAGC-1,B cells,0.995110386540042
GATTTAGATTCGTT-1,Classical monocytes,0.8178859367637457
GATTTGCTAACGAA-1,Tcm/Naive helper T cells,0.822772313180354
GATTTGCTAACGGG-1,Classical monocytes,0.9269896594551745
GCAACCCTCCTCGT-1,Classical monocytes,0.8664040076204325
GCAACTGATTGCGA-1,Tcm/Naive cytotoxic T cells,0.9768743826712618
GCAAGACTACTGGT-1,Tem/Effector helper T cells,0.4763853301510649
GCAAGACTAGGTCT-1,Tem/Effector helper T cells,0.487260527536635
GCAAGACTCCCTTG-1,Tcm/Naive helper T cells,0.8949085624324846
GCAATCGACTGCAA-1,Tem/Trm cytotoxic T cells,0.4076652679403398
GCAATCGAGACGTT-1,Non-classical monocytes,0.945737449620571
GCAATCGATCCTTA-1,Classical monocytes,0.9808920994552758
GCAATTCTCGTGTA-1,Tcm/Naive helper T cells,0.914863288973055
GCAATTCTTCTCCG-1,Tcm/Naive helper T cells,0.5324705548192193
GCACAAACAATGCC-1,MAIT cells,0.9406839467809859
GCACAAACGGTACT-1,Tem/Effector helper T cells,0.33052523766584996
GCACAATGGTGCAT-1,DC,0.3681513907003242
GCACACCTGTGCTA-1,CD16+ NK cells,0.9991968353745361
GCACCACTCATGAC-1,Classical monocytes,0.8943433714799478
GCACCACTGTTTGG-1,Myelocytes,0.6026920983623373
GCACCACTTCCTTA-1,CD16+ NK cells,0.9999013089319199
GCACCACTTTCGGA-1,Classical monocytes,0.8783855804563204
GCACCTACGCGATT-1,Tem/Effector helper T cells,0.966649401500526
GCACCTTGGCTGTA-1,Tem/Effector helper T cells,0.5707760025151961
GCACCTTGGGGAGT-1,Non-classical monocytes,0.8753722906305481
GCACGGACCAGCTA-1,Tcm/Naive helper T cells,0.5360594268381499
GCACGGTGACCTCC-1,Tcm/Naive helper T cells,0.9992318137288183
GCACGGTGCTATGG-1,Classical monocytes,0.9582093622330196
GCACTAGAACGGGA-1,Tcm/Naive helper T cells,0.8810370521202532
GCACTAGAAGATGA-1,B cells,0.7087215925946236
GCACTAGACCTTTA-1,Non-classical monocytes,0.9986300135064122
GCACTAGACGTAAC-1,B cells,0.9970428619831452
GCACTAGAGTCGTA-1,NK cells,0.5032263639338799
GCACTAGATGCAAC-1,Tcm/Naive helper T cells,0.7593912097807343
GCACTGCTGAGGCA-1,Tcm/Naive cytotoxic T cells,0.777957985360807
GCAGATACAGCGTT-1,MAIT cells,0.9995607733583666
GCAGATACGACGGA-1,Tcm/Naive helper T cells,0.6377121865135118
GCAGATACGCAGAG-1,Tcm/Naive helper T cells,0.9629298429453426
GCAGCCGACAGTCA-1,Tcm/Naive cytotoxic T cells,0.8846147272321429
GCAGCGTGCACTCC-1,Tcm/Naive helper T cells,0.9423468504515032
GCAGCTCTCAATCG-1,Tcm/Naive helper T cells,0.9641377803048707
GCAGCTCTGTTTCT-1,Tcm/Naive cytotoxic T cells,0.43635462018260995
GCAGGGCTAAGAAC-1,Tcm/Naive helper T cells,0.7620418722678903
GCAGGGCTAAGGGC-1,Tcm/Naive helper T cells,0.9876617306757804
GCAGGGCTATCGAC-1,CD16+ NK cells,0.9988379136331059
GCAGGGCTTGGGAG-1,MAIT cells,0.9484911699228481
GCAGTCCTAACTGC-1,Tcm/Naive helper T cells,0.30273592247864106
GCAGTCCTCTCTTA-1,Tcm/Naive helper T cells,0.970069351844583
GCATCAGATGCGTA-1,Type 1 helper T cells,0.5995585992117806
GCATGTGACAAGCT-1,Tcm/Naive helper T cells,0.9960059167030054
GCATTGGAGAAGGC-1,Tcm/Naive helper T cells,0.7041169065833001
GCCAAAACGAGGCA-1,MAIT cells,0.9807406180828069
GCCAAATGATCGAC-1,Tem/Effector helper T cells,0.9225388349143675
GCCAACCTACGGTT-1,Tcm/Naive helper T cells,0.9980880456071615
GCCAACCTCGCCTT-1,Tcm/Naive cytotoxic T cells,0.5882248329067581
GCCACGGAGGCGAA-1,Classical monocytes,0.9211500536492628
GCCACGGATACTGG-1,Tcm/Naive cytotoxic T cells,0.6784894239053463
GCCACTACGTCTTT-1,Tem/Effector helper T cells,0.43628525840315713
GCCCAACTACCGAT-1,Tcm/Naive cytotoxic T cells,0.9398153143366168
GCCCAACTATGGTC-1,Tem/Temra cytotoxic T cells,0.11829284878550488
GCCCATACAGCGTT-1,Cycling T cells,0.18218791918352165
GCCGACGAACTCTT-1,Classical monocytes,0.7769916600418165
GCCGAGTGCGTTGA-1,Tem/Effector helper T cells,0.6915291501242005
GCCGGAACGAACTC-1,Tem/Trm cytotoxic T cells,0.9540631717151289
GCCGGAACGTTCTT-1,CD16+ NK cells,0.9934251896062007
GCCGGAACTGCACA-1,CD16+ NK cells,0.9891001337471552
GCCGGAACTTACTC-1,Tcm/Naive helper T cells,0.8810935978813451
GCCGTACTACCTGA-1,Tcm/Naive cytotoxic T cells,0.9765357292649958
GCCGTACTGGCAAG-1,Classical monocytes,0.9982549861369355
GCCTACACAGTTCG-1,CD16+ NK cells,0.9967488960146353
GCCTACACCACTGA-1,Non-classical monocytes,0.9991395894809728
GCCTACACCTTGAG-1,Tcm/Naive helper T cells,0.7054508184020409
GCCTAGCTACGGAG-1,B cells,0.9615631446425116
GCCTAGCTCTATTC-1,Tem/Effector helper T cells,0.5030160169535054
GCCTAGCTTCTCAT-1,Tcm/Naive cytotoxic T cells,0.5834968748367738
GCCTAGCTTCTCTA-1,Non-classical monocytes,0.8514106530786549
GCCTCAACCATGGT-1,Tcm/Naive cytotoxic T cells,0.9228527271131105
GCCTCAACTCTTTG-1,Tem/Trm cytotoxic T cells,0.25922394443558044
GCCTCATGTCTTAC-1,Regulatory T cells,0.17233579356301293
GCCTGACTCTCAAG-1,Classical monocytes,0.9964495041257072
GCGAAGGAACTCTT-1,Tcm/Naive cytotoxic T cells,0.6046844884265821
GCGAAGGATGCCAA-1,Tcm/Naive cytotoxic T cells,0.8678685456095171
GCGAGAGAGGGACA-1,Tcm/Naive helper T cells,0.222213072852625
GCGAGCACTGTCGA-1,B cells,0.9138669911157966
GCGAGCACTTGACG-1,Tcm/Naive cytotoxic T cells,0.9570789989837891
GCGAGCACTTGCTT-1,Classical monocytes,0.6765309512256406
GCGATATGGTACGT-1,Tcm/Naive helper T cells,0.9954956102459305
GCGATATGGTGTTG-1,Tcm/Naive helper T cells,0.9891930570606864
GCGCACGAAGTCGT-1,Tcm/Naive cytotoxic T cells,0.9971968632335448
GCGCACGACTTTAC-1,Classical monocytes,0.9965982799701023
GCGCATCTAGGTCT-1,Tcm/Naive helper T cells,0.9832997725860779
GCGCATCTGGTTAC-1,B cells,0.6420864150241059
GCGCATCTTCGATG-1,Tcm/Naive cytotoxic T cells,0.5829167903050052
GCGCATCTTGCTCC-1,CD16+ NK cells,0.9999830260695696
GCGCATCTTTCTAC-1,Tcm/Naive helper T cells,0.9897019631938816
GCGCGAACGTTCTT-1,B cells,0.9979427360628413
GCGCGATGAACGGG-1,Tcm/Naive helper T cells,0.930041614306814
GCGCGATGGTGCAT-1,CD16+ NK cells,0.9020639537346206
GCGGAGCTCCTGAA-1,Tcm/Naive helper T cells,0.9960558987951709
GCGGCAACCCGATA-1,Regulatory T cells,0.5138440567744939
GCGGCAACGGAGGT-1,B cells,0.9758085714512053
GCGGCAACTGTCGA-1,Classical monocytes,0.991075509279509
GCGTAAACACGGTT-1,DC2,0.3069182779749052
GCGTAATGCACCAA-1,Non-classical monocytes,0.9972754807042302
GCGTATGAACACCA-1,Regulatory T cells,0.7137758490365994
GCGTATGATGAGAA-1,Classical monocytes,0.3653934541396828
GCTACAGAAAGGTA-1,Tcm/Naive helper T cells,0.7675211535730355
GCTACAGAATCTTC-1,B cells,0.8095061968888608
GCTACCTGAGAAGT-1,Classical monocytes,0.9874974538572135
GCTACCTGATCACG-1,Tcm/Naive helper T cells,0.9044958157002394
GCTACGCTAGAATG-1,Tcm/Naive cytotoxic T cells,0.9926450000135982
GCTACGCTAGCTAC-1,Tem/Effector helper T cells,0.5395993703765775
GCTACGCTCCCTAC-1,Tcm/Naive helper T cells,0.9540377120151413
GCTAGAACAGAGGC-1,B cells,0.9985561341359295
GCTAGAACGGATCT-1,Tem/Effector helper T cells,0.5886608629149153
GCTAGAACTCCCGT-1,Tcm/Naive helper T cells,0.7444023283549559
GCTAGATGAGCTCA-1,Classical monocytes,0.9906337658776269
GCTAGATGGCGATT-1,Tem/Trm cytotoxic T cells,0.947775761117331
GCTATACTAAGGCG-1,Tem/Effector helper T cells,0.552694277619482
GCTATACTAGCGTT-1,Tem/Trm cytotoxic T cells,0.980742377174869
GCTATACTCTCTTA-1,Tcm/Naive cytotoxic T cells,0.816117068042835
GCTATACTGGACGA-1,Tcm/Naive helper T cells,0.571491017396977
GCTCAAGAACCATG-1,Non-classical monocytes,0.9493080698357489
GCTCAAGAAGTCAC-1,Classical monocytes,0.6318613272728894
GCTCAGCTGTCTAG-1,Tcm/Naive helper T cells,0.9960183188597957
GCTCCATGAGAAGT-1,NK cells,0.20290181762838377
GCTCCATGCCGAAT-1,Tcm/Naive helper T cells,0.9916731367771155
GCTCGACTCTAGTG-1,Classical monocytes,0.9997796260586307
GCTGATGAGGTATC-1,Classical monocytes,0.9940212286809461
GCTTAACTACAGTC-1,Classical monocytes,0.9985659108493363
GCTTAACTACTGGT-1,Tem/Trm cytotoxic T cells,0.7291384665727279
GCTTAACTGCTGAT-1,Tcm/Naive helper T cells,0.33209439242417493
GCTTAACTTAGACC-1,Classical monocytes,0.9752638764716663
GCTTAACTTCAGTG-1,Tem/Effector helper T cells,0.6707830204797285
GGAACACTCACTTT-1,Classical monocytes,0.964844451178379
GGAACACTTCAGAC-1,Megakaryocytes/platelets,0.9136304759392684
GGAACTACTACTTC-1,Regulatory T cells,0.9357529481892484
GGAACTTGAAGGTA-1,Classical monocytes,0.8116368696626106
GGAACTTGAGAATG-1,Tcm/Naive cytotoxic T cells,0.7504845229667643
GGAACTTGCTCCAC-1,Classical monocytes,0.9440363939383525
GGAACTTGGGTAGG-1,B cells,0.985579949467804
GGAAGGACATCGGT-1,Classical monocytes,0.8609310961469874
GGAAGGACCACTAG-1,Type 1 helper T cells,0.4463695598972365
GGAAGGACGAGGGT-1,Tcm/Naive helper T cells,0.9036836924379634
GGAAGGACGCGAAG-1,Tem/Trm cytotoxic T cells,0.29525853145782227
GGAAGGTGGCGAGA-1,CD16+ NK cells,0.9999621045443828
GGAATCTGAAGGGC-1,Regulatory T cells,0.9961297208594232
GGAATCTGAGGAGC-1,Regulatory T cells,0.48946532802573567
GGAATCTGCTTAGG-1,B cells,0.9572634040642232
GGAATCTGCTTGTT-1,Classical monocytes,0.9961177900664067
GGAATCTGGGAGGT-1,Tcm/Naive helper T cells,0.9162778697850748
GGAATGCTTTCTAC-1,Tcm/Naive helper T cells,0.9953850371266597
GGACAGGAAAGGGC-1,MAIT cells,0.4870337794790225
GGACAGGAGTGCTA-1,B cells,0.4340961001935207
GGACAGGATCTCGC-1,Tcm/Naive helper T cells,0.8880176834977506
GGACCCGAAGCTAC-1,Classical monocytes,0.9881447015802269
GGACCGTGCTTACT-1,Classical monocytes,0.9914493444194556
GGACCGTGGGAACG-1,DC2,0.6493790166862722
GGACCGTGTAACGC-1,Tem/Effector helper T cells,0.9903127575530644
GGACCTCTGTAAGA-1,Classical monocytes,0.7922539026255997
GGACCTCTTTTCTG-1,Tem/Trm cytotoxic T cells,0.23163249050929868
GGACGAGAGTGTCA-1,Myelocytes,0.9549018114972209
GGACGCTGACGCAT-1,MAIT cells,0.776426657402095
GGACGCTGCTAGCA-1,Tcm/Naive helper T cells,0.9189740114755988
GGACGCTGTCCTCG-1,CD16+ NK cells,0.9993979334700293
GGAGAGACGTGAGG-1,B cells,0.6091038097059369
GGAGCAGATTCAGG-1,B cells,0.9952390708167744
GGAGCCACCTTCTA-1,B cells,0.9597540019749486
GGAGCGCTACGCAT-1,Non-classical monocytes,0.9534184456133066
GGAGCGCTCCGAAT-1,Tem/Effector helper T cells,0.8685049032665348
GGAGGATGCCACCT-1,Tcm/Naive helper T cells,0.7849373549042676
GGAGGATGGTTGAC-1,Classical monocytes,0.539136167150186
GGAGGATGTCAGTG-1,Non-classical monocytes,0.3932356835372171
GGAGGCCTCGTTGA-1,CD16+ NK cells,0.9794911067049704
GGAGGCCTTTCTTG-1,Tcm/Naive helper T cells,0.9536046857349352
GGAGGTGATACGCA-1,Tem/Effector helper T cells,0.882753374304868
GGAGGTGATCGCTC-1,Tcm/Naive helper T cells,0.771091816604147
GGATACTGCAGCTA-1,Tcm/Naive helper T cells,0.9059887062754407
GGATACTGTCTAGG-1,Tem/Effector helper T cells,0.5586700057046287
GGATAGCTCGTCTC-1,Tcm/Naive helper T cells,0.9699999280933547
GGATAGCTCTGAAC-1,Regulatory T cells,0.09201221127145108
GGATGTACCAAAGA-1,B cells,0.9824571947570321
GGATGTACGCGAAG-1,Tcm/Naive helper T cells,0.7986699115685533
GGATGTACGTCTTT-1,Myelocytes,0.7001258666268655
GGATGTACGTGTCA-1,Tem/Trm cytotoxic T cells,0.9985435810021122
GGATTTCTAGGTTC-1,Regulatory T cells,0.8078766102252725
GGATTTCTTTGTCT-1,Non-classical monocytes,0.7518596125331695
GGCAAGGAAAAAGC-1,CD16+ NK cells,0.9981144768912713
GGCAAGGAAGAAGT-1,Tcm/Naive helper T cells,0.9840571100811002
GGCAAGGACTTGGA-1,Classical monocytes,0.31499801643022163
GGCAAGGAGGACTT-1,Tcm/Naive helper T cells,0.9733621418222794
GGCAATACGCTAAC-1,B cells,0.996789666777795
GGCAATACGGCATT-1,B cells,0.7517589448863036
GGCAATACGTTTCT-1,B cells,0.9492968864161967
GGCACGTGGCTTAG-1,Non-classical monocytes,0.9710737996692371
GGCACTCTTTTGTC-1,Tcm/Naive helper T cells,0.9063673872719896
GGCATATGCTTATC-1,CD16+ NK cells,0.8095745844071157
GGCATATGGGGAGT-1,Megakaryocytes/platelets,0.35666364035270237
GGCATATGTGTGAC-1,Tcm/Naive helper T cells,0.7977777538599418
GGCCACGACAGAGG-1,Regulatory T cells,0.9754361804154565
GGCCAGACTGGTTG-1,Tcm/Naive cytotoxic T cells,0.7306268013120059
GGCCCAGAAAGTAG-1,Classical monocytes,0.99947835120769
GGCCGAACAACGAA-1,Tcm/Naive helper T cells,0.7459779343980482
GGCCGAACGCAGAG-1,Tcm/Naive helper T cells,0.9889508114530432
GGCCGAACGTAGGG-1,Tcm/Naive helper T cells,0.9955867668763891
GGCCGAACTCTAGG-1,CD16+ NK cells,0.9988729052665956
GGCCGATGCAGGAG-1,Tem/Effector helper T cells,0.7749290525829976
GGCCGATGCCGAAT-1,Regulatory T cells,0.6478848732019471
GGCCGATGTACTCT-1,MAIT cells,0.6470289372741377
GGCGACACTGCCCT-1,NK cells,0.44280390977747225
GGCGACTGCGTAAC-1,Tcm/Naive helper T cells,0.7462092810277582
GGCGCATGCCTAAG-1,Non-classical monocytes,0.9979693468509925
GGCGCATGCTCCAC-1,Tcm/Naive helper T cells,0.9970241434984201
GGCGCATGTGGAAA-1,Tcm/Naive cytotoxic T cells,0.3319278190978337
GGCGGACTAGAGGC-1,Regulatory T cells,0.9091156248585082
GGCGGACTAGGAGC-1,MAIT cells,0.9804636101093
GGCGGACTCTGACA-1,Tcm/Naive helper T cells,0.9890065078404806
GGCGGACTCTTGGA-1,Tem/Trm cytotoxic T cells,0.8201237659789837
GGCGGACTTACTGG-1,Tcm/Naive cytotoxic T cells,0.9848830040749484
GGCGGACTTGAACC-1,Regulatory T cells,0.8188581677895471
GGCTAAACACCTGA-1,NK cells,0.5118273632773626
GGCTAAACTCTTAC-1,Tcm/Naive helper T cells,0.9512350438036756
GGCTAATGAGCACT-1,Tem/Trm cytotoxic T cells,0.982220594554709
GGCTAATGGTCTAG-1,Tcm/Naive helper T cells,0.9858074601418048
GGCTCACTACTCAG-1,Classical monocytes,0.9837207246322133
GGGAACGAAGCTCA-1,Non-classical monocytes,0.999995753496449
GGGAACGACACAAC-1,Naive B cells,0.7886859815484843
GGGAACGAGTGTCA-1,Non-classical monocytes,0.43414849516302695
GGGAAGTGTTGAGC-1,Classical monocytes,0.7652475899921013
GGGACCACACGTTG-1,Tem/Temra cytotoxic T cells,0.9777103905175302
GGGACCACAGAACA-1,Tcm/Naive helper T cells,0.9504645464312481
GGGACCACGAATAG-1,Tcm/Naive helper T cells,0.9775163996422022
GGGACCACGTCATG-1,Tcm/Naive cytotoxic T cells,0.9948879022625094
GGGACCACTCAAGC-1,CD16- NK cells,0.07444507120695298
GGGACCACTCGTGA-1,Tcm/Naive helper T cells,0.9722131868261195
GGGACCACTGCATG-1,Tcm/Naive helper T cells,0.5309292419547452
GGGACCTGACCCTC-1,Classical monocytes,0.9736587638255263
GGGACCTGCTTGCC-1,Tcm/Naive helper T cells,0.9325467386717835
GGGACCTGTGGAGG-1,B cells,0.8610812720558089
GGGATGGACGACAT-1,B cells,0.9991763196189244
GGGATGGATACTTC-1,Tem/Effector helper T cells,0.9735193566400109
GGGATGGATGGTTG-1,Classical monocytes,0.9819582905670702
GGGATTACGTCTAG-1,Tcm/Naive cytotoxic T cells,0.9225387490061955
GGGCAAGATGCATG-1,Classical monocytes,0.9478597912502438
GGGCACACGGTGAG-1,Non-classical monocytes,0.9846176133138139
GGGCACACGTTGCA-1,Tem/Effector helper T cells,0.18994137161731578
GGGCAGCTTGGGAG-1,MAIT cells,0.12080617725252703
GGGCAGCTTTTCTG-1,Tcm/Naive helper T cells,0.5180039641449299
GGGCCAACCTTGGA-1,DC1,0.9069943551791944
GGGCCAACGCGTTA-1,B cells,0.39838615101935176
GGGCCAACTACGCA-1,Classical monocytes,0.9761291358145667
GGGCCAACTCCAAG-1,B cells,0.8134761736400213
GGGCCATGATGGTC-1,Regulatory T cells,0.5984313510566532
GGGCCATGTTGACG-1,Tcm/Naive helper T cells,0.9048250498074073
GGGTAACTCAGCTA-1,Tcm/Naive cytotoxic T cells,0.8024424257977915
GGGTAACTCTAGTG-1,B cells,0.9918154271117481
GGGTAACTCTGGAT-1,Tcm/Naive helper T cells,0.315644607478504
GGGTTAACGTGCAT-1,CD16+ NK cells,0.9999409691500515
GGTAAAGAGCTAAC-1,NKT cells,0.21664368689666272
GGTACAACTGCAAC-1,Tcm/Naive helper T cells,0.45162308646617
GGTACATGAAAGCA-1,B cells,0.9922949909283374
GGTACATGAGCTCA-1,Tem/Trm cytotoxic T cells,0.5612145208659212
GGTACATGCGGTAT-1,Tcm/Naive helper T cells,0.9904758174950634
GGTACATGGTTACG-1,Tcm/Naive helper T cells,0.2893120564808143
GGTACATGTGGGAG-1,Tcm/Naive helper T cells,0.5665052214951706
GGTACTGAACTCTT-1,Classical monocytes,0.9267933366047091
GGTAGTACACCACA-1,MAIT cells,0.9283185322430243
GGTAGTACACTAGC-1,Classical monocytes,0.8803634815410447
GGTAGTACCCTGTC-1,Tcm/Naive cytotoxic T cells,0.9877017227135898
GGTAGTACGCCATA-1,Classical monocytes,0.9905992590984031
GGTAGTACTGTCTT-1,NK cells,0.3778803253718449
GGTATCGAGACAAA-1,Classical monocytes,0.9785794535489616
GGTATCGATGAACC-1,B cells,0.9986770948086594
GGTCAAACCAAAGA-1,Tcm/Naive helper T cells,0.39357847580268535
GGTCTAGAGAAACA-1,Classical monocytes,0.9992269088542353
GGTCTAGATAGCGT-1,Classical monocytes,0.48244910073597236
GGTGATACCGACTA-1,B cells,0.981028000950109
GGTGATACGACTAC-1,Classical monocytes,0.996672186471858
GGTGATACTGTTTC-1,Tcm/Naive helper T cells,0.9422022537879777
GGTGGAGAAACGGG-1,CD16+ NK cells,0.9988081045415519
GGTGGAGAAGTAGA-1,Regulatory T cells,0.5861456643254837
GGTGGAGACAGATC-1,CD16+ NK cells,0.5112627649605848
GGTGGAGATCGATG-1,Tem/Effector helper T cells,0.7366548164157054
GGTGGAGATCTCTA-1,Classical monocytes,0.843040458559163
GGTGGAGATTACTC-1,NK cells,0.9089090409467879
GGTTTACTACGCAT-1,MAIT cells,0.9653683271708379
GTAACGTGACCTCC-1,Classical monocytes,0.9475781994458877
GTAACGTGATCGGT-1,B cells,0.9682782773697415
GTAACGTGCAGCTA-1,B cells,0.9433518649793973
GTAACGTGGTTGAC-1,B cells,0.9976753989031318
GTAAGCACAACGGG-1,Tem/Effector helper T cells,0.29355638920386434
GTAAGCACTCATTC-1,B cells,0.9785616991282773
GTAAGCTGGTACCA-1,Classical monocytes,0.9444434657743432
GTAATAACCTTCTA-1,Classical monocytes,0.9807938630869865
GTAATAACGTTGTG-1,Tcm/Naive cytotoxic T cells,0.9607256059832301
GTACCCTGACAGTC-1,Non-classical monocytes,0.9994364235776585
GTACCCTGGAGCTT-1,Tcm/Naive helper T cells,0.9683225273516751
GTACCCTGTCCTTA-1,NK cells,0.0528641128725606
GTACCCTGTGAACC-1,Macrophages,0.1907108886698506
GTACGTGAACGTTG-1,Tem/Trm cytotoxic T cells,0.7300324906850235
GTACTTTGTCGACA-1,MAIT cells,0.7467740585111924
GTAGACTGAGATGA-1,Classical monocytes,0.8731204628160686
GTAGACTGTATTCC-1,Tcm/Naive helper T cells,0.8996339813057135
GTAGCAACAGTCGT-1,Classical monocytes,0.9906744929003105
GTAGCAACCATTTC-1,B cells,0.7879366935185443
GTAGCAACGGTAGG-1,Classical monocytes,0.998283947524916
GTAGCATGCACTCC-1,Naive B cells,0.38672063068953266
GTAGCATGTAAGCC-1,Classical monocytes,0.994707289132964
GTAGCCCTGACGTT-1,Tcm/Naive cytotoxic T cells,0.9357369157977412
GTAGCTGAAGCTAC-1,Non-classical monocytes,0.9999627264897073
GTAGCTGAATTCGG-1,Tcm/Naive helper T cells,0.7678252362493215
GTAGGTACACGGGA-1,Classical monocytes,0.9927538139757943
GTAGTGACCTCATT-1,Tcm/Naive helper T cells,0.865237435688618
GTAGTGTGAGCGGA-1,CD16+ NK cells,0.9954637940759676
GTAGTGTGAGGCGA-1,Classical monocytes,0.9672581423111108
GTAGTGTGTGGTTG-1,Tcm/Naive cytotoxic T cells,0.8138164863614649
GTATCACTGGTAGG-1,Classical monocytes,0.98350698724677
GTATCTACAGAAGT-1,Tem/Temra cytotoxic T cells,0.5792207526376518
GTATCTACGACGAG-1,Tem/Trm cytotoxic T cells,0.9936551410253514
GTATCTACGTTACG-1,Tem/Effector helper T cells,0.22440559053366307
GTATTAGAAACAGA-1,Regulatory T cells,0.9997721245372786
GTATTAGAGGTCTA-1,Tcm/Naive helper T cells,0.2565506723651295
GTATTCACACAGCT-1,Tcm/Naive cytotoxic T cells,0.9996025156455909
GTATTCACGGGTGA-1,Tem/Trm cytotoxic T cells,0.8762357723523299
GTCAACGACACTGA-1,Tcm/Naive helper T cells,0.363848107500256
GTCAACGAGTGTAC-1,Classical monocytes,0.9096152051756641
GTCAATCTACACCA-1,Tem/Trm cytotoxic T cells,0.7130398464160461
GTCAATCTGTAGCT-1,MAIT cells,0.3768964539670223
GTCAATCTTGTGGT-1,Tcm/Naive helper T cells,0.9784778750796771
GTCACCTGCCTCCA-1,Tcm/Naive helper T cells,0.9839632906441759
GTCACCTGTCCCGT-1,Tcm/Naive cytotoxic T cells,0.9995429281380751
GTCATACTAATCGC-1,B cells,0.9298656300661177
GTCATACTGCGATT-1,NK cells,0.391807781508374
GTCATACTTCGCCT-1,Megakaryocytes/platelets,0.9931858756406211
GTCATACTTTACCT-1,Tem/Trm cytotoxic T cells,0.9982980509416854
GTCATACTTTGACG-1,Tcm/Naive helper T cells,0.9750134736873767
GTCCAAGAAAAACG-1,Tcm/Naive helper T cells,0.9787059835190824
GTCCACTGACCTCC-1,Tcm/Naive cytotoxic T cells,0.9986459860606093
GTCCACTGGGTACT-1,Non-classical monocytes,0.9889008416394434
GTCCAGCTACGGGA-1,Tcm/Naive helper T cells,0.9991778734847561
GTCCCATGTGGTGT-1,Non-classical monocytes,0.8715331991594697
GTCGAATGAAGGCG-1,Non-classical monocytes,0.05635353169437484
GTCGACCTGAATGA-1,CD16+ NK cells,0.9440130368068144
GTCGACCTGTTCAG-1,Tcm/Naive helper T cells,0.6213097259629109
GTCGCACTTGAGAA-1,B cells,0.997536613474027
GTCTAACTGGTCTA-1,Non-classical monocytes,0.9983640708889433
GTCTAGGAGCTTCC-1,Classical monocytes,0.9903076459362171
GTGAACACACTCTT-1,Tcm/Naive helper T cells,0.8251452782561808
GTGAACACTCAGGT-1,Tcm/Naive helper T cells,0.65305889563592
GTGACCCTTAAGCC-1,Tem/Trm cytotoxic T cells,0.8605499799576019
GTGATGACAAGTGA-1,Tcm/Naive helper T cells,0.5534770545894728
GTGATGACCTGAGT-1,B cells,0.9854031225825796
GTGATGACGGTTTG-1,MAIT cells,0.4601484348054705
GTGATTCTCATTTC-1,Tem/Effector helper T cells,0.8573939256573295
GTGATTCTCTCTCG-1,Classical monocytes,0.9652645882300782
GTGATTCTGGTTCA-1,CD16+ NK cells,0.994618773080014
GTGATTCTGTCGAT-1,Tcm/Naive helper T cells,0.9876544176657484
GTGATTCTTAGCGT-1,B cells,0.802844504081996
GTGCCACTCAGGAG-1,Tcm/Naive cytotoxic T cells,0.9693682686201001
GTGGATTGCACTAG-1,Non-classical monocytes,0.9998360120598778
GTGGATTGCGGAGA-1,Tcm/Naive helper T cells,0.931259549805796
GTGGATTGTAACGC-1,Tcm/Naive helper T cells,0.9924054986229585
GTGTACGATCAGTG-1,Tcm/Naive helper T cells,0.9982280637063295
GTGTAGTGGGTACT-1,Tem/Effector helper T cells,0.6554465644355495
GTGTATCTAGCCTA-1,B cells,0.988860903744065
GTGTATCTAGTAGA-1,CD16+ NK cells,0.992592102855713
GTGTATCTGTTACG-1,B cells,0.9986935782314782
GTGTCAGAAGCGTT-1,NK cells,0.1397897410583418
GTTAAAACCGAGAG-1,CD16+ NK cells,0.9993362615731062
GTTAAATGCTCGAA-1,Tcm/Naive helper T cells,0.5896204402245363
GTTAAATGTCGACA-1,B cells,0.9995714207882077
GTTAACCTAGCTAC-1,Tem/Effector helper T cells,0.4549663417182646
GTTAACCTTGCTTT-1,DC2,0.7965414910346449
GTTAGGTGCACTCC-1,Tcm/Naive helper T cells,0.3773327047217408
GTTAGGTGCCAGTA-1,Classical monocytes,0.9982037863806804
GTTAGGTGCCCAAA-1,Non-classical monocytes,0.99982585982265
GTTAGGTGGAACTC-1,B cells,0.9082517092941835
GTTAGTCTAAGAAC-1,Tcm/Naive cytotoxic T cells,0.4101867418110665
GTTATAGAGGACAG-1,Tcm/Naive cytotoxic T cells,0.5839284628521061
GTTATGCTTTCATC-1,Tcm/Naive helper T cells,0.994657057234212
GTTCAACTGGGACA-1,CD16+ NK cells,0.9947464018859973
GTTCAACTTATGCG-1,Tcm/Naive cytotoxic T cells,0.9988309785048196
GTTGACGAGCCCTT-1,NK cells,0.04579973718335597
GTTGACGATATCGG-1,CD16+ NK cells,0.9999952256084335
GTTGAGTGGTCTTT-1,Classical monocytes,0.333243240487341
GTTGAGTGTGCTTT-1,Tcm/Naive helper T cells,0.693934941757186
GTTGATCTGGGACA-1,Tcm/Naive helper T cells,0.3829288313226037
GTTGATCTTTTCAC-1,Tem/Trm cytotoxic T cells,0.9988071178195764
GTTGGATGTTTACC-1,Non-classical monocytes,0.9999564499542132
GTTGTACTATTCCT-1,Classical monocytes,0.9985678242414959
GTTGTACTTTTGGG-1,Tcm/Naive helper T cells,0.32283069176701223
GTTTAAGACCATGA-1,Classical monocytes,0.9766116978570801
GTTTAAGACTGTCC-1,Tem/Temra cytotoxic T cells,0.9236857706659926
TAAACAACCAACCA-1,Tem/Effector helper T cells,0.49182755069093853
TAAACAACGAATCC-1,B cells,0.9907467061524046
TAAAGACTCAGGAG-1,Regulatory T cells,0.5593569149120349
TAAATCGATGAGGG-1,Tcm/Naive helper T cells,0.7637891255506262
TAACAATGTGCCCT-1,B cells,0.994287744978334
TAACACCTTCGCTC-1,Classical monocytes,0.9476165904240922
TAACACCTTCGTAG-1,Classical monocytes,0.9743399647296235
TAACACCTTGTTTC-1,Megakaryocytes/platelets,0.6514067556275309
TAACATGACACTAG-1,B cells,0.9917715528431338
TAACCGGACTTACT-1,Tcm/Naive helper T cells,0.9993694723805189
TAACGTCTCAACCA-1,Classical monocytes,0.9688693639350033
TAACGTCTCATTGG-1,Tcm/Naive helper T cells,0.5079200741039652
TAACTAGAATTTCC-1,Tcm/Naive helper T cells,0.9368783071605505
TAACTAGACTTAGG-1,Tcm/Naive helper T cells,0.5136689058740075
TAACTAGATCTGGA-1,Tcm/Naive helper T cells,0.9889797513027266
TAACTCACGAGGAC-1,Classical monocytes,0.9743800889668414
TAACTCACGTACAC-1,B cells,0.9846262017437122
TAACTCACGTATCG-1,Classical monocytes,0.8879530055983694
TAACTCACTCTACT-1,CD16+ NK cells,0.9909399975827531
TAAGAACTGTGTCA-1,Classical monocytes,0.9990570379958167
TAAGAGGACTAAGC-1,B cells,0.8027853905440641
TAAGAGGACTTGTT-1,CD16+ NK cells,0.9954603428876239
TAAGATACGGTTCA-1,Classical monocytes,0.880782074169196
TAAGATTGCGTAGT-1,Tcm/Naive cytotoxic T cells,0.6459585364792879
TAAGATTGTTGCTT-1,Tcm/Naive helper T cells,0.24603077843364635
TAAGCGTGAGGTTC-1,Classical monocytes,0.9857258708665526
TAAGCGTGGACAAA-1,Classical monocytes,0.9747124882030237
TAAGCGTGGGAAAT-1,Tcm/Naive helper T cells,0.9862537159600652
TAAGCGTGTGCTCC-1,Non-classical monocytes,0.9951205728815828
TAAGGCTGCCATGA-1,Trm cytotoxic T cells,0.30254268742191964
TAAGGCTGCTGCTC-1,Tcm/Naive helper T cells,0.9742266660877416
TAAGGCTGTCTCGC-1,Classical monocytes,0.9227773364104487
TAAGGGCTGCTGTA-1,Regulatory T cells,0.49176228698354985
TAAGGGCTTTACTC-1,Tem/Effector helper T cells,0.1682910778272014
TAAGTAACCGAGAG-1,B cells,0.9904978065377643
TAAGTAACCTCCAC-1,B cells,0.99419666382637
TAAGTAACCTGTAG-1,Tem/Effector helper T cells,0.6393394753902986
TAAGTAACTTGTCT-1,Tcm/Naive cytotoxic T cells,0.7482837535621645
TAATGATGAGCGGA-1,Tcm/Naive helper T cells,0.9957619493770629
TAATGCCTCATGAC-1,Tcm/Naive helper T cells,0.9626636368430758
TAATGCCTCGTCTC-1,CD16+ NK cells,0.9912320072183408
TAATGTGAAGATGA-1,Tcm/Naive helper T cells,0.7849539853903467
TAATGTGACTGCAA-1,Classical monocytes,0.7249229190372565
TAATGTGATTACTC-1,Tcm/Naive helper T cells,0.12181788127187
TACAAATGGGTACT-1,Tcm/Naive helper T cells,0.7043521632426909
TACAATGAAAACAG-1,Classical monocytes,0.9933288946673707
TACAATGACTTAGG-1,Type 17 helper T cells,0.6664140456327993
TACAATGATGCTAG-1,Tem/Trm cytotoxic T cells,0.7992096575473657
TACACACTCACACA-1,Tcm/Naive helper T cells,0.9962160736023765
TACACACTCTTACT-1,Regulatory T cells,0.6433087548427334
TACATAGAACGCAT-1,Tcm/Naive helper T cells,0.4406308336443479
TACATCACACGGGA-1,Tcm/Naive helper T cells,0.9865499740673475
TACATCACCTGTTT-1,Non-classical monocytes,0.9981246698004217
TACATCACGCTAAC-1,B cells,0.6807158438790395
TACATCACTGAACC-1,Non-classical monocytes,0.9981606006878146
TACCATTGAGGTTC-1,Tcm/Naive helper T cells,0.958313216615932
TACCATTGCGGGAA-1,Non-classical monocytes,0.9931036988692911
TACCATTGGGGATG-1,Classical monocytes,0.967221997804238
TACCATTGTGAGGG-1,Classical monocytes,0.9805855471231736
TACCGGCTGTTGGT-1,Tcm/Naive cytotoxic T cells,0.9915724354567923
TACGAGTGATCTCT-1,Tcm/Naive helper T cells,0.7086947834946944
TACGAGTGATGCTG-1,Classical monocytes,0.3867588655210536
TACGAGTGCGGAGA-1,Regulatory T cells,0.9582014586568113
TACGAGTGGTTGGT-1,Tcm/Naive helper T cells,0.5213767062952548
TACGATCTAGTGTC-1,Tcm/Naive cytotoxic T cells,0.6427845546118258
TACGATCTCACTGA-1,Non-classical monocytes,0.9964419995555133
TACGATCTTACGAC-1,Tcm/Naive helper T cells,0.2700790253408365
TACGCAGAGAATCC-1,CD16+ NK cells,0.3748446922683149
TACGCCACATTCCT-1,Tcm/Naive helper T cells,0.8781025647893594
TACGCCACTCCCAC-1,Non-classical monocytes,0.9983560391449934
TACGCCACTCCGAA-1,B cells,0.9991700632860205
TACGGAACGCGTTA-1,Naive B cells,0.9338895704820647
TACGGCCTGGGACA-1,CD16+ NK cells,0.9605620152144063
TACGTACTACGGAG-1,Tcm/Naive helper T cells,0.9097251768245522
TACGTACTCAGTTG-1,Tem/Effector helper T cells,0.4062191888944174
TACGTACTCCCGTT-1,B cells,0.9716935105221318
TACGTTACAGAAGT-1,Regulatory T cells,0.5518545239036949
TACGTTACCAAGCT-1,Classical monocytes,0.9893010367732632
TACTAAGAAAGGTA-1,B cells,0.6176157852487641
TACTAAGAATCACG-1,Tcm/Naive helper T cells,0.33821327372441645
TACTAAGATGATGC-1,Classical monocytes,0.9764167767328548
TACTAAGATTGCGA-1,Tcm/Naive helper T cells,0.3769915428051045
TACTACACGAGAGC-1,Tcm/Naive helper T cells,0.6558619401411563
TACTACACTTACCT-1,B cells,0.9770523162924515
TACTACTGAACCTG-1,Classical monocytes,0.8936842778310311
TACTACTGATGTCG-1,Tem/Temra cytotoxic T cells,0.06525083784793667
TACTACTGATTCTC-1,Tcm/Naive helper T cells,0.8943778063562365
TACTACTGTATGGC-1,Tcm/Naive helper T cells,0.9814237644829754
TACTCAACGGTCTA-1,Classical monocytes,0.991638530372582
TACTCAACTGCTAG-1,B cells,0.9724619715605946
TACTCCCTCAGTTG-1,Tem/Effector helper T cells,0.6283481436161108
TACTCTGAATCGAC-1,CD16+ NK cells,0.9903927794921217
TACTCTGACGAGTT-1,Tem/Effector helper T cells,0.47612049095006415
TACTCTGATTGACG-1,B cells,0.9993740247021672
TACTGGGATCGATG-1,Tcm/Naive helper T cells,0.733141392251654
TACTGTTGAAAGCA-1,Tcm/Naive helper T cells,0.5306685803823371
TACTGTTGAGGCGA-1,CD16+ NK cells,0.9999948775540112
TACTGTTGCTGAAC-1,Plasma cells,0.44447293412215305
TACTTGACTCCTCG-1,Tem/Trm cytotoxic T cells,0.9971845532551165
TACTTGACTGGTGT-1,B cells,0.9814116096056485
TACTTTCTTTTGGG-1,MAIT cells,0.39639710258479816
TAGAAACTAATCGC-1,Tcm/Naive helper T cells,0.9340037990783265
TAGAAACTGCTTCC-1,Classical monocytes,0.8636508932465863
TAGAAACTGGGATG-1,NK cells,0.255493514097416
TAGAATTGCGACAT-1,Tcm/Naive helper T cells,0.8320914721274212
TAGAATTGTATCGG-1,Tcm/Naive helper T cells,0.9395654464042202
TAGACGTGCTTGAG-1,Regulatory T cells,0.49301298447289843
TAGACGTGTCGCTC-1,Tcm/Naive helper T cells,0.9391870268504775
TAGAGCACCTTACT-1,Naive B cells,0.9732602428307108
TAGATTGACTTGTT-1,B cells,0.9741059095423387
TAGATTGAGGCATT-1,Tcm/Naive helper T cells,0.6113978081481419
TAGCATCTCAGCTA-1,CD16+ NK cells,0.9984824977122717
TAGCATCTCCCTCA-1,Trm cytotoxic T cells,0.7014563001929534
TAGCATCTGCTGTA-1,Non-classical monocytes,0.998991020386762
TAGCATCTGGGACA-1,Tcm/Naive cytotoxic T cells,0.9565932471657357
TAGCATCTTGTCGA-1,Tcm/Naive helper T cells,0.9902175961235147
TAGCCCACAAAAGC-1,Tem/Effector helper T cells,0.9508807428503699
TAGCCCACAGCCAT-1,MAIT cells,0.1820567404207484
TAGCCCACAGCTAC-1,CD16+ NK cells,0.9994305282546807
TAGCCCACCCACAA-1,Tcm/Naive helper T cells,0.9859722091938081
TAGCCCTGCGGAGA-1,Tcm/Naive cytotoxic T cells,0.7377418839997065
TAGCCGCTTACGAC-1,Tem/Effector helper T cells,0.8132803583889054
TAGCCGCTTACTTC-1,Tem/Trm cytotoxic T cells,0.796069381846394
TAGCCGCTTTCCAT-1,Non-classical monocytes,0.9827737608762659
TAGCTACTGAATAG-1,B cells,0.9922663361549332
TAGCTACTGTAGCT-1,Tcm/Naive helper T cells,0.9731383150378026
TAGCTACTTTTGCT-1,MAIT cells,0.902637149367311
TAGGACTGTGCTGA-1,Tcm/Naive helper T cells,0.76111077658376
TAGGAGCTAAGGCG-1,B cells,0.8986855852808718
TAGGAGCTGAGGGT-1,Tem/Effector helper T cells,0.6957125927485858
TAGGAGCTTGCATG-1,B cells,0.9881404844017949
TAGGCAACCGTCTC-1,B cells,0.9953533447970649
TAGGCATGCTCTCG-1,pDC,0.999833968940376
TAGGCATGGCGAGA-1,Tem/Trm cytotoxic T cells,0.9841996639853473
TAGGCTGATGCCTC-1,Classical monocytes,0.9695183575790065
TAGGGACTGAACTC-1,CD16+ NK cells,0.14397371690543814
TAGGTCGACACTGA-1,Tcm/Naive cytotoxic T cells,0.7976405712566776
TAGGTCGAGGATCT-1,B cells,0.9279825697551438
TAGGTGACACACTG-1,Tem/Effector helper T cells,0.2667483271409106
TAGGTGACACGTTG-1,B cells,0.9803382459760104
TAGGTGTGTTCTGT-1,Tem/Trm cytotoxic T cells,0.5458089576898077
TAGGTTCTGAAGGC-1,Tcm/Naive helper T cells,0.8947141975762912
TAGGTTCTTCTTAC-1,Non-classical monocytes,0.9997220253804013
TAGGTTCTTGCTGA-1,Classical monocytes,0.9991200159603847
TAGTAAACCTCGCT-1,Tcm/Naive helper T cells,0.9923635804450348
TAGTAAACGTCACA-1,Tcm/Naive helper T cells,0.05637881640222395
TAGTAATGAGATCC-1,Tcm/Naive cytotoxic T cells,0.6226914517466572
TAGTACCTAAGAAC-1,Classical monocytes,0.9909591333377914
TAGTATGATCTTAC-1,B cells,0.9874537210169377
TAGTATGATTCTCA-1,Tem/Effector helper T cells,0.933036250590056
TAGTCTTGGCTGTA-1,Tcm/Naive helper T cells,0.966316481869734
TAGTCTTGGGACTT-1,MAIT cells,0.1934469548259245
TAGTCTTGTGGAAA-1,MAIT cells,0.9568237933183855
TAGTGGTGAAGTGA-1,CD16+ NK cells,0.999918862222467
TAGTTAGAACCACA-1,CD16+ NK cells,0.9997172735500081
TAGTTAGATGAACC-1,Tcm/Naive helper T cells,0.25828549484043867
TATAAGACAACAGA-1,Tcm/Naive cytotoxic T cells,0.5776873977747595
TATAAGACAGCTCA-1,Non-classical monocytes,0.9978403118757149
TATAAGTGACACCA-1,Non-classical monocytes,0.9985286832113699
TATAAGTGTATCGG-1,Classical monocytes,0.8917807442940474
TATAAGTGTGGTGT-1,Non-classical monocytes,0.9999416094491095
TATACAGAACCCTC-1,NKT cells,0.07975369475403676
TATACAGAAGAACA-1,Tcm/Naive helper T cells,0.9644196731616317
TATACAGATCCAGA-1,Tem/Effector helper T cells,0.5185740500363463
TATACCACCTGATG-1,B cells,0.9815842065533921
TATACGCTACCAAC-1,Type 17 helper T cells,0.11848929749684942
TATAGATGGACGGA-1,Tcm/Naive helper T cells,0.9549841807568541
TATAGATGTTCCGC-1,Non-classical monocytes,0.9971482415352286
TATCCAACCAGCTA-1,Classical monocytes,0.9878360260605493
TATCCAACTCTCTA-1,MAIT cells,0.9957838596076319
TATCGACTACTAGC-1,NK cells,0.30233073820454004
TATCGACTCGATAC-1,Non-classical monocytes,0.9313001167894358
TATCGTACAGATGA-1,Tem/Trm cytotoxic T cells,0.9593697026975999
TATCGTACATTCCT-1,Classical monocytes,0.8406495238827881
TATCTCGAGAGATA-1,Tcm/Naive helper T cells,0.997650525941281
TATCTGACAGGTTC-1,Tem/Trm cytotoxic T cells,0.7970150327076816
TATCTGACTGTTTC-1,Tem/Trm cytotoxic T cells,0.9867552592567994
TATCTTCTAAACAG-1,Tcm/Naive cytotoxic T cells,0.9968429594468088
TATGAATGGAGGAC-1,Tem/Temra cytotoxic T cells,0.5733350417224675
TATGAATGTTTGCT-1,Non-classical monocytes,0.9989154039341803
TATGCGGATAACCG-1,Tem/Effector helper T cells,0.7593063501435494
TATGGGTGCATCAG-1,CD16+ NK cells,0.3907256186756201
TATGGGTGCTAGCA-1,B cells,0.9911772102375322
TATGGTCTCTACCC-1,Tcm/Naive cytotoxic T cells,0.5425644443371931
TATGTCACGGAACG-1,B cells,0.9912655219475918
TATGTCACTAACCG-1,Non-classical monocytes,0.9832849549664865
TATGTCACTTCTCA-1,B cells,0.9989933417337409
TATGTGCTCCGATA-1,Classical monocytes,0.9961277094822676
TATGTGCTGGATTC-1,Tcm/Naive helper T cells,0.8572032355968225
TATTGCTGAAGAAC-1,Classical monocytes,0.8831850136722178
TATTGCTGCCGTTC-1,B cells,0.8336460347401529
TATTGCTGTCTGGA-1,Tcm/Naive helper T cells,0.8029787425984934
TATTGCTGTGCACA-1,Tem/Trm cytotoxic T cells,0.3127626984035656
TATTTCCTATTGGC-1,Classical monocytes,0.9840122898791138
TATTTCCTGGAGGT-1,CD16+ NK cells,0.8703489095208177
TATTTCCTGGTGTT-1,Tcm/Naive helper T cells,0.4489475500504272
TCAACACTGTTTGG-1,CD16+ NK cells,0.9922440541600648
TCAAGGACAGCGTT-1,Regulatory T cells,0.3159873643924301
TCAAGGACATTCTC-1,NKT cells,0.2927389465738804
TCAAGGACGGTGTT-1,Classical monocytes,0.8373177443239876
TCAATCACACTCTT-1,Tem/Trm cytotoxic T cells,0.8242194680346848
TCAATCACAGTCGT-1,Non-classical monocytes,0.9784381145318544
TCACAACTATGTGC-1,Tem/Effector helper T cells,0.5756608680015707
TCACAACTTTGCTT-1,Classical monocytes,0.9399244156540223
TCACATACACTTTC-1,Tcm/Naive cytotoxic T cells,0.1713335395655648
TCACATACAGGGTG-1,Tcm/Naive helper T cells,0.8845925807661207
TCACCCGAGACGGA-1,Non-classical monocytes,0.9663807021287166
TCACCGTGCTCGCT-1,Non-classical monocytes,0.9972032874915485
TCACCTCTACGACT-1,MAIT cells,0.9361242447894342
TCACCTCTTCCAAG-1,Non-classical monocytes,0.9995529990684964
TCACGAGAGGAGGT-1,B cells,0.972643384464613
TCACTATGGGGCAA-1,Tem/Trm cytotoxic T cells,0.9878432317033015
TCACTATGGTTGTG-1,B cells,0.3633599759534493
TCAGACGACGCTAA-1,Tcm/Naive helper T cells,0.6578858204120535
TCAGACGACGTTAG-1,CD16+ NK cells,0.9999505259819437
TCAGAGACTCCAGA-1,Tcm/Naive helper T cells,0.9967358483831019
TCAGCAGACTCCAC-1,Tcm/Naive helper T cells,0.9554761228380159
TCAGCGCTCTAGTG-1,MAIT cells,0.976319617263119
TCAGCGCTGGATCT-1,B cells,0.9686198473266414
TCAGCGCTGGTATC-1,MAIT cells,0.9979430088340393
TCAGGATGAAGTAG-1,Tcm/Naive helper T cells,0.9974714502710563
TCAGGATGCCTTTA-1,Non-classical monocytes,0.9949189948370697
TCAGTGGAAGATCC-1,Tcm/Naive helper T cells,0.5325383844426655
TCAGTTACCTACGA-1,Classical monocytes,0.9800851103542736
TCAGTTACTAGAAG-1,Regulatory T cells,0.7671693171696645
TCATCAACCCGATA-1,Tcm/Naive helper T cells,0.9397464261805011
TCATCAACTGTTCT-1,Non-classical monocytes,0.9780087382490422
TCATCATGCAGTTG-1,Tcm/Naive helper T cells,0.5555869233985689
TCATCCCTTACTGG-1,Tem/Effector helper T cells,0.7949790868115069
TCATTCGATACAGC-1,Non-classical monocytes,0.9997190262712536
TCCACGTGGAAACA-1,Tcm/Naive cytotoxic T cells,0.8297671888435906
TCCACTCTACACTG-1,Regulatory T cells,0.9580580851868717
TCCACTCTGAGCTT-1,Classical monocytes,0.9788515297166989
TCCACTCTTACTTC-1,B cells,0.9664591553772846
TCCATAACAAAGTG-1,Tcm/Naive cytotoxic T cells,0.6321574984353253
TCCATAACCGTAGT-1,B cells,0.9888298117359179
TCCATAACGATGAA-1,Tem/Effector helper T cells,0.34799575118301285
TCCATAACTACGCA-1,Tcm/Naive helper T cells,0.9862920086654605
TCCATCCTCCCTAC-1,NK cells,0.11433306199510625
TCCCACGATCATTC-1,Tcm/Naive helper T cells,0.7719109567993624
TCCCATCTCAAAGA-1,Classical monocytes,0.9924946122108534
TCCCGAACACAGTC-1,CD16+ NK cells,0.99998745101161
TCCCGAACTTCGCC-1,Non-classical monocytes,0.9999764101723079
TCCCGATGAGATCC-1,Tem/Effector helper T cells,0.8808490530706244
TCCCGATGCCTGAA-1,Classical monocytes,0.9738153734530619
TCCCTACTCAACTG-1,B cells,0.9980749961062503
TCCGAAGACAATCG-1,Classical monocytes,0.9284888126976178
TCCGAAGACGTTAG-1,Tem/Effector helper T cells,0.9628309460860975
TCCGGACTGAGGTG-1,Tcm/Naive helper T cells,0.8056654769918368
TCCGGACTGTACGT-1,MAIT cells,0.10338974822299708
TCCTAAACATCGAC-1,Tem/Trm cytotoxic T cells,0.9884420206639917
TCCTAAACCGAGAG-1,Tem/Effector helper T cells,0.69828874574327
TCCTAAACCGCATA-1,CD16+ NK cells,0.9990334793601277
TCCTAATGGTTTGG-1,NKT cells,0.04376001693050155
TCCTACCTGTCGTA-1,Tcm/Naive helper T cells,0.49297467209494034
TCCTATGAAAAGCA-1,Tem/Temra cytotoxic T cells,0.7282892109626893
TCGAATCTCTGGTA-1,NK cells,0.30474397737759396
TCGACCTGCCGATA-1,Non-classical monocytes,0.9933337389491647
TCGACGCTTCTATC-1,Classical monocytes,0.9993221815104134
TCGACGCTTTGACG-1,Tcm/Naive helper T cells,0.5984441091357894
TCGAGAACGACAGG-1,Tcm/Naive helper T cells,0.6995181416534504
TCGAGAACGTTAGC-1,Regulatory T cells,0.999907838235022
TCGAGCCTATCAGC-1,B cells,0.9892937548225593
TCGAGCCTGCGAGA-1,MAIT cells,0.9928786838628377
TCGAGCCTTGTGAC-1,Tcm/Naive cytotoxic T cells,0.6107456866021067
TCGATACTATTCCT-1,Trm cytotoxic T cells,0.7064935552933436
TCGATACTTGCACA-1,Tem/Effector helper T cells,0.09882306729172274
TCGATTTGATGCCA-1,Classical monocytes,0.673055687342842
TCGATTTGCACTCC-1,Tcm/Naive helper T cells,0.9425488115777436
TCGATTTGCAGCTA-1,CD16+ NK cells,0.999760654265723
TCGATTTGCCTACC-1,Classical monocytes,0.9235994448279403
TCGATTTGTCGTGA-1,B cells,0.9932240442095155
TCGCAGCTAGATCC-1,Tem/Trm cytotoxic T cells,0.7766263743725221
TCGCCATGAGACTC-1,Tcm/Naive helper T cells,0.9935704722726515
TCGCCATGTGGTCA-1,B cells,0.9723513654594494
TCGGACCTAACAGA-1,Tcm/Naive helper T cells,0.9798589910225568
TCGGACCTATAAGG-1,B cells,0.9943094828788017
TCGGACCTGTACAC-1,Tcm/Naive helper T cells,0.964514553017534
TCGGTAGAGTAGGG-1,Tcm/Naive helper T cells,0.8981762593196929
TCGGTAGATCCCAC-1,B cells,0.982332668237674
TCGTAGGATCGACA-1,Tcm/Naive helper T cells,0.38761117172189774
TCGTTATGGACAAA-1,Tcm/Naive cytotoxic T cells,0.8551801959116742
TCTAACACCAGTTG-1,CD16+ NK cells,0.9974064571164656
TCTAACACGAGCAG-1,DC,0.5171437301632853
TCTAACTGAACCAC-1,Tcm/Naive helper T cells,0.5938383864065236
TCTAAGCTAATGCC-1,Tcm/Naive helper T cells,0.722278525118461
TCTAAGCTTAGTCG-1,NK cells,0.3783316199494384
TCTAAGCTTCTAGG-1,Non-classical monocytes,0.9915388436610708
TCTAAGCTTGTTCT-1,Classical monocytes,0.9998700623561841
TCTAAGCTTTCGCC-1,B cells,0.9807696138772993
TCTACAACGACTAC-1,Classical monocytes,0.9799873035537322
TCTAGACTTAGAAG-1,Classical monocytes,0.9976400899404853
TCTAGTTGCACCAA-1,Non-classical monocytes,0.8780728892234277
TCTATGTGAAGAGT-1,Non-classical monocytes,0.7777048573718975
TCTATGTGAGTCTG-1,Tem/Trm cytotoxic T cells,0.9988421569810753
TCTCAAACCTAAGC-1,B cells,0.9069100116290738
TCTCTAGAATTTCC-1,Tem/Effector helper T cells,0.2195793211158449
TCTGATACACGTGT-1,Tcm/Naive helper T cells,0.7593203451914995
TCTGATACTCGCCT-1,Tcm/Naive helper T cells,0.900222788708308
TCTTACGAACCTGA-1,Classical monocytes,0.9700462901927623
TCTTCAGAGCTACA-1,Non-classical monocytes,0.5578287810317109
TCTTGATGCGGAGA-1,NK cells,0.11296427071422682
TGAAATTGGTGAGG-1,Classical monocytes,0.8347861758193642
TGAACCGAAAACGA-1,Tcm/Naive helper T cells,0.6699156858883821
TGAACCGACTACTT-1,Non-classical monocytes,0.9626554995026108
TGAACCGATTCGGA-1,Non-classical monocytes,0.9978313256831135
TGAAGCACTCACGA-1,Tcm/Naive helper T cells,0.1507302522419481
TGAAGCTGAACGAA-1,Tcm/Naive cytotoxic T cells,0.9919798393165228
TGAAGCTGCATGGT-1,B cells,0.991442198522775
TGAAGCTGCGTAAC-1,Tcm/Naive helper T cells,0.9809151411667424
TGAATAACCACTTT-1,Tcm/Naive cytotoxic T cells,0.9993268632479031
TGAATAACTCCCAC-1,Tem/Trm cytotoxic T cells,0.16087100463379164
TGACACGACCTTAT-1,B cells,0.9085414058086563
TGACCAGACAACCA-1,Regulatory T cells,0.12555905434813464
TGACCAGAGGATTC-1,Tcm/Naive cytotoxic T cells,0.9991422208982041
TGACCGCTAAAAGC-1,Tem/Effector helper T cells,0.5035553797925483
TGACCGCTCTGCAA-1,Tcm/Naive helper T cells,0.993184464914488
TGACGATGCAAAGA-1,Classical monocytes,0.8987458265379095
TGACGCCTGTACCA-1,Regulatory T cells,0.9785885966918387
TGACGCCTTTACTC-1,Regulatory T cells,0.938814340877872
TGACTGGAAGAGAT-1,Classical monocytes,0.9687533921254409
TGACTGGACCGTAA-1,Regulatory T cells,0.8270705401936644
TGACTGGACGCAAT-1,Tcm/Naive helper T cells,0.8900747910324336
TGACTGGAGGACAG-1,B cells,0.9988235263627857
TGACTGGATTCTCA-1,Tem/Effector helper T cells,0.1315119582615196
TGACTTACACACCA-1,Tcm/Naive helper T cells,0.6874442445213308
TGACTTACAGTCTG-1,Classical monocytes,0.9877648576971775
TGACTTTGCGCATA-1,Tcm/Naive cytotoxic T cells,0.999927214531615
TGACTTTGTTTGTC-1,Tem/Effector helper T cells,0.9978432723056815
TGAGACACAAGGTA-1,Tem/Effector helper T cells,0.5955890488938487
TGAGACACTCAAGC-1,Type 1 helper T cells,0.07620449595678139
TGAGCTGAATGCTG-1,Non-classical monocytes,0.9995896404489344
TGAGCTGACTGGAT-1,Classical monocytes,0.9835232889593196
TGAGCTGATGCTAG-1,Classical monocytes,0.9376733693695297
TGAGGACTCTCATT-1,Classical monocytes,0.9989312165798124
TGAGGACTTCATTC-1,Tcm/Naive helper T cells,0.9413456355176033
TGAGGTACGAACCT-1,Non-classical monocytes,0.9979187334071893
TGAGTCGAGTTACG-1,B cells,0.995912223156002
TGAGTGACTGAGCT-1,Tcm/Naive helper T cells,0.9724156052554558
TGATAAACGAATCC-1,Tcm/Naive helper T cells,0.8313670527483927
TGATAAACTCCGTC-1,CD16+ NK cells,0.9946126380645948
TGATAAACTTTCAC-1,Tcm/Naive helper T cells,0.9632424722870185
TGATACCTCACTAG-1,Classical monocytes,0.9971346045819295
TGATACCTGTTGGT-1,DC,0.6211390843943979
TGATACCTTATGCG-1,Tcm/Naive cytotoxic T cells,0.9861611036488248
TGATACCTTGAAGA-1,Tcm/Naive helper T cells,0.8219759920116734
TGATATGAACCTTT-1,Tcm/Naive cytotoxic T cells,0.9992127371883704
TGATCACTAGCATC-1,MAIT cells,0.31493903404066703
TGATCACTCTCGCT-1,Tcm/Naive helper T cells,0.9337594627679416
TGATCACTTCTACT-1,B cells,0.7568888991939287
TGATCGGACTGACA-1,Non-classical monocytes,0.9981738219324958
TGATCGGAGGAGCA-1,B cells,0.7151727241512933
TGATCGGATATGCG-1,Non-classical monocytes,0.9881803799167145
TGATTAGACATTGG-1,Regulatory T cells,0.9464567783224161
TGATTAGATGACTG-1,B cells,0.8269854119111403
TGATTAGATGCTAG-1,Tcm/Naive cytotoxic T cells,0.9807721115100203
TGATTCACTATGCG-1,Tcm/Naive cytotoxic T cells,0.997774480862016
TGATTCACTGTCAG-1,B cells,0.9964348593513657
TGATTCTGCCGAAT-1,Tcm/Naive helper T cells,0.7699333851671663
TGATTCTGCTCTTA-1,Tcm/Naive helper T cells,0.8508072190152322
TGCAAGTGAGAACA-1,Tcm/Naive helper T cells,0.7008685713144278
TGCAAGTGGGTAGG-1,Classical monocytes,0.9853359904906265
TGCAATCTTCAGGT-1,DC,0.16444913311597129
TGCACAGACGACAT-1,CD16+ NK cells,0.9991999503479524
TGCCAAGAGCAGTT-1,Non-classical monocytes,0.46212315173383467
TGCCAAGATCTCTA-1,Tem/Effector helper T cells,0.6807317349120267
TGCCACTGAACGTC-1,Tcm/Naive helper T cells,0.40334000966217876
TGCCACTGCGATAC-1,CD16+ NK cells,0.9936763041321177
TGCCAGCTTGGCAT-1,Tem/Effector helper T cells,0.7723718723038541
TGCCCAACAGCAAA-1,Tcm/Naive helper T cells,0.7496935547662075
TGCCCAACCGCATA-1,Non-classical monocytes,0.9954053564015948
TGCCGACTCTCCCA-1,B cells,0.999143618365038
TGCGAAACAGTCAC-1,B cells,0.8477933243415389
TGCGAAACGTTGCA-1,B cells,0.999795878298986
TGCGATGAACGGTT-1,Tem/Effector helper T cells,0.5424528928728803
TGCGATGACCTCGT-1,Tcm/Naive helper T cells,0.9449609802183772
TGCGATGACTAGTG-1,B cells,0.994417134971542
TGCGATGACTGCTC-1,B cells,0.9940539338869298
TGCGATGACTTGCC-1,B cells,0.9030825224831328
TGCGATGAGTGCTA-1,Classical monocytes,0.9651884571578478
TGCGCACTCTTGAG-1,Classical monocytes,0.972007651706754
TGCGTAGAATAAGG-1,Classical monocytes,0.9949516355091995
TGCGTAGACGGGAA-1,B cells,0.9881233090819456
TGCGTAGATGGTCA-1,Non-classical monocytes,0.9999115928576467
TGCTAGGAAACCGT-1,Tem/Trm cytotoxic T cells,0.924410554701951
TGCTAGGATAGTCG-1,Tcm/Naive helper T cells,0.8306852073084164
TGCTATACGGTTCA-1,DC,0.0638056460906365
TGCTATACTGCTGA-1,NKT cells,0.16006417905351372
TGCTGAGAGAGCAG-1,CD16+ NK cells,0.9999907801676563
TGCTGAGATTATCC-1,Tcm/Naive helper T cells,0.379080490804146
TGGAAAGACTCTCG-1,B cells,0.5018036566794137
TGGAAAGAGCGATT-1,Regulatory T cells,0.9953624983340328
TGGAAAGAGGTCAT-1,Non-classical monocytes,0.9691367909344502
TGGAAAGATATGGC-1,Tcm/Naive helper T cells,0.29052577125883855
TGGAACACAAACAG-1,CD16+ NK cells,0.9959742046462774
TGGAACACGCTAAC-1,MAIT cells,0.8222334385501493
TGGAAGCTCAGATC-1,Tcm/Naive cytotoxic T cells,0.8661128698546752
TGGACCCTACACTG-1,Classical monocytes,0.9928725914615333
TGGACCCTCATGGT-1,MAIT cells,0.2704257393993875
TGGACCCTGGTACT-1,Non-classical monocytes,0.9993288351998916
TGGACTGAGTATGC-1,Tcm/Naive helper T cells,0.8489859388480939
TGGAGACTATCAGC-1,Classical monocytes,0.9774650911952149
TGGAGACTTCAAGC-1,Tcm/Naive helper T cells,0.9530392100087933
TGGAGACTTGACCA-1,Tem/Trm cytotoxic T cells,0.026641733130451973
TGGAGGGACGGAGA-1,Classical monocytes,0.9564502575993102
TGGAGGGAGCTATG-1,Tcm/Naive cytotoxic T cells,0.877681329234248
TGGATCGATAAAGG-1,Tcm/Naive helper T cells,0.9946332565568784
TGGATGTGACCTAG-1,B cells,0.9843586292388979
TGGATGTGTGAAGA-1,B cells,0.9997405762513942
TGGATTCTCATACG-1,MAIT cells,0.9622035064639832
TGGCAATGCTTGTT-1,B cells,0.9626794141655317
TGGCACCTTCACGA-1,Tem/Trm cytotoxic T cells,0.4885382039825729
TGGCACCTTCAGTG-1,Classical monocytes,0.9972117030637241
TGGGTATGAAGAGT-1,Tcm/Naive helper T cells,0.5293668305030252
TGGGTATGCACAAC-1,Tcm/Naive helper T cells,0.7371741019023833
TGGGTATGGTACGT-1,B cells,0.9783026105032294
TGGGTATGTTTGGG-1,Non-classical monocytes,0.629452371766856
TGGTAGACATGCCA-1,Tem/Effector helper T cells,0.34023537887542277
TGGTAGACCCTCAC-1,CD16+ NK cells,0.48150580158747647
TGGTAGACCTGATG-1,Tcm/Naive helper T cells,0.9116865003065786
TGGTAGTGCACTGA-1,Non-classical monocytes,0.9943313691892289
TGGTATCTAAACAG-1,Tcm/Naive cytotoxic T cells,0.9709347781867622
TGGTATCTCTTCCG-1,Tcm/Naive helper T cells,0.47752752828910117
TGGTCAGACCCAAA-1,Tcm/Naive helper T cells,0.07321632139730709
TGGTTACTGACGTT-1,Classical monocytes,0.9495448463084782
TGGTTACTGTTCTT-1,Tcm/Naive cytotoxic T cells,0.9427203670639298
TGTAACCTAGAGGC-1,Type 17 helper T cells,0.9671370393815739
TGTAACCTTGCCTC-1,Classical monocytes,0.9547915847400817
TGTAATGACACAAC-1,CD16+ NK cells,0.9996189744263272
TGTAATGAGGTAAA-1,CD16+ NK cells,0.978014028148295
TGTACTTGCTCTAT-1,Non-classical monocytes,0.9999994759078665
TGTAGGTGCGAGAG-1,B cells,0.935813100973154
TGTAGGTGCTATGG-1,Tem/Effector helper T cells,0.9698254026826442
TGTAGGTGCTCTAT-1,Macrophages,0.6091122422677023
TGTAGGTGTGCTGA-1,Tcm/Naive helper T cells,0.9365162403871689
TGTAGTCTTCCAGA-1,Megakaryocyte precursor,0.02881766691412804
TGTAGTCTTGCACA-1,MAIT cells,0.9657344491041135
TGTATCTGTTAGGC-1,Tem/Effector helper T cells,0.9224685818213675
TGTATGCTCATGGT-1,B cells,0.8428180178024278
TGTATGCTGTAGGG-1,Tcm/Naive helper T cells,0.09917876925811192
TGTATGCTTTCATC-1,Tcm/Naive helper T cells,0.957839748849776
TGTCAGGAATACCG-1,Tcm/Naive cytotoxic T cells,0.9997281201302628
TGTCAGGAGATGAA-1,Non-classical monocytes,0.9842294550342232
TGTCTAACCCCTTG-1,Tcm/Naive helper T cells,0.9438886536413033
TGTGACGATTCTCA-1,Macrophages,0.04592881924602619
TGTGAGACTGTCAG-1,Non-classical monocytes,0.8459641083976549
TGTGAGACTTGAGC-1,Tcm/Naive helper T cells,0.7719609619045262
TGTGAGTGACCACA-1,Tcm/Naive helper T cells,0.859357624920355
TGTGAGTGAGTGCT-1,Non-classical monocytes,0.9998356501279066
TGTGAGTGGAGATA-1,Tem/Trm cytotoxic T cells,0.9625985287443155
TGTGATCTCTCTAT-1,B cells,0.9525682078875277
TGTGATCTGACACT-1,Tcm/Naive cytotoxic T cells,0.28762236291867244
TGTGGATGGCCAAT-1,B cells,0.986563399794639
TGTTAAGACAAAGA-1,Classical monocytes,0.9988635740930341
TGTTAAGATAAGGA-1,Classical monocytes,0.9953086764942302
TGTTACACCGCATA-1,Non-classical monocytes,0.9976551989159044
TGTTACACGACTAC-1,Non-classical monocytes,0.6913662233782627
TGTTACTGGCTACA-1,MAIT cells,0.9471820825940194
TGTTACTGTAGTCG-1,NK cells,0.3423854831106125
TTAACCACCGTAAC-1,Tcm/Naive cytotoxic T cells,0.7124379931499636
TTAACCACTAAGGA-1,NK cells,0.16191486172124078
TTAACCACTCAGAC-1,Tem/Trm cytotoxic T cells,0.7882752564253611
TTACACACGTGTTG-1,Tem/Effector helper T cells,0.6247472041845127
TTACACACTCCTAT-1,Tcm/Naive helper T cells,0.8355945170140239
TTACCATGAATCGC-1,Classical monocytes,0.765900885986935
TTACCATGGTTGAC-1,Tcm/Naive helper T cells,0.9974569493842936
TTACCATGTGTCTT-1,CD16+ NK cells,0.8906532772795315
TTACCATGTTGTGG-1,B cells,0.9579622493540656
TTACGACTGAGAGC-1,Tem/Effector helper T cells,0.9075348129582398
TTACGACTTGACAC-1,Classical monocytes,0.9859359546031863
TTACGTACGTTCAG-1,Megakaryocytes/platelets,0.8991466168885114
TTACTCGAAGAATG-1,Classical monocytes,0.954385387718142
TTACTCGACGCAAT-1,DC,0.6892593431187926
TTACTCGAGGGTGA-1,Tcm/Naive helper T cells,0.931449657691786
TTACTCGATCTACT-1,CD16+ NK cells,0.9999694117041316
TTAGAATGTGGTGT-1,Tcm/Naive helper T cells,0.8683591134058247
TTAGAATGTGTAGC-1,Tcm/Naive helper T cells,0.7006170755043729
TTAGACCTCCTACC-1,Tcm/Naive helper T cells,0.9944289961885271
TTAGACCTCCTTTA-1,Classical monocytes,0.9764466340427854
TTAGCTACAACCGT-1,Tcm/Naive cytotoxic T cells,0.9879416313506716
TTAGCTACTGTCCC-1,Non-classical monocytes,0.9161638554676304
TTAGCTACTTTCGT-1,Tcm/Naive helper T cells,0.5903241331065026
TTAGGGACGCGAAG-1,MAIT cells,0.9383807634645589
TTAGGGTGCTGGAT-1,B cells,0.9883742998062142
TTAGGGTGTCCTGC-1,Non-classical monocytes,0.9984733468752675
TTAGGTCTACTTTC-1,Classical monocytes,0.881811870389498
TTAGTCACCAGTTG-1,Type 17 helper T cells,0.4374931145840104
TTAGTCTGAAAGCA-1,B cells,0.9794485282490408
TTAGTCTGCCAACA-1,CD16+ NK cells,0.9998410762788394
TTAGTCTGTGCACA-1,Tem/Effector helper T cells,0.311925720756576
TTATCCGACTAGTG-1,B cells,0.9961700119518523
TTATCCGAGAAAGT-1,Non-classical monocytes,0.97536947681937
TTATGAGAGATAAG-1,Tcm/Naive cytotoxic T cells,0.7693237472600393
TTATGCACGTCACA-1,B cells,0.9517650713569866
TTATGGCTTATGGC-1,DC2,0.9960765685405041
TTATTCCTATGCTG-1,Classical monocytes,0.486197370907343
TTATTCCTGGACAG-1,B cells,0.9890674387272952
TTATTCCTGGTACT-1,B cells,0.9845196652243949
TTATTCCTTCGTGA-1,Tcm/Naive helper T cells,0.5776397498710568
TTCAAAGATAAAGG-1,Tem/Trm cytotoxic T cells,0.9595832156276382
TTCAACACAACAGA-1,Tcm/Naive helper T cells,0.9983682534303295
TTCAACACCCCAAA-1,Classical monocytes,0.9847062448881363
TTCAACACGGACGA-1,Non-classical monocytes,0.9746075697836319
TTCAAGCTAAGAAC-1,Classical monocytes,0.9882402412794458
TTCAAGCTAGATGA-1,Tcm/Naive helper T cells,0.9676732842036193
TTCAAGCTGTTGAC-1,Tcm/Naive helper T cells,0.5073781870863383
TTCAAGCTTGATGC-1,Tcm/Naive helper T cells,0.48282249321588383
TTCAAGCTTTCGCC-1,Tcm/Naive cytotoxic T cells,0.9995215760553978
TTCACAACCCGTTC-1,Classical monocytes,0.8573820083142379
TTCACAACGTCTGA-1,Non-classical monocytes,0.6527274765062647
TTCAGACTACCCAA-1,Tcm/Naive helper T cells,0.9786186457445825
TTCAGACTCTCGAA-1,Tem/Effector helper T cells,0.43493368203036303
TTCAGTACCGACTA-1,Tcm/Naive helper T cells,0.8998286335457393
TTCAGTACTCAAGC-1,Tcm/Naive cytotoxic T cells,0.9629840852385715
TTCAGTACTCCTAT-1,Classical monocytes,0.9946071017080703
TTCAGTTGCCAAGT-1,Tem/Effector helper T cells,0.6644870509619216
TTCAGTTGTCCTTA-1,DC,0.3688325301440439
TTCAGTTGTCTAGG-1,Trm cytotoxic T cells,0.7802154243225837
TTCAGTTGTCTCGC-1,B cells,0.9816231855998443
TTCATCGAGGTGGA-1,Classical monocytes,0.9470800122612174
TTCATGTGTGGTGT-1,Regulatory T cells,0.32482428511382033
TTCATTCTATGTCG-1,Classical monocytes,0.6703110281823748
TTCATTCTTCTCTA-1,Tcm/Naive helper T cells,0.8198210474287525
TTCCAAACCTATGG-1,Classical monocytes,0.46372628080531014
TTCCAAACCTCCCA-1,B cells,0.8843005153092212
TTCCAAACTCCCAC-1,CD16+ NK cells,0.5858443518661485
TTCCAAACTTGACG-1,Tem/Temra cytotoxic T cells,0.6538179952419129
TTCCATGACGAGAG-1,Classical monocytes,0.9998820818682641
TTCCATGACTGTCC-1,DC,0.4853459739238564
TTCCCACTTGAGGG-1,CD16+ NK cells,0.9999692933175042
TTCCCACTTGTCTT-1,Non-classical monocytes,0.9452415091806837
TTCCTAGAAAGTGA-1,Tcm/Naive helper T cells,0.9715954879695559
TTCCTAGACTAGTG-1,Non-classical monocytes,0.9586147520707364
TTCGAGGACTCTAT-1,Tcm/Naive helper T cells,0.2586019747269196
TTCGAGGAGGGCAA-1,Tem/Trm cytotoxic T cells,0.15841825821307562
TTCGAGGATAGAAG-1,Non-classical monocytes,0.6467145871277422
TTCGATTGAGCATC-1,Tcm/Naive cytotoxic T cells,0.46454437793158193
TTCGGAGAATGCCA-1,Classical monocytes,0.8580543329174625
TTCGGAGATGTGCA-1,Tcm/Naive helper T cells,0.9428765135292816
TTCGTATGAAAAGC-1,NK cells,0.907762349033695
TTCGTATGGATAGA-1,NK cells,0.41258990379193977
TTCGTATGGTCTGA-1,B cells,0.569646619282749
TTCGTATGTCCTTA-1,Non-classical monocytes,0.6108019543515277
TTCTACGAACGTAC-1,Tcm/Naive helper T cells,0.8169021622727654
TTCTACGAGTTGGT-1,Tem/Effector helper T cells,0.7097064817284395
TTCTAGTGACACGT-1,Tem/Effector helper T cells,0.32127137921634313
TTCTAGTGCATGAC-1,Classical monocytes,0.9995632941232043
TTCTAGTGGAGAGC-1,CD16+ NK cells,0.9994838526411184
TTCTAGTGGTCACA-1,Classical monocytes,0.921952382485763
TTCTCAGAAGAGAT-1,Tcm/Naive helper T cells,0.9628955981738782
TTCTCAGAAGCATC-1,B cells,0.9947934799627799
TTCTCAGATGGAGG-1,Tem/Effector helper T cells,0.2507350462165694
TTCTGATGGAGACG-1,CD16+ NK cells,0.9995844583656845
TTCTTACTCTGGAT-1,Non-classical monocytes,0.9935034521657181
TTGAACCTCCTTGC-1,Naive B cells,0.7411824599442159
TTGAATGAACTACG-1,Non-classical monocytes,0.9496047666593794
TTGAATGACTTACT-1,Tcm/Naive helper T cells,0.9928371837939102
TTGAATGATCTCAT-1,B cells,0.9998691303462561
TTGACACTCTGTAG-1,DC,0.09004684596210812
TTGACACTGATAAG-1,B cells,0.9946617927549215
TTGAGGACAGAACA-1,Classical monocytes,0.8306440647344854
TTGAGGACTACGCA-1,DC,0.7440675930800531
TTGAGGTGGACGGA-1,Regulatory T cells,0.24681292288336218
TTGCATTGAGCTAC-1,Tcm/Naive cytotoxic T cells,0.14845702265628707
TTGCATTGCTAAGC-1,Classical monocytes,0.8224787837451445
TTGCATTGTGACTG-1,Tem/Effector helper T cells,0.8785849891313793
TTGCTAACACCAAC-1,Tem/Trm cytotoxic T cells,0.9897407012405741
TTGCTAACACGCTA-1,Non-classical monocytes,0.9931178230117701
TTGCTAACCACTCC-1,Tcm/Naive cytotoxic T cells,0.9855033317546795
TTGCTATGGTACGT-1,Classical monocytes,0.9815848365697369
TTGCTATGGTAGGG-1,Non-classical monocytes,0.9994866961807838
TTGGAGACCAATCG-1,Tem/Effector helper T cells,0.7174794904525189
TTGGAGACGCTATG-1,Classical monocytes,0.9909835148903253
TTGGAGACTATGGC-1,B cells,0.9506012291414547
TTGGGAACTGAACC-1,Tcm/Naive cytotoxic T cells,0.9952718506709612
TTGGTACTACTGGT-1,Non-classical monocytes,0.991231257893429
TTGGTACTCTTAGG-1,Tcm/Naive helper T cells,0.9512837349010678
TTGGTACTGAATCC-1,B cells,0.9996085095536903
TTGGTACTGGATTC-1,B cells,0.9936515377370729
TTGTACACGTTGTG-1,B cells,0.9999494335437914
TTGTACACTTGCAG-1,Tem/Effector helper T cells,0.39805851876672826
TTGTAGCTAGCTCA-1,Regulatory T cells,0.3387414170692114
TTGTAGCTCTCTTA-1,B cells,0.29442537675758346
TTGTCATGGACGGA-1,CD16+ NK cells,0.9999803770077437
TTTAGAGATCCTCG-1,B cells,0.9813411060006503
TTTAGCTGATACCG-1,Tcm/Naive cytotoxic T cells,0.9994197153506249
TTTAGCTGGATACC-1,Classical monocytes,0.9827421656157769
TTTAGCTGTACTCT-1,Classical monocytes,0.7604699326487426
TTTAGGCTCCTTTA-1,Classical monocytes,0.8777764760251038
TTTATCCTGTTGTG-1,Non-classical monocytes,0.9852180944388487
TTTCACGAGGTTCA-1,Tcm/Naive helper T cells,0.9508959800751096
TTTCAGTGGAAGGC-1,MAIT cells,0.6922170384796703
TTTCAGTGTCACGA-1,B cells,0.9516509597391651
TTTCAGTGTCTATC-1,Classical monocytes,0.9384018604271687
TTTCAGTGTGCAGT-1,B cells,0.88545321710677
TTTCCAGAGGTGAG-1,Tem/Effector helper T cells,0.27628300001936207
TTTCGAACACCTGA-1,pDC,0.9971731873924277
TTTCGAACTCTCAT-1,Classical monocytes,0.6793993682296521
TTTCTACTGAGGCA-1,B cells,0.778549575523462
TTTCTACTTCCTCG-1,B cells,0.8687088875100891
TTTGCATGAGAGGC-1,B cells,0.9724947759750762
TTTGCATGCCTCAC-1,Tcm/Naive helper T cells,0.9192480441984565
