barcode,label,confidence,true_label,split
AAACATACAACCAC-1,CD4 T cells,0.54550666,CD4 T cells,test
AAACATTGAGCTAC-1,B cells,0.99948066,B cells,test
AAACATTGATCAGC-1,CD4 T cells,0.9999156,CD4 T cells,test
AAACCGTGCTTCCG-1,CD14+ Monocytes,0.9908873,CD14+ Monocytes,train
AAACCGTGTATGCG-1,NK cells,0.9879376,NK cells,test
AAACGCACTGGTAC-1,CD8 T cells,0.9920907,CD8 T cells,train
AAACGCTGACCAGT-1,CD8 T cells,0.9977799,CD8 T cells,train
AAACGCTGGTTCTT-1,CD8 T cells,0.7882528,CD8 T cells,train
AAACGCTGTAGCCA-1,B cells,0.55120134,CD4 T cells,train
AAACGCTGTTTCTG-1,FCGR3A+ Monocytes,0.9481008,FCGR3A+ Monocytes,test
AAACTTGAAAAACG-1,B cells,0.99977523,B cells,train
AAACTTGATCCAGA-1,CD4 T cells,0.9999949,CD4 T cells,train
AAAGAGACGAGATA-1,CD4 T cells,0.9999187,CD4 T cells,train
AAAGAGACGCGAGA-1,CD14+ Monocytes,0.999931,CD14+ Monocytes,train
AAAGAGACGGACTT-1,CD8 T cells,0.99635017,CD8 T cells,train
AAAGAGACGGCATT-1,CD4 T cells,0.9994342,CD4 T cells,train
AAAGCAGATATCGG-1,CD14+ Monocytes,0.995469,CD14+ Monocytes,test
AAAGCCTGTATGCG-1,CD4 T cells,0.99921703,CD4 T cells,train
AAAGGCCTGTCTAG-1,B cells,0.9997924,B cells,train
AAAGTTTGATCACG-1,B cells,0.9998926,B cells,train
AAAGTTTGGGGTGA-1,B cells,0.9994293,B cells,train
AAAGTTTGTAGAGA-1,CD4 T cells,0.99989474,CD4 T cells,train
AAAGTTTGTAGCGT-1,CD14+ Monocytes,0.99995637,CD14+ Monocytes,train
AAATCAACAATGCC-1,B cells,0.9999145,B cells,train
AAATCAACACCAGT-1,CD4 T cells,0.9996269,CD4 T cells,test
AAATCAACCAGGAG-1,CD4 T cells,0.99987566,CD4 T cells,train
AAATCAACCCTATT-1,FCGR3A+ Monocytes,0.9971578,CD4 T cells,test
AAATCAACGGAAGC-1,CD4 T cells,0.9998671,CD4 T cells,test
AAATCAACTCGCAA-1,CD4 T cells,0.9963021,CD4 T cells,train
AAATCATGACCACA-1,FCGR3A+ Monocytes,0.9995301,FCGR3A+ Monocytes,train
AAATCCCTCCACAA-1,CD4 T cells,0.7779809,CD8 T cells,test
AAATCCCTGCTATG-1,B cells,0.9988611,B cells,train
AAATGTTGAACGAA-1,CD14+ Monocytes,0.9993326,CD14+ Monocytes,test
AAATGTTGCCACAA-1,CD4 T cells,0.9996105,CD4 T cells,train
AAATGTTGTGGCAT-1,CD14+ Monocytes,0.8860082,CD14+ Monocytes,test
AAATTCGAAGGTTC-1,CD4 T cells,0.9977697,CD4 T cells,train
AAATTCGAATCACG-1,CD14+ Monocytes,0.99998546,CD14+ Monocytes,train
AAATTCGAGCTGAT-1,FCGR3A+ Monocytes,0.9879721,FCGR3A+ Monocytes,train
AAATTCGAGGAGTG-1,CD4 T cells,0.9998442,CD4 T cells,test
AAATTCGATTCTCA-1,CD8 T cells,0.9870946,CD8 T cells,train
AAATTGACACGACT-1,CD8 T cells,0.99743384,CD8 T cells,test
AAATTGACTCGCTC-1,CD8 T cells,0.99240816,CD8 T cells,test
AACAAACTCATTTC-1,CD4 T cells,0.9948389,CD4 T cells,test
AACAAACTTTCGTT-1,CD4 T cells,0.9999871,CD4 T cells,train
AACAATACGACGAG-1,CD4 T cells,0.9999871,CD4 T cells,train
AACACGTGCAGAGG-1,CD4 T cells,0.9971207,CD4 T cells,train
AACACGTGGAAAGT-1,CD4 T cells,0.99993217,CD4 T cells,train
AACACGTGGAACCT-1,CD14+ Monocytes,0.9999521,CD14+ Monocytes,train
AACACGTGGCTACA-1,CD4 T cells,0.99951684,CD4 T cells,train
AACACGTGTACGAC-1,FCGR3A+ Monocytes,0.99959546,FCGR3A+ Monocytes,train
AACAGCACAAGAGT-1,CD14+ Monocytes,0.9992016,CD14+ Monocytes,test
AACATTGATGGGAG-1,FCGR3A+ Monocytes,0.9973308,FCGR3A+ Monocytes,train
AACCAGTGATACCG-1,FCGR3A+ Monocytes,0.9995123,FCGR3A+ Monocytes,train
AACCCAGATCGCTC-1,CD4 T cells,0.9999727,CD4 T cells,train
AACCGATGCTCCCA-1,CD4 T cells,0.9652141,CD4 T cells,test
AACCGATGGTCATG-1,B cells,0.9999571,B cells,train
AACCGATGTTCTAC-1,CD14+ Monocytes,0.99989796,CD14+ Monocytes,test
AACCGCCTAGCGTT-1,CD4 T cells,0.99996984,CD4 T cells,train
AACCGCCTCTACGA-1,CD14+ Monocytes,0.9993099,CD14+ Monocytes,train
AACCTACTGTGAGG-1,CD14+ Monocytes,0.99976045,CD14+ Monocytes,train
AACCTACTGTGTTG-1,CD4 T cells,0.9999677,CD4 T cells,test
AACCTTACGAGACG-1,CD4 T cells,0.9991079,CD4 T cells,train
AACCTTACGCGAGA-1,NK cells,0.99944156,NK cells,train
AACCTTACTAACGC-1,FCGR3A+ Monocytes,0.98462427,FCGR3A+ Monocytes,test
AACCTTTGGACGGA-1,CD4 T cells,0.99993336,CD4 T cells,test
AACCTTTGTACGCA-1,FCGR3A+ Monocytes,0.9989404,FCGR3A+ Monocytes,test
AACGCAACAAGTAG-1,CD4 T cells,0.99988174,CD4 T cells,test
AACGCATGACCCAA-1,CD4 T cells,0.99978226,CD4 T cells,train
AACGCATGCCTTCG-1,CD4 T cells,0.99999094,CD4 T cells,train
AACGCATGTACTTC-1,CD4 T cells,0.99999976,CD4 T cells,train
AACGCCCTCGGGAA-1,CD4 T cells,0.9999727,CD4 T cells,train
AACGCCCTCGTACA-1,NK cells,0.9996123,NK cells,train
AACGCCCTGGCATT-1,CD4 T cells,0.9984865,CD4 T cells,train
AACGTCGAGTATCG-1,NK cells,0.9996306,NK cells,train
AACGTGTGAAAGCA-1,CD4 T cells,0.999997,CD4 T cells,train
AACGTGTGGCGGAA-1,B cells,0.9977568,B cells,train
AACGTGTGTCCAAG-1,CD4 T cells,0.99994063,CD4 T cells,train
AACGTGTGTGCTTT-1,CD4 T cells,0.99984455,CD4 T cells,test
AACTACCTTAGAGA-1,CD4 T cells,0.99993384,CD4 T cells,train
AACTCACTCAAGCT-1,CD14+ Monocytes,0.9995982,CD14+ Monocytes,train
AACTCACTTGGAGG-1,CD14+ Monocytes,0.9999411,CD14+ Monocytes,train
AACTCGGAAAGTGA-1,CD8 T cells,0.983083,CD8 T cells,test
AACTCGGAAGGTCT-1,CD14+ Monocytes,0.99892956,CD14+ Monocytes,test
AACTCTTGCAGGAG-1,CD4 T cells,0.9973264,CD4 T cells,train
AACTGTCTCCCTTG-1,CD14+ Monocytes,0.9999268,CD14+ Monocytes,train
AACTTGCTACGCTA-1,B cells,0.9975412,B cells,train
AACTTGCTGGGACA-1,CD4 T cells,0.99974626,CD4 T cells,train
AAGAACGAGTGTTG-1,CD4 T cells,0.99908507,CD4 T cells,train
AAGAAGACGTAGGG-1,B cells,0.99982136,B cells,train
AAGACAGAAGTCTG-1,B cells,0.99962723,B cells,train
AAGACAGAGGATCT-1,CD4 T cells,0.99752504,CD4 T cells,train
AAGACAGATTACCT-1,CD14+ Monocytes,0.9999732,CD14+ Monocytes,train
AAGAGATGGGTAGG-1,B cells,0.99954236,B cells,train
AAGATGGAAAACAG-1,B cells,0.9998053,B cells,train
AAGATGGAGAACTC-1,CD14+ Monocytes,0.9998374,CD14+ Monocytes,train
AAGATGGAGATAAG-1,CD14+ Monocytes,0.9927126,CD14+ Monocytes,train
AAGATTACAACCTG-1,CD4 T cells,0.9999976,CD4 T cells,train
AAGATTACAGATCC-1,CD14+ Monocytes,0.9945418,CD14+ Monocytes,train
AAGATTACCCGTTC-1,CD14+ Monocytes,0.9999207,CD14+ Monocytes,train
AAGATTACCGCCTT-1,Dendritic cells,0.9752676,Dendritic cells,train
AAGATTACCTCAAG-1,NK cells,0.99988866,NK cells,train
AAGATTACTCCTCG-1,CD14+ Monocytes,0.99995196,CD14+ Monocytes,test
AAGCAAGAGCGAGA-1,CD4 T cells,0.99741673,CD4 T cells,train
AAGCAAGAGCTTAG-1,CD8 T cells,0.973881,CD8 T cells,train
AAGCAAGAGGTGTT-1,NK cells,0.9971572,NK cells,train
AAGCACTGAGCAAA-1,B cells,0.9976991,B cells,train
AAGCACTGCATACG-1,CD8 T cells,0.99655837,CD8 T cells,train
AAGCACTGGTTCTT-1,B cells,0.9985043,B cells,test
AAGCCAACGTGTTG-1,CD4 T cells,0.99971265,CD4 T cells,train
AAGCCATGAACTGC-1,Dendritic cells,0.9723803,Dendritic cells,test
AAGCCATGACACGT-1,CD14+ Monocytes,0.9999032,CD14+ Monocytes,train
AAGCCATGCGTGAT-1,CD4 T cells,0.99953544,CD4 T cells,train
AAGCCATGTCTCGC-1,CD8 T cells,0.98558885,CD4 T cells,train
AAGCCTGACATGCA-1,CD4 T cells,0.9916031,CD4 T cells,train
AAGCCTGACCGAAT-1,CD14+ Monocytes,0.99948764,CD14+ Monocytes,test
AAGCGACTCCTCAC-1,FCGR3A+ Monocytes,0.9928504,FCGR3A+ Monocytes,train
AAGCGACTGTGTCA-1,CD4 T cells,0.99981123,CD4 T cells,train
AAGCGACTTACAGC-1,B cells,0.9998752,B cells,test
AAGCGACTTTGACG-1,FCGR3A+ Monocytes,0.9986565,FCGR3A+ Monocytes,train
AAGCGTACGTCTTT-1,CD4 T cells,0.9987921,CD4 T cells,train
AAGGCTTGCGAACT-1,CD8 T cells,0.9994649,CD8 T cells,train
AAGGTCACGGTTAC-1,CD14+ Monocytes,0.99993384,CD14+ Monocytes,test
AAGGTCACTGTTTC-1,B cells,0.99983704,B cells,train
AAGGTCACTTCCCG-1,CD8 T cells,0.96399575,CD8 T cells,test
AAGGTCTGACAGTC-1,CD4 T cells,0.999985,CD4 T cells,test
AAGGTCTGCAGATC-1,CD4 T cells,0.99928564,CD4 T cells,train
AAGTAACTCTGAAC-1,CD14+ Monocytes,0.99959975,CD14+ Monocytes,test
AAGTAACTGAGATA-1,B cells,0.9997993,B cells,train
AAGTAGGATACAGC-1,NK cells,0.9994854,NK cells,train
AAGTATACCGAACT-1,CD4 T cells,0.99996257,CD4 T cells,train
AAGTCCGACTTGTT-1,CD4 T cells,0.9997832,CD4 T cells,test
AAGTCCGATAGAAG-1,CD4 T cells,0.99852246,CD4 T cells,train
AAGTCTCTAGTCGT-1,CD4 T cells,0.9999546,CD4 T cells,train
AAGTCTCTCGGAGA-1,CD8 T cells,0.9991666,CD8 T cells,train
AAGTGGCTTGGAGG-1,B cells,0.9994318,B cells,test
AAGTTCCTCATTCT-1,CD14+ Monocytes,0.99174094,CD14+ Monocytes,train
AAGTTCCTTCTTAC-1,CD4 T cells,0.9430903,CD4 T cells,test
AATAAGCTCGAATC-1,CD4 T cells,0.99993575,CD4 T cells,train
AATAAGCTCGTTGA-1,CD4 T cells,0.9999002,CD4 T cells,train
AATACCCTGGACGA-1,B cells,0.99440116,B cells,train
AATACCCTGGCATT-1,CD4 T cells,0.99955267,CD4 T cells,test
AATACTGAAAGGGC-1,CD8 T cells,0.9853424,CD8 T cells,train
AATACTGAATTGGC-1,NK cells,0.9987085,NK cells,train
AATAGGGAACCCTC-1,B cells,0.9998822,B cells,train
AATAGGGAGAATGA-1,CD8 T cells,0.9971096,CD8 T cells,train
AATCAAACTATCGG-1,CD8 T cells,0.9927857,CD8 T cells,train
AATCCGGAATGCTG-1,B cells,0.9999684,B cells,test
AATCCTACCGGTAT-1,CD4 T cells,0.9997913,CD4 T cells,test
AATCCTTGACGGGA-1,CD14+ Monocytes,0.95565885,CD14+ Monocytes,test
AATCCTTGGTGAGG-1,NK cells,0.9999639,NK cells,train
AATCGGTGGAACTC-1,CD8 T cells,0.99792176,CD8 T cells,train
AATCGGTGTGCTTT-1,CD4 T cells,0.9999702,CD4 T cells,train
AATCTAGAAAAGTG-1,CD4 T cells,0.9997311,CD4 T cells,test
AATCTAGAATCGGT-1,CD8 T cells,0.9860308,CD8 T cells,train
AATCTCACAGCCTA-1,CD14+ Monocytes,0.9984182,CD14+ Monocytes,train
AATCTCACTCTAGG-1,CD4 T cells,0.99996936,CD4 T cells,train
AATCTCTGAACAGA-1,CD4 T cells,0.9999379,CD4 T cells,train
AATCTCTGCTTTAC-1,NK cells,0.99967265,NK cells,train
AATGATACACCAAC-1,CD8 T cells,0.99407923,CD8 T cells,test
AATGATACGGTCAT-1,CD14+ Monocytes,0.99643624,CD14+ Monocytes,test
AATGCGTGACACCA-1,B cells,0.98755753,B cells,train
AATGCGTGGACGGA-1,Dendritic cells,0.57602453,Dendritic cells,test
AATGCGTGGCTATG-1,B cells,0.9994289,B cells,train
AATGGAGAATCGTG-1,CD14+ Monocytes,0.9997619,CD14+ Monocytes,train
AATGGAGATCCTTA-1,CD8 T cells,0.99763393,CD8 T cells,train
AATGGCTGACACCA-1,B cells,0.9992505,B cells,train
AATGGCTGCGTGAT-1,CD4 T cells,0.9999759,CD4 T cells,train
AATGGCTGTAAAGG-1,CD8 T cells,0.99551195,CD8 T cells,train
AATGGCTGTACTCT-1,CD8 T cells,0.9959209,CD8 T cells,test
AATGGCTGTGAAGA-1,CD4 T cells,0.9951748,CD4 T cells,train
AATGTAACGGTGGA-1,CD4 T cells,0.9999696,CD4 T cells,train
AATGTCCTCTTCTA-1,CD4 T cells,0.9966349,CD4 T cells,train
AATGTTGACAGTCA-1,CD4 T cells,0.9996505,CD4 T cells,train
AATGTTGAGTTGAC-1,CD14+ Monocytes,0.9998301,CD14+ Monocytes,train
AATGTTGATCTACT-1,CD4 T cells,0.9994147,CD4 T cells,train
AATTACGAATTCCT-1,Dendritic cells,0.99406517,Dendritic cells,train
AATTACGACTTCTA-1,CD4 T cells,0.9999182,CD4 T cells,train
AATTACGAGTGAGG-1,CD4 T cells,0.99994254,CD4 T cells,train
AATTACGATTGGCA-1,B cells,0.99744886,B cells,test
AATTCCTGCTCAGA-1,B cells,0.99958926,B cells,test
AATTGATGTCGCAA-1,FCGR3A+ Monocytes,0.9995443,FCGR3A+ Monocytes,train
AATTGTGACTTGGA-1,B cells,0.9998963,B cells,train
ACAAAGGAGGGTGA-1,CD4 T cells,0.9985543,CD4 T cells,train
ACAAATTGATTCTC-1,FCGR3A+ Monocytes,0.9994442,FCGR3A+ Monocytes,train
ACAAATTGCTCAGA-1,CD14+ Monocytes,0.9999589,CD14+ Monocytes,train
ACAAATTGTTGCGA-1,NK cells,0.99967635,NK cells,test
ACAACCGAGGGATG-1,NK cells,0.99927396,NK cells,train
ACAACCGAGTTACG-1,CD4 T cells,0.99770576,CD4 T cells,test
ACAAGAGAAGTCGT-1,CD14+ Monocytes,0.9988426,CD14+ Monocytes,train
ACAAGAGACTTATC-1,CD4 T cells,0.9999987,CD4 T cells,test
ACAAGAGAGTTGAC-1,B cells,0.9991672,B cells,train
ACAATCCTAACCGT-1,CD4 T cells,0.9992797,CD4 T cells,train
ACAATCCTTAGCGT-1,B cells,0.9996443,B cells,train
ACAATTGACTGACA-1,CD8 T cells,0.99379694,CD8 T cells,train
ACAATTGATGACTG-1,NK cells,0.998844,NK cells,train
ACACAGACCATACG-1,CD8 T cells,0.99978584,CD8 T cells,train
ACACCAGAGGGCAA-1,CD8 T cells,0.94006276,CD8 T cells,test
ACACCCTGGTGTTG-1,NK cells,0.99893063,NK cells,test
ACACGAACAGTTCG-1,CD4 T cells,0.87862,CD4 T cells,test
ACACGATGACGCAT-1,CD8 T cells,0.9889071,CD8 T cells,train
ACACGATGATGTGC-1,CD14+ Monocytes,0.99873763,CD14+ Monocytes,train
ACACGATGTCGTAG-1,CD8 T cells,0.88859797,CD8 T cells,train
ACACGATGTGGTCA-1,CD8 T cells,0.9999089,CD8 T cells,test
ACAGACACGGCATT-1,CD4 T cells,0.9966678,CD4 T cells,train
ACAGACACGTTGTG-1,CD4 T cells,0.9996885,CD4 T cells,train
ACAGCAACACCTAG-1,CD14+ Monocytes,0.99255145,CD14+ Monocytes,train
ACAGCAACCTCAAG-1,FCGR3A+ Monocytes,0.99974936,FCGR3A+ Monocytes,train
ACAGGTACCCCACT-1,CD4 T cells,0.99905366,CD4 T cells,train
ACAGGTACGCTGTA-1,CD8 T cells,0.9946525,CD8 T cells,train
ACAGGTACTGGTGT-1,NK cells,0.9979315,NK cells,test
ACAGTCGACCCAAA-1,CD4 T cells,0.98745584,CD4 T cells,train
ACAGTCGACCGATA-1,CD8 T cells,0.9981914,CD8 T cells,train
ACAGTGACTCACCC-1,CD8 T cells,0.9679588,CD8 T cells,train
ACAGTGACTCTATC-1,CD8 T cells,0.99864596,CD8 T cells,train
ACAGTGTGGTCACA-1,CD4 T cells,0.9992555,CD4 T cells,train
ACAGTGTGTTGCGA-1,CD14+ Monocytes,0.9956619,CD14+ Monocytes,train
ACATCACTCTACTT-1,CD14+ Monocytes,0.999739,CD14+ Monocytes,train
ACATGGTGAAGCCT-1,CD4 T cells,0.99921227,CD4 T cells,train
ACATGGTGCAACCA-1,B cells,0.9929932,B cells,test
ACATGGTGCGAGTT-1,CD4 T cells,0.99888307,CD4 T cells,train
ACATTCTGGCATAC-1,CD4 T cells,0.999997,CD4 T cells,train
ACATTCTGGGAACG-1,CD14+ Monocytes,0.99756646,CD14+ Monocytes,train
ACCAACGACATGCA-1,CD4 T cells,0.98520595,CD4 T cells,test
ACCACAGAAAGTAG-1,CD4 T cells,0.999213,CD4 T cells,train
ACCACAGAGTTGGT-1,CD4 T cells,0.9999229,CD4 T cells,train
ACCACCTGTGTGCA-1,CD4 T cells,0.99706453,CD4 T cells,train
ACCACGCTACAGCT-1,CD4 T cells,0.99666613,CD4 T cells,test
ACCACGCTACCCAA-1,CD8 T cells,0.99958736,CD8 T cells,test
ACCACGCTGCGAGA-1,CD4 T cells,0.9927309,CD4 T cells,test
ACCACGCTGCTGTA-1,CD4 T cells,0.914845,CD4 T cells,test
ACCAGCCTGACAGG-1,CD4 T cells,0.9999248,CD4 T cells,train
ACCAGTGAACGGTT-1,B cells,0.9998528,B cells,train
ACCAGTGAATACCG-1,FCGR3A+ Monocytes,0.9966979,FCGR3A+ Monocytes,train
ACCAGTGAGGGATG-1,CD4 T cells,0.9997136,CD4 T cells,train
ACCAGTGATGACTG-1,CD14+ Monocytes,0.99984956,CD14+ Monocytes,train
ACCATTACCTTCTA-1,CD4 T cells,0.9999522,CD4 T cells,train
ACCATTACGAGATA-1,CD4 T cells,0.999522,CD4 T cells,test
ACCATTTGTCATTC-1,CD4 T cells,0.9988858,CD4 T cells,train
ACCCAAGAACTGTG-1,CD8 T cells,0.99994814,CD8 T cells,test
ACCCAAGAATTCCT-1,FCGR3A+ Monocytes,0.99983275,FCGR3A+ Monocytes,train
ACCCAAGAGGACAG-1,CD4 T cells,0.9999633,CD4 T cells,train
ACCCAAGATTCACT-1,B cells,0.99972254,B cells,test
ACCCACTGCGCCTT-1,CD14+ Monocytes,0.99902165,CD14+ Monocytes,train
ACCCACTGGACAGG-1,CD4 T cells,0.999948,CD4 T cells,test
ACCCACTGGTTCAG-1,Megakaryocytes,0.9864138,Megakaryocytes,train
ACCCACTGTCGTAG-1,CD14+ Monocytes,0.9857566,CD14+ Monocytes,test
ACCCAGCTCAGAAA-1,CD4 T cells,0.9998281,CD4 T cells,train
ACCCAGCTGTTAGC-1,CD14+ Monocytes,0.99961555,CD14+ Monocytes,train
ACCCAGCTTGCTTT-1,CD4 T cells,0.9999968,CD4 T cells,train
ACCCGTTGATGACC-1,B cells,0.9999597,B cells,test
ACCCGTTGCTGCAA-1,CD4 T cells,0.98697335,CD4 T cells,train
ACCCGTTGCTTCTA-1,Dendritic cells,0.86651975,Dendritic cells,test
ACCCTCGACCTATT-1,CD4 T cells,0.9966383,CD4 T cells,train
ACCCTCGACGGTAT-1,B cells,0.9991998,B cells,train
ACCCTCGATAAGGA-1,CD14+ Monocytes,0.99881315,CD14+ Monocytes,train
ACCCTCGATCAAGC-1,CD14+ Monocytes,0.9926926,CD14+ Monocytes,train
ACCGTGCTACCAGT-1,CD4 T cells,0.9975326,CD4 T cells,test
ACCGTGCTGGAACG-1,B cells,0.99932647,B cells,test
ACCTATTGCTGAGT-1,B cells,0.9997694,B cells,train
ACCTATTGTGCCCT-1,FCGR3A+ Monocytes,0.998403,FCGR3A+ Monocytes,train
ACCTCCGAGTCCTC-1,CD4 T cells,0.99917054,CD4 T cells,train
ACCTCCGATATGCG-1,CD4 T cells,0.99434114,CD4 T cells,test
ACCTCCGATGCTGA-1,CD4 T cells,0.99956375,CD4 T cells,train
ACCTCGTGAACCAC-1,CD8 T cells,0.99982363,CD8 T cells,train
ACCTGAGATATCGG-1,CD14+ Monocytes,0.84504354,Megakaryocytes,test
ACCTGGCTAAGTAG-1,NK cells,0.9999274,NK cells,train
ACCTTTGACTCCCA-1,CD14+ Monocytes,0.9989343,CD14+ Monocytes,train
ACCTTTGAGGAACG-1,CD14+ Monocytes,0.9978745,CD14+ Monocytes,train
ACCTTTGAGGAAGC-1,CD14+ Monocytes,0.84108335,FCGR3A+ Monocytes,test
ACGAACACCTTGTT-1,NK cells,0.99681973,NK cells,train
ACGAACTGGCTATG-1,Megakaryocytes,0.9849304,Megakaryocytes,test
ACGAAGCTCTCCAC-1,CD4 T cells,0.99811816,CD4 T cells,train
ACGAAGCTCTGAGT-1,B cells,0.99949527,B cells,test
ACGACCCTATCTCT-1,FCGR3A+ Monocytes,0.9872404,FCGR3A+ Monocytes,train
ACGACCCTGATGAA-1,CD8 T cells,0.99695444,CD8 T cells,train
ACGACCCTTGACAC-1,B cells,0.99928564,B cells,train
ACGACCCTTGACCA-1,CD4 T cells,0.99973756,CD4 T cells,train
ACGAGGGACAGGAG-1,Dendritic cells,0.9894639,Dendritic cells,test
ACGAGGGACGAACT-1,CD4 T cells,0.999995,CD4 T cells,train
ACGAGGGATGTAGC-1,CD4 T cells,0.9981857,CD4 T cells,train
ACGAGTACCCTAAG-1,B cells,0.9999672,B cells,train
ACGAGTACGAATCC-1,B cells,0.9935229,B cells,train
ACGATCGAGGACTT-1,NK cells,0.9952893,NK cells,train
ACGATCGAGTCACA-1,CD14+ Monocytes,0.99993956,CD14+ Monocytes,test
ACGATGACAATGCC-1,CD4 T cells,0.999405,CD4 T cells,train
ACGATGACTGGTCA-1,CD4 T cells,0.99807006,CD4 T cells,train
ACGATTCTACGGGA-1,CD4 T cells,0.9951139,CD4 T cells,train
ACGCAATGGTTCAG-1,NK cells,0.9986772,NK cells,train
ACGCACCTGTTAGC-1,B cells,0.9999232,B cells,train
ACGCCACTGAACTC-1,CD14+ Monocytes,0.9518977,CD14+ Monocytes,test
ACGCCGGAAACCAC-1,CD14+ Monocytes,0.9995413,CD14+ Monocytes,train
ACGCCGGAAAGCCT-1,CD4 T cells,0.9990706,CD4 T cells,train
ACGCCGGAAATGCC-1,CD4 T cells,0.98798686,CD4 T cells,test
ACGCCTTGCTCCCA-1,FCGR3A+ Monocytes,0.9997851,FCGR3A+ Monocytes,train
ACGCGGTGGCGAGA-1,CD4 T cells,0.9999579,CD4 T cells,train
ACGCGGTGTGTGGT-1,B cells,0.9973502,B cells,test
ACGCGGTGTTTGCT-1,CD8 T cells,0.9998857,CD8 T cells,train
ACGCTCACAGTACC-1,CD4 T cells,0.99880207,CD4 T cells,train
ACGCTCACCCTTGC-1,CD4 T cells,0.9999579,CD4 T cells,train
ACGCTGCTGTTCTT-1,NK cells,0.9773722,NK cells,test
ACGGAACTCAGATC-1,NK cells,0.9997327,NK cells,train
ACGGAACTGTCGTA-1,FCGR3A+ Monocytes,0.9995271,FCGR3A+ Monocytes,train
ACGGAGGACTCTTA-1,CD14+ Monocytes,0.99997985,CD14+ Monocytes,test
ACGGATTGGGAGGT-1,B cells,0.9996302,B cells,train
ACGGATTGGTTAGC-1,CD4 T cells,0.9999145,CD4 T cells,test
ACGGCTCTGAGCAG-1,CD4 T cells,0.99999416,CD4 T cells,train
ACGGCTCTTGCACA-1,CD4 T cells,0.99992025,CD4 T cells,train
ACGGTAACCGCTAA-1,CD4 T cells,0.99993,CD4 T cells,train
ACGGTAACCTTCGC-1,CD8 T cells,0.9855881,CD8 T cells,test
ACGGTAACGGTGGA-1,CD4 T cells,0.99985266,CD4 T cells,train
ACGGTAACTCGCAA-1,CD8 T cells,0.9990188,CD8 T cells,train
ACGGTATGAGTCGT-1,CD14+ Monocytes,0.9996877,CD14+ Monocytes,test
ACGGTATGGGTATC-1,B cells,0.99922097,B cells,train
ACGGTATGGTTGTG-1,B cells,0.9992974,B cells,train
ACGGTCCTAACGGG-1,CD4 T cells,0.9996848,CD4 T cells,train
ACGGTCCTCGGGAA-1,CD4 T cells,0.9926046,CD4 T cells,test
ACGTAGACAACCAC-1,CD4 T cells,0.99899644,CD4 T cells,train
ACGTAGACTACAGC-1,B cells,0.99926895,B cells,test
ACGTCAGAAACGAA-1,CD4 T cells,0.99991953,CD4 T cells,train
ACGTCAGAGAGCTT-1,CD14+ Monocytes,0.9943845,CD14+ Monocytes,train
ACGTCAGAGGGATG-1,CD4 T cells,0.99965036,CD4 T cells,train
ACGTCCTGATAAGG-1,CD14+ Monocytes,0.9998809,CD14+ Monocytes,train
ACGTCCTGTGAACC-1,CD14+ Monocytes,0.99978334,CD14+ Monocytes,test
ACGTCGCTCCTGAA-1,NK cells,0.9964142,NK cells,train
ACGTCGCTCTATTC-1,CD14+ Monocytes,0.9874275,CD14+ Monocytes,train
ACGTCGCTTCTCAT-1,B cells,0.9990017,B cells,train
ACGTGATGCCATGA-1,Dendritic cells,0.99136436,Dendritic cells,train
ACGTGATGGGTCTA-1,CD4 T cells,0.9997944,CD4 T cells,train
ACGTGATGTAACCG-1,FCGR3A+ Monocytes,0.99953806,FCGR3A+ Monocytes,test
ACGTGATGTGACAC-1,NK cells,0.9992393,NK cells,train
ACGTGCCTCCGTAA-1,CD4 T cells,0.99893826,CD4 T cells,train
ACGTGCCTTCTATC-1,CD8 T cells,0.9998511,CD8 T cells,train
ACGTTACTTTCCAT-1,CD4 T cells,0.9983071,CD4 T cells,test
ACGTTGGAAAAGCA-1,CD4 T cells,0.99986315,CD4 T cells,test
ACGTTGGAAACCTG-1,CD8 T cells,0.99973077,CD8 T cells,train
ACGTTGGACCGTAA-1,CD14+ Monocytes,0.9998367,CD14+ Monocytes,train
ACGTTGGAGCCAAT-1,NK cells,0.9986118,NK cells,train
ACGTTGGATATGGC-1,B cells,0.9882442,B cells,test
ACGTTGGATCAGGT-1,CD14+ Monocytes,0.89895916,CD14+ Monocytes,test
ACGTTTACATCAGC-1,CD4 T cells,0.9999726,CD4 T cells,test
ACTAAAACCCACAA-1,CD8 T cells,0.999728,CD8 T cells,train
ACTAAAACTCGACA-1,CD14+ Monocytes,0.9998072,CD14+ Monocytes,train
ACTACGGAATTTCC-1,CD4 T cells,0.99999833,CD4 T cells,train
ACTACGGACCTATT-1,CD4 T cells,0.9997973,CD4 T cells,train
ACTACGGATCGCTC-1,CD4 T cells,0.9999808,CD4 T cells,train
ACTACTACTAAGGA-1,CD4 T cells,0.99995697,CD4 T cells,test
ACTAGGTGGAACCT-1,CD8 T cells,0.9939027,CD8 T cells,train
ACTAGGTGGAACTC-1,CD4 T cells,0.98603916,CD4 T cells,test
ACTATCACCTTGGA-1,CD8 T cells,0.99942386,CD8 T cells,train
ACTATCACTGCCAA-1,CD4 T cells,0.99997044,CD4 T cells,train
ACTCAGGACTGAAC-1,CD4 T cells,0.9990583,CD4 T cells,train
ACTCAGGATCTATC-1,B cells,0.99757296,B cells,test
ACTCAGGATTCGTT-1,CD14+ Monocytes,0.999874,CD14+ Monocytes,test
ACTCCTCTCAACTG-1,CD4 T cells,0.99657404,CD4 T cells,train
ACTCGCACGAAAGT-1,CD14+ Monocytes,0.99825317,CD14+ Monocytes,train
ACTCGCACTACGAC-1,CD14+ Monocytes,0.99988556,CD14+ Monocytes,train
ACTCTCCTGACACT-1,CD4 T cells,0.9999448,CD4 T cells,train
ACTCTCCTGCATAC-1,Dendritic cells,0.9691124,CD4 T cells,test
ACTCTCCTGTTTGG-1,CD4 T cells,0.997053,CD4 T cells,train
ACTGAGACAACCAC-1,CD8 T cells,0.9999428,CD8 T cells,train
ACTGAGACCCATAG-1,FCGR3A+ Monocytes,0.9998253,FCGR3A+ Monocytes,train
ACTGAGACGTTGGT-1,B cells,0.99633455,B cells,test
ACTGCCACACACGT-1,CD8 T cells,0.9999242,CD8 T cells,train
ACTGCCACTCCGTC-1,NK cells,0.99903023,NK cells,train
ACTGGCCTTCAGTG-1,NK cells,0.9994935,NK cells,train
ACTGTGGACGTGTA-1,CD8 T cells,0.8686951,CD8 T cells,test
ACTGTGGATCTAGG-1,B cells,0.99988556,B cells,test
ACTGTTACCCACAA-1,CD14+ Monocytes,0.99992585,CD14+ Monocytes,train
ACTGTTACTGCAGT-1,CD4 T cells,0.9985422,CD4 T cells,train
ACTTAAGAACCACA-1,CD4 T cells,0.999343,CD4 T cells,train
ACTTAAGATTACTC-1,Dendritic cells,0.9883287,Dendritic cells,train
ACTTAGCTGCGTAT-1,FCGR3A+ Monocytes,0.9989405,FCGR3A+ Monocytes,train
ACTTAGCTGGGAGT-1,CD4 T cells,0.9996351,CD4 T cells,test
ACTTCAACAAGCAA-1,CD8 T cells,0.9998903,CD8 T cells,test
ACTTCAACGTAGGG-1,NK cells,0.9996049,NK cells,test
ACTTCCCTTTCCGC-1,CD4 T cells,0.99978393,CD4 T cells,test
ACTTCTGACATGCA-1,B cells,0.9995415,B cells,train
ACTTGACTCCACAA-1,B cells,0.9998116,B cells,train
ACTTGGGAGAAAGT-1,CD14+ Monocytes,0.99941206,CD14+ Monocytes,train
ACTTGGGAGGTTTG-1,CD4 T cells,0.99980205,CD4 T cells,train
ACTTGGGATGTGAC-1,FCGR3A+ Monocytes,0.99472743,FCGR3A+ Monocytes,train
ACTTGGGATTGACG-1,CD14+ Monocytes,0.99310935,CD14+ Monocytes,train
ACTTGTACCTGTCC-1,CD4 T cells,0.99980384,CD4 T cells,train
ACTTTGTGGAAAGT-1,CD4 T cells,0.99969053,CD4 T cells,train
ACTTTGTGGATAGA-1,CD14+ Monocytes,0.99755764,CD14+ Monocytes,train
AGAAACGAAAGTAG-1,B cells,0.9992353,B cells,train
AGAAAGTGCGCAAT-1,CD8 T cells,0.99627894,CD8 T cells,train
AGAAAGTGGGGATG-1,CD14+ Monocytes,0.999966,CD14+ Monocytes,train
AGAACAGAAATGCC-1,NK cells,0.9982652,NK cells,train
AGAACAGACGACTA-1,B cells,0.9995975,B cells,test
AGAACAGAGACAAA-1,CD4 T cells,0.9942194,CD4 T cells,test
AGAACGCTTTGCTT-1,CD4 T cells,0.9999751,CD4 T cells,train
AGAAGATGTGACTG-1,CD4 T cells,0.99972993,CD4 T cells,train
AGAATGGAAGAAGT-1,CD8 T cells,0.99816847,CD8 T cells,test
AGAATTTGTAACCG-1,CD4 T cells,0.9999913,CD4 T cells,train
AGAATTTGTAGAGA-1,CD4 T cells,0.9999819,CD4 T cells,train
AGACACACTGTAGC-1,CD4 T cells,0.9949008,CD4 T cells,test
AGACACTGTCAAGC-1,CD14+ Monocytes,0.9999827,CD14+ Monocytes,train
AGACCTGAAGTAGA-1,CD14+ Monocytes,0.9920711,CD14+ Monocytes,train
AGACCTGACCAACA-1,CD4 T cells,0.9999572,CD4 T cells,train
AGACCTGAGGAAGC-1,CD8 T cells,0.999913,CD8 T cells,train
AGACGTACAGAGGC-1,CD4 T cells,0.9937744,CD4 T cells,train
AGACGTACCCCTAC-1,B cells,0.9979417,B cells,train
AGACGTACCTCTTA-1,Dendritic cells,0.9669116,Dendritic cells,train
AGACGTACTCGTGA-1,FCGR3A+ Monocytes,0.9987575,FCGR3A+ Monocytes,train
AGACTGACCATCAG-1,CD8 T cells,0.99999094,CD8 T cells,test
AGACTGACCCTTTA-1,CD4 T cells,0.99982774,CD4 T cells,train
AGACTTCTCATGCA-1,B cells,0.99866414,B cells,test
AGAGATGACAGTCA-1,B cells,0.99942005,B cells,test
AGAGATGACTGAAC-1,CD4 T cells,0.99946254,CD4 T cells,test
AGAGATGAGGTTTG-1,CD14+ Monocytes,0.9999193,CD14+ Monocytes,test
AGAGATGATCTCGC-1,B cells,0.99991107,B cells,train
AGAGATGATTGTGG-1,CD4 T cells,0.9985643,CD4 T cells,train
AGAGCGGAGGCAAG-1,CD14+ Monocytes,0.9944864,CD14+ Monocytes,test
AGAGTCTGGTCGTA-1,FCGR3A+ Monocytes,0.9992525,FCGR3A+ Monocytes,train
AGAGTGCTCAGCTA-1,CD4 T cells,0.9995203,CD4 T cells,test
AGAGTGCTCGAATC-1,CD4 T cells,0.9999716,CD4 T cells,train
AGAGTGCTGTCATG-1,CD4 T cells,0.99901235,CD4 T cells,train
AGAGTGCTGTCCTC-1,CD8 T cells,0.9992805,CD8 T cells,test
AGAGTGCTGTGTTG-1,B cells,0.9996804,B cells,test
AGATATACCCGTAA-1,NK cells,0.8094449,NK cells,test
AGATATACGATGAA-1,CD4 T cells,0.9998828,CD4 T cells,train
AGATATACTGTTCT-1,B cells,0.9999343,B cells,test
AGATATTGCCTACC-1,CD8 T cells,0.99941885,CD8 T cells,train
AGATATTGGCCAAT-1,CD14+ Monocytes,0.85221803,CD14+ Monocytes,test
AGATCGTGTCTGGA-1,CD14+ Monocytes,0.9991436,CD14+ Monocytes,train
AGATCGTGTTTGTC-1,B cells,0.9999267,B cells,test
AGATCTCTATCACG-1,B cells,0.99908113,B cells,train
AGATTAACGTTCTT-1,FCGR3A+ Monocytes,0.9997671,FCGR3A+ Monocytes,train
AGATTCCTATCGTG-1,CD4 T cells,0.9998486,CD4 T cells,train
AGATTCCTCACTTT-1,CD14+ Monocytes,0.9999931,CD14+ Monocytes,test
AGATTCCTGACGAG-1,CD14+ Monocytes,0.99991226,CD14+ Monocytes,train
AGATTCCTGTTCAG-1,NK cells,0.9998412,NK cells,test
AGCAAAGATATGCG-1,CD4 T cells,0.99996495,CD4 T cells,train
AGCACAACAGTCTG-1,CD4 T cells,0.9979715,CD4 T cells,train
AGCACTGAGGGAGT-1,CD4 T cells,0.9999522,CD4 T cells,train
AGCACTGATATGCG-1,CD4 T cells,0.9471796,CD4 T cells,test
AGCACTGATGCTTT-1,Dendritic cells,0.99817073,Dendritic cells,train
AGCACTGATTGCGA-1,CD4 T cells,0.9999957,CD4 T cells,train
AGCATCGAAGATCC-1,CD4 T cells,0.99746823,CD4 T cells,test
AGCATCGAAGGGTG-1,B cells,0.99993384,B cells,train
AGCATCGAGCTTCC-1,CD14+ Monocytes,0.99959666,CD14+ Monocytes,train
AGCATCGAGTGAGG-1,CD4 T cells,0.9996674,CD4 T cells,train
AGCATCGATAACCG-1,CD14+ Monocytes,0.99990845,CD14+ Monocytes,test
AGCATGACGATGAA-1,CD8 T cells,0.9997768,CD8 T cells,train
AGCCAATGGGGAGT-1,FCGR3A+ Monocytes,0.99952376,FCGR3A+ Monocytes,train
AGCCAATGTATCTC-1,CD4 T cells,0.99983096,CD4 T cells,train
AGCCACCTGGATCT-1,CD8 T cells,0.9969869,CD8 T cells,test
AGCCGGTGCCAATG-1,CD4 T cells,0.99388653,CD4 T cells,train
AGCCGGTGTGTTTC-1,CD4 T cells,0.99999774,CD4 T cells,test
AGCCGTCTCAATCG-1,CD4 T cells,0.9902305,CD4 T cells,test
AGCCGTCTGAGAGC-1,CD4 T cells,0.99988365,CD4 T cells,train
AGCCTCACGTTCGA-1,CD4 T cells,0.9998548,CD4 T cells,train
AGCCTCACTGTCAG-1,FCGR3A+ Monocytes,0.58970886,FCGR3A+ Monocytes,test
AGCCTCTGCAGTTG-1,B cells,0.99909985,B cells,train
AGCCTCTGCCAATG-1,NK cells,0.99973065,NK cells,test
AGCGAACTGGATCT-1,CD4 T cells,0.9994037,CD4 T cells,test
AGCGAACTTACTGG-1,CD4 T cells,0.9996668,CD4 T cells,train
AGCGATACGGAGCA-1,CD4 T cells,0.99998295,CD4 T cells,train
AGCGATTGAGATCC-1,NK cells,0.9999664,NK cells,train
AGCGCCGAATCTCT-1,CD4 T cells,0.9998258,CD4 T cells,train
AGCGCCGACAGAGG-1,CD4 T cells,0.9999865,CD4 T cells,train
AGCGCTCTACCTTT-1,CD4 T cells,0.99997985,CD4 T cells,train
AGCGGCACCGGGAA-1,CD4 T cells,0.99848676,CD4 T cells,train
AGCGGCTGATGTGC-1,CD4 T cells,0.9999981,CD4 T cells,test
AGCGGGCTTGCCAA-1,CD4 T cells,0.99945813,CD4 T cells,train
AGCGTAACATGCTG-1,CD4 T cells,0.9975535,CD4 T cells,train
AGCGTAACTGAGAA-1,CD14+ Monocytes,0.9935495,CD14+ Monocytes,train
AGCTCGCTACTGGT-1,CD4 T cells,0.9999949,CD4 T cells,train
AGCTCGCTCTGCTC-1,CD4 T cells,0.9999889,CD4 T cells,test
AGCTGAACCATACG-1,FCGR3A+ Monocytes,0.99978894,FCGR3A+ Monocytes,train
AGCTGAACCTCTCG-1,CD4 T cells,0.9999722,CD4 T cells,train
AGCTGCCTTGGGAG-1,CD14+ Monocytes,0.9998024,CD14+ Monocytes,test
AGCTGCCTTTCATC-1,CD4 T cells,0.9989672,CD4 T cells,train
AGCTGCCTTTCTGT-1,CD4 T cells,0.99918836,CD4 T cells,train
AGCTGTGATCCAAG-1,CD4 T cells,0.9974292,CD4 T cells,train
AGCTTTACAAGTAG-1,CD4 T cells,0.9999629,CD4 T cells,train
AGCTTTACACCAAC-1,CD8 T cells,0.9995505,CD8 T cells,train
AGCTTTACTCTCAT-1,B cells,0.9969292,B cells,train
AGGAAATGAGGAGC-1,CD4 T cells,0.9985293,CD4 T cells,train
AGGAACCTCTTAGG-1,FCGR3A+ Monocytes,0.99662685,FCGR3A+ Monocytes,train
AGGAACCTTGCCTC-1,CD8 T cells,0.9999957,CD8 T cells,test
AGGAATGATAACGC-1,CD4 T cells,0.99777645,CD4 T cells,train
AGGAATGATTTGTC-1,CD4 T cells,0.9994481,CD4 T cells,test
AGGAGTCTGGTTTG-1,CD4 T cells,0.7249404,CD4 T cells,test
AGGAGTCTTGTCAG-1,CD4 T cells,0.99999654,CD4 T cells,test
AGGATAGACATTTC-1,CD4 T cells,0.99171996,CD4 T cells,train
AGGATAGAGGATTC-1,CD8 T cells,0.9979663,CD8 T cells,train
AGGATGCTACTAGC-1,B cells,0.99995077,B cells,train
AGGATGCTTTAGGC-1,NK cells,0.99915135,NK cells,train
AGGCAACTGAAGGC-1,CD4 T cells,0.999995,CD4 T cells,train
AGGCAGGAGTACCA-1,CD8 T cells,0.9990771,CD8 T cells,train
AGGCCTCTAGTCGT-1,CD4 T cells,0.9999262,CD4 T cells,train
AGGCCTCTCGGAGA-1,CD4 T cells,0.9992385,CD4 T cells,train
AGGCCTCTCGTAAC-1,CD4 T cells,0.99996877,CD4 T cells,test
AGGGACGACGTTGA-1,CD4 T cells,0.999998,CD4 T cells,train
AGGGACGAGTCAAC-1,NK cells,0.9999505,NK cells,test
AGGGACGAGTTGTG-1,CD4 T cells,0.999907,CD4 T cells,train
AGGGACGATAGAGA-1,CD8 T cells,0.9901316,CD8 T cells,test
AGGGACGATGCATG-1,CD8 T cells,0.9999064,CD8 T cells,train
AGGGAGTGAGCCTA-1,CD4 T cells,0.9838651,CD4 T cells,train
AGGGCCACCATACG-1,CD4 T cells,0.9996171,CD4 T cells,train
AGGGCGCTAACCAC-1,CD14+ Monocytes,0.5096216,CD14+ Monocytes,test
AGGGCGCTATGGTC-1,CD4 T cells,0.9557304,CD4 T cells,test
AGGGTGGACAGTCA-1,B cells,0.9996736,B cells,train
AGGGTGGACTCAAG-1,CD14+ Monocytes,0.99887866,CD14+ Monocytes,train
AGGGTGGAGTTGCA-1,CD8 T cells,0.99050844,CD8 T cells,test
AGGGTTTGTTCATC-1,CD14+ Monocytes,0.99975353,CD14+ Monocytes,train
AGGTCATGAGTGTC-1,B cells,0.99928504,B cells,train
AGGTCATGCTTATC-1,CD8 T cells,0.99539727,CD8 T cells,train
AGGTCTGATTCTCA-1,CD14+ Monocytes,0.9916789,CD14+ Monocytes,train
AGGTGGGAAGAATG-1,CD4 T cells,0.9858181,CD4 T cells,train
AGGTGGGAAGTTCG-1,CD4 T cells,0.99944955,CD4 T cells,train
AGGTGTTGGTTACG-1,B cells,0.99963045,B cells,train
AGGTTCGAACCTCC-1,CD14+ Monocytes,0.99948114,CD14+ Monocytes,train
AGGTTCGAACGTAC-1,CD14+ Monocytes,0.9990251,CD14+ Monocytes,train
AGGTTCGAGGGTGA-1,CD4 T cells,0.9997639,CD4 T cells,train
AGTAAGGAGTTTGG-1,CD4 T cells,0.9994481,CD4 T cells,train
AGTAAGGATTCTTG-1,CD4 T cells,0.9933587,CD4 T cells,train
AGTAATACATCACG-1,NK cells,0.99950564,NK cells,test
AGTAATACCGAACT-1,B cells,0.999519,B cells,test
AGTAATTGTCCCAC-1,CD4 T cells,0.9994468,CD4 T cells,test
AGTACGTGAGGGTG-1,CD4 T cells,0.99983776,CD4 T cells,train
AGTACGTGCTGCAA-1,CD4 T cells,0.99999917,CD4 T cells,test
AGTACGTGCTTGGA-1,CD4 T cells,0.9999882,CD4 T cells,test
AGTACTCTACGTGT-1,B cells,0.9915992,B cells,test
AGTACTCTCAACCA-1,CD8 T cells,0.9998832,CD8 T cells,train
AGTACTCTCGGTAT-1,CD4 T cells,0.97971845,CD8 T cells,test
AGTAGGCTTGCCTC-1,FCGR3A+ Monocytes,0.9996068,FCGR3A+ Monocytes,train
AGTATAACTTGTCT-1,FCGR3A+ Monocytes,0.9997478,FCGR3A+ Monocytes,train
AGTATCCTAGAACA-1,CD4 T cells,0.9946725,CD4 T cells,test
AGTCACGATGAGCT-1,NK cells,0.86242235,NK cells,test
AGTCAGACGAATAG-1,CD4 T cells,0.96994376,CD4 T cells,test
AGTCAGACGCTTAG-1,CD8 T cells,0.9402716,CD4 T cells,test
AGTCAGACTAGAGA-1,CD8 T cells,0.99642795,CD8 T cells,train
AGTCAGACTGCACA-1,CD8 T cells,0.99587977,CD8 T cells,train
AGTCCAGATATCTC-1,CD4 T cells,0.99845016,CD4 T cells,train
AGTCCAGATTTCAC-1,CD4 T cells,0.999938,CD4 T cells,test
AGTCGAACCAACCA-1,CD4 T cells,0.92327315,CD4 T cells,test
AGTCGCCTCCGTAA-1,CD4 T cells,0.9979988,CD4 T cells,train
AGTCTACTAGGGTG-1,CD14+ Monocytes,0.9999238,CD14+ Monocytes,train
AGTCTACTTGCATG-1,FCGR3A+ Monocytes,0.99698883,FCGR3A+ Monocytes,train
AGTCTTACACCACA-1,CD4 T cells,0.99975747,CD4 T cells,train
AGTCTTACTTCGCC-1,CD8 T cells,0.9996101,CD8 T cells,train
AGTCTTACTTCGGA-1,Megakaryocytes,0.99857056,Megakaryocytes,train
AGTGACTGCAACTG-1,FCGR3A+ Monocytes,0.9988721,FCGR3A+ Monocytes,train
AGTGTTCTAACCTG-1,CD4 T cells,0.99769586,CD4 T cells,train
AGTGTTCTATAAGG-1,CD4 T cells,0.8822634,CD4 T cells,train
AGTGTTCTCACTTT-1,CD14+ Monocytes,0.9996686,CD14+ Monocytes,train
AGTTAAACCACTTT-1,CD4 T cells,0.9995505,CD4 T cells,test
AGTTATGAACAGTC-1,CD14+ Monocytes,0.9998325,CD14+ Monocytes,train
AGTTATGACTGAGT-1,CD4 T cells,0.9947261,CD4 T cells,train
AGTTATGAGTTCAG-1,CD4 T cells,0.9999621,CD4 T cells,train
AGTTCTACCAGCTA-1,CD14+ Monocytes,0.9994462,CD14+ Monocytes,train
AGTTCTTGAAGCCT-1,CD8 T cells,0.9949708,CD8 T cells,test
AGTTGTCTACTACG-1,CD4 T cells,0.99993205,CD4 T cells,train
AGTTTAGATGGTCA-1,CD4 T cells,0.99988484,CD4 T cells,test
AGTTTCACGGTCTA-1,CD8 T cells,0.99999857,CD8 T cells,test
AGTTTGCTACAGTC-1,CD4 T cells,0.9996346,CD4 T cells,train
AGTTTGCTACTGGT-1,CD8 T cells,0.999585,CD8 T cells,train
AGTTTGCTCCAAGT-1,CD4 T cells,0.9992847,CD4 T cells,train
ATAAACACAGTGCT-1,B cells,0.997129,B cells,train
ATAAACACCACCAA-1,CD4 T cells,0.9999385,CD4 T cells,train
ATAACAACATGCTG-1,CD14+ Monocytes,0.9994523,CD14+ Monocytes,train
ATAACAACGTCTAG-1,CD4 T cells,0.99947184,CD4 T cells,train
ATAACAACTTTGTC-1,CD4 T cells,0.9998443,CD4 T cells,train
ATAACATGTACTCT-1,CD4 T cells,0.99996555,CD4 T cells,train
ATAACCCTGTTGGT-1,CD4 T cells,0.6259793,CD8 T cells,train
ATAACCCTTGGTAC-1,CD4 T cells,0.9999758,CD4 T cells,train
ATAAGTACGAATGA-1,B cells,0.9994282,B cells,test
ATAAGTTGGTACGT-1,FCGR3A+ Monocytes,0.9970074,FCGR3A+ Monocytes,train
ATAAGTTGTCTAGG-1,CD4 T cells,0.8578638,CD4 T cells,test
ATAATCGAGCTGAT-1,B cells,0.99987626,B cells,test
ATAATCGATGGTTG-1,CD4 T cells,0.99977964,CD4 T cells,train
ATAATGACCTACTT-1,CD4 T cells,0.9994281,CD4 T cells,train
ATAATGACTCGTGA-1,CD14+ Monocytes,0.9998678,CD14+ Monocytes,train
ATACAATGTTAGGC-1,CD4 T cells,0.9999987,CD4 T cells,train
ATACCACTCGTACA-1,CD14+ Monocytes,0.99937123,CD14+ Monocytes,test
ATACCACTCTAAGC-1,Dendritic cells,0.98806363,Dendritic cells,train
ATACCACTGCCAAT-1,CD8 T cells,0.9895364,CD8 T cells,train
ATACCGGAATGCTG-1,Dendritic cells,0.99930215,Dendritic cells,train
ATACCGGACATTTC-1,CD14+ Monocytes,0.9996792,CD14+ Monocytes,train
ATACCGGACTTCGC-1,CD4 T cells,0.99996185,CD4 T cells,train
ATACCGGAGGTGTT-1,CD14+ Monocytes,0.99994123,CD14+ Monocytes,test
ATACCGGATCTCGC-1,CD4 T cells,0.9998652,CD4 T cells,test
ATACCTACGCATCA-1,CD4 T cells,0.9994727,CD4 T cells,train
ATACCTTGGGGCAA-1,CD4 T cells,0.99937373,CD4 T cells,test
ATACGGACAGACTC-1,CD14+ Monocytes,0.9997503,CD14+ Monocytes,test
ATACGGACCTACTT-1,CD14+ Monocytes,0.999925,CD14+ Monocytes,test
ATACGGACGAGGTG-1,B cells,0.9991622,B cells,train
ATACGGACTATGCG-1,B cells,0.9992441,B cells,train
ATACGGACTCTGGA-1,CD14+ Monocytes,0.99994254,CD14+ Monocytes,train
ATACGTCTTAACGC-1,CD14+ Monocytes,0.99997616,CD14+ Monocytes,train
ATACTCTGCTTCGC-1,CD14+ Monocytes,0.997031,CD14+ Monocytes,train
ATACTCTGGTATGC-1,NK cells,0.9997428,NK cells,train
ATAGATACCATGGT-1,CD4 T cells,0.9997031,CD4 T cells,train
ATAGATACGACGAG-1,CD4 T cells,0.99997723,CD4 T cells,test
ATAGATTGGTGTAC-1,B cells,0.9998672,B cells,train
ATAGCCGAACGGAG-1,CD4 T cells,0.99998605,CD4 T cells,train
ATAGCGTGCAGATC-1,CD4 T cells,0.9998789,CD4 T cells,train
ATAGCGTGCCCTTG-1,CD14+ Monocytes,0.999851,CD14+ Monocytes,train
ATAGCGTGGTATCG-1,CD14+ Monocytes,0.99977034,CD14+ Monocytes,test
ATAGCGTGTCTCTA-1,CD4 T cells,0.9997583,CD4 T cells,test
ATAGCTCTCTGATG-1,CD4 T cells,0.9999598,CD4 T cells,train
ATAGCTCTGAGGTG-1,CD4 T cells,0.9997067,CD4 T cells,train
ATAGGAGAAACAGA-1,CD14+ Monocytes,0.99984,CD14+ Monocytes,train
ATAGGCTGTCAGAC-1,CD4 T cells,0.9999449,CD4 T cells,test
ATAGTCCTAGTGTC-1,CD14+ Monocytes,0.99999,CD14+ Monocytes,train
ATAGTCCTTGCATG-1,CD8 T cells,0.9992848,CD8 T cells,train
ATAGTCCTTGTCGA-1,CD4 T cells,0.9999969,CD4 T cells,test
ATAGTTGACAACTG-1,CD4 T cells,0.9998826,CD4 T cells,test
ATAGTTGACCCTCA-1,FCGR3A+ Monocytes,0.9994159,FCGR3A+ Monocytes,train
ATAGTTGAGACGTT-1,CD4 T cells,0.9999368,CD4 T cells,train
ATAGTTGATAAGCC-1,CD4 T cells,0.99968624,CD4 T cells,train
ATATACGAAGCCAT-1,CD4 T cells,0.99981886,CD4 T cells,train
ATATACGAATTGGC-1,CD4 T cells,0.99999094,CD4 T cells,train
ATATAGTGGAATGA-1,CD14+ Monocytes,0.9999664,CD14+ Monocytes,train
ATATGCCTAGATCC-1,CD14+ Monocytes,0.99981815,CD14+ Monocytes,test
ATATGCCTGGACAG-1,CD4 T cells,0.99968517,CD4 T cells,test
ATATGCCTTCTCTA-1,CD4 T cells,0.9991302,CD4 T cells,train
ATATGCCTTGGTAC-1,CD4 T cells,0.99999857,CD4 T cells,train
ATCAAATGAGCCTA-1,CD14+ Monocytes,0.99823725,CD14+ Monocytes,train
ATCAAATGGGTAAA-1,FCGR3A+ Monocytes,0.9996891,FCGR3A+ Monocytes,train
ATCAACCTAAACGA-1,CD4 T cells,0.999567,CD4 T cells,train
ATCAACCTGAGGAC-1,CD4 T cells,0.9999974,CD4 T cells,train
ATCAACCTTCTCTA-1,CD8 T cells,0.9965318,CD8 T cells,train
ATCAACCTTTGTCT-1,CD8 T cells,0.9866982,CD8 T cells,test
ATCACACTTTGTCT-1,CD4 T cells,0.99987054,CD4 T cells,train
ATCACGGATTTCGT-1,B cells,0.997912,B cells,test
ATCATCTGACACCA-1,Megakaryocytes,0.99528897,Megakaryocytes,train
ATCATGCTAGAGTA-1,CD8 T cells,0.99920017,CD8 T cells,train
ATCATGCTGAACCT-1,B cells,0.9981635,B cells,test
ATCCAGGACGCTAA-1,FCGR3A+ Monocytes,0.9990688,FCGR3A+ Monocytes,train
ATCCAGGATGGAAA-1,CD4 T cells,0.9981846,CD4 T cells,train
ATCCATACTCCTTA-1,CD14+ Monocytes,0.99583554,CD14+ Monocytes,train
ATCCATACTTCATC-1,FCGR3A+ Monocytes,0.99965715,FCGR3A+ Monocytes,train
ATCCCGTGCAGTCA-1,NK cells,0.99989915,NK cells,train
ATCCCGTGCATGCA-1,B cells,0.99898225,B cells,train
ATCCCGTGGCTGAT-1,B cells,0.99973243,B cells,test
ATCCGCACGCATCA-1,B cells,0.9997056,B cells,train
ATCCTAACGACGGA-1,B cells,0.9926212,B cells,train
ATCCTAACGCTACA-1,CD8 T cells,0.99898773,CD8 T cells,test
ATCGACGAAACTGC-1,CD14+ Monocytes,0.99838734,CD14+ Monocytes,train
ATCGACGAATGACC-1,CD4 T cells,0.99999833,CD4 T cells,test
ATCGAGTGGACGTT-1,CD8 T cells,0.9976978,CD8 T cells,train
ATCGCAGAATCTCT-1,FCGR3A+ Monocytes,0.9998745,FCGR3A+ Monocytes,train
ATCGCAGAGTGTCA-1,B cells,0.9995378,B cells,test
ATCGCCACTGAGGG-1,CD8 T cells,0.9947497,CD8 T cells,test
ATCGCCTGGGTCAT-1,CD4 T cells,0.99970955,CD4 T cells,train
ATCGCCTGTGGCAT-1,B cells,0.9984962,B cells,train
ATCGCGCTCAGAGG-1,CD14+ Monocytes,0.9998807,CD14+ Monocytes,train
ATCGCGCTGGGATG-1,CD4 T cells,0.98314106,CD4 T cells,train
ATCGCGCTTTTCGT-1,B cells,0.9992804,B cells,test
ATCGGAACCAGTCA-1,CD4 T cells,0.99948776,CD4 T cells,test
ATCGGTGAGTCAAC-1,CD4 T cells,0.99967957,CD4 T cells,train
ATCGGTGATTGCAG-1,CD4 T cells,0.9996582,CD4 T cells,train
ATCGTTTGCCTACC-1,CD14+ Monocytes,0.99761,CD14+ Monocytes,train
ATCGTTTGGGTACT-1,CD14+ Monocytes,0.9998598,CD14+ Monocytes,train
ATCGTTTGTGCCAA-1,CD14+ Monocytes,0.99961543,CD14+ Monocytes,train
ATCTACACCCGCTT-1,CD14+ Monocytes,0.9998374,CD14+ Monocytes,train
ATCTACACCGGGAA-1,CD4 T cells,0.9993113,CD4 T cells,train
ATCTCAACAGGAGC-1,B cells,0.99990416,B cells,train
ATCTCAACCTCGAA-1,CD4 T cells,0.9995079,CD4 T cells,test
ATCTCAACCTTGTT-1,CD14+ Monocytes,0.99982846,CD14+ Monocytes,train
ATCTGGGAAACCAC-1,CD14+ Monocytes,0.9997322,CD14+ Monocytes,test
ATCTGGGAAGTGTC-1,CD14+ Monocytes,0.9719792,CD14+ Monocytes,test
ATCTGGGATTCCGC-1,CD8 T cells,0.9938572,CD8 T cells,train
ATCTGTTGAACGGG-1,CD4 T cells,0.9958484,CD4 T cells,train
ATCTGTTGACCTCC-1,CD4 T cells,0.99945,CD4 T cells,train
ATCTGTTGCCTTCG-1,FCGR3A+ Monocytes,0.90290785,FCGR3A+ Monocytes,train
ATCTGTTGGTTGCA-1,CD4 T cells,0.9993575,CD4 T cells,train
ATCTTGACACCAAC-1,CD4 T cells,0.9932018,CD4 T cells,train
ATCTTGACCTCCCA-1,CD14+ Monocytes,0.99840087,CD14+ Monocytes,train
ATCTTTCTGCATCA-1,CD8 T cells,0.983845,CD8 T cells,test
ATCTTTCTGTTTCT-1,CD8 T cells,0.9091595,CD8 T cells,train
ATCTTTCTTGTCCC-1,NK cells,0.999864,NK cells,test
ATGAAACTCTGTGA-1,CD8 T cells,0.99814,CD8 T cells,train
ATGAAACTGAGGCA-1,CD4 T cells,0.9999888,CD4 T cells,train
ATGAAGGAACAGCT-1,CD8 T cells,0.9991992,CD8 T cells,train
ATGAAGGACCTGTC-1,B cells,0.999373,B cells,train
ATGAAGGACCTTAT-1,B cells,0.9998473,B cells,train
ATGAAGGACTAGTG-1,B cells,0.99684143,B cells,test
ATGAAGGACTTGCC-1,NK cells,0.9998287,NK cells,train
ATGACGTGACGACT-1,B cells,0.99976164,B cells,train
ATGACGTGATCGGT-1,CD14+ Monocytes,0.91163915,FCGR3A+ Monocytes,train
ATGAGAGAAAGTGA-1,CD4 T cells,0.9942714,CD4 T cells,train
ATGAGAGAACGCAT-1,CD4 T cells,0.99947065,CD4 T cells,train
ATGAGAGAAGTAGA-1,B cells,0.9993518,B cells,train
ATGAGCACACAGCT-1,CD4 T cells,0.99973756,CD4 T cells,train
ATGAGCACATCTTC-1,CD4 T cells,0.9999875,CD4 T cells,test
ATGATAACTTCACT-1,NK cells,0.9981735,NK cells,train
ATGATATGAAACAG-1,CD4 T cells,0.98921597,CD4 T cells,test
ATGATATGACTGGT-1,CD4 T cells,0.99998283,CD4 T cells,train
ATGATATGAGCACT-1,CD4 T cells,0.9998266,CD4 T cells,test
ATGATATGGTCATG-1,CD4 T cells,0.99987555,CD4 T cells,train
ATGATATGGTGCTA-1,NK cells,0.99947304,NK cells,train
ATGATATGTTGTCT-1,CD14+ Monocytes,0.9970018,CD14+ Monocytes,train
ATGCACGAATGTCG-1,B cells,0.99517184,B cells,test
ATGCACGACTGTAG-1,CD4 T cells,0.9985348,CD4 T cells,test
ATGCACGAGAACCT-1,B cells,0.99843055,B cells,test
ATGCACGAGTTCGA-1,CD4 T cells,0.99994004,CD4 T cells,test
ATGCACGATTGGTG-1,FCGR3A+ Monocytes,0.76344675,CD14+ Monocytes,test
ATGCAGTGTTACCT-1,B cells,0.99937373,B cells,test
ATGCAGTGTTCTAC-1,CD4 T cells,0.99987996,CD4 T cells,test
ATGCCAGAACGACT-1,CD4 T cells,0.9999871,CD4 T cells,train
ATGCCAGACAGTCA-1,CD14+ Monocytes,0.9986517,CD14+ Monocytes,train
ATGCCGCTTGAACC-1,CD14+ Monocytes,0.99940944,CD14+ Monocytes,train
ATGCGATGCTATGG-1,CD14+ Monocytes,0.9991025,CD14+ Monocytes,train
ATGCGATGCTGAGT-1,CD4 T cells,0.99997807,CD4 T cells,train
ATGCGATGGTTACG-1,B cells,0.99848074,B cells,train
ATGCGCCTTCATTC-1,CD4 T cells,0.9998665,CD4 T cells,train
ATGCTTTGCGAATC-1,CD4 T cells,0.9992393,CD4 T cells,train
ATGCTTTGGGCGAA-1,CD8 T cells,0.9679539,CD8 T cells,train
ATGCTTTGTAGTCG-1,B cells,0.9998822,B cells,train
ATGGACACATCGGT-1,CD4 T cells,0.99991703,CD4 T cells,train
ATGGACACGCATCA-1,NK cells,0.9898018,NK cells,train
ATGGGTACAACCTG-1,B cells,0.9992156,B cells,test
ATGGGTACATCGGT-1,NK cells,0.998998,NK cells,train
ATGGGTACTATTCC-1,CD4 T cells,0.9999838,CD4 T cells,train
ATGGGTACTGGGAG-1,CD4 T cells,0.9972676,CD4 T cells,train
ATGTAAACACCTCC-1,CD4 T cells,0.99999845,CD4 T cells,train
ATGTAAACCCGCTT-1,CD4 T cells,0.999828,CD4 T cells,train
ATGTAAACGGGATG-1,Dendritic cells,0.9896087,Dendritic cells,train
ATGTAAACTCTCCG-1,CD8 T cells,0.9995365,CD8 T cells,train
ATGTAAACTTCACT-1,CD14+ Monocytes,0.9966181,CD14+ Monocytes,train
ATGTACCTCAGTCA-1,CD4 T cells,0.9979361,CD4 T cells,train
ATGTACCTTAGTCG-1,CD4 T cells,0.99624676,CD4 T cells,train
ATGTACCTTTATCC-1,CD14+ Monocytes,0.99993646,CD14+ Monocytes,train
ATGTACCTTTCACT-1,CD8 T cells,0.99713814,CD8 T cells,train
ATGTCACTAATGCC-1,CD14+ Monocytes,0.9998653,CD14+ Monocytes,test
ATGTCACTCTGCTC-1,CD4 T cells,0.9999664,CD4 T cells,train
ATGTCGGAGGTGAG-1,CD4 T cells,0.9999927,CD4 T cells,test
ATGTTCACAGTCTG-1,CD14+ Monocytes,0.99805,CD14+ Monocytes,train
ATGTTCACCGTAGT-1,CD4 T cells,0.9999578,CD4 T cells,train
ATGTTGCTTTCAGG-1,CD4 T cells,0.99771404,CD4 T cells,train
ATTAACGATGAGAA-1,NK cells,0.99603856,NK cells,train
ATTAACGATGCAAC-1,CD8 T cells,0.9992238,CD8 T cells,train
ATTAAGACTGCAGT-1,CD4 T cells,0.99999595,CD4 T cells,train
ATTACCTGCCTTAT-1,CD14+ Monocytes,0.9996877,CD14+ Monocytes,test
ATTACCTGGAGGAC-1,FCGR3A+ Monocytes,0.99600023,FCGR3A+ Monocytes,train
ATTAGATGTTTCAC-1,CD4 T cells,0.9940123,CD4 T cells,test
ATTATGGAATCTCT-1,CD4 T cells,0.99859446,CD4 T cells,train
ATTCAAGAACGGGA-1,CD4 T cells,0.999974,CD4 T cells,train
ATTCAAGACCTTTA-1,CD4 T cells,0.99966085,CD4 T cells,test
ATTCAGCTCATTGG-1,Megakaryocytes,0.99828595,Megakaryocytes,train
ATTCCAACCATTGG-1,CD14+ Monocytes,0.99972147,CD14+ Monocytes,train
ATTCCAACTTAGGC-1,NK cells,0.9933647,NK cells,test
ATTCGACTCACTAG-1,CD8 T cells,0.9957957,CD8 T cells,train
ATTCGACTGAATAG-1,CD14+ Monocytes,0.99993706,CD14+ Monocytes,train
ATTCGACTTTTGTC-1,FCGR3A+ Monocytes,0.9989042,FCGR3A+ Monocytes,train
ATTCGGGAAAGGCG-1,CD14+ Monocytes,0.99532384,CD14+ Monocytes,train
ATTCGGGATTAGGC-1,CD4 T cells,0.9991627,CD4 T cells,train
ATTCTTCTGATACC-1,CD8 T cells,0.87398887,CD4 T cells,test
ATTGAATGGACGGA-1,CD4 T cells,0.99932826,CD4 T cells,test
ATTGATGAAGGTTC-1,CD4 T cells,0.9999435,CD4 T cells,test
ATTGATGACTGAGT-1,CD4 T cells,0.9999753,CD4 T cells,test
ATTGATGAGCGAAG-1,CD4 T cells,0.998298,CD4 T cells,train
ATTGATGATCTATC-1,CD4 T cells,0.9952303,CD4 T cells,train
ATTGCACTGACGGA-1,CD4 T cells,0.9997446,CD4 T cells,test
ATTGCACTGAGAGC-1,FCGR3A+ Monocytes,0.99694985,FCGR3A+ Monocytes,train
ATTGCACTGGAGCA-1,CD14+ Monocytes,0.99998605,CD14+ Monocytes,train
ATTGCACTTAGCCA-1,CD4 T cells,0.9999933,CD4 T cells,test
ATTGCACTTGCTTT-1,FCGR3A+ Monocytes,0.9999646,FCGR3A+ Monocytes,test
ATTGCTTGTTACTC-1,B cells,0.9996741,B cells,train
ATTGGTCTGACTAC-1,B cells,0.99921584,B cells,test
ATTGGTCTTGTCTT-1,B cells,0.9989555,B cells,train
ATTGTAGATTCCCG-1,Dendritic cells,0.99493694,Dendritic cells,train
ATTGTAGATTGCAG-1,CD4 T cells,0.942419,CD4 T cells,test
ATTGTCTGCGTACA-1,CD4 T cells,0.99989974,CD4 T cells,test
ATTTAGGAACCATG-1,FCGR3A+ Monocytes,0.9969983,FCGR3A+ Monocytes,train
ATTTAGGACAGAGG-1,CD4 T cells,0.99998033,CD4 T cells,train
ATTTCCGAGATGAA-1,CD4 T cells,0.9999653,CD4 T cells,test
ATTTCCGAGTGCTA-1,CD4 T cells,0.9999908,CD4 T cells,train
ATTTCGTGTATGGC-1,NK cells,0.98407423,NK cells,train
ATTTCTCTACTTTC-1,FCGR3A+ Monocytes,0.999508,FCGR3A+ Monocytes,train
ATTTCTCTAGCAAA-1,CD4 T cells,0.9974802,CD4 T cells,train
ATTTCTCTCACTTT-1,FCGR3A+ Monocytes,0.75186,FCGR3A+ Monocytes,test
ATTTCTCTTCCCAC-1,CD4 T cells,0.99988306,CD4 T cells,train
ATTTGCACAAGATG-1,CD14+ Monocytes,0.9999213,CD14+ Monocytes,train
CAAAGCACAGCTCA-1,CD4 T cells,0.99840015,CD4 T cells,train
CAAAGCACCGTAAC-1,B cells,0.9965088,B cells,train
CAAAGCACGGTAAA-1,NK cells,0.9962309,NK cells,train
CAAAGCTGAAAGTG-1,CD4 T cells,0.9956222,CD4 T cells,train
CAAAGCTGTTGCTT-1,CD14+ Monocytes,0.9995571,CD14+ Monocytes,train
CAAATATGTGACAC-1,CD4 T cells,0.9993825,CD4 T cells,train
CAAATTGAGGGCAA-1,CD4 T cells,0.98540133,CD4 T cells,train
CAAATTGATGGAGG-1,CD14+ Monocytes,0.9997309,CD14+ Monocytes,test
CAACCAGAAAAGTG-1,CD4 T cells,0.99871886,CD4 T cells,train
CAACCAGAAGTGCT-1,CD4 T cells,0.9979857,CD4 T cells,train
CAACCAGAGTTCAG-1,CD14+ Monocytes,0.9958301,CD14+ Monocytes,train
CAACCAGATAGAAG-1,CD14+ Monocytes,0.99965024,CD14+ Monocytes,test
CAACCGCTGTTCAG-1,CD4 T cells,0.999956,CD4 T cells,test
CAACCGCTTTGAGC-1,CD4 T cells,0.99998116,CD4 T cells,train
CAACGATGCGCAAT-1,FCGR3A+ Monocytes,0.9949621,FCGR3A+ Monocytes,train
CAACGTGACTCCAC-1,CD14+ Monocytes,0.99673575,CD14+ Monocytes,train
CAACGTGAGCCATA-1,CD8 T cells,0.99798334,CD8 T cells,train
CAACGTGATCAAGC-1,CD14+ Monocytes,0.99995613,CD14+ Monocytes,train
CAAGAAGACCACAA-1,CD4 T cells,0.9619871,CD4 T cells,test
CAAGAAGACGTCTC-1,CD14+ Monocytes,0.9922207,CD14+ Monocytes,train
CAAGAAGATTCTAC-1,CD4 T cells,0.99977535,CD4 T cells,test
CAAGACTGACCTGA-1,B cells,0.99987876,B cells,train
CAAGACTGAGTAGA-1,B cells,0.99985087,B cells,train
CAAGCTGACCATAG-1,FCGR3A+ Monocytes,0.99986124,FCGR3A+ Monocytes,train
CAAGCTGATCTATC-1,CD8 T cells,0.9966529,CD8 T cells,train
CAAGGACTGTTCAG-1,CD4 T cells,0.9998141,CD4 T cells,train
CAAGGACTTCTTTG-1,CD8 T cells,0.99986935,CD8 T cells,train
CAAGGTTGCTCCAC-1,CD4 T cells,0.99290174,CD4 T cells,test
CAAGGTTGTCATTC-1,B cells,0.99930453,B cells,train
CAAGGTTGTCTGGA-1,NK cells,0.9996964,NK cells,train
CAAGTCGAAACAGA-1,B cells,0.9986129,B cells,train
CAAGTCGATAGCGT-1,CD14+ Monocytes,0.9999728,CD14+ Monocytes,train
CAATAAACGCCATA-1,CD14+ Monocytes,0.99991107,CD14+ Monocytes,test
CAATAATGAACTGC-1,CD14+ Monocytes,0.9999478,CD14+ Monocytes,train
CAATATGACATGGT-1,CD4 T cells,0.99996233,CD4 T cells,train
CAATATGACCTTCG-1,CD8 T cells,0.9968369,NK cells,test
CAATATGACGTTAG-1,CD4 T cells,0.9999372,CD4 T cells,test
CAATATGAGGAGCA-1,CD4 T cells,0.7762941,CD4 T cells,test
CAATCGGAGAAACA-1,CD4 T cells,0.9993992,CD4 T cells,train
CAATCTACTGACTG-1,NK cells,0.99615175,NK cells,test
CAATTCACCCAACA-1,CD8 T cells,0.99389726,CD8 T cells,train
CAATTCACGATAGA-1,CD4 T cells,0.9995894,CD4 T cells,train
CAATTCACTTGTGG-1,CD4 T cells,0.9995547,CD4 T cells,test
CAATTCTGCTTGTT-1,CD14+ Monocytes,0.9987286,CD14+ Monocytes,train
CAATTCTGGCGTAT-1,FCGR3A+ Monocytes,0.75926226,CD14+ Monocytes,train
CACAACGATACGAC-1,CD4 T cells,0.99983,CD4 T cells,train
CACAATCTTGTTCT-1,CD4 T cells,0.99800605,CD4 T cells,train
CACAATCTTTCCAT-1,CD8 T cells,0.99902284,CD8 T cells,train
CACACCTGCTTGAG-1,CD4 T cells,0.99998116,CD4 T cells,train
CACACCTGTATGGC-1,CD4 T cells,0.9999281,CD4 T cells,train
CACAGAACCCTTGC-1,CD4 T cells,0.9743785,CD4 T cells,train
CACAGAACCTGATG-1,CD4 T cells,0.99965394,CD4 T cells,test
CACAGATGGGATTC-1,CD4 T cells,0.997074,CD4 T cells,train
CACAGATGGTTTCT-1,CD14+ Monocytes,0.9985733,CD14+ Monocytes,test
CACAGCCTGATACC-1,CD4 T cells,0.9988084,CD4 T cells,train
CACAGCCTTGCCAA-1,FCGR3A+ Monocytes,0.9986339,FCGR3A+ Monocytes,train
CACAGCCTTGTAGC-1,CD4 T cells,0.9999411,CD4 T cells,train
CACAGTGATGAAGA-1,CD14+ Monocytes,0.9999212,CD14+ Monocytes,test
CACATACTACAGCT-1,CD8 T cells,0.99795973,CD8 T cells,train
CACATGGAACACGT-1,CD4 T cells,0.9926789,CD4 T cells,train
CACATGGAAGTCGT-1,CD4 T cells,0.9999839,CD4 T cells,train
CACCACTGCCAACA-1,CD4 T cells,0.9996575,CD4 T cells,train
CACCACTGGCGAAG-1,NK cells,0.98725104,NK cells,test
CACCCATGTTCTGT-1,CD4 T cells,0.9976878,CD4 T cells,train
CACCGGGAATCGAC-1,CD4 T cells,0.96202874,CD4 T cells,train
CACCGGGACGAGAG-1,CD8 T cells,0.998589,CD8 T cells,train
CACCGGGACGTGTA-1,CD4 T cells,0.9997497,CD4 T cells,train
CACCGGGACTTCTA-1,CD8 T cells,0.9940474,CD8 T cells,test
CACCGGGACTTGCC-1,CD8 T cells,0.9995876,CD8 T cells,test
CACCGGGATTCGGA-1,CD8 T cells,0.9891304,CD8 T cells,train
CACCGTACTAAGGA-1,B cells,0.996851,B cells,train
CACCGTACTAGCGT-1,CD4 T cells,0.9999958,CD4 T cells,train
CACCTGACACCCAA-1,CD8 T cells,0.99891293,CD8 T cells,train
CACCTGACCAGAAA-1,CD8 T cells,0.9941023,CD8 T cells,train
CACCTGACCTCAAG-1,CD8 T cells,0.9991709,CD8 T cells,train
CACCTGACGAAAGT-1,B cells,0.97037673,B cells,test
CACCTGACTCGTAG-1,CD4 T cells,0.99993134,CD4 T cells,train
CACGAAACTTCCGC-1,B cells,0.9997969,B cells,train
CACGACCTCGATAC-1,B cells,0.9995515,B cells,train
CACGCTACAGAAGT-1,CD4 T cells,0.9998048,CD4 T cells,train
CACGCTACTGTTCT-1,B cells,0.9998116,B cells,train
CACGGGACAGAGTA-1,CD4 T cells,0.9999087,CD4 T cells,train
CACGGGACATAAGG-1,CD4 T cells,0.999882,CD4 T cells,train
CACGGGACGTAGGG-1,CD4 T cells,0.99997365,CD4 T cells,train
CACGGGTGCTTCGC-1,CD8 T cells,0.9993087,CD8 T cells,train
CACGGGTGGAGGAC-1,CD8 T cells,0.9941567,CD8 T cells,train
CACGGGTGTGTTTC-1,CD4 T cells,0.999969,CD4 T cells,test
CACTAACTCCTAAG-1,B cells,0.99547076,B cells,train
CACTAACTGAAAGT-1,CD4 T cells,0.99993134,CD4 T cells,test
CACTAGGATGATGC-1,B cells,0.999613,B cells,train
CACTATACCCCGTT-1,B cells,0.9998449,B cells,test
CACTATACGTTTGG-1,CD8 T cells,0.9981067,CD8 T cells,test
CACTGAGACAGTCA-1,CD14+ Monocytes,0.9997588,CD14+ Monocytes,train
CACTGCACTTCATC-1,CD4 T cells,0.9999739,CD4 T cells,test
CACTGCTGAGACTC-1,FCGR3A+ Monocytes,0.99648774,FCGR3A+ Monocytes,train
CACTGCTGGAAAGT-1,CD4 T cells,0.99981266,CD4 T cells,train
CACTTAACCGAATC-1,CD4 T cells,0.9999722,CD4 T cells,train
CACTTAACCGTACA-1,B cells,0.99986136,B cells,train
CACTTTGACTCTAT-1,CD8 T cells,0.99716467,CD8 T cells,train
CACTTTGAGCTGTA-1,CD8 T cells,0.9950504,CD8 T cells,train
CAGAAGCTCTCAAG-1,CD4 T cells,0.9999808,CD4 T cells,test
CAGACATGAACGGG-1,CD4 T cells,0.99999523,CD4 T cells,test
CAGACATGTCGACA-1,CD4 T cells,0.9986859,CD4 T cells,train
CAGACCCTAAGGTA-1,FCGR3A+ Monocytes,0.998156,FCGR3A+ Monocytes,train
CAGACCCTAATGCC-1,CD4 T cells,0.99800247,CD4 T cells,test
CAGACCCTAGGAGC-1,CD4 T cells,0.9993017,CD4 T cells,train
CAGACTGAGTATGC-1,CD4 T cells,0.9999926,CD4 T cells,train
CAGATCGAATGTCG-1,B cells,0.9995982,B cells,train
CAGATCGACCTGAA-1,CD4 T cells,0.9953536,CD4 T cells,train
CAGATCGATATGGC-1,CD4 T cells,0.9997782,CD4 T cells,train
CAGATGACATTCTC-1,NK cells,0.99855834,NK cells,test
CAGCAATGCCTTCG-1,CD4 T cells,0.99999225,CD4 T cells,train
CAGCAATGGAGGGT-1,NK cells,0.9992785,NK cells,train
CAGCAATGGTGCTA-1,CD4 T cells,0.99994755,CD4 T cells,train
CAGCAATGTCTACT-1,CD14+ Monocytes,0.9999738,CD14+ Monocytes,train
CAGCAATGTGACCA-1,CD4 T cells,0.9999894,CD4 T cells,test
CAGCAATGTGAGGG-1,CD14+ Monocytes,0.9996624,CD14+ Monocytes,train
CAGCACCTAAGCCT-1,CD4 T cells,0.9999882,CD4 T cells,train
CAGCACCTAGGCGA-1,CD4 T cells,0.9999459,CD4 T cells,train
CAGCACCTGTAGGG-1,CD14+ Monocytes,0.99938905,CD14+ Monocytes,train
CAGCATGACAACCA-1,CD14+ Monocytes,0.99827945,CD14+ Monocytes,test
CAGCATGAGACGTT-1,CD8 T cells,0.9978461,CD8 T cells,train
CAGCCTACCCAACA-1,CD4 T cells,0.9985695,CD4 T cells,train
CAGCCTTGCTACCC-1,CD14+ Monocytes,0.99956256,CD14+ Monocytes,test
CAGCCTTGGGGACA-1,CD4 T cells,0.99996233,CD4 T cells,test
CAGCGGACACCCTC-1,CD4 T cells,0.9999832,CD4 T cells,test
CAGCGGACCTTTAC-1,NK cells,0.99955326,NK cells,train
CAGCGTCTAAAGCA-1,CD4 T cells,0.99987805,CD4 T cells,test
CAGCGTCTTATCGG-1,CD4 T cells,0.9979436,CD4 T cells,train
CAGCTAGATGTGAC-1,CD14+ Monocytes,0.9994369,CD14+ Monocytes,train
CAGCTCTGAGGCGA-1,CD4 T cells,0.9999597,CD4 T cells,test
CAGCTCTGCAAGCT-1,CD8 T cells,0.99884915,CD8 T cells,train
CAGCTCTGTCGTAG-1,CD14+ Monocytes,0.99995315,CD14+ Monocytes,train
CAGCTCTGTGTGGT-1,NK cells,0.99936014,NK cells,train
CAGGAACTAACTGC-1,CD8 T cells,0.99695385,CD8 T cells,train
CAGGAACTCTCAGA-1,CD14+ Monocytes,0.9996892,CD14+ Monocytes,test
CAGGCCGAACACCA-1,CD4 T cells,0.9999424,CD4 T cells,test
CAGGCCGAACACGT-1,CD4 T cells,0.99984705,CD4 T cells,train
CAGGCCGAACGACT-1,CD4 T cells,0.9998977,CD4 T cells,test
CAGGCCGAATCTCT-1,FCGR3A+ Monocytes,0.8295282,CD14+ Monocytes,train
CAGGCCGACTAGCA-1,B cells,0.9998161,B cells,train
CAGGGCACCATACG-1,B cells,0.99978346,B cells,train
CAGGGCACCCAACA-1,CD4 T cells,0.9999001,CD4 T cells,train
CAGGGCACTCCCGT-1,CD4 T cells,0.99984276,CD4 T cells,train
CAGGTAACAGACTC-1,CD14+ Monocytes,0.9986821,CD14+ Monocytes,train
CAGGTATGAGTCGT-1,CD4 T cells,0.9929148,CD4 T cells,train
CAGGTATGTGCTTT-1,CD4 T cells,0.9954035,CD4 T cells,train
CAGGTTGAGGATCT-1,B cells,0.99976236,B cells,test
CAGTGATGGACGGA-1,B cells,0.9986986,B cells,train
CAGTGATGGCTAAC-1,CD8 T cells,0.9980818,CD8 T cells,train
CAGTGATGGGACAG-1,CD4 T cells,0.9997758,CD4 T cells,train
CAGTGATGTAAGGA-1,B cells,0.9988625,B cells,test
CAGTGATGTACGCA-1,CD4 T cells,0.9918391,CD4 T cells,train
CAGTGTGATGTCAG-1,CD4 T cells,0.9999763,CD4 T cells,train
CAGTTACTAAGGTA-1,B cells,0.9995578,B cells,test
CAGTTACTGATAGA-1,CD4 T cells,0.999913,CD4 T cells,train
CAGTTGGAAAGAGT-1,CD14+ Monocytes,0.9852041,CD14+ Monocytes,train
CAGTTGGACATACG-1,CD4 T cells,0.99996305,CD4 T cells,test
CAGTTTACACACGT-1,NK cells,0.9947955,NK cells,train
CAGTTTACCCCAAA-1,CD4 T cells,0.9999553,CD4 T cells,test
CATAAAACGGAGCA-1,CD14+ Monocytes,0.99950874,CD14+ Monocytes,train
CATAAATGAACTGC-1,CD4 T cells,0.9992994,CD4 T cells,train
CATAACCTTCTCCG-1,CD4 T cells,0.99988234,CD4 T cells,train
CATACTACCTCGAA-1,CD4 T cells,0.9997367,CD4 T cells,train
CATACTACCTGAAC-1,CD4 T cells,0.9999368,CD4 T cells,test
CATACTACGTACCA-1,CD14+ Monocytes,0.99880505,CD14+ Monocytes,train
CATACTTGGGTTAC-1,FCGR3A+ Monocytes,0.9725214,CD4 T cells,test
CATAGTCTAATCGC-1,CD4 T cells,0.97346365,CD4 T cells,test
CATAGTCTCACTTT-1,CD4 T cells,0.9999007,CD4 T cells,train
CATATAGACTAAGC-1,Dendritic cells,0.9957984,Dendritic cells,train
CATATAGATCAGGT-1,B cells,0.9997148,B cells,test
CATCAACTAGAAGT-1,CD4 T cells,0.99986565,CD4 T cells,train
CATCAACTCCCTCA-1,CD4 T cells,0.9999757,CD4 T cells,train
CATCAGGACTTCCG-1,NK cells,0.99970347,NK cells,train
CATCAGGATAGCCA-1,NK cells,0.9987531,NK cells,train
CATCAGGATCCTAT-1,FCGR3A+ Monocytes,0.9999877,FCGR3A+ Monocytes,test
CATCAGGATGCACA-1,CD14+ Monocytes,0.9981273,CD14+ Monocytes,train
CATCAGGATTTCGT-1,CD14+ Monocytes,0.99984455,CD14+ Monocytes,train
CATCATACCGCATA-1,CD14+ Monocytes,0.99911684,CD14+ Monocytes,test
CATCATACGGAGCA-1,B cells,0.9983885,B cells,train
CATCATACTCAAGC-1,CD4 T cells,0.99988735,CD4 T cells,test
CATCGCTGGGATCT-1,CD4 T cells,0.9979196,CD4 T cells,train
CATCGCTGTGGCAT-1,B cells,0.99975497,B cells,train
CATCGGCTATGCTG-1,CD4 T cells,0.99218166,CD4 T cells,train
CATCGGCTTTGGCA-1,CD4 T cells,0.9990772,CD4 T cells,train
CATCTCCTATGTGC-1,B cells,0.99921274,B cells,train
CATCTCCTCGAACT-1,CD14+ Monocytes,0.99611735,CD14+ Monocytes,train
CATGAGACACGGGA-1,B cells,0.99976283,B cells,train
CATGAGACGTTGAC-1,NK cells,0.99994993,NK cells,train
CATGAGACTCGCCT-1,CD4 T cells,0.9999963,CD4 T cells,test
CATGCCACGGGTGA-1,CD4 T cells,0.9982274,CD4 T cells,train
CATGCCACTGCCAA-1,CD4 T cells,0.9994899,CD4 T cells,test
CATGCGCTAGTCAC-1,FCGR3A+ Monocytes,0.99813557,FCGR3A+ Monocytes,train
CATGCGCTCAGATC-1,CD14+ Monocytes,0.99976724,CD14+ Monocytes,train
CATGCGCTTTGCAG-1,FCGR3A+ Monocytes,0.99329364,FCGR3A+ Monocytes,test
CATGGCCTAGGGTG-1,CD14+ Monocytes,0.9986014,CD14+ Monocytes,train
CATGGCCTGTGCAT-1,CD4 T cells,0.9998271,CD4 T cells,train
CATGTACTATCGTG-1,CD8 T cells,0.99347746,CD8 T cells,test
CATGTTACAGTCGT-1,CD8 T cells,0.9992041,CD8 T cells,train
CATGTTACCTGAGT-1,CD4 T cells,0.99837995,CD4 T cells,train
CATGTTTGGGGATG-1,CD14+ Monocytes,0.9973954,CD14+ Monocytes,test
CATTACACACGGAG-1,B cells,0.9985831,B cells,train
CATTACACCAACTG-1,NK cells,0.9993326,NK cells,test
CATTACACGGAGTG-1,CD4 T cells,0.9996966,CD4 T cells,train
CATTACACTACTCT-1,CD4 T cells,0.99999964,CD4 T cells,train
CATTAGCTCCACAA-1,CD14+ Monocytes,0.999156,CD14+ Monocytes,test
CATTGACTAGCGGA-1,CD14+ Monocytes,0.9999398,CD14+ Monocytes,test
CATTGGGACTCGAA-1,CD4 T cells,0.98764336,CD4 T cells,train
CATTGTACAGCGTT-1,CD4 T cells,0.99996793,CD4 T cells,train
CATTGTACTCGATG-1,B cells,0.9998795,B cells,train
CATTGTACTTATCC-1,CD4 T cells,0.9999906,CD4 T cells,train
CATTGTACTTTGCT-1,FCGR3A+ Monocytes,0.8325552,FCGR3A+ Monocytes,test
CATTGTTGCTAGTG-1,CD4 T cells,0.9999881,CD4 T cells,test
CATTTCGACTCTAT-1,CD8 T cells,0.99967015,CD8 T cells,train
CATTTCGAGATACC-1,NK cells,0.9999666,NK cells,test
CATTTGACCACACA-1,CD8 T cells,0.99989784,CD8 T cells,train
CATTTGACCCTGAA-1,CD8 T cells,0.9872034,CD8 T cells,test
CATTTGTGACGACT-1,B cells,0.99969923,B cells,test
CATTTGTGCATTGG-1,CD4 T cells,0.99634343,CD4 T cells,train
CATTTGTGCGGAGA-1,CD4 T cells,0.99998546,CD4 T cells,train
CATTTGTGGGATCT-1,B cells,0.9998828,B cells,train
CCAAAGTGCTACGA-1,CD14+ Monocytes,0.9997576,CD14+ Monocytes,train
CCAAAGTGTGAGAA-1,CD14+ Monocytes,0.9997074,CD14+ Monocytes,train
CCAACCTGAAGTAG-1,CD8 T cells,0.5229235,CD8 T cells,test
CCAACCTGACGTAC-1,CD14+ Monocytes,0.99988675,CD14+ Monocytes,train
CCAACCTGTTCGCC-1,CD14+ Monocytes,0.99941087,CD14+ Monocytes,train
CCAAGAACCCAATG-1,CD4 T cells,0.99967027,CD4 T cells,train
CCAAGAACGTAGCT-1,CD4 T cells,0.99998224,CD4 T cells,test
CCAAGAACGTGTCA-1,CD4 T cells,0.9998266,CD4 T cells,train
CCAAGAACTACTGG-1,CD8 T cells,0.9988883,CD8 T cells,train
CCAAGAACTCCTAT-1,B cells,0.9978703,B cells,train
CCAAGATGTCATTC-1,CD4 T cells,0.9999629,CD4 T cells,test
CCAAGATGTTTCAC-1,CD4 T cells,0.9999788,CD4 T cells,test
CCAAGTGAGGAACG-1,CD4 T cells,0.99995124,CD4 T cells,train
CCAAGTGATCAAGC-1,CD4 T cells,0.9999833,CD4 T cells,train
CCAATTTGAACGTC-1,CD14+ Monocytes,0.9998615,CD14+ Monocytes,test
CCACCATGAACGTC-1,CD4 T cells,0.9999666,CD4 T cells,test
CCACCATGATCGGT-1,CD4 T cells,0.9999739,CD4 T cells,test
CCACCATGGACGAG-1,FCGR3A+ Monocytes,0.9929905,FCGR3A+ Monocytes,test
CCACCATGGGGAGT-1,CD4 T cells,0.99989533,CD4 T cells,train
CCACCATGTCCTGC-1,CD8 T cells,0.9995473,CD8 T cells,train
CCACTGACCCGCTT-1,CD14+ Monocytes,0.99894935,CD14+ Monocytes,train
CCACTGTGGGAAGC-1,CD14+ Monocytes,0.99978226,CD14+ Monocytes,test
CCACTGTGTGTAGC-1,CD4 T cells,0.9999846,CD4 T cells,train
CCACTTCTCGGGAA-1,CD14+ Monocytes,0.9957749,CD14+ Monocytes,train
CCAGAAACCCTGTC-1,B cells,0.99941075,B cells,test
CCAGAAACGAACTC-1,CD4 T cells,0.99998534,CD4 T cells,train
CCAGAAACGGTCTA-1,CD4 T cells,0.99989057,CD4 T cells,train
CCAGACCTCTGAGT-1,CD14+ Monocytes,0.99950707,CD14+ Monocytes,test
CCAGACCTTGTGGT-1,CD4 T cells,0.9997807,CD4 T cells,train
CCAGCACTGCGATT-1,FCGR3A+ Monocytes,0.99521744,FCGR3A+ Monocytes,test
CCAGCGGAAAGGCG-1,CD14+ Monocytes,0.99984705,CD14+ Monocytes,train
CCAGCGGACGACTA-1,CD14+ Monocytes,0.9999622,CD14+ Monocytes,test
CCAGCGGATGGGAG-1,CD4 T cells,0.9999949,CD4 T cells,train
CCAGCTACACAGTC-1,CD4 T cells,0.9967842,CD4 T cells,test
CCAGCTACCAGCTA-1,B cells,0.9981628,B cells,test
CCAGGTCTACACCA-1,B cells,0.9998313,B cells,test
CCAGGTCTAGCATC-1,CD14+ Monocytes,0.99875903,CD14+ Monocytes,train
CCAGGTCTATGGTC-1,CD4 T cells,0.99968076,CD4 T cells,train
CCAGTCACACTGGT-1,CD14+ Monocytes,0.99992526,CD14+ Monocytes,train
CCAGTCACACTGTG-1,B cells,0.99436104,B cells,test
CCAGTCACGTTGTG-1,CD4 T cells,0.99984515,CD4 T cells,train
CCAGTGCTAACCAC-1,CD4 T cells,0.9990941,CD4 T cells,train
CCAGTGCTCGTAGT-1,CD4 T cells,0.9996612,CD4 T cells,train
CCATCCGAAAGCAA-1,CD4 T cells,0.9995721,CD4 T cells,train
CCATCCGAACGACT-1,CD8 T cells,0.8578249,CD8 T cells,test
CCATCCGAAGGTTC-1,B cells,0.9992724,B cells,train
CCATCCGATTCGCC-1,CD14+ Monocytes,0.99983156,CD14+ Monocytes,train
CCATCGTGAACGGG-1,CD4 T cells,0.9999622,CD4 T cells,train
CCATCGTGCTAGAC-1,FCGR3A+ Monocytes,0.9978218,FCGR3A+ Monocytes,train
CCCAACACCTCGCT-1,B cells,0.99904984,B cells,train
CCCAACACGCATCA-1,CD4 T cells,0.9990233,CD4 T cells,train
CCCAACACTTTGTC-1,CD14+ Monocytes,0.9981086,CD14+ Monocytes,train
CCCAACTGCAATCG-1,CD14+ Monocytes,0.99926144,CD14+ Monocytes,test
CCCAGACTGCCTTC-1,CD14+ Monocytes,0.99967086,CD14+ Monocytes,train
CCCAGACTGGTTTG-1,B cells,0.99930024,B cells,train
CCCAGACTTTCGCC-1,FCGR3A+ Monocytes,0.99945205,FCGR3A+ Monocytes,train
CCCAGTTGCAGTTG-1,CD14+ Monocytes,0.99863654,CD14+ Monocytes,train
CCCAGTTGGGTACT-1,CD4 T cells,0.9913037,CD4 T cells,train
CCCAGTTGTCTATC-1,B cells,0.99935776,B cells,train
CCCGATTGTGTTTC-1,CD8 T cells,0.64983433,CD8 T cells,train
CCCGGAGAAGGGTG-1,CD14+ Monocytes,0.999962,CD14+ Monocytes,train
CCCTACGAATTGGC-1,CD14+ Monocytes,0.99999034,CD14+ Monocytes,test
CCCTAGTGCAAAGA-1,CD4 T cells,0.99913126,CD4 T cells,test
CCCTCAGACACTTT-1,B cells,0.9946464,B cells,test
CCCTCAGACGAGAG-1,CD4 T cells,0.9999045,CD4 T cells,test
CCCTCAGAGGTCAT-1,CD4 T cells,0.9999753,CD4 T cells,train
CCCTGAACTAAAGG-1,B cells,0.99941075,B cells,train
CCCTGATGCAACCA-1,CD4 T cells,0.9999387,CD4 T cells,train
CCCTGATGCAAGCT-1,B cells,0.99982125,B cells,train
CCCTTACTAACCAC-1,CD14+ Monocytes,0.99241555,CD14+ Monocytes,train
CCCTTACTGCAGTT-1,CD4 T cells,0.998276,CD4 T cells,train
CCGAAAACCTTGTT-1,FCGR3A+ Monocytes,0.87734216,CD14+ Monocytes,test
CCGACACTGGTTTG-1,CD4 T cells,0.99999046,CD4 T cells,train
CCGACTACCCAGTA-1,CD14+ Monocytes,0.9736452,CD14+ Monocytes,test
CCGACTACCGTGTA-1,CD4 T cells,0.9999094,CD4 T cells,train
CCGACTACTGAGGG-1,CD8 T cells,0.99842036,CD8 T cells,train
CCGATAGACCTAAG-1,CD4 T cells,0.9999536,CD4 T cells,test
CCGATAGAGTTGGT-1,CD14+ Monocytes,0.99868244,CD14+ Monocytes,train
CCGCGAGACACACA-1,CD14+ Monocytes,0.9999716,CD14+ Monocytes,train
CCGCGAGAGGTTCA-1,CD8 T cells,0.9989396,CD8 T cells,train
CCGCTATGGGACGA-1,B cells,0.9987226,B cells,train
CCGCTATGTGCAAC-1,CD14+ Monocytes,0.9992336,CD14+ Monocytes,train
CCGCTATGTGCACA-1,CD14+ Monocytes,0.999895,CD14+ Monocytes,train
CCGGTACTGTCCTC-1,CD4 T cells,0.9990018,CD4 T cells,train
CCGTACACAAGCAA-1,CD4 T cells,0.99990153,CD4 T cells,test
CCGTACACAGCGTT-1,B cells,0.99894446,B cells,train
CCGTACACGTCATG-1,CD8 T cells,0.9991124,CD8 T cells,train
CCGTACACGTTGGT-1,CD14+ Monocytes,0.99266773,CD14+ Monocytes,test
CCGTACACTAACGC-1,CD8 T cells,0.9975962,CD8 T cells,test
CCTAAACTTTCGTT-1,CD4 T cells,0.99999106,CD4 T cells,train
CCTAAGGACCCAAA-1,CD4 T cells,0.99999046,CD4 T cells,test
CCTAAGGACTAGCA-1,CD14+ Monocytes,0.99988186,CD14+ Monocytes,train
CCTAAGGAGGGCAA-1,CD8 T cells,0.9977356,CD8 T cells,train
CCTAAGGATGATGC-1,CD4 T cells,0.9993055,CD4 T cells,train
CCTAAGGATGTCAG-1,CD4 T cells,0.999877,CD4 T cells,train
CCTACCGACTCTTA-1,CD4 T cells,0.9565584,CD4 T cells,test
CCTACCGAGGGATG-1,B cells,0.9860882,B cells,test
CCTAGAGAGGTGAG-1,B cells,0.99835265,B cells,test
CCTATAACCAAAGA-1,CD4 T cells,0.9999254,CD4 T cells,test
CCTATAACGAGACG-1,CD14+ Monocytes,0.97521204,FCGR3A+ Monocytes,test
CCTATAACTCAGAC-1,CD4 T cells,0.999716,CD4 T cells,train
CCTATAACTGCATG-1,FCGR3A+ Monocytes,0.9983329,FCGR3A+ Monocytes,train
CCTCGAACACTTTC-1,NK cells,0.99977833,NK cells,train
CCTCGAACCCGTAA-1,CD14+ Monocytes,0.99818844,CD14+ Monocytes,train
CCTCGAACGTATCG-1,CD4 T cells,0.9999924,CD4 T cells,train
CCTCGAACTTACTC-1,CD4 T cells,0.9952378,CD4 T cells,test
CCTCTACTCTTCGC-1,CD14+ Monocytes,0.9997298,CD14+ Monocytes,train
CCTCTACTGGCATT-1,CD4 T cells,0.9995945,CD4 T cells,train
CCTGACTGAAGTAG-1,CD8 T cells,0.9994079,CD8 T cells,train
CCTGACTGGGGAGT-1,CD4 T cells,0.9995982,CD4 T cells,test
CCTGACTGTGTCTT-1,B cells,0.9998448,B cells,train
CCTGCAACACGTTG-1,CD14+ Monocytes,0.9967926,CD14+ Monocytes,test
CCTGGACTCGTGAT-1,CD4 T cells,0.99986076,CD4 T cells,train
CCTTAATGCCCAAA-1,B cells,0.9997551,B cells,train
CCTTAATGTTCTAC-1,FCGR3A+ Monocytes,0.9797519,FCGR3A+ Monocytes,test
CCTTCACTACGACT-1,CD4 T cells,0.9998785,CD4 T cells,train
CCTTCACTCAGTCA-1,B cells,0.9995834,B cells,train
CCTTCACTGGAGTG-1,CD14+ Monocytes,0.9999398,CD14+ Monocytes,test
CCTTTAGATTCATC-1,CD14+ Monocytes,0.9986958,CD14+ Monocytes,test
CGAACATGCCCTAC-1,CD14+ Monocytes,0.9929918,CD14+ Monocytes,train
CGAACATGTCAGAC-1,CD4 T cells,0.99992526,CD4 T cells,train
CGAAGACTGGAACG-1,CD8 T cells,0.9983625,CD8 T cells,train
CGAAGACTGTTACG-1,CD4 T cells,0.9993942,CD4 T cells,train
CGAAGGGAAACCTG-1,CD8 T cells,0.9999443,CD8 T cells,train
CGAAGGGATCCGAA-1,B cells,0.9999156,B cells,train
CGAAGTACCAACTG-1,B cells,0.9987135,B cells,train
CGAATCGAGGAGCA-1,CD14+ Monocytes,0.9992066,CD14+ Monocytes,train
CGAATCGAGGAGGT-1,CD4 T cells,0.9999908,CD4 T cells,test
CGACAAACCCATAG-1,CD4 T cells,0.9503196,CD4 T cells,test
CGACAAACCGACAT-1,B cells,0.99895144,B cells,train
CGACCACTAAAGTG-1,NK cells,0.99961543,NK cells,train
CGACCACTGCCAAT-1,NK cells,0.9978198,NK cells,test
CGACCGGAAGGTCT-1,CD4 T cells,0.9999969,CD4 T cells,test
CGACCGGATGGAAA-1,CD4 T cells,0.99996555,CD4 T cells,train
CGACCTTGCTAGTG-1,CD4 T cells,0.9984627,CD4 T cells,train
CGACGTCTATCGTG-1,CD4 T cells,0.5005817,CD4 T cells,test
CGACGTCTCGTGTA-1,CD4 T cells,0.999572,CD4 T cells,train
CGACGTCTGAGGCA-1,CD4 T cells,0.9996486,CD4 T cells,train
CGACTCACGTCGTA-1,CD4 T cells,0.99999356,CD4 T cells,train
CGACTCACGTTGCA-1,CD4 T cells,0.99891794,CD4 T cells,train
CGACTCTGTGTGAC-1,CD4 T cells,0.9988194,CD4 T cells,train
CGACTGCTTCCTCG-1,CD14+ Monocytes,0.9996252,CD14+ Monocytes,train
CGAGAACTAAGGCG-1,CD8 T cells,0.99854016,CD8 T cells,train
CGAGAACTACGTTG-1,CD4 T cells,0.99998415,CD4 T cells,train
CGAGAACTTGTTCT-1,CD14+ Monocytes,0.9999721,CD14+ Monocytes,train
CGAGATTGGACACT-1,CD8 T cells,0.9987081,CD8 T cells,test
CGAGATTGGCCATA-1,CD8 T cells,0.88971627,CD8 T cells,train
CGAGCCGAACACCA-1,CD4 T cells,0.9995541,CD4 T cells,train
CGAGCCGAGGCGAA-1,CD4 T cells,0.99945444,CD4 T cells,train
CGAGCGTGCTCCAC-1,CD4 T cells,0.9955368,CD4 T cells,train
CGAGCGTGGATACC-1,CD4 T cells,0.99963593,CD4 T cells,train
CGAGCGTGTATGCG-1,CD14+ Monocytes,0.99977523,CD14+ Monocytes,train
CGAGGAGACCTCCA-1,B cells,0.9998179,B cells,train
CGAGGAGATGTCGA-1,CD4 T cells,0.99986494,CD4 T cells,train
CGAGGCACCTATGG-1,CD8 T cells,0.999678,CD8 T cells,test
CGAGGCACTATGCG-1,CD14+ Monocytes,0.91648716,CD14+ Monocytes,test
CGAGGCACTCTTCA-1,CD4 T cells,0.9896068,CD4 T cells,train
CGAGGCTGACGCTA-1,NK cells,0.9997929,NK cells,train
CGAGGCTGGCAGTT-1,CD14+ Monocytes,0.99899465,CD14+ Monocytes,train
CGAGGGCTACGACT-1,B cells,0.99976295,B cells,train
CGAGGGCTCGAATC-1,CD4 T cells,0.99858296,CD4 T cells,train
CGAGTATGTCACCC-1,FCGR3A+ Monocytes,0.9792392,FCGR3A+ Monocytes,test
CGATACGAACAGTC-1,CD14+ Monocytes,0.9992029,CD14+ Monocytes,train
CGATACGACAGGAG-1,CD4 T cells,0.96531636,CD4 T cells,train
CGATACGATTCACT-1,B cells,0.99920386,B cells,test
CGATAGACCCGTAA-1,CD14+ Monocytes,0.9996363,CD14+ Monocytes,train
CGATAGACCGTACA-1,CD4 T cells,0.9923165,CD4 T cells,train
CGATAGACGTAGGG-1,CD14+ Monocytes,0.9979863,CD14+ Monocytes,train
CGATAGACTGTTCT-1,CD4 T cells,0.9999821,CD4 T cells,train
CGATCAGAAGAACA-1,CD8 T cells,0.97664577,CD8 T cells,test
CGATCAGAGAGGGT-1,CD4 T cells,0.99681264,CD4 T cells,train
CGATCAGAGGTACT-1,CD4 T cells,0.99901986,CD4 T cells,train
CGATCAGATGTGAC-1,Dendritic cells,0.99866927,Dendritic cells,test
CGATCCACCGGGAA-1,CD8 T cells,0.9989857,CD8 T cells,train
CGATCCACTTCCAT-1,B cells,0.9920995,B cells,train
CGCAAATGCTCGAA-1,CD4 T cells,0.99951744,CD4 T cells,train
CGCAACCTCCTTGC-1,CD4 T cells,0.99998116,CD4 T cells,train
CGCAACCTGGACGA-1,CD4 T cells,0.99969804,CD4 T cells,train
CGCACGGAGGACGA-1,B cells,0.99962044,B cells,train
CGCACGGATCTTTG-1,CD4 T cells,0.99969757,CD4 T cells,train
CGCACTACAGAATG-1,CD4 T cells,0.9998043,CD4 T cells,test
CGCACTACAGCCAT-1,CD4 T cells,0.99998236,CD4 T cells,test
CGCACTACATTGGC-1,CD4 T cells,0.99983513,CD4 T cells,train
CGCACTACTCGCCT-1,B cells,0.9996008,B cells,train
CGCACTACTCGTGA-1,CD8 T cells,0.97716147,CD4 T cells,test
CGCACTTGTCACGA-1,CD14+ Monocytes,0.9996176,CD14+ Monocytes,train
CGCAGGACAGATCC-1,CD8 T cells,0.9991685,CD8 T cells,train
CGCAGGACCTACTT-1,CD4 T cells,0.998667,CD4 T cells,train
CGCAGGACTTGTCT-1,FCGR3A+ Monocytes,0.90562904,FCGR3A+ Monocytes,test
CGCAGGTGCACTGA-1,CD4 T cells,0.99992955,CD4 T cells,test
CGCAGGTGCCATAG-1,FCGR3A+ Monocytes,0.99921644,FCGR3A+ Monocytes,train
CGCAGGTGGGAACG-1,CD4 T cells,0.9990125,CD4 T cells,train
CGCATAGATCACGA-1,CD14+ Monocytes,0.99997866,CD14+ Monocytes,test
CGCCATACTGCAAC-1,CD4 T cells,0.99998724,CD4 T cells,test
CGCCATTGAGAGGC-1,CD4 T cells,0.9999801,CD4 T cells,test
CGCCATTGCTATGG-1,CD4 T cells,0.9980427,CD4 T cells,train
CGCCATTGGAGACG-1,CD4 T cells,0.99997723,CD4 T cells,test
CGCCATTGGAGCAG-1,B cells,0.98758775,B cells,test
CGCCATTGTACTGG-1,B cells,0.99923575,B cells,train
CGCCGAGAGCTTAG-1,NK cells,0.99952936,NK cells,test
CGCCTAACGAATGA-1,CD14+ Monocytes,0.8692476,Dendritic cells,train
CGCCTAACTGCTCC-1,CD4 T cells,0.99989367,CD4 T cells,train
CGCGAGACACAGCT-1,CD4 T cells,0.99369097,CD4 T cells,train
CGCGAGACAGGTCT-1,B cells,0.9996959,B cells,train
CGCGAGACGCTACA-1,CD4 T cells,0.9963141,CD4 T cells,train
CGCGATCTCAGTCA-1,CD14+ Monocytes,0.9982185,CD14+ Monocytes,test
CGCGATCTGTTGAC-1,CD14+ Monocytes,0.99996245,CD14+ Monocytes,test
CGCGATCTTTCTTG-1,B cells,0.99913365,B cells,train
CGCGGATGGCCAAT-1,CD4 T cells,0.9999423,CD4 T cells,train
CGCTAAGAATGTCG-1,CD4 T cells,0.9999896,CD4 T cells,train
CGCTAAGACAACTG-1,CD4 T cells,0.9983833,CD4 T cells,train
CGCTAAGACCCTTG-1,CD4 T cells,0.99988437,CD4 T cells,train
CGCTACTGAACAGA-1,CD14+ Monocytes,0.9998969,CD14+ Monocytes,test
CGCTACTGAGAACA-1,CD4 T cells,0.99971944,CD4 T cells,train
CGCTACTGTGAGCT-1,CD4 T cells,0.99982435,CD4 T cells,train
CGCTACTGTTCCCG-1,CD8 T cells,0.99359185,CD8 T cells,train
CGCTCATGCATTTC-1,CD14+ Monocytes,0.9996177,CD14+ Monocytes,test
CGGAATTGGTTTGG-1,CD4 T cells,0.9991036,CD4 T cells,train
CGGAATTGTGGAGG-1,CD4 T cells,0.9998349,CD4 T cells,test
CGGACCGATGCGTA-1,CD8 T cells,0.9880094,CD8 T cells,train
CGGACCGATGGGAG-1,CD4 T cells,0.99999666,CD4 T cells,test
CGGACTCTAAACAG-1,B cells,0.9998036,B cells,train
CGGACTCTCCAATG-1,CD4 T cells,0.9992574,CD4 T cells,train
CGGACTCTCCTCGT-1,CD8 T cells,0.9981845,CD8 T cells,train
CGGAGGCTATTCCT-1,CD4 T cells,0.9993363,CD4 T cells,train
CGGAGGCTTGGATC-1,CD4 T cells,0.999723,CD4 T cells,train
CGGATAACAACGAA-1,CD14+ Monocytes,0.99911326,CD14+ Monocytes,train
CGGATAACAGCTCA-1,CD4 T cells,0.9983999,CD4 T cells,train
CGGATAACTCAGTG-1,CD14+ Monocytes,0.9999441,CD14+ Monocytes,train
CGGCACGAACTCAG-1,CD8 T cells,0.99910456,CD8 T cells,test
CGGCACGAAGGGTG-1,CD4 T cells,0.9970841,CD4 T cells,train
CGGCACGACTACGA-1,FCGR3A+ Monocytes,0.99711215,FCGR3A+ Monocytes,test
CGGCATCTTAGAAG-1,CD4 T cells,0.97442156,CD8 T cells,test
CGGCATCTTCGTAG-1,CD14+ Monocytes,0.9999008,CD14+ Monocytes,train
CGGCCAGAAAGGTA-1,CD4 T cells,0.99972445,CD4 T cells,train
CGGCCAGAGAGGCA-1,CD8 T cells,0.9996731,CD8 T cells,train
CGGCGAACCAGTCA-1,CD14+ Monocytes,0.8377487,CD14+ Monocytes,test
CGGCGAACGACAAA-1,NK cells,0.995169,NK cells,test
CGGCGAACGGTCTA-1,CD4 T cells,0.99996316,CD4 T cells,train
CGGCGAACTACTTC-1,NK cells,0.99925727,NK cells,train
CGGGACTGCGTGTA-1,CD4 T cells,0.9996517,CD4 T cells,test
CGGGACTGGAATAG-1,CD8 T cells,0.99912816,CD8 T cells,test
CGGGCATGACCCAA-1,Megakaryocytes,0.91473293,Megakaryocytes,train
CGGGCATGTCTCTA-1,NK cells,0.9682882,NK cells,test
CGGGCATGTTGTGG-1,CD4 T cells,0.99997926,CD4 T cells,train
CGGTAAACTCGCAA-1,CD4 T cells,0.94154644,CD8 T cells,test
CGGTCACTGTTTGG-1,CD4 T cells,0.99908733,CD4 T cells,test
CGGTCACTTACTTC-1,CD4 T cells,0.9999324,CD4 T cells,train
CGTAACGATCGCCT-1,CD4 T cells,0.9998627,CD4 T cells,train
CGTACCACACACAC-1,CD4 T cells,0.99956065,CD4 T cells,train
CGTACCACACGTTG-1,CD4 T cells,0.99999523,CD4 T cells,test
CGTACCACCTCATT-1,CD4 T cells,0.99997354,CD4 T cells,test
CGTACCACGGAGCA-1,CD4 T cells,0.99956757,CD4 T cells,test
CGTACCTGGCATCA-1,NK cells,0.9996642,NK cells,train
CGTAGCCTCTCTCG-1,CD14+ Monocytes,0.999215,CD14+ Monocytes,train
CGTAGCCTGCGAAG-1,CD4 T cells,0.9999974,CD4 T cells,train
CGTAGCCTGTATGC-1,CD14+ Monocytes,0.8365297,FCGR3A+ Monocytes,test
CGTCAAGAAAGGTA-1,CD14+ Monocytes,0.9996605,CD14+ Monocytes,test
CGTCAAGAACGTGT-1,CD4 T cells,0.99998975,CD4 T cells,test
CGTCAAGACAGAGG-1,CD4 T cells,0.9995833,CD4 T cells,train
CGTCAAGACAGGAG-1,CD8 T cells,0.99939394,CD8 T cells,test
CGTCCATGCTCTTA-1,CD4 T cells,0.9999646,CD4 T cells,test
CGTCGACTTTCCGC-1,CD8 T cells,0.98657054,CD8 T cells,test
CGTGATGACGCTAA-1,CD4 T cells,0.99874926,CD4 T cells,train
CGTGATGAGGTTCA-1,CD4 T cells,0.9980876,CD4 T cells,train
CGTGCACTTATGGC-1,CD14+ Monocytes,0.9327962,CD14+ Monocytes,train
CGTGTAGAAAAACG-1,CD4 T cells,0.99977595,CD4 T cells,train
CGTGTAGACGATAC-1,CD8 T cells,0.99499255,CD8 T cells,train
CGTGTAGAGTTACG-1,NK cells,0.87410104,NK cells,test
CGTGTAGAGTTCAG-1,CD14+ Monocytes,0.9999707,CD14+ Monocytes,train
CGTGTAGATTCGGA-1,NK cells,0.99178594,NK cells,train
CGTTAGGAAACCAC-1,CD4 T cells,0.9996463,CD4 T cells,train
CGTTAGGATCATTC-1,CD14+ Monocytes,0.99920803,CD14+ Monocytes,train
CGTTATACCCTGAA-1,CD8 T cells,0.9981681,CD8 T cells,train
CGTTTAACTGGTCA-1,CD4 T cells,0.9991478,CD4 T cells,train
CTAAACCTCTGACA-1,NK cells,0.99998474,NK cells,train
CTAAACCTGTGCAT-1,B cells,0.99969983,B cells,test
CTAACACTAACGTC-1,CD4 T cells,0.99779475,CD4 T cells,train
CTAACACTAGTGCT-1,CD14+ Monocytes,0.9990675,CD14+ Monocytes,train
CTAACGGAACCGAT-1,NK cells,0.99970585,NK cells,test
CTAACGGATTTCTG-1,CD4 T cells,0.9980889,CD4 T cells,train
CTAACTACGGCAAG-1,CD8 T cells,0.99506575,CD8 T cells,train
CTAAGGACACCATG-1,CD4 T cells,0.99981683,CD4 T cells,train
CTAAGGACCGTTAG-1,CD4 T cells,0.99952924,CD4 T cells,train
CTAAGGACGCCATA-1,CD14+ Monocytes,0.9996513,CD14+ Monocytes,train
CTAAGGTGCCTAAG-1,B cells,0.9995473,B cells,test
CTAAGGTGTTGCAG-1,CD4 T cells,0.9999503,CD4 T cells,train
CTAAGGTGTTTCTG-1,CD4 T cells,0.9984559,CD4 T cells,train
CTAATAGAGCTATG-1,CD4 T cells,0.9681037,CD4 T cells,test
CTAATGCTTGTGGT-1,CD14+ Monocytes,0.9999851,CD14+ Monocytes,test
CTACAACTCCCGTT-1,NK cells,0.565208,CD8 T cells,train
CTACCTCTCAACCA-1,CD8 T cells,0.9991055,CD8 T cells,train
CTACGCACACCTAG-1,FCGR3A+ Monocytes,0.9995511,FCGR3A+ Monocytes,train
CTACGCACTCTCCG-1,CD4 T cells,0.99916625,CD4 T cells,train
CTACGCACTGGTCA-1,NK cells,0.99951077,NK cells,train
CTACGGCTTTCTTG-1,CD14+ Monocytes,0.9861514,CD14+ Monocytes,train
CTACTATGAACCAC-1,CD14+ Monocytes,0.994115,CD14+ Monocytes,train
CTACTATGATGTGC-1,CD14+ Monocytes,0.9999615,CD14+ Monocytes,train
CTACTATGCTAAGC-1,CD8 T cells,0.9977149,CD8 T cells,train
CTACTATGTAAAGG-1,B cells,0.9997824,B cells,train
CTACTCCTATGTCG-1,NK cells,0.9992291,NK cells,train
CTACTCCTGCCATA-1,CD14+ Monocytes,0.9998405,CD14+ Monocytes,test
CTAGAGACACTTTC-1,CD4 T cells,0.99978906,CD4 T cells,test
CTAGAGACAGCATC-1,CD8 T cells,0.9982659,CD8 T cells,train
CTAGAGACTTTGGG-1,FCGR3A+ Monocytes,0.99934274,FCGR3A+ Monocytes,train
CTAGATCTCTCTAT-1,CD4 T cells,0.99997294,CD4 T cells,train
CTAGATCTTCGACA-1,CD4 T cells,0.99956566,CD4 T cells,train
CTAGGATGAGCCTA-1,B cells,0.9997874,B cells,train
CTAGGATGATCGTG-1,B cells,0.9981035,B cells,train
CTAGGCCTCTCAGA-1,CD4 T cells,0.9997634,CD4 T cells,test
CTAGGTGATGGTTG-1,FCGR3A+ Monocytes,0.997869,FCGR3A+ Monocytes,train
CTAGTTACCAGAGG-1,CD4 T cells,0.99994123,CD4 T cells,train
CTAGTTACCGCATA-1,CD4 T cells,0.99567896,CD4 T cells,test
CTAGTTACGAAACA-1,NK cells,0.99993026,NK cells,test
CTATAAGATCGTTT-1,B cells,0.9991297,B cells,train
CTATACTGAGGTTC-1,CD14+ Monocytes,0.9999379,CD14+ Monocytes,train
CTATACTGCCAGTA-1,CD4 T cells,0.9993026,CD4 T cells,train
CTATACTGCGCTAA-1,CD14+ Monocytes,0.9999976,CD14+ Monocytes,train
CTATACTGCTACGA-1,NK cells,0.999595,NK cells,train
CTATACTGTCTCAT-1,NK cells,0.99966776,NK cells,train
CTATACTGTTCGTT-1,CD4 T cells,0.95506346,CD4 T cells,train
CTATAGCTGTCACA-1,CD4 T cells,0.99952114,CD4 T cells,train
CTATAGCTTCGCTC-1,CD14+ Monocytes,0.99900585,CD14+ Monocytes,train
CTATAGCTTGCCTC-1,CD14+ Monocytes,0.9999428,CD14+ Monocytes,test
CTATCAACGAACTC-1,CD4 T cells,0.9999423,CD4 T cells,test
CTATCAACGCAGAG-1,CD4 T cells,0.9998567,CD4 T cells,train
CTATCAACTTTGGG-1,CD4 T cells,0.99748445,CD4 T cells,train
CTATCCCTCCACCT-1,CD14+ Monocytes,0.9993523,CD14+ Monocytes,train
CTATGTACGAGAGC-1,CD4 T cells,0.99992275,CD4 T cells,train
CTATGTACGCTTAG-1,CD4 T cells,0.99995434,CD4 T cells,train
CTATGTACTGTTTC-1,B cells,0.9863869,B cells,train
CTATGTTGAAAGCA-1,CD4 T cells,0.9996773,CD4 T cells,train
CTATGTTGTCCTCG-1,CD4 T cells,0.9993154,CD4 T cells,test
CTATGTTGTCTCGC-1,CD4 T cells,0.9999809,CD4 T cells,train
CTATTGACAAACGA-1,CD14+ Monocytes,0.9999156,CD14+ Monocytes,train
CTATTGACACTGGT-1,CD14+ Monocytes,0.9905256,CD14+ Monocytes,test
CTATTGACGGTGAG-1,FCGR3A+ Monocytes,0.9962676,FCGR3A+ Monocytes,train
CTATTGTGGCAAGG-1,CD4 T cells,0.9995695,CD4 T cells,train
CTCAATTGGTTCAG-1,CD4 T cells,0.99916565,CD4 T cells,train
CTCAATTGGTTGCA-1,CD14+ Monocytes,0.99985313,CD14+ Monocytes,test
CTCAGAGATAGAAG-1,CD4 T cells,0.99969494,CD4 T cells,train
CTCAGCACTCTAGG-1,CD4 T cells,0.9937702,CD4 T cells,train
CTCAGCACTGAACC-1,CD14+ Monocytes,0.9831549,CD14+ Monocytes,test
CTCAGCACTTGCAG-1,CD4 T cells,0.99959046,CD4 T cells,test
CTCAGCTGAACCTG-1,CD14+ Monocytes,0.9995921,CD14+ Monocytes,train
CTCAGCTGCAGTTG-1,CD8 T cells,0.98999804,CD4 T cells,test
CTCAGGCTCGTTGA-1,FCGR3A+ Monocytes,0.9994461,FCGR3A+ Monocytes,train
CTCAGGCTGCTAAC-1,CD4 T cells,0.99955374,CD4 T cells,test
CTCATTGACCTTAT-1,CD4 T cells,0.9999831,CD4 T cells,test
CTCATTGATGCTTT-1,CD14+ Monocytes,0.9744582,CD14+ Monocytes,train
CTCCACGAGAGATA-1,Dendritic cells,0.720022,Dendritic cells,train
CTCCATCTCTTAGG-1,CD4 T cells,0.99994886,CD4 T cells,test
CTCCATCTGACGAG-1,CD4 T cells,0.999967,CD4 T cells,test
CTCCGAACAAGTGA-1,FCGR3A+ Monocytes,0.99990714,FCGR3A+ Monocytes,test
CTCCTACTGCCTTC-1,CD14+ Monocytes,0.999782,CD14+ Monocytes,train
CTCGAAGATGTGGT-1,CD4 T cells,0.9907566,CD4 T cells,test
CTCGAAGATTAGGC-1,CD14+ Monocytes,0.9997905,CD14+ Monocytes,test
CTCGACTGCTCTAT-1,CD4 T cells,0.999526,CD4 T cells,test
CTCGACTGGGTGAG-1,CD4 T cells,0.9998859,CD4 T cells,train
CTCGACTGGTTGAC-1,NK cells,0.9998524,NK cells,train
CTCGAGCTCTGGAT-1,NK cells,0.80824894,CD8 T cells,test
CTCGCATGACTTTC-1,CD4 T cells,0.998536,CD4 T cells,train
CTCGCATGCTTAGG-1,CD4 T cells,0.9999794,CD4 T cells,train
CTCTAAACCTCGAA-1,CD4 T cells,0.99966943,CD4 T cells,train
CTCTAAACGGCGAA-1,CD4 T cells,0.99931693,CD4 T cells,train
CTCTAATGTCCAAG-1,CD14+ Monocytes,0.99994135,CD14+ Monocytes,train
CTGAACGACAGTCA-1,CD4 T cells,0.9999814,CD4 T cells,train
CTGAACGATGAGGG-1,CD4 T cells,0.9999982,CD4 T cells,train
CTGAAGACCCAACA-1,CD4 T cells,0.9997075,CD4 T cells,test
CTGAAGACGTGCAT-1,B cells,0.9992592,B cells,train
CTGAAGTGAAGCCT-1,FCGR3A+ Monocytes,0.9910669,FCGR3A+ Monocytes,test
CTGAAGTGCAGCTA-1,B cells,0.99841154,B cells,train
CTGAAGTGGCTATG-1,CD4 T cells,0.9999778,CD4 T cells,train
CTGAAGTGTCCAGA-1,CD4 T cells,0.9999652,CD4 T cells,train
CTGAATCTGAATAG-1,CD4 T cells,0.9931591,CD4 T cells,test
CTGACAGAATCGTG-1,CD8 T cells,0.9949191,CD8 T cells,train
CTGACCACAGCAAA-1,CD4 T cells,0.9999956,CD4 T cells,train
CTGAGAACCGGGAA-1,CD4 T cells,0.99992144,CD4 T cells,train
CTGAGAACGTAAAG-1,NK cells,0.9999281,NK cells,test
CTGATACTAGTAGA-1,CD4 T cells,0.999617,CD4 T cells,train
CTGATTTGGTGTTG-1,CD14+ Monocytes,0.99868375,CD14+ Monocytes,train
CTGCAGCTAACCGT-1,CD4 T cells,0.99995303,CD4 T cells,train
CTGCAGCTGACACT-1,CD4 T cells,0.9999815,CD4 T cells,train
CTGCAGCTGGATTC-1,CD14+ Monocytes,0.9736283,CD14+ Monocytes,train
CTGCAGCTTGGCAT-1,CD8 T cells,0.98400474,CD8 T cells,train
CTGCCAACAGGAGC-1,CD8 T cells,0.9998004,CD8 T cells,train
CTGCCAACCAGCTA-1,CD4 T cells,0.99983525,CD4 T cells,train
CTGCCAACTAACCG-1,CD14+ Monocytes,0.9953157,CD14+ Monocytes,train
CTGCCAACTGCTCC-1,CD8 T cells,0.99947613,CD8 T cells,train
CTGCCAACTTGCAG-1,CD4 T cells,0.9984345,CD4 T cells,train
CTGCCAACTTGCTT-1,CD8 T cells,0.99982774,CD8 T cells,train
CTGCGACTCCACCT-1,CD4 T cells,0.9935994,CD8 T cells,test
CTGGAAACAAACGA-1,CD8 T cells,0.9989832,CD8 T cells,train
CTGGAAACATCGAC-1,CD4 T cells,0.99953914,CD4 T cells,train
CTGGATGACTGGAT-1,CD8 T cells,0.99971205,CD8 T cells,train
CTGGATGACTTGTT-1,CD4 T cells,0.9995327,CD4 T cells,train
CTGGATGATGTGAC-1,B cells,0.9992385,B cells,train
CTGGCACTCAAGCT-1,CD14+ Monocytes,0.999876,CD14+ Monocytes,train
CTGTAACTAACCAC-1,CD4 T cells,0.9998592,CD4 T cells,test
CTGTAACTAGCGTT-1,CD4 T cells,0.9986732,CD4 T cells,train
CTGTATACGTAAAG-1,CD4 T cells,0.9892075,CD4 T cells,test
CTGTATACGTACGT-1,CD14+ Monocytes,0.99939585,CD14+ Monocytes,train
CTGTATACGTTGGT-1,CD4 T cells,0.9997117,CD4 T cells,test
CTGTGAGACAACCA-1,FCGR3A+ Monocytes,0.9830199,FCGR3A+ Monocytes,test
CTGTGAGACCTTGC-1,CD8 T cells,0.9997396,CD8 T cells,test
CTGTGAGACGAACT-1,CD14+ Monocytes,0.9972095,CD14+ Monocytes,test
CTGTGAGACTGTAG-1,CD14+ Monocytes,0.99880755,CD14+ Monocytes,test
CTTAAAGAACCTGA-1,CD4 T cells,0.9997372,CD4 T cells,train
CTTAACACCTGTAG-1,CD4 T cells,0.9999244,CD4 T cells,test
CTTAACACTATCGG-1,B cells,0.9995833,B cells,test
CTTAAGCTACCTAG-1,CD4 T cells,0.99917823,CD4 T cells,train
CTTAAGCTAGTACC-1,CD4 T cells,0.9993222,CD4 T cells,train
CTTAAGCTCATCAG-1,CD4 T cells,0.99994755,CD4 T cells,test
CTTAAGCTCCGCTT-1,B cells,0.99943405,B cells,train
CTTACAACTAACGC-1,CD4 T cells,0.9996711,CD4 T cells,train
CTTACAACTCCCGT-1,CD14+ Monocytes,0.9999305,CD14+ Monocytes,test
CTTACTGACGTACA-1,CD4 T cells,0.9999342,CD4 T cells,train
CTTAGACTAAACGA-1,CD4 T cells,0.84369534,CD4 T cells,test
CTTAGGGACTTGCC-1,CD4 T cells,0.99995494,CD4 T cells,train
CTTAGGGAGAATCC-1,CD4 T cells,0.99946016,CD4 T cells,train
CTTATCGACTCATT-1,CD4 T cells,0.9997241,CD4 T cells,train
CTTCACCTACCTGA-1,FCGR3A+ Monocytes,0.99667007,FCGR3A+ Monocytes,train
CTTCATGAAGCATC-1,B cells,0.9995184,B cells,train
CTTCATGAAGTACC-1,CD4 T cells,0.9996216,CD4 T cells,train
CTTCATGACCGAAT-1,CD8 T cells,0.99867994,CD8 T cells,train
CTTGAACTACGCAT-1,CD4 T cells,0.9792347,CD4 T cells,test
CTTGATTGAGGTTC-1,CD8 T cells,0.9993024,CD8 T cells,train
CTTGATTGATCTTC-1,CD14+ Monocytes,0.99311006,CD14+ Monocytes,train
CTTGATTGCATTCT-1,CD4 T cells,0.99993503,CD4 T cells,train
CTTGATTGTTTCGT-1,CD4 T cells,0.99509513,CD4 T cells,test
CTTGTATGACACCA-1,B cells,0.9988432,B cells,train
CTTGTATGCGCAAT-1,B cells,0.97756094,B cells,train
CTTTACGAGCGAAG-1,CD4 T cells,0.9903955,CD4 T cells,test
CTTTAGACCGTGAT-1,CD4 T cells,0.99644655,CD4 T cells,test
CTTTAGACGAGACG-1,CD4 T cells,0.9999765,CD4 T cells,train
CTTTAGACGATACC-1,CD4 T cells,0.9947476,CD4 T cells,test
CTTTAGACGTTGGT-1,CD4 T cells,0.9972155,CD4 T cells,test
CTTTAGACTCATTC-1,CD8 T cells,0.99961406,CD8 T cells,test
CTTTAGTGACGGGA-1,NK cells,0.9974056,NK cells,train
CTTTAGTGGGTGGA-1,CD4 T cells,0.99990845,CD4 T cells,train
CTTTCAGAGAAACA-1,CD4 T cells,0.9998776,CD4 T cells,train
CTTTGATGAGCACT-1,CD4 T cells,0.9999796,CD4 T cells,train
CTTTGATGTCTAGG-1,CD4 T cells,0.9722302,CD4 T cells,train
CTTTGATGTGTCCC-1,CD4 T cells,0.99844724,CD4 T cells,train
CTTTGATGTGTGGT-1,CD4 T cells,0.99999857,CD4 T cells,test
GAAACAGAACTACG-1,CD4 T cells,0.99931777,CD4 T cells,train
GAAACAGAATCACG-1,CD4 T cells,0.99981946,CD4 T cells,train
GAAACAGACATTCT-1,CD4 T cells,0.9999989,CD4 T cells,train
GAAACCTGATCGTG-1,CD4 T cells,0.99965906,CD4 T cells,train
GAAACCTGATGCCA-1,CD4 T cells,0.99996877,CD4 T cells,train
GAAACCTGCTTATC-1,CD4 T cells,0.9999131,CD4 T cells,train
GAAACCTGGACTAC-1,FCGR3A+ Monocytes,0.9998636,FCGR3A+ Monocytes,train
GAAACCTGTGCTAG-1,CD4 T cells,0.99899083,CD4 T cells,test
GAAAGATGATTTCC-1,CD4 T cells,0.99297637,CD4 T cells,test
GAAAGATGCTGATG-1,FCGR3A+ Monocytes,0.9998578,FCGR3A+ Monocytes,train
GAAAGATGCTTCGC-1,CD14+ Monocytes,0.98774916,CD14+ Monocytes,train
GAAAGATGTAAGGA-1,CD4 T cells,0.9999461,CD4 T cells,train
GAAAGCCTACGTTG-1,B cells,0.99996066,B cells,train
GAAAGTGAAAGTGA-1,Dendritic cells,0.998643,Dendritic cells,train
GAAAGTGACCACAA-1,CD14+ Monocytes,0.98714834,CD14+ Monocytes,train
GAAAGTGACTCAAG-1,CD4 T cells,0.9998542,CD4 T cells,train
GAAATACTACCAAC-1,CD14+ Monocytes,0.992547,CD14+ Monocytes,train
GAAATACTCTTAGG-1,B cells,0.9999548,B cells,train
GAAATACTTCCTCG-1,CD4 T cells,0.9994248,CD4 T cells,train
GAACACACGTGCAT-1,CD14+ Monocytes,0.996458,CD14+ Monocytes,train
GAACACACTGCCTC-1,CD4 T cells,0.9984836,CD4 T cells,train
GAACAGCTAACTGC-1,FCGR3A+ Monocytes,0.5744539,FCGR3A+ Monocytes,test
GAACAGCTCTCAGA-1,FCGR3A+ Monocytes,0.9998204,FCGR3A+ Monocytes,test
GAACCAACCACAAC-1,CD4 T cells,0.99759173,CD4 T cells,train
GAACCAACTTCCGC-1,NK cells,0.999915,NK cells,train
GAACCTGAACGTGT-1,CD8 T cells,0.9976127,CD8 T cells,train
GAACCTGAGAGACG-1,CD4 T cells,0.99973685,CD4 T cells,train
GAACCTGATGAACC-1,CD4 T cells,0.99901307,CD4 T cells,train
GAACGGGATACTTC-1,CD4 T cells,0.9994198,CD4 T cells,train
GAACTGTGACCTGA-1,FCGR3A+ Monocytes,0.9981725,FCGR3A+ Monocytes,train
GAACTGTGCCAGTA-1,CD14+ Monocytes,0.99981374,CD14+ Monocytes,train
GAAGAATGCAATCG-1,CD4 T cells,0.9955383,CD4 T cells,train
GAAGCGGACCTATT-1,CD14+ Monocytes,0.9908118,CD14+ Monocytes,train
GAAGCTACGAATGA-1,CD14+ Monocytes,0.99698764,CD14+ Monocytes,train
GAAGCTACGGTTTG-1,CD4 T cells,0.99995816,CD4 T cells,train
GAAGGGTGAAAGTG-1,CD4 T cells,0.99998915,CD4 T cells,train
GAAGGGTGCTTAGG-1,CD14+ Monocytes,0.99998176,CD14+ Monocytes,train
GAAGGTCTGAAAGT-1,CD4 T cells,0.99998677,CD4 T cells,test
GAAGGTCTGTTGCA-1,CD4 T cells,0.9999765,CD4 T cells,train
GAAGGTCTTAAAGG-1,Dendritic cells,0.9967619,Dendritic cells,train
GAAGTAGACTCCCA-1,CD8 T cells,0.99898785,CD8 T cells,train
GAAGTAGATCCAAG-1,FCGR3A+ Monocytes,0.99907255,FCGR3A+ Monocytes,train
GAAGTCACCCTCGT-1,CD14+ Monocytes,0.9998969,CD14+ Monocytes,test
GAAGTCACCCTGTC-1,B cells,0.99976474,B cells,train
GAAGTCTGTCGCAA-1,B cells,0.99981517,B cells,test
GAAGTCTGTTCTGT-1,CD4 T cells,0.99936515,CD4 T cells,train
GAAGTGCTAAACGA-1,NK cells,0.9999777,NK cells,test
GAAGTGCTCCGCTT-1,CD14+ Monocytes,0.99909794,CD14+ Monocytes,train
GAAGTGCTTAACCG-1,CD4 T cells,0.9978594,CD4 T cells,train
GAATGCACCCTAAG-1,CD4 T cells,0.99995124,CD4 T cells,train
GAATGCACCTTCGC-1,NK cells,0.9994491,NK cells,train
GAATGCTGCGGTAT-1,CD4 T cells,0.9999747,CD4 T cells,train
GAATTAACGATAAG-1,CD4 T cells,0.99995697,CD4 T cells,train
GAATTAACGGTCAT-1,CD4 T cells,0.999998,CD4 T cells,test
GAATTAACGTCGTA-1,NK cells,0.999161,NK cells,train
GAATTAACTGAAGA-1,B cells,0.999374,B cells,test
GACAACACAGGCGA-1,CD4 T cells,0.9976847,CD4 T cells,train
GACAACACATCGTG-1,CD4 T cells,0.9993993,CD4 T cells,train
GACAACACTCGCCT-1,CD4 T cells,0.9887888,CD4 T cells,train
GACAACTGAGGTTC-1,CD4 T cells,0.9988776,CD4 T cells,train
GACAGGGAAGAGTA-1,B cells,0.9996008,B cells,test
GACAGGGAATGCCA-1,CD4 T cells,0.9997285,CD4 T cells,train
GACAGTACGAGCTT-1,FCGR3A+ Monocytes,0.9981509,FCGR3A+ Monocytes,train
GACAGTACTTCGGA-1,FCGR3A+ Monocytes,0.99426645,FCGR3A+ Monocytes,test
GACAGTTGAGTAGA-1,B cells,0.99993,B cells,train
GACATTCTCCACCT-1,Dendritic cells,0.99810106,Dendritic cells,train
GACCAAACGACTAC-1,CD14+ Monocytes,0.9999783,CD14+ Monocytes,test
GACCAAACGTATCG-1,CD14+ Monocytes,0.9998388,CD14+ Monocytes,test
GACCCTACTAAAGG-1,B cells,0.99914217,B cells,train
GACCTAGACCTCAC-1,CD4 T cells,0.9979746,CD4 T cells,train
GACCTAGACGAGAG-1,CD4 T cells,0.9995927,CD4 T cells,train
GACCTCACAAGGTA-1,CD4 T cells,0.9999814,CD4 T cells,test
GACCTCACGTACGT-1,CD14+ Monocytes,0.99909997,CD14+ Monocytes,test
GACCTCTGCATCAG-1,CD4 T cells,0.9996582,CD4 T cells,train
GACGAACTCCCACT-1,CD4 T cells,0.9999914,CD4 T cells,test
GACGATTGCCAATG-1,B cells,0.9986571,B cells,train
GACGCCGACCTTCG-1,CD4 T cells,0.9971289,CD4 T cells,test
GACGCTCTCTCTCG-1,Megakaryocytes,0.9951165,Megakaryocytes,test
GACGGCACACGGGA-1,NK cells,0.99916136,NK cells,train
GACGGCACGAGATA-1,CD14+ Monocytes,0.9999944,CD14+ Monocytes,test
GACGTAACCTATGG-1,CD4 T cells,0.99985015,CD4 T cells,train
GACGTAACCTGTGA-1,CD4 T cells,0.99089867,CD4 T cells,train
GACGTAACTATGGC-1,CD4 T cells,0.9995763,CD4 T cells,train
GACGTATGTTGACG-1,CD4 T cells,0.9998522,CD4 T cells,test
GACGTATGTTTGCT-1,CD4 T cells,0.99901164,CD4 T cells,train
GACGTCCTACGGAG-1,CD4 T cells,0.9991085,CD4 T cells,train
GACGTCCTCTCAAG-1,CD14+ Monocytes,0.99946994,CD14+ Monocytes,train
GACGTCCTGATAAG-1,B cells,0.99852115,B cells,train
GACTACGATGGTCA-1,B cells,0.99915254,B cells,train
GACTCCTGCTCGCT-1,CD4 T cells,0.9983176,CD4 T cells,test
GACTCCTGGGTTAC-1,CD4 T cells,0.9998914,CD4 T cells,train
GACTCCTGTTATCC-1,CD4 T cells,0.99902844,CD4 T cells,train
GACTCCTGTTGGTG-1,CD14+ Monocytes,0.9997526,CD14+ Monocytes,train
GACTGAACCAATCG-1,CD14+ Monocytes,0.9996711,CD14+ Monocytes,train
GACTGATGTGATGC-1,CD4 T cells,0.9999033,CD4 T cells,train
GACTTTACATGCCA-1,CD4 T cells,0.99999297,CD4 T cells,train
GACTTTACGACAGG-1,B cells,0.99757713,B cells,train
GAGAAATGTTCTCA-1,B cells,0.9998275,B cells,train
GAGATAGAAAAAGC-1,CD14+ Monocytes,0.9988211,CD14+ Monocytes,train
GAGATCACGACAAA-1,FCGR3A+ Monocytes,0.9862066,FCGR3A+ Monocytes,test
GAGATGCTCTGGAT-1,CD8 T cells,0.9998617,CD8 T cells,train
GAGATGCTGAATGA-1,CD4 T cells,0.9999068,CD4 T cells,test
GAGCAGGATTCCCG-1,CD8 T cells,0.9993331,CD8 T cells,train
GAGCATACTTTGCT-1,CD4 T cells,0.96292424,CD4 T cells,train
GAGCGCACGCGTAT-1,CD14+ Monocytes,0.9998227,CD14+ Monocytes,train
GAGCGCACGGTGAG-1,CD8 T cells,0.8862146,CD4 T cells,test
GAGCGCTGAAGATG-1,NK cells,0.99996376,NK cells,train
GAGCGCTGTCTTAC-1,CD14+ Monocytes,0.9999324,CD14+ Monocytes,train
GAGCGGCTGGGAGT-1,B cells,0.99991703,B cells,test
GAGGACGACTCAGA-1,CD4 T cells,0.9819572,CD8 T cells,test
GAGGATCTGAAAGT-1,B cells,0.99866927,B cells,test
GAGGCAGACTTGCC-1,NK cells,0.64245605,CD8 T cells,test
GAGGGAACACCAGT-1,CD4 T cells,0.99227315,CD4 T cells,train
GAGGGAACGAGGGT-1,CD4 T cells,0.9784646,CD4 T cells,test
GAGGGATGGGAAAT-1,CD4 T cells,0.9986588,CD4 T cells,train
GAGGGCCTTCACCC-1,CD4 T cells,0.99063945,CD4 T cells,test
GAGGGTGAAGAGTA-1,CD4 T cells,0.99999905,CD4 T cells,test
GAGGTACTACGGTT-1,CD4 T cells,0.99950945,CD4 T cells,test
GAGGTACTACTCAG-1,CD14+ Monocytes,0.99990594,CD14+ Monocytes,test
GAGGTACTGACACT-1,NK cells,0.99800795,NK cells,train
GAGGTACTGGGAGT-1,CD4 T cells,0.99974805,CD4 T cells,test
GAGGTACTTAGCGT-1,CD14+ Monocytes,0.9978186,CD14+ Monocytes,train
GAGGTGGAGTACGT-1,CD4 T cells,0.99964666,CD4 T cells,test
GAGGTGGATCCTCG-1,NK cells,0.9967794,NK cells,test
GAGGTTACTCGTTT-1,CD14+ Monocytes,0.99740124,CD14+ Monocytes,train
GAGGTTTGTAAGCC-1,CD14+ Monocytes,0.99998045,CD14+ Monocytes,train
GAGTCAACCATTCT-1,CD4 T cells,0.999881,CD4 T cells,test
GAGTCAACGGGAGT-1,CD4 T cells,0.99527717,CD4 T cells,test
GAGTCTGATCGTGA-1,CD8 T cells,0.99673116,CD8 T cells,train
GAGTCTGATTTGGG-1,B cells,0.9996519,B cells,train
GAGTGACTCAGCTA-1,CD4 T cells,0.999498,CD4 T cells,train
GAGTGACTCGGTAT-1,CD8 T cells,0.9992618,CD8 T cells,test
GAGTGACTCTTGCC-1,B cells,0.99962795,B cells,train
GAGTGACTGACTAC-1,B cells,0.99905235,B cells,train
GAGTGACTGTCTAG-1,CD4 T cells,0.99998975,CD4 T cells,train
GAGTGGGAGTCTTT-1,B cells,0.99923635,B cells,train
GAGTGGGATGCCCT-1,CD4 T cells,0.99732155,CD4 T cells,train
GAGTGGGATGCTGA-1,B cells,0.99821717,B cells,test
GAGTGTTGCTGTAG-1,CD4 T cells,0.99984455,CD4 T cells,train
GAGTGTTGTGGTCA-1,CD4 T cells,0.9999685,CD4 T cells,test
GAGTTGTGCATGGT-1,CD14+ Monocytes,0.99974793,CD14+ Monocytes,train
GAGTTGTGCTGAGT-1,CD8 T cells,0.9982728,CD8 T cells,train
GAGTTGTGGCGAGA-1,CD14+ Monocytes,0.99995553,CD14+ Monocytes,train
GAGTTGTGGTAGCT-1,Megakaryocytes,0.9996308,Megakaryocytes,train
GAGTTGTGTATGCG-1,FCGR3A+ Monocytes,0.9996106,FCGR3A+ Monocytes,test
GATAAGGAGAAACA-1,CD14+ Monocytes,0.9997383,CD14+ Monocytes,train
GATAAGGATTCACT-1,CD14+ Monocytes,0.99997234,CD14+ Monocytes,train
GATACTCTATCGGT-1,CD4 T cells,0.99870896,CD4 T cells,train
GATACTCTTACTTC-1,CD4 T cells,0.9976088,CD4 T cells,test
GATACTCTTGACTG-1,CD14+ Monocytes,0.9999492,CD14+ Monocytes,test
GATAGAGAAGGGTG-1,NK cells,0.99618965,NK cells,train
GATAGAGACTGTGA-1,CD4 T cells,0.999966,CD4 T cells,test
GATAGAGATCACGA-1,CD14+ Monocytes,0.99777764,Dendritic cells,test
GATAGCACCCATAG-1,CD4 T cells,0.9999573,CD4 T cells,test
GATAGCACGAAGGC-1,CD14+ Monocytes,0.99889684,CD14+ Monocytes,train
GATAGCACTTGTCT-1,CD4 T cells,0.9999633,CD4 T cells,test
GATATAACAAGGTA-1,CD4 T cells,0.9999944,CD4 T cells,test
GATATAACACGCAT-1,CD4 T cells,0.9999553,CD4 T cells,train
GATATATGCTGGAT-1,CD4 T cells,0.9997408,CD4 T cells,test
GATATATGTCCGTC-1,CD8 T cells,0.99745995,CD8 T cells,train
GATATATGTGGAGG-1,CD4 T cells,0.9957318,CD4 T cells,train
GATATCCTAGAAGT-1,CD4 T cells,0.99995744,CD4 T cells,train
GATATCCTCCCGTT-1,CD14+ Monocytes,0.9992198,CD14+ Monocytes,train
GATATTGACAGGAG-1,CD8 T cells,0.715413,CD4 T cells,test
GATATTGACGAGTT-1,FCGR3A+ Monocytes,0.9996723,FCGR3A+ Monocytes,train
GATATTGAGCCAAT-1,CD4 T cells,0.9999995,CD4 T cells,train
GATCCCTGACCTTT-1,NK cells,0.99941015,NK cells,train
GATCCCTGTGTAGC-1,CD8 T cells,0.9778715,CD8 T cells,train
GATCCGCTGGTCAT-1,CD14+ Monocytes,0.99918,CD14+ Monocytes,train
GATCGAACCGAGAG-1,CD8 T cells,0.9928906,CD8 T cells,train
GATCGATGACTAGC-1,B cells,0.969399,B cells,test
GATCGATGGTAAAG-1,B cells,0.99982774,B cells,train
GATCGATGTAAGGA-1,CD14+ Monocytes,0.99989665,CD14+ Monocytes,train
GATCGTGACACTAG-1,CD4 T cells,0.99992573,CD4 T cells,test
GATCGTGATTCACT-1,CD4 T cells,0.9996388,CD4 T cells,train
GATCTACTGGTGAG-1,CD4 T cells,0.99773455,CD4 T cells,train
GATCTACTTTGCAG-1,B cells,0.9997305,B cells,train
GATCTTACACCCAA-1,FCGR3A+ Monocytes,0.99675447,FCGR3A+ Monocytes,train
GATCTTACCCTACC-1,CD4 T cells,0.9997429,CD4 T cells,train
GATCTTACGAATAG-1,CD14+ Monocytes,0.99960786,CD14+ Monocytes,train
GATCTTACGAGATA-1,CD14+ Monocytes,0.99970895,CD14+ Monocytes,test
GATGCAACTCCAGA-1,CD4 T cells,0.99993825,CD4 T cells,train
GATGCCCTACGTAC-1,CD4 T cells,0.9982413,CD4 T cells,train
GATGCCCTCTCATT-1,CD4 T cells,0.99997663,CD4 T cells,train
GATGCCCTGGCAAG-1,CD14+ Monocytes,0.9999541,CD14+ Monocytes,test
GATGCCCTTTTGCT-1,CD4 T cells,0.9992238,CD4 T cells,train
GATTACCTTGTTCT-1,CD4 T cells,0.9981304,CD4 T cells,train
GATTCGGAACGACT-1,CD4 T cells,0.9970337,CD4 T cells,train
GATTCGGACAGGAG-1,CD14+ Monocytes,0.99991834,CD14+ Monocytes,test
GATTCGGAGAAGGC-1,FCGR3A+ Monocytes,0.9983367,FCGR3A+ Monocytes,train
GATTCTTGATTCGG-1,CD14+ Monocytes,0.99425215,CD14+ Monocytes,train
GATTCTTGCCGATA-1,CD4 T cells,0.9889204,CD4 T cells,test
GATTCTTGCGAGTT-1,B cells,0.9999156,B cells,train
GATTGGACCCGTTC-1,B cells,0.9972447,B cells,train
GATTGGACGGTGTT-1,B cells,0.999358,B cells,test
GATTGGACTTTCGT-1,B cells,0.9999411,B cells,test
GATTGGTGTGTCAG-1,CD4 T cells,0.9991672,CD4 T cells,train
GATTTAGACACTCC-1,FCGR3A+ Monocytes,0.9996443,FCGR3A+ Monocytes,train
GATTTAGACTAAGC-1,B cells,0.9994894,B cells,train
GATTTAGATTCGTT-1,CD14+ Monocytes,0.999979,CD14+ Monocytes,train
GATTTGCTAACGAA-1,CD4 T cells,0.9966008,CD4 T cells,train
GATTTGCTAACGGG-1,CD14+ Monocytes,0.9997421,CD14+ Monocytes,train
GCAACCCTCCTCGT-1,CD14+ Monocytes,0.9996966,CD14+ Monocytes,train
GCAACTGATTGCGA-1,CD4 T cells,0.99981123,CD4 T cells,train
GCAAGACTACTGGT-1,CD4 T cells,0.9999187,CD8 T cells,test
GCAAGACTAGGTCT-1,CD4 T cells,0.999984,CD4 T cells,train
GCAAGACTCCCTTG-1,CD4 T cells,0.99992085,CD4 T cells,train
GCAATCGACTGCAA-1,CD8 T cells,0.9935241,CD8 T cells,train
GCAATCGAGACGTT-1,CD14+ Monocytes,0.73146653,CD14+ Monocytes,test
GCAATCGATCCTTA-1,CD14+ Monocytes,0.9992963,CD14+ Monocytes,train
GCAATTCTCGTGTA-1,CD4 T cells,0.999987,CD4 T cells,train
GCAATTCTTCTCCG-1,CD4 T cells,0.99968684,CD4 T cells,test
GCACAAACAATGCC-1,CD4 T cells,0.98472637,CD4 T cells,train
GCACAAACGGTACT-1,CD8 T cells,0.9955466,CD8 T cells,train
GCACAATGGTGCAT-1,CD14+ Monocytes,0.810288,Dendritic cells,test
GCACACCTGTGCTA-1,NK cells,0.99897456,NK cells,test
GCACCACTCATGAC-1,CD14+ Monocytes,0.9992605,CD14+ Monocytes,train
GCACCACTGTTTGG-1,CD14+ Monocytes,0.99784005,CD14+ Monocytes,train
GCACCACTTCCTTA-1,NK cells,0.99971265,NK cells,train
GCACCACTTTCGGA-1,CD14+ Monocytes,0.9982792,CD14+ Monocytes,test
GCACCTACGCGATT-1,CD4 T cells,0.9994017,CD4 T cells,train
GCACCTTGGCTGTA-1,CD4 T cells,0.9992149,CD4 T cells,train
GCACCTTGGGGAGT-1,CD14+ Monocytes,0.9990483,CD14+ Monocytes,train
GCACGGACCAGCTA-1,CD4 T cells,0.9983255,CD4 T cells,train
GCACGGTGACCTCC-1,CD4 T cells,0.9999609,CD4 T cells,train
GCACGGTGCTATGG-1,CD14+ Monocytes,0.99900454,CD14+ Monocytes,train
GCACTAGAACGGGA-1,CD4 T cells,0.9968651,CD4 T cells,train
GCACTAGAAGATGA-1,B cells,0.9998053,B cells,train
GCACTAGACCTTTA-1,FCGR3A+ Monocytes,0.9981926,FCGR3A+ Monocytes,test
GCACTAGACGTAAC-1,B cells,0.99463934,B cells,test
GCACTAGAGTCGTA-1,NK cells,0.7962769,NK cells,train
GCACTAGATGCAAC-1,CD4 T cells,0.9999926,CD4 T cells,train
GCACTGCTGAGGCA-1,CD8 T cells,0.99212873,CD8 T cells,train
GCAGATACAGCGTT-1,CD8 T cells,0.9999136,CD8 T cells,train
GCAGATACGACGGA-1,CD4 T cells,0.98715335,CD4 T cells,test
GCAGATACGCAGAG-1,CD4 T cells,0.9999732,CD4 T cells,train
GCAGCCGACAGTCA-1,CD4 T cells,0.9991744,CD4 T cells,test
GCAGCGTGCACTCC-1,CD4 T cells,0.99997556,CD4 T cells,test
GCAGCTCTCAATCG-1,CD4 T cells,0.99919814,CD4 T cells,train
GCAGCTCTGTTTCT-1,CD4 T cells,0.9998275,CD4 T cells,train
GCAGGGCTAAGAAC-1,CD4 T cells,0.9997991,CD4 T cells,train
GCAGGGCTAAGGGC-1,CD4 T cells,0.99992955,CD4 T cells,train
GCAGGGCTATCGAC-1,NK cells,0.9997558,NK cells,train
GCAGGGCTTGGGAG-1,CD8 T cells,0.99806064,CD8 T cells,train
GCAGTCCTAACTGC-1,CD4 T cells,0.9999893,CD4 T cells,train
GCAGTCCTCTCTTA-1,CD4 T cells,0.9999577,CD4 T cells,train
GCATCAGATGCGTA-1,CD8 T cells,0.99944514,CD8 T cells,train
GCATGTGACAAGCT-1,CD4 T cells,0.9996024,CD4 T cells,test
GCATTGGAGAAGGC-1,CD4 T cells,0.99989045,CD4 T cells,train
GCCAAAACGAGGCA-1,CD8 T cells,0.6068889,CD8 T cells,test
GCCAAATGATCGAC-1,CD8 T cells,0.9944793,CD8 T cells,train
GCCAACCTACGGTT-1,CD4 T cells,0.99990225,CD4 T cells,train
GCCAACCTCGCCTT-1,CD4 T cells,0.9998623,CD4 T cells,train
GCCACGGAGGCGAA-1,CD14+ Monocytes,0.99944276,CD14+ Monocytes,train
GCCACGGATACTGG-1,CD4 T cells,0.99979025,CD4 T cells,train
GCCACTACGTCTTT-1,CD4 T cells,0.9999957,CD4 T cells,test
GCCCAACTACCGAT-1,CD4 T cells,0.9993303,CD4 T cells,train
GCCCAACTATGGTC-1,CD8 T cells,0.9988568,CD8 T cells,train
GCCCATACAGCGTT-1,CD8 T cells,0.9984769,CD8 T cells,train
GCCGACGAACTCTT-1,CD14+ Monocytes,0.9956607,CD14+ Monocytes,test
GCCGAGTGCGTTGA-1,CD4 T cells,0.99921,CD8 T cells,test
GCCGGAACGAACTC-1,CD8 T cells,0.9999981,CD8 T cells,train
GCCGGAACGTTCTT-1,NK cells,0.999806,NK cells,train
GCCGGAACTGCACA-1,CD8 T cells,0.9714488,CD8 T cells,train
GCCGGAACTTACTC-1,CD4 T cells,0.9999212,CD4 T cells,train
GCCGTACTACCTGA-1,CD4 T cells,0.9999939,CD4 T cells,train
GCCGTACTGGCAAG-1,CD14+ Monocytes,0.9992618,CD14+ Monocytes,test
GCCTACACAGTTCG-1,NK cells,0.9995285,NK cells,train
GCCTACACCACTGA-1,FCGR3A+ Monocytes,0.9991555,FCGR3A+ Monocytes,train
GCCTACACCTTGAG-1,CD4 T cells,0.99994814,CD4 T cells,train
GCCTAGCTACGGAG-1,B cells,0.99943465,B cells,train
GCCTAGCTCTATTC-1,CD4 T cells,0.99980515,CD4 T cells,train
GCCTAGCTTCTCAT-1,CD4 T cells,0.9999013,CD4 T cells,test
GCCTAGCTTCTCTA-1,FCGR3A+ Monocytes,0.9999014,FCGR3A+ Monocytes,train
GCCTCAACCATGGT-1,CD4 T cells,0.99919504,CD4 T cells,train
GCCTCAACTCTTTG-1,CD8 T cells,0.9987846,CD8 T cells,train
GCCTCATGTCTTAC-1,CD8 T cells,0.99603695,CD8 T cells,train
GCCTGACTCTCAAG-1,CD14+ Monocytes,0.9999893,CD14+ Monocytes,train
GCGAAGGAACTCTT-1,CD4 T cells,0.9650282,CD4 T cells,train
GCGAAGGATGCCAA-1,CD4 T cells,0.9999018,CD4 T cells,train
GCGAGAGAGGGACA-1,CD4 T cells,0.99865085,CD4 T cells,test
GCGAGCACTGTCGA-1,B cells,0.99816185,B cells,test
GCGAGCACTTGACG-1,CD4 T cells,0.99998546,CD4 T cells,train
GCGAGCACTTGCTT-1,CD14+ Monocytes,0.99985456,CD14+ Monocytes,train
GCGATATGGTACGT-1,CD4 T cells,0.99989045,CD4 T cells,test
GCGATATGGTGTTG-1,CD4 T cells,0.99994457,CD4 T cells,train
GCGCACGAAGTCGT-1,CD4 T cells,0.9999651,CD4 T cells,train
GCGCACGACTTTAC-1,CD14+ Monocytes,0.9999255,CD14+ Monocytes,train
GCGCATCTAGGTCT-1,CD4 T cells,0.99162185,CD4 T cells,test
GCGCATCTGGTTAC-1,Megakaryocytes,0.9804222,Megakaryocytes,train
GCGCATCTTCGATG-1,CD4 T cells,0.9996252,CD4 T cells,train
GCGCATCTTGCTCC-1,NK cells,0.998917,NK cells,test
GCGCATCTTTCTAC-1,CD4 T cells,0.9999896,CD4 T cells,train
GCGCGAACGTTCTT-1,B cells,0.9998215,B cells,train
GCGCGATGAACGGG-1,CD4 T cells,0.9999651,CD4 T cells,train
GCGCGATGGTGCAT-1,NK cells,0.99784946,NK cells,train
GCGGAGCTCCTGAA-1,CD4 T cells,0.9999975,CD4 T cells,train
GCGGCAACCCGATA-1,CD4 T cells,0.99999595,CD4 T cells,train
GCGGCAACGGAGGT-1,B cells,0.9985808,B cells,train
GCGGCAACTGTCGA-1,CD14+ Monocytes,0.9998766,CD14+ Monocytes,train
GCGTAAACACGGTT-1,Dendritic cells,0.99830085,Dendritic cells,train
GCGTAATGCACCAA-1,FCGR3A+ Monocytes,0.9934395,FCGR3A+ Monocytes,test
GCGTATGAACACCA-1,CD4 T cells,0.9739584,CD4 T cells,test
GCGTATGATGAGAA-1,CD14+ Monocytes,0.999767,CD14+ Monocytes,train
GCTACAGAAAGGTA-1,CD4 T cells,0.99999,CD4 T cells,test
GCTACAGAATCTTC-1,B cells,0.99787974,B cells,train
GCTACCTGAGAAGT-1,CD14+ Monocytes,0.99981636,CD14+ Monocytes,train
GCTACCTGATCACG-1,CD4 T cells,0.9999355,CD4 T cells,train
GCTACGCTAGAATG-1,CD4 T cells,0.9997477,CD4 T cells,test
GCTACGCTAGCTAC-1,CD4 T cells,0.9906922,CD4 T cells,train
GCTACGCTCCCTAC-1,CD4 T cells,0.99999654,CD4 T cells,test
GCTAGAACAGAGGC-1,B cells,0.99984205,B cells,train
GCTAGAACGGATCT-1,CD4 T cells,0.9999747,CD4 T cells,train
GCTAGAACTCCCGT-1,CD4 T cells,0.99907136,CD4 T cells,train
GCTAGATGAGCTCA-1,CD14+ Monocytes,0.99998105,CD14+ Monocytes,train
GCTAGATGGCGATT-1,CD8 T cells,0.9831866,CD8 T cells,test
GCTATACTAAGGCG-1,CD4 T cells,0.99999106,CD4 T cells,test
GCTATACTAGCGTT-1,CD8 T cells,0.99985886,CD8 T cells,train
GCTATACTCTCTTA-1,CD4 T cells,0.9999621,CD4 T cells,train
GCTATACTGGACGA-1,CD4 T cells,0.99024206,CD4 T cells,train
GCTCAAGAACCATG-1,FCGR3A+ Monocytes,0.7094965,B cells,test
GCTCAAGAAGTCAC-1,CD14+ Monocytes,0.98875856,CD14+ Monocytes,train
GCTCAGCTGTCTAG-1,CD4 T cells,0.9999722,CD4 T cells,train
GCTCCATGAGAAGT-1,CD8 T cells,0.99902594,CD8 T cells,train
GCTCCATGCCGAAT-1,CD4 T cells,0.99996495,CD4 T cells,test
GCTCGACTCTAGTG-1,CD14+ Monocytes,0.99980265,CD14+ Monocytes,train
GCTGATGAGGTATC-1,CD14+ Monocytes,0.9997008,CD14+ Monocytes,train
GCTTAACTACAGTC-1,CD14+ Monocytes,0.999863,CD14+ Monocytes,train
GCTTAACTACTGGT-1,CD8 T cells,0.9997727,CD8 T cells,train
GCTTAACTGCTGAT-1,CD4 T cells,0.9995338,CD4 T cells,test
GCTTAACTTAGACC-1,CD14+ Monocytes,0.9995227,CD14+ Monocytes,test
GCTTAACTTCAGTG-1,CD4 T cells,0.9991279,CD4 T cells,train
GGAACACTCACTTT-1,CD14+ Monocytes,0.9997689,CD14+ Monocytes,train
GGAACACTTCAGAC-1,Megakaryocytes,0.9958912,Megakaryocytes,test
GGAACTACTACTTC-1,CD4 T cells,0.9994491,CD4 T cells,train
GGAACTTGAAGGTA-1,CD14+ Monocytes,0.9989945,CD14+ Monocytes,train
GGAACTTGAGAATG-1,CD4 T cells,0.99971396,CD4 T cells,train
GGAACTTGCTCCAC-1,CD14+ Monocytes,0.9960582,CD14+ Monocytes,train
GGAACTTGGGTAGG-1,B cells,0.99994516,B cells,train
GGAAGGACATCGGT-1,CD14+ Monocytes,0.99984443,CD14+ Monocytes,test
GGAAGGACCACTAG-1,CD4 T cells,0.9986008,CD4 T cells,train
GGAAGGACGAGGGT-1,CD4 T cells,0.99927896,CD4 T cells,train
GGAAGGACGCGAAG-1,CD8 T cells,0.99469745,CD8 T cells,train
GGAAGGTGGCGAGA-1,NK cells,0.9996619,NK cells,train
GGAATCTGAAGGGC-1,CD4 T cells,0.9973592,CD4 T cells,train
GGAATCTGAGGAGC-1,CD4 T cells,0.9999373,CD4 T cells,test
GGAATCTGCTTAGG-1,B cells,0.9996138,B cells,train
GGAATCTGCTTGTT-1,CD14+ Monocytes,0.9999331,CD14+ Monocytes,train
GGAATCTGGGAGGT-1,CD4 T cells,0.9999702,CD4 T cells,train
GGAATGCTTTCTAC-1,CD4 T cells,0.99984133,CD4 T cells,test
GGACAGGAAAGGGC-1,CD8 T cells,0.99930835,CD8 T cells,train
GGACAGGAGTGCTA-1,B cells,0.9996817,B cells,train
GGACAGGATCTCGC-1,CD4 T cells,0.99994326,CD4 T cells,train
GGACCCGAAGCTAC-1,CD14+ Monocytes,0.9978223,CD14+ Monocytes,train
GGACCGTGCTTACT-1,CD14+ Monocytes,0.9991505,CD14+ Monocytes,train
GGACCGTGGGAACG-1,Dendritic cells,0.9506806,Dendritic cells,test
GGACCGTGTAACGC-1,CD4 T cells,0.9985663,CD4 T cells,test
GGACCTCTGTAAGA-1,CD14+ Monocytes,0.990301,CD14+ Monocytes,train
GGACCTCTTTTCTG-1,CD8 T cells,0.9968509,CD8 T cells,test
GGACGAGAGTGTCA-1,CD14+ Monocytes,0.9993482,CD14+ Monocytes,test
GGACGCTGACGCAT-1,CD8 T cells,0.9999757,CD8 T cells,test
GGACGCTGCTAGCA-1,CD4 T cells,0.99948823,CD4 T cells,test
GGACGCTGTCCTCG-1,NK cells,0.9996617,NK cells,train
GGAGAGACGTGAGG-1,B cells,0.97275025,B cells,train
GGAGCAGATTCAGG-1,B cells,0.99823654,B cells,train
GGAGCCACCTTCTA-1,B cells,0.96261376,B cells,test
GGAGCGCTACGCAT-1,CD14+ Monocytes,0.99983585,CD14+ Monocytes,train
GGAGCGCTCCGAAT-1,CD4 T cells,0.99996686,CD8 T cells,test
GGAGGATGCCACCT-1,CD4 T cells,0.99998,CD4 T cells,test
GGAGGATGGTTGAC-1,CD14+ Monocytes,0.99991477,CD14+ Monocytes,test
GGAGGATGTCAGTG-1,CD14+ Monocytes,0.9997955,CD14+ Monocytes,train
GGAGGCCTCGTTGA-1,NK cells,0.9987205,NK cells,train
GGAGGCCTTTCTTG-1,CD4 T cells,0.99997604,CD4 T cells,train
GGAGGTGATACGCA-1,CD4 T cells,0.99979,CD4 T cells,test
GGAGGTGATCGCTC-1,CD4 T cells,0.97835344,CD4 T cells,test
GGATACTGCAGCTA-1,CD4 T cells,0.9907245,CD8 T cells,test
GGATACTGTCTAGG-1,CD4 T cells,0.9996007,CD4 T cells,train
GGATAGCTCGTCTC-1,CD4 T cells,0.9999833,CD4 T cells,train
GGATAGCTCTGAAC-1,CD8 T cells,0.99968827,CD8 T cells,train
GGATGTACCAAAGA-1,B cells,0.99503857,B cells,train
GGATGTACGCGAAG-1,CD4 T cells,0.99977463,CD4 T cells,train
GGATGTACGTCTTT-1,CD14+ Monocytes,0.9999565,CD14+ Monocytes,train
GGATGTACGTGTCA-1,CD8 T cells,0.9996506,CD4 T cells,train
GGATTTCTAGGTTC-1,CD4 T cells,0.99910754,CD4 T cells,train
GGATTTCTTTGTCT-1,CD14+ Monocytes,0.97555554,CD14+ Monocytes,train
GGCAAGGAAAAAGC-1,NK cells,0.99987483,NK cells,train
GGCAAGGAAGAAGT-1,CD4 T cells,0.9996019,CD4 T cells,train
GGCAAGGACTTGGA-1,Dendritic cells,0.9745712,Dendritic cells,train
GGCAAGGAGGACTT-1,CD4 T cells,0.99998295,CD4 T cells,test
GGCAATACGCTAAC-1,B cells,0.9998387,B cells,train
GGCAATACGGCATT-1,CD8 T cells,0.9931143,CD8 T cells,train
GGCAATACGTTTCT-1,B cells,0.999387,B cells,train
GGCACGTGGCTTAG-1,FCGR3A+ Monocytes,0.9965668,FCGR3A+ Monocytes,train
GGCACTCTTTTGTC-1,CD4 T cells,0.99990964,CD4 T cells,train
GGCATATGCTTATC-1,NK cells,0.99918836,NK cells,train
GGCATATGGGGAGT-1,Megakaryocytes,0.9976756,Megakaryocytes,train
GGCATATGTGTGAC-1,CD8 T cells,0.99126667,CD8 T cells,train
GGCCACGACAGAGG-1,CD4 T cells,0.99999297,CD4 T cells,train
GGCCAGACTGGTTG-1,CD4 T cells,0.9998049,CD4 T cells,train
GGCCCAGAAAGTAG-1,CD14+ Monocytes,0.9997279,CD14+ Monocytes,train
GGCCGAACAACGAA-1,CD4 T cells,0.99992824,CD4 T cells,train
GGCCGAACGCAGAG-1,CD4 T cells,0.99996686,CD4 T cells,train
GGCCGAACGTAGGG-1,CD4 T cells,0.99999714,CD4 T cells,train
GGCCGAACTCTAGG-1,NK cells,0.9996656,NK cells,train
GGCCGATGCAGGAG-1,CD4 T cells,0.9998171,CD4 T cells,train
GGCCGATGCCGAAT-1,CD4 T cells,0.99984527,CD4 T cells,train
GGCCGATGTACTCT-1,CD8 T cells,0.9999039,CD8 T cells,train
GGCGACACTGCCCT-1,CD8 T cells,0.5303164,CD8 T cells,train
GGCGACTGCGTAAC-1,CD4 T cells,0.98925054,CD4 T cells,train
GGCGCATGCCTAAG-1,FCGR3A+ Monocytes,0.99958915,FCGR3A+ Monocytes,train
GGCGCATGCTCCAC-1,CD4 T cells,0.99938965,CD4 T cells,test
GGCGCATGTGGAAA-1,CD4 T cells,0.99990356,CD4 T cells,train
GGCGGACTAGAGGC-1,CD4 T cells,0.9971775,CD4 T cells,train
GGCGGACTAGGAGC-1,CD8 T cells,0.9997981,CD8 T cells,train
GGCGGACTCTGACA-1,CD4 T cells,0.9997836,CD4 T cells,train
GGCGGACTCTTGGA-1,CD8 T cells,0.99965775,CD8 T cells,train
GGCGGACTTACTGG-1,CD4 T cells,0.9999523,CD4 T cells,test
GGCGGACTTGAACC-1,CD4 T cells,0.99999607,CD4 T cells,train
GGCTAAACACCTGA-1,NK cells,0.9998934,NK cells,train
GGCTAAACTCTTAC-1,CD4 T cells,0.99967945,CD4 T cells,train
GGCTAATGAGCACT-1,CD4 T cells,0.78988135,CD8 T cells,test
GGCTAATGGTCTAG-1,CD4 T cells,0.9998233,CD4 T cells,train
GGCTCACTACTCAG-1,CD14+ Monocytes,0.9981964,CD14+ Monocytes,test
GGGAACGAAGCTCA-1,FCGR3A+ Monocytes,0.9996376,FCGR3A+ Monocytes,test
GGGAACGACACAAC-1,B cells,0.99967456,B cells,train
GGGAACGAGTGTCA-1,CD14+ Monocytes,0.9999105,CD14+ Monocytes,test
GGGAAGTGTTGAGC-1,CD14+ Monocytes,0.9997675,CD14+ Monocytes,train
GGGACCACACGTTG-1,CD8 T cells,0.9586452,CD8 T cells,test
GGGACCACAGAACA-1,CD4 T cells,0.9996158,CD4 T cells,train
GGGACCACGAATAG-1,CD4 T cells,0.99902964,CD4 T cells,test
GGGACCACGTCATG-1,CD4 T cells,0.9998907,CD4 T cells,train
GGGACCACTCAAGC-1,CD4 T cells,0.99975353,CD4 T cells,train
GGGACCACTCGTGA-1,CD4 T cells,0.9999956,CD4 T cells,train
GGGACCACTGCATG-1,CD4 T cells,0.99589324,CD4 T cells,train
GGGACCTGACCCTC-1,CD14+ Monocytes,0.99989915,CD14+ Monocytes,test
GGGACCTGCTTGCC-1,CD4 T cells,0.9995597,CD4 T cells,test
GGGACCTGTGGAGG-1,B cells,0.9997979,B cells,test
GGGATGGACGACAT-1,B cells,0.99901617,B cells,train
GGGATGGATACTTC-1,CD4 T cells,0.999998,CD4 T cells,train
GGGATGGATGGTTG-1,CD14+ Monocytes,0.999041,CD14+ Monocytes,train
GGGATTACGTCTAG-1,CD4 T cells,0.99976987,CD4 T cells,test
GGGCAAGATGCATG-1,CD14+ Monocytes,0.99981815,CD14+ Monocytes,train
GGGCACACGGTGAG-1,CD4 T cells,0.88485456,CD4 T cells,train
GGGCACACGTTGCA-1,CD4 T cells,0.9993918,CD4 T cells,train
GGGCAGCTTGGGAG-1,CD8 T cells,0.9993137,CD8 T cells,train
GGGCAGCTTTTCTG-1,CD4 T cells,0.9999713,CD4 T cells,train
GGGCCAACCTTGGA-1,Dendritic cells,0.99297637,Dendritic cells,train
GGGCCAACGCGTTA-1,B cells,0.9997154,B cells,train
GGGCCAACTACGCA-1,CD14+ Monocytes,0.9996074,CD14+ Monocytes,train
GGGCCAACTCCAAG-1,B cells,0.99963045,B cells,train
GGGCCATGATGGTC-1,CD4 T cells,0.994987,CD8 T cells,test
GGGCCATGTTGACG-1,CD4 T cells,0.9999908,CD4 T cells,test
GGGTAACTCAGCTA-1,CD4 T cells,0.9997569,CD4 T cells,train
GGGTAACTCTAGTG-1,B cells,0.999686,B cells,test
GGGTAACTCTGGAT-1,CD4 T cells,0.9999343,CD4 T cells,train
GGGTTAACGTGCAT-1,NK cells,0.9408779,NK cells,test
GGTAAAGAGCTAAC-1,CD8 T cells,0.99644995,NK cells,test
GGTACAACTGCAAC-1,CD4 T cells,0.9998659,CD4 T cells,train
GGTACATGAAAGCA-1,B cells,0.9993974,B cells,train
GGTACATGAGCTCA-1,CD4 T cells,0.9986986,CD4 T cells,train
GGTACATGCGGTAT-1,CD4 T cells,0.999884,CD4 T cells,train
GGTACATGGTTACG-1,CD8 T cells,0.9999119,CD8 T cells,train
GGTACATGTGGGAG-1,CD4 T cells,0.99841726,CD4 T cells,train
GGTACTGAACTCTT-1,CD14+ Monocytes,0.99996054,CD14+ Monocytes,test
GGTAGTACACCACA-1,CD4 T cells,0.6067899,CD8 T cells,test
GGTAGTACACTAGC-1,CD14+ Monocytes,0.99989533,CD14+ Monocytes,train
GGTAGTACCCTGTC-1,CD4 T cells,0.9976052,CD4 T cells,test
GGTAGTACGCCATA-1,CD14+ Monocytes,0.9998735,CD14+ Monocytes,train
GGTAGTACTGTCTT-1,CD8 T cells,0.8014221,CD8 T cells,test
GGTATCGAGACAAA-1,CD14+ Monocytes,0.99965453,CD14+ Monocytes,test
GGTATCGATGAACC-1,B cells,0.99932456,B cells,train
GGTCAAACCAAAGA-1,CD4 T cells,0.99999666,CD4 T cells,train
GGTCTAGAGAAACA-1,CD14+ Monocytes,0.997712,CD14+ Monocytes,test
GGTCTAGATAGCGT-1,CD14+ Monocytes,0.98977125,CD14+ Monocytes,train
GGTGATACCGACTA-1,B cells,0.9998605,B cells,train
GGTGATACGACTAC-1,CD14+ Monocytes,0.9996209,CD14+ Monocytes,train
GGTGATACTGTTTC-1,CD4 T cells,0.99801636,CD4 T cells,test
GGTGGAGAAACGGG-1,NK cells,0.99854785,NK cells,train
GGTGGAGAAGTAGA-1,CD4 T cells,0.9997334,CD4 T cells,train
GGTGGAGACAGATC-1,NK cells,0.8151338,CD8 T cells,test
GGTGGAGATCGATG-1,CD4 T cells,0.99672616,CD4 T cells,test
GGTGGAGATCTCTA-1,CD14+ Monocytes,0.99964035,CD14+ Monocytes,train
GGTGGAGATTACTC-1,CD8 T cells,0.9943961,CD8 T cells,train
GGTTTACTACGCAT-1,CD8 T cells,0.9942853,CD8 T cells,test
GTAACGTGACCTCC-1,CD14+ Monocytes,0.9928844,CD14+ Monocytes,train
GTAACGTGATCGGT-1,B cells,0.99962366,B cells,train
GTAACGTGCAGCTA-1,B cells,0.9981213,B cells,test
GTAACGTGGTTGAC-1,B cells,0.99639755,B cells,test
GTAAGCACAACGGG-1,CD4 T cells,0.9999734,CD4 T cells,train
GTAAGCACTCATTC-1,B cells,0.99995196,B cells,train
GTAAGCTGGTACCA-1,CD14+ Monocytes,0.9988939,CD14+ Monocytes,test
GTAATAACCTTCTA-1,CD14+ Monocytes,0.9977507,CD14+ Monocytes,test
GTAATAACGTTGTG-1,CD4 T cells,0.9990397,CD4 T cells,train
GTACCCTGACAGTC-1,FCGR3A+ Monocytes,0.99983346,FCGR3A+ Monocytes,train
GTACCCTGGAGCTT-1,CD4 T cells,0.9984491,CD4 T cells,train
GTACCCTGTCCTTA-1,CD8 T cells,0.99835795,CD8 T cells,train
GTACCCTGTGAACC-1,CD4 T cells,0.9995172,CD4 T cells,train
GTACGTGAACGTTG-1,CD8 T cells,0.9998665,CD8 T cells,train
GTACTTTGTCGACA-1,CD8 T cells,0.99841607,CD8 T cells,train
GTAGACTGAGATGA-1,CD14+ Monocytes,0.9961469,CD14+ Monocytes,test
GTAGACTGTATTCC-1,CD4 T cells,0.9999949,CD4 T cells,test
GTAGCAACAGTCGT-1,CD14+ Monocytes,0.99926704,CD14+ Monocytes,train
GTAGCAACCATTTC-1,B cells,0.99964345,B cells,train
GTAGCAACGGTAGG-1,CD14+ Monocytes,0.9991911,CD14+ Monocytes,train
GTAGCATGCACTCC-1,B cells,0.99961567,B cells,train
GTAGCATGTAAGCC-1,CD14+ Monocytes,0.99985814,CD14+ Monocytes,train
GTAGCCCTGACGTT-1,CD4 T cells,0.9920386,CD4 T cells,train
GTAGCTGAAGCTAC-1,FCGR3A+ Monocytes,0.999057,FCGR3A+ Monocytes,train
GTAGCTGAATTCGG-1,CD4 T cells,0.99998903,CD4 T cells,train
GTAGGTACACGGGA-1,CD14+ Monocytes,0.99997544,CD14+ Monocytes,test
GTAGTGACCTCATT-1,CD4 T cells,0.9999858,CD4 T cells,test
GTAGTGTGAGCGGA-1,NK cells,0.99921274,NK cells,train
GTAGTGTGAGGCGA-1,CD14+ Monocytes,0.99981433,CD14+ Monocytes,train
GTAGTGTGTGGTTG-1,CD4 T cells,0.9994272,CD4 T cells,train
GTATCACTGGTAGG-1,CD14+ Monocytes,0.99993324,CD14+ Monocytes,test
GTATCTACAGAAGT-1,CD8 T cells,0.995398,CD8 T cells,train
GTATCTACGACGAG-1,CD8 T cells,0.9999907,CD8 T cells,train
GTATCTACGTTACG-1,CD4 T cells,0.9963961,CD4 T cells,test
GTATTAGAAACAGA-1,CD4 T cells,0.9892151,CD4 T cells,train
GTATTAGAGGTCTA-1,CD4 T cells,0.9999486,CD4 T cells,train
GTATTCACACAGCT-1,CD4 T cells,0.99936634,CD4 T cells,train
GTATTCACGGGTGA-1,CD8 T cells,0.99972767,CD8 T cells,train
GTCAACGACACTGA-1,CD4 T cells,0.9996259,CD4 T cells,train
GTCAACGAGTGTAC-1,CD14+ Monocytes,0.9999913,CD14+ Monocytes,train
GTCAATCTACACCA-1,CD8 T cells,0.9999435,CD8 T cells,train
GTCAATCTGTAGCT-1,CD8 T cells,0.9673236,CD8 T cells,test
GTCAATCTTGTGGT-1,CD4 T cells,0.9995665,CD4 T cells,train
GTCACCTGCCTCCA-1,CD4 T cells,0.9999862,CD4 T cells,train
GTCACCTGTCCCGT-1,CD4 T cells,0.9997292,CD4 T cells,test
GTCATACTAATCGC-1,B cells,0.9984983,B cells,train
GTCATACTGCGATT-1,CD8 T cells,0.79213005,CD8 T cells,test
GTCATACTTCGCCT-1,Megakaryocytes,0.99900633,Megakaryocytes,test
GTCATACTTTACCT-1,CD8 T cells,0.999204,CD8 T cells,train
GTCATACTTTGACG-1,CD4 T cells,0.99973863,CD4 T cells,train
GTCCAAGAAAAACG-1,CD4 T cells,0.99998116,CD4 T cells,test
GTCCACTGACCTCC-1,CD8 T cells,0.99282795,CD8 T cells,train
GTCCACTGGGTACT-1,FCGR3A+ Monocytes,0.7143898,FCGR3A+ Monocytes,test
GTCCAGCTACGGGA-1,CD4 T cells,0.9999894,CD4 T cells,train
GTCCCATGTGGTGT-1,CD14+ Monocytes,0.98949814,CD14+ Monocytes,train
GTCGAATGAAGGCG-1,CD14+ Monocytes,0.99951625,CD14+ Monocytes,test
GTCGACCTGAATGA-1,NK cells,0.9994221,NK cells,train
GTCGACCTGTTCAG-1,CD8 T cells,0.8046553,CD4 T cells,train
GTCGCACTTGAGAA-1,B cells,0.99984586,B cells,train
GTCTAACTGGTCTA-1,CD14+ Monocytes,0.9819641,CD14+ Monocytes,train
GTCTAGGAGCTTCC-1,CD14+ Monocytes,0.99847823,CD14+ Monocytes,train
GTGAACACACTCTT-1,CD4 T cells,0.9999956,CD4 T cells,train
GTGAACACTCAGGT-1,CD4 T cells,0.999421,CD4 T cells,test
GTGACCCTTAAGCC-1,CD8 T cells,0.99795437,CD8 T cells,train
GTGATGACAAGTGA-1,CD4 T cells,0.5930135,CD4 T cells,test
GTGATGACCTGAGT-1,B cells,0.99964464,B cells,test
GTGATGACGGTTTG-1,CD8 T cells,0.9997931,CD8 T cells,train
GTGATTCTCATTTC-1,CD4 T cells,0.99953437,CD4 T cells,train
GTGATTCTCTCTCG-1,CD14+ Monocytes,0.9999045,CD14+ Monocytes,train
GTGATTCTGGTTCA-1,NK cells,0.99982303,NK cells,train
GTGATTCTGTCGAT-1,CD4 T cells,0.9998772,CD4 T cells,train
GTGATTCTTAGCGT-1,B cells,0.999551,B cells,test
GTGCCACTCAGGAG-1,CD4 T cells,0.99975556,CD4 T cells,test
GTGGATTGCACTAG-1,FCGR3A+ Monocytes,0.9993979,FCGR3A+ Monocytes,train
GTGGATTGCGGAGA-1,CD4 T cells,0.99998915,CD4 T cells,train
GTGGATTGTAACGC-1,CD4 T cells,0.9999763,CD4 T cells,train
GTGTACGATCAGTG-1,CD4 T cells,0.99933606,CD4 T cells,train
GTGTAGTGGGTACT-1,CD4 T cells,0.99700266,CD4 T cells,test
GTGTATCTAGCCTA-1,B cells,0.9995363,B cells,test
GTGTATCTAGTAGA-1,CD8 T cells,0.995749,CD8 T cells,train
GTGTATCTGTTACG-1,B cells,0.9987178,B cells,test
GTGTCAGAAGCGTT-1,CD8 T cells,0.99645245,CD8 T cells,train
GTTAAAACCGAGAG-1,NK cells,0.99878246,NK cells,test
GTTAAATGCTCGAA-1,CD4 T cells,0.98657113,CD4 T cells,train
GTTAAATGTCGACA-1,B cells,0.9998598,B cells,train
GTTAACCTAGCTAC-1,CD4 T cells,0.9968773,CD4 T cells,train
GTTAACCTTGCTTT-1,Dendritic cells,0.9648415,Dendritic cells,test
GTTAGGTGCACTCC-1,CD4 T cells,0.99987686,CD4 T cells,train
GTTAGGTGCCAGTA-1,CD14+ Monocytes,0.9998436,CD14+ Monocytes,train
GTTAGGTGCCCAAA-1,FCGR3A+ Monocytes,0.999086,FCGR3A+ Monocytes,train
GTTAGGTGGAACTC-1,B cells,0.99759823,B cells,test
GTTAGTCTAAGAAC-1,CD8 T cells,0.9986154,CD8 T cells,test
GTTATAGAGGACAG-1,CD4 T cells,0.9998685,CD4 T cells,train
GTTATGCTTTCATC-1,CD4 T cells,0.99998057,CD4 T cells,test
GTTCAACTGGGACA-1,NK cells,0.9994068,NK cells,train
GTTCAACTTATGCG-1,CD4 T cells,0.99200904,CD4 T cells,train
GTTGACGAGCCCTT-1,NK cells,0.99576735,NK cells,train
GTTGACGATATCGG-1,NK cells,0.9996295,NK cells,test
GTTGAGTGGTCTTT-1,CD14+ Monocytes,0.9807115,CD14+ Monocytes,train
GTTGAGTGTGCTTT-1,CD4 T cells,0.99988794,CD4 T cells,test
GTTGATCTGGGACA-1,CD4 T cells,0.9977769,CD4 T cells,train
GTTGATCTTTTCAC-1,CD8 T cells,0.99882835,CD8 T cells,train
GTTGGATGTTTACC-1,FCGR3A+ Monocytes,0.9987337,FCGR3A+ Monocytes,train
GTTGTACTATTCCT-1,CD14+ Monocytes,0.9984894,CD14+ Monocytes,test
GTTGTACTTTTGGG-1,CD4 T cells,0.9999913,CD4 T cells,train
GTTTAAGACCATGA-1,CD14+ Monocytes,0.99983096,CD14+ Monocytes,train
GTTTAAGACTGTCC-1,CD8 T cells,0.9987042,CD8 T cells,train
TAAACAACCAACCA-1,CD4 T cells,0.99794656,CD4 T cells,train
TAAACAACGAATCC-1,B cells,0.9998246,B cells,train
TAAAGACTCAGGAG-1,CD8 T cells,0.82155526,CD4 T cells,test
TAAATCGATGAGGG-1,CD4 T cells,0.9999937,CD4 T cells,test
TAACAATGTGCCCT-1,B cells,0.9998523,B cells,test
TAACACCTTCGCTC-1,CD14+ Monocytes,0.9999697,CD14+ Monocytes,train
TAACACCTTCGTAG-1,CD14+ Monocytes,0.9999089,CD14+ Monocytes,train
TAACACCTTGTTTC-1,Megakaryocytes,0.99909043,Megakaryocytes,train
TAACATGACACTAG-1,B cells,0.9927551,B cells,train
TAACCGGACTTACT-1,CD4 T cells,0.99999094,CD4 T cells,test
TAACGTCTCAACCA-1,CD14+ Monocytes,0.9993049,CD14+ Monocytes,test
TAACGTCTCATTGG-1,CD4 T cells,0.9999846,CD4 T cells,train
TAACTAGAATTTCC-1,CD4 T cells,0.9991854,CD4 T cells,train
TAACTAGACTTAGG-1,CD4 T cells,0.99988675,CD4 T cells,train
TAACTAGATCTGGA-1,CD4 T cells,0.99954236,CD4 T cells,train
TAACTCACGAGGAC-1,CD14+ Monocytes,0.9999486,CD14+ Monocytes,train
TAACTCACGTACAC-1,B cells,0.99839884,B cells,test
TAACTCACGTATCG-1,CD14+ Monocytes,0.9993554,CD14+ Monocytes,test
TAACTCACTCTACT-1,NK cells,0.99836725,NK cells,train
TAAGAACTGTGTCA-1,CD14+ Monocytes,0.9995461,CD14+ Monocytes,train
TAAGAGGACTAAGC-1,B cells,0.99774456,B cells,test
TAAGAGGACTTGTT-1,NK cells,0.99115115,NK cells,test
TAAGATACGGTTCA-1,CD14+ Monocytes,0.9997271,CD14+ Monocytes,test
TAAGATTGCGTAGT-1,CD4 T cells,0.99990916,CD4 T cells,train
TAAGATTGTTGCTT-1,CD4 T cells,0.9902193,CD4 T cells,test
TAAGCGTGAGGTTC-1,CD14+ Monocytes,0.9991541,CD14+ Monocytes,train
TAAGCGTGGACAAA-1,CD14+ Monocytes,0.991715,CD14+ Monocytes,train
TAAGCGTGGGAAAT-1,CD4 T cells,0.99603647,CD4 T cells,train
TAAGCGTGTGCTCC-1,FCGR3A+ Monocytes,0.99908984,FCGR3A+ Monocytes,train
TAAGGCTGCCATGA-1,CD4 T cells,0.62772155,CD8 T cells,test
TAAGGCTGCTGCTC-1,CD4 T cells,0.99997056,CD4 T cells,train
TAAGGCTGTCTCGC-1,CD14+ Monocytes,0.99565214,CD14+ Monocytes,test
TAAGGGCTGCTGTA-1,CD4 T cells,0.9878814,CD4 T cells,train
TAAGGGCTTTACTC-1,CD4 T cells,0.99428445,CD4 T cells,test
TAAGTAACCGAGAG-1,B cells,0.9996643,B cells,test
TAAGTAACCTCCAC-1,B cells,0.99967074,B cells,train
TAAGTAACCTGTAG-1,CD4 T cells,0.99941695,CD4 T cells,test
TAAGTAACTTGTCT-1,CD4 T cells,0.99906784,CD4 T cells,train
TAATGATGAGCGGA-1,CD4 T cells,0.99661785,CD4 T cells,test
TAATGCCTCATGAC-1,CD4 T cells,0.99412316,CD4 T cells,train
TAATGCCTCGTCTC-1,NK cells,0.99819034,NK cells,train
TAATGTGAAGATGA-1,CD4 T cells,0.9999869,CD4 T cells,test
TAATGTGACTGCAA-1,CD14+ Monocytes,0.9986248,CD14+ Monocytes,train
TAATGTGATTACTC-1,CD4 T cells,0.75546646,CD8 T cells,test
TACAAATGGGTACT-1,CD4 T cells,0.9989029,CD4 T cells,train
TACAATGAAAACAG-1,CD14+ Monocytes,0.9999547,CD14+ Monocytes,train
TACAATGACTTAGG-1,CD4 T cells,0.9975178,CD4 T cells,train
TACAATGATGCTAG-1,CD8 T cells,0.99902594,CD8 T cells,test
TACACACTCACACA-1,CD4 T cells,0.9992311,CD4 T cells,test
TACACACTCTTACT-1,CD4 T cells,0.99872017,CD4 T cells,train
TACATAGAACGCAT-1,CD8 T cells,0.99975485,CD8 T cells,train
TACATCACACGGGA-1,CD4 T cells,0.99952304,CD4 T cells,test
TACATCACCTGTTT-1,FCGR3A+ Monocytes,0.9998323,FCGR3A+ Monocytes,test
TACATCACGCTAAC-1,B cells,0.9998517,B cells,train
TACATCACTGAACC-1,FCGR3A+ Monocytes,0.99403024,FCGR3A+ Monocytes,train
TACCATTGAGGTTC-1,CD4 T cells,0.9999616,CD4 T cells,test
TACCATTGCGGGAA-1,CD14+ Monocytes,0.99562645,CD14+ Monocytes,test
TACCATTGGGGATG-1,CD14+ Monocytes,0.99968386,CD14+ Monocytes,test
TACCATTGTGAGGG-1,CD14+ Monocytes,0.98262906,CD14+ Monocytes,train
TACCGGCTGTTGGT-1,CD4 T cells,0.999358,CD4 T cells,test
TACGAGTGATCTCT-1,CD4 T cells,0.99712795,CD4 T cells,train
TACGAGTGATGCTG-1,CD14+ Monocytes,0.99892884,CD14+ Monocytes,train
TACGAGTGCGGAGA-1,CD4 T cells,0.99984884,CD4 T cells,test
TACGAGTGGTTGGT-1,CD4 T cells,0.9997174,CD4 T cells,train
TACGATCTAGTGTC-1,CD4 T cells,0.998978,CD4 T cells,train
TACGATCTCACTGA-1,CD14+ Monocytes,0.99764293,CD14+ Monocytes,train
TACGATCTTACGAC-1,NK cells,0.6366936,CD4 T cells,test
TACGCAGAGAATCC-1,NK cells,0.75805664,CD8 T cells,test
TACGCCACATTCCT-1,CD4 T cells,0.9795308,CD4 T cells,train
TACGCCACTCCCAC-1,FCGR3A+ Monocytes,0.9996094,FCGR3A+ Monocytes,test
TACGCCACTCCGAA-1,B cells,0.99981135,B cells,train
TACGGAACGCGTTA-1,B cells,0.9993992,B cells,test
TACGGCCTGGGACA-1,NK cells,0.99988306,NK cells,train
TACGTACTACGGAG-1,CD4 T cells,0.9665022,CD8 T cells,test
TACGTACTCAGTTG-1,CD4 T cells,0.99890757,CD4 T cells,test
TACGTACTCCCGTT-1,B cells,0.9973646,B cells,train
TACGTTACAGAAGT-1,CD4 T cells,0.9998079,CD4 T cells,train
TACGTTACCAAGCT-1,CD14+ Monocytes,0.99989986,CD14+ Monocytes,train
TACTAAGAAAGGTA-1,B cells,0.99990785,B cells,train
TACTAAGAATCACG-1,CD4 T cells,0.9998988,CD4 T cells,train
TACTAAGATGATGC-1,CD14+ Monocytes,0.99975175,CD14+ Monocytes,train
TACTAAGATTGCGA-1,CD4 T cells,0.99999857,CD4 T cells,train
TACTACACGAGAGC-1,CD4 T cells,0.9992743,CD4 T cells,train
TACTACACTTACCT-1,CD4 T cells,0.9866295,CD4 T cells,train
TACTACTGAACCTG-1,CD14+ Monocytes,0.99982363,CD14+ Monocytes,test
TACTACTGATGTCG-1,NK cells,0.52774674,CD8 T cells,test
TACTACTGATTCTC-1,CD4 T cells,0.99998176,CD4 T cells,test
TACTACTGTATGGC-1,CD4 T cells,0.999982,CD4 T cells,train
TACTCAACGGTCTA-1,CD14+ Monocytes,0.9997868,CD14+ Monocytes,train
TACTCAACTGCTAG-1,B cells,0.9990522,B cells,test
TACTCCCTCAGTTG-1,CD4 T cells,0.9999653,CD4 T cells,test
TACTCTGAATCGAC-1,NK cells,0.99968886,NK cells,train
TACTCTGACGAGTT-1,CD4 T cells,0.9989273,CD4 T cells,test
TACTCTGATTGACG-1,B cells,0.9992762,B cells,train
TACTGGGATCGATG-1,CD4 T cells,0.99977356,CD4 T cells,train
TACTGTTGAAAGCA-1,CD4 T cells,0.9999219,CD4 T cells,train
TACTGTTGAGGCGA-1,NK cells,0.9999068,NK cells,test
TACTGTTGCTGAAC-1,B cells,0.9936335,B cells,train
TACTTGACTCCTCG-1,CD8 T cells,0.99992836,CD8 T cells,train
TACTTGACTGGTGT-1,B cells,0.99945015,B cells,train
TACTTTCTTTTGGG-1,CD4 T cells,0.9997253,CD4 T cells,train
TAGAAACTAATCGC-1,CD4 T cells,0.9999776,CD4 T cells,test
TAGAAACTGCTTCC-1,CD14+ Monocytes,0.9999269,CD14+ Monocytes,train
TAGAAACTGGGATG-1,CD8 T cells,0.9962521,CD8 T cells,test
TAGAATTGCGACAT-1,CD4 T cells,0.9999653,CD4 T cells,test
TAGAATTGTATCGG-1,CD4 T cells,0.9999598,CD4 T cells,train
TAGACGTGCTTGAG-1,CD4 T cells,0.99575883,CD4 T cells,test
TAGACGTGTCGCTC-1,CD4 T cells,0.99982786,CD4 T cells,test
TAGAGCACCTTACT-1,B cells,0.99975353,B cells,train
TAGATTGACTTGTT-1,B cells,0.99931264,B cells,train
TAGATTGAGGCATT-1,CD8 T cells,0.9885563,CD8 T cells,test
TAGCATCTCAGCTA-1,NK cells,0.99987507,NK cells,train
TAGCATCTCCCTCA-1,CD4 T cells,0.9958204,CD4 T cells,train
TAGCATCTGCTGTA-1,FCGR3A+ Monocytes,0.99402845,FCGR3A+ Monocytes,test
TAGCATCTGGGACA-1,CD4 T cells,0.9999212,CD4 T cells,train
TAGCATCTTGTCGA-1,CD4 T cells,0.9999598,CD4 T cells,train
TAGCCCACAAAAGC-1,CD4 T cells,0.99989176,CD4 T cells,train
TAGCCCACAGCCAT-1,CD8 T cells,0.9998579,CD8 T cells,train
TAGCCCACAGCTAC-1,NK cells,0.99540967,NK cells,test
TAGCCCACCCACAA-1,CD4 T cells,0.9996985,CD4 T cells,train
TAGCCCTGCGGAGA-1,CD4 T cells,0.70529693,CD8 T cells,test
TAGCCGCTTACGAC-1,CD4 T cells,0.99988616,CD4 T cells,train
TAGCCGCTTACTTC-1,CD8 T cells,0.9997869,CD8 T cells,train
TAGCCGCTTTCCAT-1,CD14+ Monocytes,0.99981934,CD14+ Monocytes,train
TAGCTACTGAATAG-1,B cells,0.9995431,B cells,train
TAGCTACTGTAGCT-1,CD4 T cells,0.9989266,CD4 T cells,train
TAGCTACTTTTGCT-1,CD8 T cells,0.8669738,CD8 T cells,test
TAGGACTGTGCTGA-1,CD4 T cells,0.99700147,CD4 T cells,test
TAGGAGCTAAGGCG-1,B cells,0.99993646,B cells,train
TAGGAGCTGAGGGT-1,CD4 T cells,0.9998659,CD4 T cells,train
TAGGAGCTTGCATG-1,B cells,0.9997389,B cells,test
TAGGCAACCGTCTC-1,B cells,0.99982965,B cells,train
TAGGCATGCTCTCG-1,Dendritic cells,0.99064976,Dendritic cells,train
TAGGCATGGCGAGA-1,CD8 T cells,0.999665,CD8 T cells,train
TAGGCTGATGCCTC-1,CD14+ Monocytes,0.99989676,CD14+ Monocytes,train
TAGGGACTGAACTC-1,CD8 T cells,0.99936014,CD8 T cells,train
TAGGTCGACACTGA-1,CD4 T cells,0.9999608,CD4 T cells,train
TAGGTCGAGGATCT-1,B cells,0.99979955,B cells,train
TAGGTGACACACTG-1,CD4 T cells,0.999928,CD4 T cells,train
TAGGTGACACGTTG-1,B cells,0.9997814,B cells,train
TAGGTGTGTTCTGT-1,CD4 T cells,0.9951343,CD4 T cells,train
TAGGTTCTGAAGGC-1,CD4 T cells,0.99934286,CD4 T cells,test
TAGGTTCTTCTTAC-1,FCGR3A+ Monocytes,0.99830496,FCGR3A+ Monocytes,train
TAGGTTCTTGCTGA-1,CD14+ Monocytes,0.99924254,CD14+ Monocytes,test
TAGTAAACCTCGCT-1,CD4 T cells,0.99981755,CD4 T cells,train
TAGTAAACGTCACA-1,CD4 T cells,0.9962358,CD4 T cells,test
TAGTAATGAGATCC-1,CD4 T cells,0.9999206,CD4 T cells,train
TAGTACCTAAGAAC-1,CD14+ Monocytes,0.9998975,CD14+ Monocytes,test
TAGTATGATCTTAC-1,B cells,0.9862757,B cells,train
TAGTATGATTCTCA-1,CD4 T cells,0.9999459,CD4 T cells,train
TAGTCTTGGCTGTA-1,CD4 T cells,0.99993193,CD4 T cells,test
TAGTCTTGGGACTT-1,CD4 T cells,0.9983797,CD4 T cells,train
TAGTCTTGTGGAAA-1,CD8 T cells,0.9888192,CD8 T cells,test
TAGTGGTGAAGTGA-1,NK cells,0.9998652,NK cells,test
TAGTTAGAACCACA-1,NK cells,0.9440472,NK cells,test
TAGTTAGATGAACC-1,CD4 T cells,0.9999838,CD4 T cells,train
TATAAGACAACAGA-1,CD4 T cells,0.9901753,CD4 T cells,train
TATAAGACAGCTCA-1,FCGR3A+ Monocytes,0.9993068,FCGR3A+ Monocytes,train
TATAAGTGACACCA-1,FCGR3A+ Monocytes,0.9999379,FCGR3A+ Monocytes,train
TATAAGTGTATCGG-1,CD14+ Monocytes,0.9977646,CD14+ Monocytes,test
TATAAGTGTGGTGT-1,FCGR3A+ Monocytes,0.9998223,FCGR3A+ Monocytes,train
TATACAGAACCCTC-1,CD8 T cells,0.99906987,CD8 T cells,train
TATACAGAAGAACA-1,CD4 T cells,0.9998192,CD4 T cells,test
TATACAGATCCAGA-1,CD4 T cells,0.99999857,CD4 T cells,train
TATACCACCTGATG-1,B cells,0.99991715,B cells,train
TATACGCTACCAAC-1,CD4 T cells,0.99954283,CD4 T cells,test
TATAGATGGACGGA-1,CD4 T cells,0.9992341,CD4 T cells,train
TATAGATGTTCCGC-1,FCGR3A+ Monocytes,0.9969758,FCGR3A+ Monocytes,train
TATCCAACCAGCTA-1,CD14+ Monocytes,0.99996114,CD14+ Monocytes,train
TATCCAACTCTCTA-1,CD8 T cells,0.99417865,CD8 T cells,train
TATCGACTACTAGC-1,NK cells,0.99687743,NK cells,train
TATCGACTCGATAC-1,CD14+ Monocytes,0.98594683,CD14+ Monocytes,train
TATCGTACAGATGA-1,CD8 T cells,0.9995604,CD8 T cells,train
TATCGTACATTCCT-1,CD14+ Monocytes,0.9853994,CD14+ Monocytes,test
TATCTCGAGAGATA-1,CD4 T cells,0.99999285,CD4 T cells,train
TATCTGACAGGTTC-1,CD8 T cells,0.9993224,CD8 T cells,test
TATCTGACTGTTTC-1,CD8 T cells,0.9973718,CD8 T cells,train
TATCTTCTAAACAG-1,CD4 T cells,0.99772066,CD4 T cells,test
TATGAATGGAGGAC-1,NK cells,0.9982455,NK cells,train
TATGAATGTTTGCT-1,FCGR3A+ Monocytes,0.999866,FCGR3A+ Monocytes,train
TATGCGGATAACCG-1,CD4 T cells,0.9999641,CD4 T cells,test
TATGGGTGCATCAG-1,NK cells,0.9994217,NK cells,train
TATGGGTGCTAGCA-1,B cells,0.987535,B cells,test
TATGGTCTCTACCC-1,CD4 T cells,0.9984341,CD4 T cells,train
TATGTCACGGAACG-1,B cells,0.999814,B cells,train
TATGTCACTAACCG-1,CD14+ Monocytes,0.9963109,CD14+ Monocytes,train
TATGTCACTTCTCA-1,B cells,0.9989755,B cells,train
TATGTGCTCCGATA-1,CD14+ Monocytes,0.9999527,CD14+ Monocytes,train
TATGTGCTGGATTC-1,CD4 T cells,0.9979279,CD4 T cells,train
TATTGCTGAAGAAC-1,CD14+ Monocytes,0.9997354,CD14+ Monocytes,train
TATTGCTGCCGTTC-1,B cells,0.989331,CD4 T cells,test
TATTGCTGTCTGGA-1,CD4 T cells,0.9998461,CD4 T cells,test
TATTGCTGTGCACA-1,CD8 T cells,0.9911533,CD8 T cells,test
TATTTCCTATTGGC-1,CD14+ Monocytes,0.99838686,CD14+ Monocytes,train
TATTTCCTGGAGGT-1,NK cells,0.9981407,NK cells,train
TATTTCCTGGTGTT-1,CD4 T cells,0.646495,CD4 T cells,train
TCAACACTGTTTGG-1,NK cells,0.99920195,NK cells,train
TCAAGGACAGCGTT-1,CD4 T cells,0.99963343,CD4 T cells,test
TCAAGGACATTCTC-1,CD8 T cells,0.99923575,CD8 T cells,train
TCAAGGACGGTGTT-1,CD14+ Monocytes,0.9999039,CD14+ Monocytes,train
TCAATCACACTCTT-1,CD8 T cells,0.99998415,CD8 T cells,train
TCAATCACAGTCGT-1,FCGR3A+ Monocytes,0.9996978,FCGR3A+ Monocytes,train
TCACAACTATGTGC-1,CD4 T cells,0.99913824,CD4 T cells,train
TCACAACTTTGCTT-1,CD14+ Monocytes,0.99967706,CD14+ Monocytes,test
TCACATACACTTTC-1,CD8 T cells,0.9664601,CD8 T cells,train
TCACATACAGGGTG-1,CD4 T cells,0.99975437,CD4 T cells,train
TCACCCGAGACGGA-1,CD14+ Monocytes,0.9996314,CD14+ Monocytes,train
TCACCGTGCTCGCT-1,FCGR3A+ Monocytes,0.9923056,FCGR3A+ Monocytes,train
TCACCTCTACGACT-1,CD8 T cells,0.9874334,CD8 T cells,test
TCACCTCTTCCAAG-1,FCGR3A+ Monocytes,0.9992298,FCGR3A+ Monocytes,train
TCACGAGAGGAGGT-1,B cells,0.999899,B cells,train
TCACTATGGGGCAA-1,CD8 T cells,0.9989768,CD8 T cells,train
TCACTATGGTTGTG-1,B cells,0.998836,B cells,train
TCAGACGACGCTAA-1,CD4 T cells,0.9990736,CD4 T cells,train
TCAGACGACGTTAG-1,NK cells,0.9997806,NK cells,train
TCAGAGACTCCAGA-1,CD4 T cells,0.9987552,CD4 T cells,train
TCAGCAGACTCCAC-1,CD4 T cells,0.9995141,CD4 T cells,train
TCAGCGCTCTAGTG-1,CD8 T cells,0.9980368,CD8 T cells,train
TCAGCGCTGGATCT-1,B cells,0.99886584,B cells,train
TCAGCGCTGGTATC-1,CD8 T cells,0.9939214,CD8 T cells,train
TCAGGATGAAGTAG-1,CD4 T cells,0.9999894,CD4 T cells,train
TCAGGATGCCTTTA-1,FCGR3A+ Monocytes,0.9994217,FCGR3A+ Monocytes,train
TCAGTGGAAGATCC-1,CD8 T cells,0.9986765,NK cells,test
TCAGTTACCTACGA-1,CD14+ Monocytes,0.999496,CD14+ Monocytes,train
TCAGTTACTAGAAG-1,CD4 T cells,0.99970657,CD4 T cells,train
TCATCAACCCGATA-1,CD4 T cells,0.9999503,CD4 T cells,test
TCATCAACTGTTCT-1,CD14+ Monocytes,0.9971771,CD14+ Monocytes,train
TCATCATGCAGTTG-1,CD4 T cells,0.99997795,CD4 T cells,train
TCATCCCTTACTGG-1,CD4 T cells,0.999926,CD8 T cells,train
TCATTCGATACAGC-1,FCGR3A+ Monocytes,0.99972993,FCGR3A+ Monocytes,test
TCCACGTGGAAACA-1,CD8 T cells,0.986647,CD8 T cells,train
TCCACTCTACACTG-1,CD4 T cells,0.99791425,CD4 T cells,train
TCCACTCTGAGCTT-1,CD14+ Monocytes,0.9992403,CD14+ Monocytes,test
TCCACTCTTACTTC-1,B cells,0.9992372,B cells,train
TCCATAACAAAGTG-1,CD4 T cells,0.9996977,CD4 T cells,train
TCCATAACCGTAGT-1,B cells,0.9997279,B cells,train
TCCATAACGATGAA-1,CD4 T cells,0.99734026,CD4 T cells,train
TCCATAACTACGCA-1,CD4 T cells,0.99789065,CD4 T cells,train
TCCATCCTCCCTAC-1,CD8 T cells,0.99768186,CD8 T cells,train
TCCCACGATCATTC-1,CD4 T cells,0.9999316,CD4 T cells,train
TCCCATCTCAAAGA-1,CD14+ Monocytes,0.9996377,CD14+ Monocytes,train
TCCCGAACACAGTC-1,NK cells,0.9997323,NK cells,train
TCCCGAACTTCGCC-1,FCGR3A+ Monocytes,0.9990102,FCGR3A+ Monocytes,test
TCCCGATGAGATCC-1,CD4 T cells,0.9997187,CD4 T cells,train
TCCCGATGCCTGAA-1,CD14+ Monocytes,0.99997413,CD14+ Monocytes,test
TCCCTACTCAACTG-1,B cells,0.9989863,B cells,train
TCCGAAGACAATCG-1,CD14+ Monocytes,0.9998722,CD14+ Monocytes,train
TCCGAAGACGTTAG-1,CD4 T cells,0.9999975,CD4 T cells,test
TCCGGACTGAGGTG-1,CD4 T cells,0.99992156,CD4 T cells,train
TCCGGACTGTACGT-1,CD8 T cells,0.9997123,CD8 T cells,test
TCCTAAACATCGAC-1,CD4 T cells,0.98848945,CD4 T cells,test
TCCTAAACCGAGAG-1,CD4 T cells,0.9998456,CD4 T cells,train
TCCTAAACCGCATA-1,NK cells,0.99936694,NK cells,train
TCCTAATGGTTTGG-1,CD8 T cells,0.9335174,CD8 T cells,test
TCCTACCTGTCGTA-1,CD4 T cells,0.9975545,CD4 T cells,train
TCCTATGAAAAGCA-1,CD8 T cells,0.8570323,CD8 T cells,test
TCGAATCTCTGGTA-1,CD8 T cells,0.9768722,CD8 T cells,train
TCGACCTGCCGATA-1,FCGR3A+ Monocytes,0.9983882,FCGR3A+ Monocytes,train
TCGACGCTTCTATC-1,CD14+ Monocytes,0.99986935,CD14+ Monocytes,test
TCGACGCTTTGACG-1,CD4 T cells,0.9999895,CD4 T cells,train
TCGAGAACGACAGG-1,CD4 T cells,0.95274013,CD4 T cells,test
TCGAGAACGTTAGC-1,CD4 T cells,0.99020314,CD4 T cells,train
TCGAGCCTATCAGC-1,B cells,0.998757,B cells,train
TCGAGCCTGCGAGA-1,CD8 T cells,0.9986474,CD8 T cells,train
TCGAGCCTTGTGAC-1,CD4 T cells,0.83650386,CD4 T cells,train
TCGATACTATTCCT-1,CD4 T cells,0.9994197,CD4 T cells,train
TCGATACTTGCACA-1,CD4 T cells,0.99930096,CD4 T cells,train
TCGATTTGATGCCA-1,CD14+ Monocytes,0.99943584,CD14+ Monocytes,train
TCGATTTGCACTCC-1,CD4 T cells,0.9992373,CD4 T cells,test
TCGATTTGCAGCTA-1,NK cells,0.9960828,NK cells,train
TCGATTTGCCTACC-1,CD14+ Monocytes,0.9999236,CD14+ Monocytes,train
TCGATTTGTCGTGA-1,B cells,0.9970521,B cells,test
TCGCAGCTAGATCC-1,CD8 T cells,0.99995947,CD8 T cells,train
TCGCCATGAGACTC-1,CD4 T cells,0.99775094,CD4 T cells,test
TCGCCATGTGGTCA-1,B cells,0.9997385,B cells,test
TCGGACCTAACAGA-1,CD4 T cells,0.99993753,CD4 T cells,train
TCGGACCTATAAGG-1,B cells,0.9992003,B cells,test
TCGGACCTGTACAC-1,CD4 T cells,0.99932826,CD4 T cells,train
TCGGTAGAGTAGGG-1,CD4 T cells,0.9996644,CD4 T cells,test
TCGGTAGATCCCAC-1,B cells,0.99961853,B cells,train
TCGTAGGATCGACA-1,CD4 T cells,0.99997115,CD4 T cells,train
TCGTTATGGACAAA-1,CD4 T cells,0.99916553,CD4 T cells,test
TCTAACACCAGTTG-1,NK cells,0.99997854,NK cells,train
TCTAACACGAGCAG-1,Dendritic cells,0.9958134,Dendritic cells,test
TCTAACTGAACCAC-1,CD8 T cells,0.8931292,CD4 T cells,test
TCTAAGCTAATGCC-1,CD4 T cells,0.99992204,CD4 T cells,train
TCTAAGCTTAGTCG-1,NK cells,0.9905443,CD8 T cells,test
TCTAAGCTTCTAGG-1,FCGR3A+ Monocytes,0.9979797,FCGR3A+ Monocytes,test
TCTAAGCTTGTTCT-1,CD14+ Monocytes,0.99993944,CD14+ Monocytes,train
TCTAAGCTTTCGCC-1,B cells,0.9994947,B cells,train
TCTACAACGACTAC-1,CD14+ Monocytes,0.99973077,CD14+ Monocytes,test
TCTAGACTTAGAAG-1,CD14+ Monocytes,0.9999827,CD14+ Monocytes,train
TCTAGTTGCACCAA-1,CD14+ Monocytes,0.998187,CD14+ Monocytes,train
TCTATGTGAAGAGT-1,CD14+ Monocytes,0.99631846,CD14+ Monocytes,test
TCTATGTGAGTCTG-1,CD8 T cells,0.9965565,CD8 T cells,test
TCTCAAACCTAAGC-1,B cells,0.998703,B cells,train
TCTCTAGAATTTCC-1,CD4 T cells,0.9900328,CD4 T cells,train
TCTGATACACGTGT-1,CD4 T cells,0.99994457,CD4 T cells,test
TCTGATACTCGCCT-1,CD4 T cells,0.99951756,CD4 T cells,train
TCTTACGAACCTGA-1,CD14+ Monocytes,0.99951315,CD14+ Monocytes,train
TCTTCAGAGCTACA-1,CD14+ Monocytes,0.98057073,CD14+ Monocytes,test
TCTTGATGCGGAGA-1,CD8 T cells,0.99919945,CD8 T cells,train
TGAAATTGGTGAGG-1,CD14+ Monocytes,0.997013,CD14+ Monocytes,test
TGAACCGAAAACGA-1,CD4 T cells,0.99951303,CD4 T cells,train
TGAACCGACTACTT-1,FCGR3A+ Monocytes,0.99984205,FCGR3A+ Monocytes,train
TGAACCGATTCGGA-1,FCGR3A+ Monocytes,0.9975732,FCGR3A+ Monocytes,train
TGAAGCACTCACGA-1,CD4 T cells,0.8161625,CD8 T cells,test
TGAAGCTGAACGAA-1,CD4 T cells,0.9999845,CD4 T cells,train
TGAAGCTGCATGGT-1,B cells,0.9993093,B cells,test
TGAAGCTGCGTAAC-1,CD4 T cells,0.9999981,CD4 T cells,test
TGAATAACCACTTT-1,CD4 T cells,0.9999968,CD4 T cells,train
TGAATAACTCCCAC-1,NK cells,0.6050769,CD8 T cells,test
TGACACGACCTTAT-1,B cells,0.99879444,B cells,train
TGACCAGACAACCA-1,CD4 T cells,0.99998736,CD4 T cells,train
TGACCAGAGGATTC-1,CD4 T cells,0.9999039,CD4 T cells,train
TGACCGCTAAAAGC-1,CD4 T cells,0.99997306,CD4 T cells,train
TGACCGCTCTGCAA-1,CD4 T cells,0.9998895,CD4 T cells,test
TGACGATGCAAAGA-1,CD14+ Monocytes,0.9996137,CD14+ Monocytes,train
TGACGCCTGTACCA-1,CD8 T cells,0.9796902,CD8 T cells,train
TGACGCCTTTACTC-1,CD4 T cells,0.9108498,CD4 T cells,test
TGACTGGAAGAGAT-1,CD14+ Monocytes,0.99995434,CD14+ Monocytes,train
TGACTGGACCGTAA-1,CD4 T cells,0.9989982,CD4 T cells,test
TGACTGGACGCAAT-1,CD4 T cells,0.99943167,CD4 T cells,train
TGACTGGAGGACAG-1,B cells,0.999731,B cells,test
TGACTGGATTCTCA-1,CD8 T cells,0.9906563,CD8 T cells,train
TGACTTACACACCA-1,CD4 T cells,0.9999472,CD4 T cells,train
TGACTTACAGTCTG-1,CD14+ Monocytes,0.9999274,CD14+ Monocytes,train
TGACTTTGCGCATA-1,CD4 T cells,0.9999622,CD4 T cells,train
TGACTTTGTTTGTC-1,CD4 T cells,0.99424344,CD4 T cells,test
TGAGACACAAGGTA-1,CD4 T cells,0.9996431,CD4 T cells,train
TGAGACACTCAAGC-1,CD8 T cells,0.9994993,CD8 T cells,train
TGAGCTGAATGCTG-1,FCGR3A+ Monocytes,0.99982977,FCGR3A+ Monocytes,train
TGAGCTGACTGGAT-1,CD14+ Monocytes,0.9990884,CD14+ Monocytes,train
TGAGCTGATGCTAG-1,CD14+ Monocytes,0.99980646,CD14+ Monocytes,train
TGAGGACTCTCATT-1,CD14+ Monocytes,0.999923,CD14+ Monocytes,test
TGAGGACTTCATTC-1,CD4 T cells,0.99996746,CD4 T cells,test
TGAGGTACGAACCT-1,FCGR3A+ Monocytes,0.9995933,FCGR3A+ Monocytes,test
TGAGTCGAGTTACG-1,B cells,0.9984138,B cells,train
TGAGTGACTGAGCT-1,CD4 T cells,0.9999608,CD4 T cells,train
TGATAAACGAATCC-1,CD4 T cells,0.9999316,CD4 T cells,train
TGATAAACTCCGTC-1,NK cells,0.9883245,NK cells,test
TGATAAACTTTCAC-1,CD4 T cells,0.9997633,CD4 T cells,train
TGATACCTCACTAG-1,CD14+ Monocytes,0.99983335,CD14+ Monocytes,train
TGATACCTGTTGGT-1,CD4 T cells,0.9997008,CD4 T cells,train
TGATACCTTATGCG-1,CD4 T cells,0.9999627,CD4 T cells,train
TGATACCTTGAAGA-1,CD4 T cells,0.9999715,CD4 T cells,train
TGATATGAACCTTT-1,CD4 T cells,0.99997973,CD4 T cells,test
TGATCACTAGCATC-1,CD8 T cells,0.99861825,CD8 T cells,train
TGATCACTCTCGCT-1,CD4 T cells,0.99997294,CD4 T cells,test
TGATCACTTCTACT-1,B cells,0.99990547,B cells,train
TGATCGGACTGACA-1,FCGR3A+ Monocytes,0.99975806,FCGR3A+ Monocytes,train
TGATCGGAGGAGCA-1,B cells,0.99971503,B cells,train
TGATCGGATATGCG-1,FCGR3A+ Monocytes,0.99816626,FCGR3A+ Monocytes,train
TGATTAGACATTGG-1,CD4 T cells,0.99909437,CD4 T cells,train
TGATTAGATGACTG-1,B cells,0.9976332,B cells,test
TGATTAGATGCTAG-1,CD4 T cells,0.9996486,CD4 T cells,test
TGATTCACTATGCG-1,CD4 T cells,0.99556184,CD4 T cells,test
TGATTCACTGTCAG-1,B cells,0.999479,B cells,train
TGATTCTGCCGAAT-1,CD4 T cells,0.99904495,CD4 T cells,train
TGATTCTGCTCTTA-1,CD4 T cells,0.9974732,CD4 T cells,train
TGCAAGTGAGAACA-1,CD4 T cells,0.9998838,CD4 T cells,test
TGCAAGTGGGTAGG-1,CD14+ Monocytes,0.99977034,CD14+ Monocytes,train
TGCAATCTTCAGGT-1,B cells,0.99213034,B cells,train
TGCACAGACGACAT-1,NK cells,0.99994683,NK cells,train
TGCCAAGAGCAGTT-1,FCGR3A+ Monocytes,0.99712914,FCGR3A+ Monocytes,train
TGCCAAGATCTCTA-1,CD4 T cells,0.9999211,CD4 T cells,train
TGCCACTGAACGTC-1,CD4 T cells,0.9999957,CD4 T cells,test
TGCCACTGCGATAC-1,NK cells,0.99819463,NK cells,train
TGCCAGCTTGGCAT-1,CD4 T cells,0.999551,CD4 T cells,train
TGCCCAACAGCAAA-1,CD4 T cells,0.99998724,CD4 T cells,train
TGCCCAACCGCATA-1,FCGR3A+ Monocytes,0.99783933,FCGR3A+ Monocytes,train
TGCCGACTCTCCCA-1,B cells,0.9996897,B cells,test
TGCGAAACAGTCAC-1,B cells,0.999908,B cells,test
TGCGAAACGTTGCA-1,B cells,0.9995493,B cells,train
TGCGATGAACGGTT-1,CD4 T cells,0.9992993,CD4 T cells,train
TGCGATGACCTCGT-1,CD4 T cells,0.998664,CD4 T cells,train
TGCGATGACTAGTG-1,B cells,0.99983144,B cells,test
TGCGATGACTGCTC-1,B cells,0.99905294,B cells,train
TGCGATGACTTGCC-1,B cells,0.99867624,B cells,train
TGCGATGAGTGCTA-1,CD14+ Monocytes,0.999199,CD14+ Monocytes,test
TGCGCACTCTTGAG-1,CD14+ Monocytes,0.9999434,CD14+ Monocytes,test
TGCGTAGAATAAGG-1,CD14+ Monocytes,0.9987631,CD14+ Monocytes,test
TGCGTAGACGGGAA-1,B cells,0.99941313,B cells,train
TGCGTAGATGGTCA-1,FCGR3A+ Monocytes,0.9997689,FCGR3A+ Monocytes,test
TGCTAGGAAACCGT-1,CD8 T cells,0.9993494,CD8 T cells,train
TGCTAGGATAGTCG-1,CD4 T cells,0.99945444,CD4 T cells,train
TGCTATACGGTTCA-1,Dendritic cells,0.6817638,CD14+ Monocytes,test
TGCTATACTGCTGA-1,CD8 T cells,0.9999026,CD8 T cells,test
TGCTGAGAGAGCAG-1,NK cells,0.9995765,NK cells,test
TGCTGAGATTATCC-1,CD4 T cells,0.99960357,CD4 T cells,test
TGGAAAGACTCTCG-1,B cells,0.999824,B cells,train
TGGAAAGAGCGATT-1,CD4 T cells,0.99875116,CD4 T cells,test
TGGAAAGAGGTCAT-1,FCGR3A+ Monocytes,0.9985366,FCGR3A+ Monocytes,train
TGGAAAGATATGGC-1,CD4 T cells,0.9991767,CD4 T cells,train
TGGAACACAAACAG-1,NK cells,0.99950707,NK cells,train
TGGAACACGCTAAC-1,CD8 T cells,0.9980963,CD8 T cells,train
TGGAAGCTCAGATC-1,CD4 T cells,0.9987147,CD4 T cells,train
TGGACCCTACACTG-1,CD14+ Monocytes,0.9989838,CD14+ Monocytes,train
TGGACCCTCATGGT-1,CD8 T cells,0.9953839,CD8 T cells,train
TGGACCCTGGTACT-1,CD14+ Monocytes,0.9956108,CD14+ Monocytes,train
TGGACTGAGTATGC-1,CD4 T cells,0.99892277,CD4 T cells,train
TGGAGACTATCAGC-1,CD14+ Monocytes,0.9986437,CD14+ Monocytes,test
TGGAGACTTCAAGC-1,CD4 T cells,0.99762243,CD4 T cells,train
TGGAGACTTGACCA-1,CD8 T cells,0.9998739,CD8 T cells,train
TGGAGGGACGGAGA-1,CD14+ Monocytes,0.998408,CD14+ Monocytes,train
TGGAGGGAGCTATG-1,CD8 T cells,0.998094,CD4 T cells,test
TGGATCGATAAAGG-1,CD4 T cells,0.99971,CD4 T cells,test
TGGATGTGACCTAG-1,B cells,0.9998828,B cells,train
TGGATGTGTGAAGA-1,B cells,0.99930763,B cells,train
TGGATTCTCATACG-1,CD8 T cells,0.9998472,CD8 T cells,train
TGGCAATGCTTGTT-1,B cells,0.9995185,B cells,train
TGGCACCTTCACGA-1,CD8 T cells,0.996349,CD4 T cells,train
TGGCACCTTCAGTG-1,CD14+ Monocytes,0.9999701,CD14+ Monocytes,train
TGGGTATGAAGAGT-1,CD4 T cells,0.9999571,CD4 T cells,test
TGGGTATGCACAAC-1,CD4 T cells,0.9999931,CD4 T cells,train
TGGGTATGGTACGT-1,B cells,0.997437,B cells,train
TGGGTATGTTTGGG-1,CD14+ Monocytes,0.99915195,CD14+ Monocytes,train
TGGTAGACATGCCA-1,CD4 T cells,0.9741543,CD8 T cells,train
TGGTAGACCCTCAC-1,NK cells,0.998541,NK cells,train
TGGTAGACCTGATG-1,CD4 T cells,0.99567586,CD4 T cells,test
TGGTAGTGCACTGA-1,CD14+ Monocytes,0.73058254,CD14+ Monocytes,test
TGGTATCTAAACAG-1,CD4 T cells,0.99952805,CD4 T cells,train
TGGTATCTCTTCCG-1,CD4 T cells,0.99190724,CD4 T cells,test
TGGTCAGACCCAAA-1,CD4 T cells,0.9911668,CD4 T cells,train
TGGTTACTGACGTT-1,CD14+ Monocytes,0.99991345,CD14+ Monocytes,test
TGGTTACTGTTCTT-1,CD4 T cells,0.99977654,CD4 T cells,train
TGTAACCTAGAGGC-1,CD4 T cells,0.9999845,CD4 T cells,train
TGTAACCTTGCCTC-1,CD14+ Monocytes,0.99996483,CD14+ Monocytes,train
TGTAATGACACAAC-1,NK cells,0.99954957,NK cells,train
TGTAATGAGGTAAA-1,NK cells,0.9977908,NK cells,train
TGTACTTGCTCTAT-1,FCGR3A+ Monocytes,0.99973243,FCGR3A+ Monocytes,train
TGTAGGTGCGAGAG-1,B cells,0.99986637,B cells,train
TGTAGGTGCTATGG-1,CD4 T cells,0.9999933,CD4 T cells,train
TGTAGGTGCTCTAT-1,Dendritic cells,0.9920168,Dendritic cells,train
TGTAGGTGTGCTGA-1,CD4 T cells,0.9998623,CD4 T cells,train
TGTAGTCTTCCAGA-1,B cells,0.3381968,CD4 T cells,train
TGTAGTCTTGCACA-1,CD8 T cells,0.99348587,CD8 T cells,train
TGTATCTGTTAGGC-1,CD4 T cells,0.9998592,CD4 T cells,train
TGTATGCTCATGGT-1,B cells,0.99966383,B cells,train
TGTATGCTGTAGGG-1,CD4 T cells,0.9965071,CD4 T cells,test
TGTATGCTTTCATC-1,CD8 T cells,0.99640214,CD8 T cells,train
TGTCAGGAATACCG-1,CD4 T cells,0.9999896,CD4 T cells,train
TGTCAGGAGATGAA-1,FCGR3A+ Monocytes,0.97597265,FCGR3A+ Monocytes,test
TGTCTAACCCCTTG-1,CD4 T cells,0.9999287,CD4 T cells,test
TGTGACGATTCTCA-1,CD8 T cells,0.99683654,CD8 T cells,train
TGTGAGACTGTCAG-1,CD14+ Monocytes,0.99796426,CD14+ Monocytes,train
TGTGAGACTTGAGC-1,CD4 T cells,0.9985495,CD4 T cells,train
TGTGAGTGACCACA-1,CD4 T cells,0.9999559,CD4 T cells,train
TGTGAGTGAGTGCT-1,FCGR3A+ Monocytes,0.937267,CD14+ Monocytes,train
TGTGAGTGGAGATA-1,CD8 T cells,0.99987113,CD8 T cells,train
TGTGATCTCTCTAT-1,B cells,0.9983981,B cells,train
TGTGATCTGACACT-1,CD4 T cells,0.99713814,CD4 T cells,train
TGTGGATGGCCAAT-1,B cells,0.9986975,B cells,train
TGTTAAGACAAAGA-1,CD14+ Monocytes,0.99966276,CD14+ Monocytes,train
TGTTAAGATAAGGA-1,CD14+ Monocytes,0.9994392,CD14+ Monocytes,train
TGTTACACCGCATA-1,FCGR3A+ Monocytes,0.95522255,FCGR3A+ Monocytes,train
TGTTACACGACTAC-1,FCGR3A+ Monocytes,0.9970817,FCGR3A+ Monocytes,train
TGTTACTGGCTACA-1,CD8 T cells,0.99124193,CD8 T cells,test
TGTTACTGTAGTCG-1,CD8 T cells,0.9957743,CD8 T cells,train
TTAACCACCGTAAC-1,CD4 T cells,0.9992693,CD4 T cells,train
TTAACCACTAAGGA-1,CD8 T cells,0.99797076,CD8 T cells,train
TTAACCACTCAGAC-1,CD8 T cells,0.9974953,CD8 T cells,train
TTACACACGTGTTG-1,CD4 T cells,0.9999279,CD4 T cells,test
TTACACACTCCTAT-1,CD4 T cells,0.99990904,CD4 T cells,test
TTACCATGAATCGC-1,CD14+ Monocytes,0.9998429,CD14+ Monocytes,train
TTACCATGGTTGAC-1,CD4 T cells,0.99992776,CD4 T cells,train
TTACCATGTGTCTT-1,CD4 T cells,0.6053995,CD4 T cells,train
TTACCATGTTGTGG-1,B cells,0.9997676,B cells,train
TTACGACTGAGAGC-1,CD4 T cells,0.99920803,CD4 T cells,train
TTACGACTTGACAC-1,CD14+ Monocytes,0.9999628,CD14+ Monocytes,test
TTACGTACGTTCAG-1,Megakaryocytes,0.9986034,Megakaryocytes,train
TTACTCGAAGAATG-1,CD14+ Monocytes,0.9998417,CD14+ Monocytes,train
TTACTCGACGCAAT-1,Dendritic cells,0.99558866,Dendritic cells,test
TTACTCGAGGGTGA-1,CD4 T cells,0.99975294,CD4 T cells,train
TTACTCGATCTACT-1,NK cells,0.9992256,NK cells,train
TTAGAATGTGGTGT-1,CD4 T cells,0.99995434,CD4 T cells,test
TTAGAATGTGTAGC-1,CD4 T cells,0.9995937,CD4 T cells,test
TTAGACCTCCTACC-1,CD4 T cells,0.99990165,CD4 T cells,train
TTAGACCTCCTTTA-1,CD14+ Monocytes,0.999974,CD14+ Monocytes,train
TTAGCTACAACCGT-1,CD4 T cells,0.9993518,CD4 T cells,train
TTAGCTACTGTCCC-1,CD14+ Monocytes,0.99530584,CD14+ Monocytes,train
TTAGCTACTTTCGT-1,CD4 T cells,0.99992406,CD4 T cells,test
TTAGGGACGCGAAG-1,CD8 T cells,0.9998167,CD8 T cells,train
TTAGGGTGCTGGAT-1,B cells,0.9999716,B cells,test
TTAGGGTGTCCTGC-1,CD14+ Monocytes,0.9813255,CD14+ Monocytes,train
TTAGGTCTACTTTC-1,CD14+ Monocytes,0.99989116,CD14+ Monocytes,train
TTAGTCACCAGTTG-1,CD4 T cells,0.99965835,CD4 T cells,train
TTAGTCTGAAAGCA-1,B cells,0.99853194,B cells,train
TTAGTCTGCCAACA-1,NK cells,0.9994399,NK cells,test
TTAGTCTGTGCACA-1,CD4 T cells,0.9995437,CD4 T cells,train
TTATCCGACTAGTG-1,B cells,0.9997273,B cells,train
TTATCCGAGAAAGT-1,FCGR3A+ Monocytes,0.98530304,FCGR3A+ Monocytes,train
TTATGAGAGATAAG-1,CD4 T cells,0.99810517,CD4 T cells,train
TTATGCACGTCACA-1,B cells,0.99981993,B cells,train
TTATGGCTTATGGC-1,Dendritic cells,0.986741,Dendritic cells,train
TTATTCCTATGCTG-1,CD14+ Monocytes,0.9994343,CD14+ Monocytes,train
TTATTCCTGGACAG-1,B cells,0.9965306,B cells,train
TTATTCCTGGTACT-1,B cells,0.9963284,B cells,train
TTATTCCTTCGTGA-1,CD4 T cells,0.99998796,CD4 T cells,train
TTCAAAGATAAAGG-1,CD8 T cells,0.9990338,CD8 T cells,test
TTCAACACAACAGA-1,CD4 T cells,0.99999595,CD4 T cells,train
TTCAACACCCCAAA-1,CD14+ Monocytes,0.99959224,CD14+ Monocytes,test
TTCAACACGGACGA-1,FCGR3A+ Monocytes,0.88898075,FCGR3A+ Monocytes,test
TTCAAGCTAAGAAC-1,CD14+ Monocytes,0.99583554,CD14+ Monocytes,train
TTCAAGCTAGATGA-1,CD4 T cells,0.99967015,CD4 T cells,train
TTCAAGCTGTTGAC-1,CD8 T cells,0.9852728,CD8 T cells,train
TTCAAGCTTGATGC-1,CD4 T cells,0.99997056,CD4 T cells,train
TTCAAGCTTTCGCC-1,CD4 T cells,0.99699926,CD4 T cells,test
TTCACAACCCGTTC-1,CD14+ Monocytes,0.9965693,CD14+ Monocytes,train
TTCACAACGTCTGA-1,FCGR3A+ Monocytes,0.8621392,FCGR3A+ Monocytes,test
TTCAGACTACCCAA-1,CD4 T cells,0.9999728,CD4 T cells,train
TTCAGACTCTCGAA-1,CD8 T cells,0.9930934,CD8 T cells,train
TTCAGTACCGACTA-1,CD4 T cells,0.99997914,CD4 T cells,train
TTCAGTACTCAAGC-1,CD4 T cells,0.99980444,CD4 T cells,train
TTCAGTACTCCTAT-1,CD14+ Monocytes,0.9999505,CD14+ Monocytes,train
TTCAGTTGCCAAGT-1,CD4 T cells,0.99943775,CD4 T cells,train
TTCAGTTGTCCTTA-1,Dendritic cells,0.99414057,Dendritic cells,train
TTCAGTTGTCTAGG-1,CD4 T cells,0.9916455,CD4 T cells,test
TTCAGTTGTCTCGC-1,B cells,0.9988563,B cells,train
TTCATCGAGGTGGA-1,CD14+ Monocytes,0.9999678,CD14+ Monocytes,train
TTCATGTGTGGTGT-1,CD4 T cells,0.9999386,CD4 T cells,test
TTCATTCTATGTCG-1,CD14+ Monocytes,0.9986833,CD14+ Monocytes,train
TTCATTCTTCTCTA-1,CD4 T cells,0.99999166,CD4 T cells,train
TTCCAAACCTATGG-1,CD14+ Monocytes,0.99957865,CD14+ Monocytes,test
TTCCAAACCTCCCA-1,B cells,0.9982266,B cells,train
TTCCAAACTCCCAC-1,NK cells,0.99810886,NK cells,test
TTCCAAACTTGACG-1,CD8 T cells,0.9994649,CD8 T cells,train
TTCCATGACGAGAG-1,CD14+ Monocytes,0.9998735,CD14+ Monocytes,train
TTCCATGACTGTCC-1,CD4 T cells,0.9895828,CD4 T cells,train
TTCCCACTTGAGGG-1,NK cells,0.999435,NK cells,train
TTCCCACTTGTCTT-1,CD14+ Monocytes,0.9993387,CD14+ Monocytes,test
TTCCTAGAAAGTGA-1,CD4 T cells,0.99965775,CD4 T cells,train
TTCCTAGACTAGTG-1,FCGR3A+ Monocytes,0.99480397,FCGR3A+ Monocytes,train
TTCGAGGACTCTAT-1,CD4 T cells,0.99978703,CD4 T cells,test
TTCGAGGAGGGCAA-1,CD4 T cells,0.9947902,CD4 T cells,train
TTCGAGGATAGAAG-1,FCGR3A+ Monocytes,0.9988483,FCGR3A+ Monocytes,train
TTCGATTGAGCATC-1,CD4 T cells,0.9998907,CD4 T cells,test
TTCGGAGAATGCCA-1,CD14+ Monocytes,0.99977857,CD14+ Monocytes,train
TTCGGAGATGTGCA-1,CD4 T cells,0.99018013,CD4 T cells,test
TTCGTATGAAAAGC-1,CD8 T cells,0.9994004,CD8 T cells,train
TTCGTATGGATAGA-1,NK cells,0.49598756,CD8 T cells,test
TTCGTATGGTCTGA-1,CD4 T cells,0.9991798,CD4 T cells,test
TTCGTATGTCCTTA-1,CD14+ Monocytes,0.9947404,CD14+ Monocytes,train
TTCTACGAACGTAC-1,CD4 T cells,0.99986553,CD4 T cells,train
TTCTACGAGTTGGT-1,CD4 T cells,0.999899,CD4 T cells,test
TTCTAGTGACACGT-1,CD4 T cells,0.99994123,CD4 T cells,test
TTCTAGTGCATGAC-1,CD14+ Monocytes,0.9998636,CD14+ Monocytes,train
TTCTAGTGGAGAGC-1,NK cells,0.9993327,NK cells,train
TTCTAGTGGTCACA-1,CD14+ Monocytes,0.9733671,CD14+ Monocytes,test
TTCTCAGAAGAGAT-1,CD4 T cells,0.99997854,CD4 T cells,train
TTCTCAGAAGCATC-1,B cells,0.99994457,B cells,test
TTCTCAGATGGAGG-1,CD4 T cells,0.99982566,CD4 T cells,train
TTCTGATGGAGACG-1,NK cells,0.99989593,NK cells,train
TTCTTACTCTGGAT-1,FCGR3A+ Monocytes,0.9980882,FCGR3A+ Monocytes,test
TTGAACCTCCTTGC-1,B cells,0.9993512,B cells,test
TTGAATGAACTACG-1,FCGR3A+ Monocytes,0.9997596,FCGR3A+ Monocytes,train
TTGAATGACTTACT-1,CD4 T cells,0.9983032,CD4 T cells,train
TTGAATGATCTCAT-1,B cells,0.99984086,B cells,train
TTGACACTCTGTAG-1,CD4 T cells,0.99855596,CD4 T cells,train
TTGACACTGATAAG-1,B cells,0.99879706,B cells,train
TTGAGGACAGAACA-1,CD14+ Monocytes,0.99945146,CD14+ Monocytes,train
TTGAGGACTACGCA-1,Dendritic cells,0.9978574,Dendritic cells,train
TTGAGGTGGACGGA-1,CD4 T cells,0.9987949,CD4 T cells,train
TTGCATTGAGCTAC-1,CD8 T cells,0.99995506,CD8 T cells,train
TTGCATTGCTAAGC-1,CD14+ Monocytes,0.99933606,CD14+ Monocytes,train
TTGCATTGTGACTG-1,CD4 T cells,0.99854976,CD4 T cells,train
TTGCTAACACCAAC-1,CD8 T cells,0.99986637,CD8 T cells,train
TTGCTAACACGCTA-1,FCGR3A+ Monocytes,0.56278193,FCGR3A+ Monocytes,test
TTGCTAACCACTCC-1,CD4 T cells,0.99997044,CD4 T cells,train
TTGCTATGGTACGT-1,CD14+ Monocytes,0.99656135,CD14+ Monocytes,train
TTGCTATGGTAGGG-1,FCGR3A+ Monocytes,0.9996257,FCGR3A+ Monocytes,train
TTGGAGACCAATCG-1,CD8 T cells,0.99949145,CD8 T cells,train
TTGGAGACGCTATG-1,CD14+ Monocytes,0.99996054,CD14+ Monocytes,train
TTGGAGACTATGGC-1,B cells,0.99740976,B cells,train
TTGGGAACTGAACC-1,CD4 T cells,0.9974757,CD4 T cells,train
TTGGTACTACTGGT-1,CD14+ Monocytes,0.94688475,FCGR3A+ Monocytes,test
TTGGTACTCTTAGG-1,CD4 T cells,0.9999696,CD4 T cells,train
TTGGTACTGAATCC-1,B cells,0.9995982,B cells,test
TTGGTACTGGATTC-1,B cells,0.999366,B cells,train
TTGTACACGTTGTG-1,B cells,0.9998616,B cells,train
TTGTACACTTGCAG-1,CD4 T cells,0.9971951,CD4 T cells,train
TTGTAGCTAGCTCA-1,CD4 T cells,0.99600816,CD4 T cells,train
TTGTAGCTCTCTTA-1,B cells,0.99953973,B cells,train
TTGTCATGGACGGA-1,NK cells,0.9993782,NK cells,train
TTTAGAGATCCTCG-1,B cells,0.9996183,B cells,test
TTTAGCTGATACCG-1,CD4 T cells,0.99999726,CD4 T cells,train
TTTAGCTGGATACC-1,CD14+ Monocytes,0.9997931,CD14+ Monocytes,train
TTTAGCTGTACTCT-1,Dendritic cells,0.98676014,Dendritic cells,train
TTTAGGCTCCTTTA-1,CD14+ Monocytes,0.99989104,CD14+ Monocytes,train
TTTATCCTGTTGTG-1,FCGR3A+ Monocytes,0.7836496,CD14+ Monocytes,test
TTTCACGAGGTTCA-1,CD4 T cells,0.9999697,CD4 T cells,train
TTTCAGTGGAAGGC-1,CD8 T cells,0.9996246,CD8 T cells,train
TTTCAGTGTCACGA-1,B cells,0.9991775,B cells,train
TTTCAGTGTCTATC-1,CD14+ Monocytes,0.99984,CD14+ Monocytes,train
TTTCAGTGTGCAGT-1,B cells,0.99985456,B cells,train
TTTCCAGAGGTGAG-1,CD4 T cells,0.9974607,CD4 T cells,train
TTTCGAACACCTGA-1,Dendritic cells,0.9960043,Dendritic cells,train
TTTCGAACTCTCAT-1,CD14+ Monocytes,0.9992387,CD14+ Monocytes,train
TTTCTACTGAGGCA-1,B cells,0.98557866,B cells,train
TTTCTACTTCCTCG-1,B cells,0.9996283,B cells,train
TTTGCATGAGAGGC-1,B cells,0.9992798,B cells,test
TTTGCATGCCTCAC-1,CD4 T cells,0.9982141,CD4 T cells,test
