barcode,label,confidence,true_label,split
AAACATACAACCAC-1,CD4 T cells,0.9962759,CD4 T cells,train
AAACATTGAGCTAC-1,B cells,0.99957794,B cells,test
AAACATTGATCAGC-1,CD4 T cells,0.9999901,CD4 T cells,train
AAACCGTGCTTCCG-1,CD14+ Monocytes,0.99930966,CD14+ Monocytes,test
AAACCGTGTATGCG-1,NK cells,0.9991503,NK cells,train
AAACGCACTGGTAC-1,CD8 T cells,0.9938863,CD8 T cells,train
AAACGCTGACCAGT-1,CD8 T cells,0.9999795,CD8 T cells,test
AAACGCTGGTTCTT-1,CD8 T cells,0.9996426,CD8 T cells,train
AAACGCTGTAGCCA-1,CD4 T cells,0.93870044,CD4 T cells,train
AAACGCTGTTTCTG-1,FCGR3A+ Monocytes,0.95421475,FCGR3A+ Monocytes,test
AAACTTGAAAAACG-1,B cells,0.9998888,B cells,train
AAACTTGATCCAGA-1,CD4 T cells,0.9999293,CD4 T cells,test
AAAGAGACGAGATA-1,CD4 T cells,0.9999852,CD4 T cells,test
AAAGAGACGCGAGA-1,CD14+ Monocytes,0.99731004,CD14+ Monocytes,test
AAAGAGACGGACTT-1,CD8 T cells,0.9998355,CD8 T cells,train
AAAGAGACGGCATT-1,CD4 T cells,0.99960345,CD4 T cells,train
AAAGCAGATATCGG-1,CD14+ Monocytes,0.99966884,CD14+ Monocytes,train
AAAGCCTGTATGCG-1,CD4 T cells,0.99975103,CD4 T cells,train
AAAGGCCTGTCTAG-1,B cells,0.98331696,B cells,train
AAAGTTTGATCACG-1,B cells,0.99993086,B cells,test
AAAGTTTGGGGTGA-1,B cells,0.99756265,B cells,train
AAAGTTTGTAGAGA-1,CD4 T cells,0.9999701,CD4 T cells,test
AAAGTTTGTAGCGT-1,CD14+ Monocytes,0.99809486,CD14+ Monocytes,train
AAATCAACAATGCC-1,B cells,0.99829894,B cells,train
AAATCAACACCAGT-1,CD4 T cells,0.999841,CD4 T cells,train
AAATCAACCAGGAG-1,CD4 T cells,0.99905366,CD4 T cells,train
AAATCAACCCTATT-1,CD4 T cells,0.91651213,CD4 T cells,train
AAATCAACGGAAGC-1,CD4 T cells,0.99829274,CD4 T cells,train
AAATCAACTCGCAA-1,CD4 T cells,0.9996045,CD4 T cells,train
AAATCATGACCACA-1,FCGR3A+ Monocytes,0.99911624,FCGR3A+ Monocytes,train
AAATCCCTCCACAA-1,CD8 T cells,0.99969494,CD8 T cells,train
AAATCCCTGCTATG-1,B cells,0.9997609,B cells,train
AAATGTTGAACGAA-1,CD14+ Monocytes,0.997317,CD14+ Monocytes,test
AAATGTTGCCACAA-1,CD4 T cells,0.99714977,CD4 T cells,train
AAATGTTGTGGCAT-1,CD14+ Monocytes,0.9997205,CD14+ Monocytes,train
AAATTCGAAGGTTC-1,CD4 T cells,0.9640365,CD4 T cells,test
AAATTCGAATCACG-1,CD14+ Monocytes,0.9990074,CD14+ Monocytes,test
AAATTCGAGCTGAT-1,FCGR3A+ Monocytes,0.99807715,FCGR3A+ Monocytes,train
AAATTCGAGGAGTG-1,CD4 T cells,0.9980428,CD4 T cells,train
AAATTCGATTCTCA-1,CD8 T cells,0.99840397,CD8 T cells,train
AAATTGACACGACT-1,CD8 T cells,0.99995244,CD8 T cells,train
AAATTGACTCGCTC-1,CD8 T cells,0.99969125,CD8 T cells,train
AACAAACTCATTTC-1,CD4 T cells,0.9995129,CD4 T cells,train
AACAAACTTTCGTT-1,CD4 T cells,0.999998,CD4 T cells,train
AACAATACGACGAG-1,CD4 T cells,0.9999924,CD4 T cells,train
AACACGTGCAGAGG-1,CD4 T cells,0.9973024,CD4 T cells,train
AACACGTGGAAAGT-1,CD4 T cells,0.99999833,CD4 T cells,train
AACACGTGGAACCT-1,CD14+ Monocytes,0.9992981,CD14+ Monocytes,train
AACACGTGGCTACA-1,CD4 T cells,0.97178686,CD4 T cells,test
AACACGTGTACGAC-1,FCGR3A+ Monocytes,0.99947757,FCGR3A+ Monocytes,train
AACAGCACAAGAGT-1,CD14+ Monocytes,0.9996131,CD14+ Monocytes,train
AACATTGATGGGAG-1,CD14+ Monocytes,0.64334446,FCGR3A+ Monocytes,test
AACCAGTGATACCG-1,FCGR3A+ Monocytes,0.9987337,FCGR3A+ Monocytes,train
AACCCAGATCGCTC-1,CD4 T cells,0.9999957,CD4 T cells,test
AACCGATGCTCCCA-1,CD4 T cells,0.9998325,CD4 T cells,test
AACCGATGGTCATG-1,B cells,0.99998105,B cells,train
AACCGATGTTCTAC-1,CD14+ Monocytes,0.99807703,CD14+ Monocytes,train
AACCGCCTAGCGTT-1,CD4 T cells,0.9999589,CD4 T cells,train
AACCGCCTCTACGA-1,CD14+ Monocytes,0.9979405,CD14+ Monocytes,train
AACCTACTGTGAGG-1,CD14+ Monocytes,0.99367976,CD14+ Monocytes,train
AACCTACTGTGTTG-1,CD4 T cells,0.9999994,CD4 T cells,test
AACCTTACGAGACG-1,CD4 T cells,0.99999523,CD4 T cells,train
AACCTTACGCGAGA-1,NK cells,0.9980444,NK cells,test
AACCTTACTAACGC-1,FCGR3A+ Monocytes,0.9986318,FCGR3A+ Monocytes,train
AACCTTTGGACGGA-1,CD4 T cells,0.9999963,CD4 T cells,test
AACCTTTGTACGCA-1,FCGR3A+ Monocytes,0.9993061,FCGR3A+ Monocytes,train
AACGCAACAAGTAG-1,CD4 T cells,0.99974626,CD4 T cells,test
AACGCATGACCCAA-1,CD4 T cells,0.99991214,CD4 T cells,train
AACGCATGCCTTCG-1,CD4 T cells,0.9999752,CD4 T cells,test
AACGCATGTACTTC-1,CD4 T cells,0.99995863,CD4 T cells,train
AACGCCCTCGGGAA-1,CD4 T cells,0.9999696,CD4 T cells,train
AACGCCCTCGTACA-1,NK cells,0.99833906,NK cells,train
AACGCCCTGGCATT-1,CD4 T cells,0.9937686,CD4 T cells,train
AACGTCGAGTATCG-1,NK cells,0.99852425,NK cells,train
AACGTGTGAAAGCA-1,CD4 T cells,0.9998598,CD4 T cells,train
AACGTGTGGCGGAA-1,B cells,0.99897075,B cells,train
AACGTGTGTCCAAG-1,CD4 T cells,0.999943,CD4 T cells,test
AACGTGTGTGCTTT-1,CD4 T cells,0.9995758,CD4 T cells,test
AACTACCTTAGAGA-1,CD4 T cells,0.9998766,CD4 T cells,train
AACTCACTCAAGCT-1,CD14+ Monocytes,0.9977392,CD14+ Monocytes,train
AACTCACTTGGAGG-1,CD14+ Monocytes,0.9985176,CD14+ Monocytes,train
AACTCGGAAAGTGA-1,CD8 T cells,0.9794837,CD8 T cells,train
AACTCGGAAGGTCT-1,CD14+ Monocytes,0.99970335,CD14+ Monocytes,train
AACTCTTGCAGGAG-1,CD8 T cells,0.67167896,CD4 T cells,test
AACTGTCTCCCTTG-1,CD14+ Monocytes,0.9998553,CD14+ Monocytes,train
AACTTGCTACGCTA-1,B cells,0.74855214,B cells,test
AACTTGCTGGGACA-1,CD4 T cells,0.9983419,CD4 T cells,train
AAGAACGAGTGTTG-1,CD4 T cells,0.99912816,CD4 T cells,train
AAGAAGACGTAGGG-1,B cells,0.999572,B cells,train
AAGACAGAAGTCTG-1,B cells,0.9989328,B cells,train
AAGACAGAGGATCT-1,CD4 T cells,0.9989427,CD4 T cells,train
AAGACAGATTACCT-1,CD14+ Monocytes,0.99887747,CD14+ Monocytes,test
AAGAGATGGGTAGG-1,B cells,0.9993986,B cells,train
AAGATGGAAAACAG-1,B cells,0.9969313,B cells,train
AAGATGGAGAACTC-1,CD14+ Monocytes,0.9997173,CD14+ Monocytes,train
AAGATGGAGATAAG-1,CD14+ Monocytes,0.99988294,CD14+ Monocytes,train
AAGATTACAACCTG-1,CD4 T cells,0.99999654,CD4 T cells,test
AAGATTACAGATCC-1,CD14+ Monocytes,0.9981635,CD14+ Monocytes,train
AAGATTACCCGTTC-1,CD14+ Monocytes,0.9992988,CD14+ Monocytes,test
AAGATTACCGCCTT-1,Dendritic cells,0.99202174,Dendritic cells,train
AAGATTACCTCAAG-1,NK cells,0.9998418,NK cells,test
AAGATTACTCCTCG-1,CD14+ Monocytes,0.9997825,CD14+ Monocytes,test
AAGCAAGAGCGAGA-1,CD4 T cells,0.9997842,CD4 T cells,test
AAGCAAGAGCTTAG-1,NK cells,0.9866263,CD8 T cells,test
AAGCAAGAGGTGTT-1,NK cells,0.94575304,NK cells,test
AAGCACTGAGCAAA-1,B cells,0.9995115,B cells,train
AAGCACTGCATACG-1,CD8 T cells,0.92715776,CD8 T cells,test
AAGCACTGGTTCTT-1,B cells,0.9919228,B cells,test
AAGCCAACGTGTTG-1,CD4 T cells,0.99999976,CD4 T cells,train
AAGCCATGAACTGC-1,Dendritic cells,0.9790485,Dendritic cells,test
AAGCCATGACACGT-1,CD14+ Monocytes,0.9998178,CD14+ Monocytes,train
AAGCCATGCGTGAT-1,CD4 T cells,0.99997485,CD4 T cells,test
AAGCCATGTCTCGC-1,CD8 T cells,0.99508214,CD4 T cells,test
AAGCCTGACATGCA-1,CD4 T cells,0.99789953,CD4 T cells,train
AAGCCTGACCGAAT-1,CD14+ Monocytes,0.9970522,CD14+ Monocytes,test
AAGCGACTCCTCAC-1,CD14+ Monocytes,0.6395166,FCGR3A+ Monocytes,train
AAGCGACTGTGTCA-1,CD4 T cells,0.99985933,CD4 T cells,test
AAGCGACTTACAGC-1,B cells,0.9997347,B cells,train
AAGCGACTTTGACG-1,FCGR3A+ Monocytes,0.9986475,FCGR3A+ Monocytes,train
AAGCGTACGTCTTT-1,CD4 T cells,0.9932632,CD4 T cells,train
AAGGCTTGCGAACT-1,CD8 T cells,0.9999949,CD8 T cells,test
AAGGTCACGGTTAC-1,CD14+ Monocytes,0.9998902,CD14+ Monocytes,train
AAGGTCACTGTTTC-1,B cells,0.9996019,B cells,test
AAGGTCACTTCCCG-1,CD8 T cells,0.99961925,CD8 T cells,test
AAGGTCTGACAGTC-1,CD4 T cells,0.99987423,CD4 T cells,test
AAGGTCTGCAGATC-1,CD4 T cells,0.99885213,CD4 T cells,test
AAGTAACTCTGAAC-1,CD14+ Monocytes,0.9998766,CD14+ Monocytes,train
AAGTAACTGAGATA-1,B cells,0.9996184,B cells,train
AAGTAGGATACAGC-1,NK cells,0.99659914,NK cells,train
AAGTATACCGAACT-1,CD4 T cells,0.99980193,CD4 T cells,train
AAGTCCGACTTGTT-1,CD4 T cells,0.99948967,CD4 T cells,train
AAGTCCGATAGAAG-1,CD4 T cells,0.99569345,CD4 T cells,train
AAGTCTCTAGTCGT-1,CD4 T cells,0.9998023,CD4 T cells,train
AAGTCTCTCGGAGA-1,CD8 T cells,0.33562553,CD8 T cells,train
AAGTGGCTTGGAGG-1,B cells,0.99963593,B cells,train
AAGTTCCTCATTCT-1,CD14+ Monocytes,0.9887136,CD14+ Monocytes,train
AAGTTCCTTCTTAC-1,CD4 T cells,0.9908755,CD4 T cells,train
AATAAGCTCGAATC-1,CD4 T cells,0.99999595,CD4 T cells,train
AATAAGCTCGTTGA-1,CD4 T cells,0.9999802,CD4 T cells,train
AATACCCTGGACGA-1,B cells,0.9997321,B cells,train
AATACCCTGGCATT-1,CD4 T cells,0.9972582,CD4 T cells,test
AATACTGAAAGGGC-1,CD8 T cells,0.9975541,CD8 T cells,train
AATACTGAATTGGC-1,NK cells,0.9941156,NK cells,train
AATAGGGAACCCTC-1,B cells,0.99912494,B cells,test
AATAGGGAGAATGA-1,CD8 T cells,0.999905,CD8 T cells,train
AATCAAACTATCGG-1,CD8 T cells,0.9942642,CD8 T cells,train
AATCCGGAATGCTG-1,B cells,0.9998609,B cells,test
AATCCTACCGGTAT-1,CD4 T cells,0.99969316,CD4 T cells,train
AATCCTTGACGGGA-1,CD14+ Monocytes,0.9797933,CD14+ Monocytes,train
AATCCTTGGTGAGG-1,NK cells,0.999691,NK cells,test
AATCGGTGGAACTC-1,CD8 T cells,0.97901684,CD8 T cells,test
AATCGGTGTGCTTT-1,CD4 T cells,0.9999454,CD4 T cells,test
AATCTAGAAAAGTG-1,CD4 T cells,0.9975569,CD4 T cells,test
AATCTAGAATCGGT-1,CD4 T cells,0.99867946,CD8 T cells,test
AATCTCACAGCCTA-1,CD14+ Monocytes,0.99959224,CD14+ Monocytes,test
AATCTCACTCTAGG-1,CD4 T cells,0.9999893,CD4 T cells,train
AATCTCTGAACAGA-1,CD4 T cells,0.9999951,CD4 T cells,train
AATCTCTGCTTTAC-1,NK cells,0.99888545,NK cells,test
AATGATACACCAAC-1,CD8 T cells,0.99992585,CD8 T cells,train
AATGATACGGTCAT-1,CD14+ Monocytes,0.98892003,CD14+ Monocytes,test
AATGCGTGACACCA-1,B cells,0.99865925,B cells,train
AATGCGTGGACGGA-1,Dendritic cells,0.99492395,Dendritic cells,train
AATGCGTGGCTATG-1,B cells,0.9998702,B cells,train
AATGGAGAATCGTG-1,CD14+ Monocytes,0.99989545,CD14+ Monocytes,train
AATGGAGATCCTTA-1,CD8 T cells,0.99530715,CD8 T cells,test
AATGGCTGACACCA-1,B cells,0.99851006,B cells,train
AATGGCTGCGTGAT-1,CD4 T cells,0.99997365,CD4 T cells,train
AATGGCTGTAAAGG-1,CD8 T cells,0.9997942,CD8 T cells,train
AATGGCTGTACTCT-1,CD8 T cells,0.99974424,CD8 T cells,train
AATGGCTGTGAAGA-1,CD4 T cells,0.99975437,CD4 T cells,train
AATGTAACGGTGGA-1,CD4 T cells,0.99979144,CD4 T cells,train
AATGTCCTCTTCTA-1,CD4 T cells,0.9996648,CD4 T cells,train
AATGTTGACAGTCA-1,CD4 T cells,0.99983335,CD4 T cells,train
AATGTTGAGTTGAC-1,CD14+ Monocytes,0.9999703,CD14+ Monocytes,train
AATGTTGATCTACT-1,CD4 T cells,0.9993197,CD4 T cells,train
AATTACGAATTCCT-1,Dendritic cells,0.990511,Dendritic cells,train
AATTACGACTTCTA-1,CD4 T cells,0.99970835,CD4 T cells,train
AATTACGAGTGAGG-1,CD4 T cells,0.9999633,CD4 T cells,train
AATTACGATTGGCA-1,B cells,0.9984389,B cells,train
AATTCCTGCTCAGA-1,B cells,0.9996779,B cells,test
AATTGATGTCGCAA-1,FCGR3A+ Monocytes,0.9936521,FCGR3A+ Monocytes,test
AATTGTGACTTGGA-1,B cells,0.99982387,B cells,train
ACAAAGGAGGGTGA-1,CD4 T cells,0.9998491,CD4 T cells,train
ACAAATTGATTCTC-1,FCGR3A+ Monocytes,0.99602747,FCGR3A+ Monocytes,test
ACAAATTGCTCAGA-1,CD14+ Monocytes,0.9998431,CD14+ Monocytes,train
ACAAATTGTTGCGA-1,NK cells,0.99418795,NK cells,test
ACAACCGAGGGATG-1,NK cells,0.9977041,NK cells,train
ACAACCGAGTTACG-1,CD4 T cells,0.999974,CD4 T cells,train
ACAAGAGAAGTCGT-1,CD14+ Monocytes,0.99983835,CD14+ Monocytes,train
ACAAGAGACTTATC-1,CD4 T cells,0.9997105,CD4 T cells,train
ACAAGAGAGTTGAC-1,B cells,0.99916005,B cells,train
ACAATCCTAACCGT-1,CD4 T cells,0.9994748,CD4 T cells,train
ACAATCCTTAGCGT-1,B cells,0.99917006,B cells,test
ACAATTGACTGACA-1,CD8 T cells,0.97173506,CD8 T cells,test
ACAATTGATGACTG-1,NK cells,0.99895096,NK cells,test
ACACAGACCATACG-1,CD8 T cells,0.99997604,CD8 T cells,train
ACACCAGAGGGCAA-1,CD8 T cells,0.9994967,CD8 T cells,train
ACACCCTGGTGTTG-1,NK cells,0.9996642,NK cells,test
ACACGAACAGTTCG-1,CD4 T cells,0.99956185,CD4 T cells,train
ACACGATGACGCAT-1,CD8 T cells,0.99975115,CD8 T cells,train
ACACGATGATGTGC-1,CD14+ Monocytes,0.99882597,CD14+ Monocytes,train
ACACGATGTCGTAG-1,CD8 T cells,0.99990535,CD8 T cells,train
ACACGATGTGGTCA-1,CD8 T cells,0.9998964,CD8 T cells,train
ACAGACACGGCATT-1,CD4 T cells,0.95716625,CD4 T cells,train
ACAGACACGTTGTG-1,CD4 T cells,0.9999881,CD4 T cells,train
ACAGCAACACCTAG-1,CD14+ Monocytes,0.9948887,CD14+ Monocytes,test
ACAGCAACCTCAAG-1,FCGR3A+ Monocytes,0.99963653,FCGR3A+ Monocytes,train
ACAGGTACCCCACT-1,CD4 T cells,0.99944836,CD4 T cells,train
ACAGGTACGCTGTA-1,CD8 T cells,0.99853826,CD8 T cells,train
ACAGGTACTGGTGT-1,NK cells,0.99585515,NK cells,train
ACAGTCGACCCAAA-1,CD4 T cells,0.5735574,CD4 T cells,train
ACAGTCGACCGATA-1,CD8 T cells,0.9999894,CD8 T cells,test
ACAGTGACTCACCC-1,CD8 T cells,0.8668451,CD8 T cells,test
ACAGTGACTCTATC-1,CD8 T cells,0.834152,CD8 T cells,test
ACAGTGTGGTCACA-1,CD4 T cells,0.999158,CD4 T cells,train
ACAGTGTGTTGCGA-1,CD14+ Monocytes,0.9990096,CD14+ Monocytes,train
ACATCACTCTACTT-1,CD14+ Monocytes,0.9998281,CD14+ Monocytes,train
ACATGGTGAAGCCT-1,CD4 T cells,0.9983069,CD4 T cells,train
ACATGGTGCAACCA-1,B cells,0.9998598,B cells,test
ACATGGTGCGAGTT-1,CD4 T cells,0.9945522,CD4 T cells,test
ACATTCTGGCATAC-1,CD4 T cells,0.999985,CD4 T cells,train
ACATTCTGGGAACG-1,CD14+ Monocytes,0.9946085,CD14+ Monocytes,test
ACCAACGACATGCA-1,CD4 T cells,0.9997098,CD4 T cells,train
ACCACAGAAAGTAG-1,CD4 T cells,0.99845314,CD4 T cells,train
ACCACAGAGTTGGT-1,CD4 T cells,0.9988782,CD4 T cells,train
ACCACCTGTGTGCA-1,CD4 T cells,0.9989907,CD4 T cells,train
ACCACGCTACAGCT-1,CD4 T cells,0.9999795,CD4 T cells,train
ACCACGCTACCCAA-1,CD8 T cells,0.9996253,CD8 T cells,train
ACCACGCTGCGAGA-1,CD4 T cells,0.99930024,CD4 T cells,train
ACCACGCTGCTGTA-1,CD4 T cells,0.9999112,CD4 T cells,train
ACCAGCCTGACAGG-1,CD4 T cells,0.99999154,CD4 T cells,train
ACCAGTGAACGGTT-1,B cells,0.9990415,B cells,train
ACCAGTGAATACCG-1,FCGR3A+ Monocytes,0.9985505,FCGR3A+ Monocytes,train
ACCAGTGAGGGATG-1,CD4 T cells,0.99999607,CD4 T cells,train
ACCAGTGATGACTG-1,CD14+ Monocytes,0.9999317,CD14+ Monocytes,test
ACCATTACCTTCTA-1,CD4 T cells,0.9970757,CD4 T cells,train
ACCATTACGAGATA-1,CD4 T cells,0.9990356,CD4 T cells,train
ACCATTTGTCATTC-1,CD4 T cells,0.9962447,CD4 T cells,test
ACCCAAGAACTGTG-1,CD8 T cells,0.9985561,CD8 T cells,train
ACCCAAGAATTCCT-1,FCGR3A+ Monocytes,0.99992275,FCGR3A+ Monocytes,train
ACCCAAGAGGACAG-1,CD4 T cells,0.9997012,CD4 T cells,train
ACCCAAGATTCACT-1,B cells,0.99989736,B cells,train
ACCCACTGCGCCTT-1,CD14+ Monocytes,0.9995316,CD14+ Monocytes,test
ACCCACTGGACAGG-1,CD4 T cells,0.9998877,CD4 T cells,test
ACCCACTGGTTCAG-1,Megakaryocytes,0.99605465,Megakaryocytes,train
ACCCACTGTCGTAG-1,CD14+ Monocytes,0.9998733,CD14+ Monocytes,test
ACCCAGCTCAGAAA-1,CD4 T cells,0.9997725,CD4 T cells,test
ACCCAGCTGTTAGC-1,CD14+ Monocytes,0.99905473,CD14+ Monocytes,train
ACCCAGCTTGCTTT-1,CD4 T cells,0.9999974,CD4 T cells,test
ACCCGTTGATGACC-1,B cells,0.99967194,B cells,train
ACCCGTTGCTGCAA-1,CD4 T cells,0.9989938,CD4 T cells,train
ACCCGTTGCTTCTA-1,Dendritic cells,0.9899358,Dendritic cells,train
ACCCTCGACCTATT-1,CD4 T cells,0.99750406,CD4 T cells,train
ACCCTCGACGGTAT-1,B cells,0.9994529,B cells,train
ACCCTCGATAAGGA-1,CD14+ Monocytes,0.9955023,CD14+ Monocytes,test
ACCCTCGATCAAGC-1,CD14+ Monocytes,0.985007,CD14+ Monocytes,train
ACCGTGCTACCAGT-1,CD4 T cells,0.9993462,CD4 T cells,test
ACCGTGCTGGAACG-1,B cells,0.9999502,B cells,train
ACCTATTGCTGAGT-1,B cells,0.99985945,B cells,train
ACCTATTGTGCCCT-1,FCGR3A+ Monocytes,0.99431485,FCGR3A+ Monocytes,train
ACCTCCGAGTCCTC-1,CD4 T cells,0.9988071,CD4 T cells,test
ACCTCCGATATGCG-1,CD4 T cells,0.9994673,CD4 T cells,test
ACCTCCGATGCTGA-1,CD4 T cells,0.99995744,CD4 T cells,train
ACCTCGTGAACCAC-1,CD8 T cells,0.99983406,CD8 T cells,train
ACCTGAGATATCGG-1,Megakaryocytes,0.96570724,Megakaryocytes,train
ACCTGGCTAAGTAG-1,NK cells,0.9999485,NK cells,train
ACCTTTGACTCCCA-1,CD14+ Monocytes,0.9997018,CD14+ Monocytes,train
ACCTTTGAGGAACG-1,CD14+ Monocytes,0.9994443,CD14+ Monocytes,test
ACCTTTGAGGAAGC-1,FCGR3A+ Monocytes,0.96805185,FCGR3A+ Monocytes,train
ACGAACACCTTGTT-1,NK cells,0.9820389,NK cells,train
ACGAACTGGCTATG-1,FCGR3A+ Monocytes,0.60205764,Megakaryocytes,test
ACGAAGCTCTCCAC-1,CD4 T cells,0.97628766,CD4 T cells,test
ACGAAGCTCTGAGT-1,B cells,0.9997675,B cells,train
ACGACCCTATCTCT-1,FCGR3A+ Monocytes,0.97929376,FCGR3A+ Monocytes,train
ACGACCCTGATGAA-1,CD4 T cells,0.96960485,CD8 T cells,train
ACGACCCTTGACAC-1,B cells,0.9995846,B cells,train
ACGACCCTTGACCA-1,CD4 T cells,0.999366,CD4 T cells,train
ACGAGGGACAGGAG-1,Dendritic cells,0.9943146,Dendritic cells,train
ACGAGGGACGAACT-1,CD4 T cells,0.9999844,CD4 T cells,train
ACGAGGGATGTAGC-1,CD4 T cells,0.99732447,CD4 T cells,test
ACGAGTACCCTAAG-1,B cells,0.9999151,B cells,test
ACGAGTACGAATCC-1,B cells,0.9952454,B cells,train
ACGATCGAGGACTT-1,NK cells,0.99804085,NK cells,train
ACGATCGAGTCACA-1,CD14+ Monocytes,0.99949217,CD14+ Monocytes,train
ACGATGACAATGCC-1,CD4 T cells,0.9990773,CD4 T cells,test
ACGATGACTGGTCA-1,CD4 T cells,0.9966092,CD4 T cells,train
ACGATTCTACGGGA-1,CD8 T cells,0.91132855,CD4 T cells,test
ACGCAATGGTTCAG-1,NK cells,0.99957675,NK cells,test
ACGCACCTGTTAGC-1,B cells,0.99980086,B cells,train
ACGCCACTGAACTC-1,CD14+ Monocytes,0.99836046,CD14+ Monocytes,train
ACGCCGGAAACCAC-1,CD14+ Monocytes,0.99997187,CD14+ Monocytes,train
ACGCCGGAAAGCCT-1,CD4 T cells,0.99611264,CD4 T cells,test
ACGCCGGAAATGCC-1,CD4 T cells,0.9997286,CD4 T cells,train
ACGCCTTGCTCCCA-1,FCGR3A+ Monocytes,0.99592054,FCGR3A+ Monocytes,train
ACGCGGTGGCGAGA-1,CD4 T cells,0.9997751,CD4 T cells,train
ACGCGGTGTGTGGT-1,B cells,0.99871874,B cells,train
ACGCGGTGTTTGCT-1,NK cells,0.7353248,CD8 T cells,test
ACGCTCACAGTACC-1,CD4 T cells,0.9998367,CD4 T cells,test
ACGCTCACCCTTGC-1,CD4 T cells,0.9998548,CD4 T cells,train
ACGCTGCTGTTCTT-1,NK cells,0.9961792,NK cells,train
ACGGAACTCAGATC-1,NK cells,0.998877,NK cells,train
ACGGAACTGTCGTA-1,FCGR3A+ Monocytes,0.99793744,FCGR3A+ Monocytes,train
ACGGAGGACTCTTA-1,CD14+ Monocytes,0.999926,CD14+ Monocytes,test
ACGGATTGGGAGGT-1,B cells,0.99993,B cells,test
ACGGATTGGTTAGC-1,CD4 T cells,0.99834394,CD4 T cells,train
ACGGCTCTGAGCAG-1,CD4 T cells,0.9997923,CD4 T cells,train
ACGGCTCTTGCACA-1,CD4 T cells,0.9998141,CD4 T cells,train
ACGGTAACCGCTAA-1,CD4 T cells,0.99954575,CD4 T cells,train
ACGGTAACCTTCGC-1,CD8 T cells,0.9999908,CD8 T cells,test
ACGGTAACGGTGGA-1,CD4 T cells,0.9999143,CD4 T cells,train
ACGGTAACTCGCAA-1,CD8 T cells,0.99567574,CD8 T cells,train
ACGGTATGAGTCGT-1,CD14+ Monocytes,0.99992573,CD14+ Monocytes,train
ACGGTATGGGTATC-1,B cells,0.999388,B cells,train
ACGGTATGGTTGTG-1,B cells,0.99977225,B cells,train
ACGGTCCTAACGGG-1,CD4 T cells,0.99967635,CD4 T cells,train
ACGGTCCTCGGGAA-1,CD4 T cells,0.99925023,CD4 T cells,train
ACGTAGACAACCAC-1,CD4 T cells,0.99924624,CD4 T cells,train
ACGTAGACTACAGC-1,B cells,0.9997937,B cells,train
ACGTCAGAAACGAA-1,CD4 T cells,0.99932456,CD4 T cells,test
ACGTCAGAGAGCTT-1,CD14+ Monocytes,0.9996828,CD14+ Monocytes,train
ACGTCAGAGGGATG-1,CD4 T cells,0.99938965,CD4 T cells,train
ACGTCCTGATAAGG-1,CD14+ Monocytes,0.99962056,CD14+ Monocytes,train
ACGTCCTGTGAACC-1,CD14+ Monocytes,0.9912282,CD14+ Monocytes,train
ACGTCGCTCCTGAA-1,CD8 T cells,0.90744543,NK cells,test
ACGTCGCTCTATTC-1,CD14+ Monocytes,0.8186222,CD14+ Monocytes,train
ACGTCGCTTCTCAT-1,B cells,0.9989489,B cells,train
ACGTGATGCCATGA-1,Dendritic cells,0.98798627,Dendritic cells,train
ACGTGATGGGTCTA-1,CD4 T cells,0.9999614,CD4 T cells,train
ACGTGATGTAACCG-1,FCGR3A+ Monocytes,0.99759287,FCGR3A+ Monocytes,train
ACGTGATGTGACAC-1,NK cells,0.98657656,NK cells,train
ACGTGCCTCCGTAA-1,CD4 T cells,0.99493366,CD4 T cells,train
ACGTGCCTTCTATC-1,CD8 T cells,0.99885607,CD8 T cells,train
ACGTTACTTTCCAT-1,CD4 T cells,0.9966845,CD4 T cells,train
ACGTTGGAAAAGCA-1,CD4 T cells,0.99993944,CD4 T cells,train
ACGTTGGAAACCTG-1,CD8 T cells,0.9998816,CD8 T cells,train
ACGTTGGACCGTAA-1,CD14+ Monocytes,0.9998534,CD14+ Monocytes,train
ACGTTGGAGCCAAT-1,NK cells,0.99784756,NK cells,train
ACGTTGGATATGGC-1,B cells,0.9979121,B cells,test
ACGTTGGATCAGGT-1,CD14+ Monocytes,0.9928208,CD14+ Monocytes,train
ACGTTTACATCAGC-1,CD4 T cells,0.9999188,CD4 T cells,test
ACTAAAACCCACAA-1,CD8 T cells,0.9976973,CD8 T cells,train
ACTAAAACTCGACA-1,CD14+ Monocytes,0.99982774,CD14+ Monocytes,train
ACTACGGAATTTCC-1,CD4 T cells,0.9984623,CD4 T cells,test
ACTACGGACCTATT-1,CD4 T cells,0.99983716,CD4 T cells,train
ACTACGGATCGCTC-1,CD4 T cells,0.9971873,CD4 T cells,train
ACTACTACTAAGGA-1,CD4 T cells,0.99991345,CD4 T cells,train
ACTAGGTGGAACCT-1,CD8 T cells,0.99972147,CD8 T cells,train
ACTAGGTGGAACTC-1,CD4 T cells,0.99592716,CD4 T cells,train
ACTATCACCTTGGA-1,CD8 T cells,0.9983215,CD8 T cells,test
ACTATCACTGCCAA-1,CD4 T cells,0.9999529,CD4 T cells,train
ACTCAGGACTGAAC-1,CD4 T cells,0.9997569,CD4 T cells,test
ACTCAGGATCTATC-1,B cells,0.9998024,B cells,test
ACTCAGGATTCGTT-1,CD14+ Monocytes,0.9998343,CD14+ Monocytes,train
ACTCCTCTCAACTG-1,CD4 T cells,0.9993704,CD4 T cells,test
ACTCGCACGAAAGT-1,CD14+ Monocytes,0.99938226,CD14+ Monocytes,test
ACTCGCACTACGAC-1,CD14+ Monocytes,0.99385035,CD14+ Monocytes,test
ACTCTCCTGACACT-1,CD4 T cells,0.9999199,CD4 T cells,train
ACTCTCCTGCATAC-1,CD4 T cells,0.99780196,CD4 T cells,train
ACTCTCCTGTTTGG-1,CD4 T cells,0.9998745,CD4 T cells,train
ACTGAGACAACCAC-1,CD8 T cells,0.9998747,CD8 T cells,train
ACTGAGACCCATAG-1,FCGR3A+ Monocytes,0.99961984,FCGR3A+ Monocytes,train
ACTGAGACGTTGGT-1,B cells,0.98766,B cells,test
ACTGCCACACACGT-1,CD8 T cells,0.9999666,CD8 T cells,train
ACTGCCACTCCGTC-1,NK cells,0.9995844,NK cells,train
ACTGGCCTTCAGTG-1,NK cells,0.9968065,NK cells,train
ACTGTGGACGTGTA-1,CD8 T cells,0.9028966,CD8 T cells,test
ACTGTGGATCTAGG-1,B cells,0.99960667,B cells,test
ACTGTTACCCACAA-1,CD14+ Monocytes,0.99986994,CD14+ Monocytes,train
ACTGTTACTGCAGT-1,CD4 T cells,0.99837506,CD4 T cells,train
ACTTAAGAACCACA-1,CD4 T cells,0.99996865,CD4 T cells,train
ACTTAAGATTACTC-1,Dendritic cells,0.9913932,Dendritic cells,train
ACTTAGCTGCGTAT-1,FCGR3A+ Monocytes,0.996516,FCGR3A+ Monocytes,test
ACTTAGCTGGGAGT-1,CD4 T cells,0.9996753,CD4 T cells,train
ACTTCAACAAGCAA-1,CD8 T cells,0.99997425,CD8 T cells,train
ACTTCAACGTAGGG-1,NK cells,0.9997055,NK cells,train
ACTTCCCTTTCCGC-1,CD4 T cells,0.999156,CD4 T cells,train
ACTTCTGACATGCA-1,B cells,0.99981683,B cells,test
ACTTGACTCCACAA-1,B cells,0.9998801,B cells,test
ACTTGGGAGAAAGT-1,CD14+ Monocytes,0.99926025,CD14+ Monocytes,train
ACTTGGGAGGTTTG-1,CD4 T cells,0.9994634,CD4 T cells,train
ACTTGGGATGTGAC-1,FCGR3A+ Monocytes,0.9971064,FCGR3A+ Monocytes,train
ACTTGGGATTGACG-1,CD14+ Monocytes,0.9996923,CD14+ Monocytes,test
ACTTGTACCTGTCC-1,CD4 T cells,0.99976414,CD4 T cells,test
ACTTTGTGGAAAGT-1,CD4 T cells,0.99976236,CD4 T cells,test
ACTTTGTGGATAGA-1,CD14+ Monocytes,0.9992455,CD14+ Monocytes,train
AGAAACGAAAGTAG-1,B cells,0.9984457,B cells,train
AGAAAGTGCGCAAT-1,CD8 T cells,0.98940825,CD8 T cells,train
AGAAAGTGGGGATG-1,CD14+ Monocytes,0.9993162,CD14+ Monocytes,train
AGAACAGAAATGCC-1,NK cells,0.99572915,NK cells,train
AGAACAGACGACTA-1,B cells,0.99777776,B cells,test
AGAACAGAGACAAA-1,CD4 T cells,0.9875043,CD4 T cells,train
AGAACGCTTTGCTT-1,CD4 T cells,0.9999763,CD4 T cells,test
AGAAGATGTGACTG-1,CD4 T cells,0.99995303,CD4 T cells,train
AGAATGGAAGAAGT-1,CD8 T cells,0.9985644,CD8 T cells,train
AGAATTTGTAACCG-1,CD4 T cells,0.99999964,CD4 T cells,train
AGAATTTGTAGAGA-1,CD4 T cells,0.9999956,CD4 T cells,train
AGACACACTGTAGC-1,CD4 T cells,0.99989927,CD4 T cells,train
AGACACTGTCAAGC-1,CD14+ Monocytes,0.9999714,CD14+ Monocytes,train
AGACCTGAAGTAGA-1,CD14+ Monocytes,0.99964607,CD14+ Monocytes,train
AGACCTGACCAACA-1,CD4 T cells,0.999966,CD4 T cells,train
AGACCTGAGGAAGC-1,CD8 T cells,0.9993013,CD8 T cells,test
AGACGTACAGAGGC-1,CD4 T cells,0.9465592,CD4 T cells,test
AGACGTACCCCTAC-1,B cells,0.99985254,B cells,train
AGACGTACCTCTTA-1,Dendritic cells,0.98252994,Dendritic cells,train
AGACGTACTCGTGA-1,FCGR3A+ Monocytes,0.994588,FCGR3A+ Monocytes,train
AGACTGACCATCAG-1,CD8 T cells,0.9999765,CD8 T cells,train
AGACTGACCCTTTA-1,CD4 T cells,0.99981767,CD4 T cells,test
AGACTTCTCATGCA-1,B cells,0.99951303,B cells,test
AGAGATGACAGTCA-1,B cells,0.9995024,B cells,test
AGAGATGACTGAAC-1,CD4 T cells,0.9998343,CD4 T cells,train
AGAGATGAGGTTTG-1,CD14+ Monocytes,0.99965703,CD14+ Monocytes,train
AGAGATGATCTCGC-1,B cells,0.99924976,B cells,test
AGAGATGATTGTGG-1,CD4 T cells,0.99519956,CD4 T cells,train
AGAGCGGAGGCAAG-1,CD14+ Monocytes,0.9961777,CD14+ Monocytes,train
AGAGTCTGGTCGTA-1,FCGR3A+ Monocytes,0.9998111,FCGR3A+ Monocytes,train
AGAGTGCTCAGCTA-1,CD4 T cells,0.9995616,CD4 T cells,train
AGAGTGCTCGAATC-1,CD4 T cells,0.9999354,CD4 T cells,train
AGAGTGCTGTCATG-1,CD4 T cells,0.99968493,CD4 T cells,test
AGAGTGCTGTCCTC-1,CD8 T cells,0.9986481,CD8 T cells,test
AGAGTGCTGTGTTG-1,B cells,0.9998367,B cells,train
AGATATACCCGTAA-1,NK cells,0.9985851,NK cells,train
AGATATACGATGAA-1,CD4 T cells,0.99542916,CD4 T cells,train
AGATATACTGTTCT-1,B cells,0.99960905,B cells,train
AGATATTGCCTACC-1,CD8 T cells,0.99999726,CD8 T cells,train
AGATATTGGCCAAT-1,CD14+ Monocytes,0.99897146,CD14+ Monocytes,train
AGATCGTGTCTGGA-1,CD14+ Monocytes,0.99874413,CD14+ Monocytes,train
AGATCGTGTTTGTC-1,B cells,0.9997744,B cells,train
AGATCTCTATCACG-1,B cells,0.99988604,B cells,train
AGATTAACGTTCTT-1,FCGR3A+ Monocytes,0.9684189,FCGR3A+ Monocytes,test
AGATTCCTATCGTG-1,CD4 T cells,0.99996996,CD4 T cells,test
AGATTCCTCACTTT-1,CD14+ Monocytes,0.99998534,CD14+ Monocytes,test
AGATTCCTGACGAG-1,CD14+ Monocytes,0.99798846,CD14+ Monocytes,train
AGATTCCTGTTCAG-1,NK cells,0.99968207,NK cells,train
AGCAAAGATATGCG-1,CD4 T cells,0.9999652,CD4 T cells,train
AGCACAACAGTCTG-1,CD4 T cells,0.9814321,CD4 T cells,test
AGCACTGAGGGAGT-1,CD4 T cells,0.99983704,CD4 T cells,train
AGCACTGATATGCG-1,CD4 T cells,0.999931,CD4 T cells,train
AGCACTGATGCTTT-1,Dendritic cells,0.9894672,Dendritic cells,train
AGCACTGATTGCGA-1,CD4 T cells,0.9998393,CD4 T cells,train
AGCATCGAAGATCC-1,CD4 T cells,0.99963284,CD4 T cells,train
AGCATCGAAGGGTG-1,B cells,0.9993309,B cells,train
AGCATCGAGCTTCC-1,CD14+ Monocytes,0.9994066,CD14+ Monocytes,train
AGCATCGAGTGAGG-1,CD4 T cells,0.9999361,CD4 T cells,train
AGCATCGATAACCG-1,CD14+ Monocytes,0.9998864,CD14+ Monocytes,train
AGCATGACGATGAA-1,CD8 T cells,0.99936146,CD8 T cells,train
AGCCAATGGGGAGT-1,FCGR3A+ Monocytes,0.9988426,FCGR3A+ Monocytes,train
AGCCAATGTATCTC-1,CD4 T cells,0.9999782,CD4 T cells,test
AGCCACCTGGATCT-1,CD8 T cells,0.99084705,CD8 T cells,test
AGCCGGTGCCAATG-1,CD4 T cells,0.9973326,CD4 T cells,test
AGCCGGTGTGTTTC-1,CD4 T cells,0.9999908,CD4 T cells,train
AGCCGTCTCAATCG-1,CD4 T cells,0.99849916,CD4 T cells,train
AGCCGTCTGAGAGC-1,CD4 T cells,0.9997279,CD4 T cells,test
AGCCTCACGTTCGA-1,CD4 T cells,0.99978393,CD4 T cells,test
AGCCTCACTGTCAG-1,FCGR3A+ Monocytes,0.99457717,FCGR3A+ Monocytes,train
AGCCTCTGCAGTTG-1,B cells,0.9987184,B cells,train
AGCCTCTGCCAATG-1,NK cells,0.99885976,NK cells,test
AGCGAACTGGATCT-1,CD4 T cells,0.99863654,CD4 T cells,train
AGCGAACTTACTGG-1,CD4 T cells,0.99855083,CD4 T cells,train
AGCGATACGGAGCA-1,CD4 T cells,0.99997854,CD4 T cells,train
AGCGATTGAGATCC-1,NK cells,0.9984536,NK cells,train
AGCGCCGAATCTCT-1,CD4 T cells,0.9915446,CD4 T cells,test
AGCGCCGACAGAGG-1,CD4 T cells,0.9999205,CD4 T cells,train
AGCGCTCTACCTTT-1,CD4 T cells,0.9999714,CD4 T cells,train
AGCGGCACCGGGAA-1,CD4 T cells,0.99791855,CD4 T cells,train
AGCGGCTGATGTGC-1,CD4 T cells,0.999998,CD4 T cells,train
AGCGGGCTTGCCAA-1,CD4 T cells,0.99969876,CD4 T cells,test
AGCGTAACATGCTG-1,CD4 T cells,0.9938362,CD4 T cells,train
AGCGTAACTGAGAA-1,CD14+ Monocytes,0.9942121,CD14+ Monocytes,train
AGCTCGCTACTGGT-1,CD4 T cells,0.99899834,CD4 T cells,test
AGCTCGCTCTGCTC-1,CD4 T cells,0.99985814,CD4 T cells,train
AGCTGAACCATACG-1,FCGR3A+ Monocytes,0.9946726,FCGR3A+ Monocytes,test
AGCTGAACCTCTCG-1,CD4 T cells,0.99997914,CD4 T cells,test
AGCTGCCTTGGGAG-1,CD14+ Monocytes,0.99959904,CD14+ Monocytes,test
AGCTGCCTTTCATC-1,CD4 T cells,0.9999436,CD4 T cells,train
AGCTGCCTTTCTGT-1,CD4 T cells,0.99700755,CD4 T cells,train
AGCTGTGATCCAAG-1,CD4 T cells,0.9998878,CD4 T cells,train
AGCTTTACAAGTAG-1,CD4 T cells,0.9999193,CD4 T cells,train
AGCTTTACACCAAC-1,CD8 T cells,0.99998057,CD8 T cells,train
AGCTTTACTCTCAT-1,B cells,0.9996623,B cells,test
AGGAAATGAGGAGC-1,CD4 T cells,0.99968123,CD4 T cells,test
AGGAACCTCTTAGG-1,FCGR3A+ Monocytes,0.97908247,FCGR3A+ Monocytes,train
AGGAACCTTGCCTC-1,CD8 T cells,0.99952316,CD8 T cells,train
AGGAATGATAACGC-1,CD4 T cells,0.9999585,CD4 T cells,train
AGGAATGATTTGTC-1,CD4 T cells,0.9999871,CD4 T cells,train
AGGAGTCTGGTTTG-1,CD4 T cells,0.99882394,CD4 T cells,test
AGGAGTCTTGTCAG-1,CD4 T cells,0.99984705,CD4 T cells,test
AGGATAGACATTTC-1,CD4 T cells,0.99944204,CD4 T cells,train
AGGATAGAGGATTC-1,CD8 T cells,0.99873537,CD8 T cells,train
AGGATGCTACTAGC-1,B cells,0.99981326,B cells,train
AGGATGCTTTAGGC-1,NK cells,0.99948895,NK cells,train
AGGCAACTGAAGGC-1,CD4 T cells,0.9989083,CD4 T cells,train
AGGCAGGAGTACCA-1,CD8 T cells,0.9999765,CD8 T cells,train
AGGCCTCTAGTCGT-1,CD4 T cells,0.999944,CD4 T cells,test
AGGCCTCTCGGAGA-1,CD4 T cells,0.9883062,CD4 T cells,test
AGGCCTCTCGTAAC-1,CD4 T cells,0.9991297,CD4 T cells,test
AGGGACGACGTTGA-1,CD4 T cells,0.99997365,CD4 T cells,train
AGGGACGAGTCAAC-1,NK cells,0.9946049,NK cells,test
AGGGACGAGTTGTG-1,CD4 T cells,0.99991834,CD4 T cells,train
AGGGACGATAGAGA-1,CD8 T cells,0.9998907,CD8 T cells,train
AGGGACGATGCATG-1,CD8 T cells,0.999959,CD8 T cells,train
AGGGAGTGAGCCTA-1,CD4 T cells,0.9951899,CD4 T cells,test
AGGGCCACCATACG-1,CD4 T cells,0.99946564,CD4 T cells,train
AGGGCGCTAACCAC-1,CD14+ Monocytes,0.96874076,CD14+ Monocytes,test
AGGGCGCTATGGTC-1,CD4 T cells,0.99823123,CD4 T cells,train
AGGGTGGACAGTCA-1,B cells,0.99955446,B cells,train
AGGGTGGACTCAAG-1,CD14+ Monocytes,0.99912876,CD14+ Monocytes,train
AGGGTGGAGTTGCA-1,CD8 T cells,0.72820175,CD8 T cells,test
AGGGTTTGTTCATC-1,CD14+ Monocytes,0.9982529,CD14+ Monocytes,train
AGGTCATGAGTGTC-1,B cells,0.997543,B cells,train
AGGTCATGCTTATC-1,CD8 T cells,0.99958915,CD8 T cells,train
AGGTCTGATTCTCA-1,CD14+ Monocytes,0.7822973,CD14+ Monocytes,test
AGGTGGGAAGAATG-1,CD4 T cells,0.9930951,CD4 T cells,train
AGGTGGGAAGTTCG-1,CD4 T cells,0.9998858,CD4 T cells,test
AGGTGTTGGTTACG-1,B cells,0.9983242,B cells,train
AGGTTCGAACCTCC-1,CD14+ Monocytes,0.9998661,CD14+ Monocytes,train
AGGTTCGAACGTAC-1,CD14+ Monocytes,0.99891555,CD14+ Monocytes,test
AGGTTCGAGGGTGA-1,CD4 T cells,0.9999629,CD4 T cells,train
AGTAAGGAGTTTGG-1,CD4 T cells,0.9986663,CD4 T cells,train
AGTAAGGATTCTTG-1,CD4 T cells,0.97436154,CD4 T cells,test
AGTAATACATCACG-1,NK cells,0.99915135,NK cells,train
AGTAATACCGAACT-1,B cells,0.9999614,B cells,train
AGTAATTGTCCCAC-1,CD4 T cells,0.99984825,CD4 T cells,train
AGTACGTGAGGGTG-1,CD4 T cells,0.99891055,CD4 T cells,test
AGTACGTGCTGCAA-1,CD4 T cells,0.99988437,CD4 T cells,test
AGTACGTGCTTGGA-1,CD4 T cells,0.99944216,CD4 T cells,train
AGTACTCTACGTGT-1,B cells,0.9989874,B cells,test
AGTACTCTCAACCA-1,CD8 T cells,0.99945337,CD8 T cells,train
AGTACTCTCGGTAT-1,CD8 T cells,0.99913365,CD8 T cells,train
AGTAGGCTTGCCTC-1,FCGR3A+ Monocytes,0.9971015,FCGR3A+ Monocytes,train
AGTATAACTTGTCT-1,FCGR3A+ Monocytes,0.97758555,FCGR3A+ Monocytes,train
AGTATCCTAGAACA-1,CD4 T cells,0.99892503,CD4 T cells,train
AGTCACGATGAGCT-1,NK cells,0.9916141,NK cells,train
AGTCAGACGAATAG-1,CD4 T cells,0.99297684,CD4 T cells,train
AGTCAGACGCTTAG-1,CD4 T cells,0.98593915,CD4 T cells,train
AGTCAGACTAGAGA-1,CD8 T cells,0.99818194,CD8 T cells,train
AGTCAGACTGCACA-1,CD8 T cells,0.9999777,CD8 T cells,train
AGTCCAGATATCTC-1,CD4 T cells,0.99294174,CD4 T cells,train
AGTCCAGATTTCAC-1,CD4 T cells,0.9997774,CD4 T cells,train
AGTCGAACCAACCA-1,CD4 T cells,0.9995233,CD4 T cells,test
AGTCGCCTCCGTAA-1,CD4 T cells,0.9981558,CD4 T cells,train
AGTCTACTAGGGTG-1,CD14+ Monocytes,0.99954826,CD14+ Monocytes,test
AGTCTACTTGCATG-1,FCGR3A+ Monocytes,0.96676594,FCGR3A+ Monocytes,train
AGTCTTACACCACA-1,CD4 T cells,0.99985003,CD4 T cells,train
AGTCTTACTTCGCC-1,CD8 T cells,0.9999826,CD8 T cells,train
AGTCTTACTTCGGA-1,Megakaryocytes,0.9916774,Megakaryocytes,test
AGTGACTGCAACTG-1,FCGR3A+ Monocytes,0.72745866,FCGR3A+ Monocytes,test
AGTGTTCTAACCTG-1,CD4 T cells,0.9999927,CD4 T cells,train
AGTGTTCTATAAGG-1,CD4 T cells,0.9974807,CD4 T cells,train
AGTGTTCTCACTTT-1,CD14+ Monocytes,0.9999902,CD14+ Monocytes,train
AGTTAAACCACTTT-1,CD4 T cells,0.9998565,CD4 T cells,train
AGTTATGAACAGTC-1,CD14+ Monocytes,0.9998888,CD14+ Monocytes,test
AGTTATGACTGAGT-1,CD4 T cells,0.49955198,CD4 T cells,test
AGTTATGAGTTCAG-1,CD4 T cells,0.9998186,CD4 T cells,test
AGTTCTACCAGCTA-1,CD14+ Monocytes,0.9952755,CD14+ Monocytes,test
AGTTCTTGAAGCCT-1,CD8 T cells,0.9986633,CD8 T cells,train
AGTTGTCTACTACG-1,CD4 T cells,0.9997352,CD4 T cells,train
AGTTTAGATGGTCA-1,CD4 T cells,0.9999112,CD4 T cells,test
AGTTTCACGGTCTA-1,CD8 T cells,0.9997819,CD8 T cells,train
AGTTTGCTACAGTC-1,CD4 T cells,0.9999691,CD4 T cells,train
AGTTTGCTACTGGT-1,CD8 T cells,0.9927907,CD8 T cells,train
AGTTTGCTCCAAGT-1,CD4 T cells,0.9997904,CD4 T cells,train
ATAAACACAGTGCT-1,B cells,0.9995523,B cells,train
ATAAACACCACCAA-1,CD4 T cells,0.9999927,CD4 T cells,train
ATAACAACATGCTG-1,CD14+ Monocytes,0.99983394,CD14+ Monocytes,train
ATAACAACGTCTAG-1,CD4 T cells,0.9895403,CD4 T cells,train
ATAACAACTTTGTC-1,CD4 T cells,0.99914515,CD4 T cells,train
ATAACATGTACTCT-1,CD4 T cells,0.9994885,CD4 T cells,train
ATAACCCTGTTGGT-1,CD8 T cells,0.9992481,CD8 T cells,train
ATAACCCTTGGTAC-1,CD4 T cells,0.9999163,CD4 T cells,test
ATAAGTACGAATGA-1,B cells,0.9988701,B cells,test
ATAAGTTGGTACGT-1,FCGR3A+ Monocytes,0.9559576,FCGR3A+ Monocytes,train
ATAAGTTGTCTAGG-1,CD4 T cells,0.99044585,CD4 T cells,train
ATAATCGAGCTGAT-1,B cells,0.9996239,B cells,train
ATAATCGATGGTTG-1,CD4 T cells,0.9996232,CD4 T cells,test
ATAATGACCTACTT-1,CD4 T cells,0.999998,CD4 T cells,train
ATAATGACTCGTGA-1,CD14+ Monocytes,0.999689,CD14+ Monocytes,train
ATACAATGTTAGGC-1,CD4 T cells,0.999998,CD4 T cells,train
ATACCACTCGTACA-1,CD14+ Monocytes,0.98209447,CD14+ Monocytes,test
ATACCACTCTAAGC-1,Dendritic cells,0.6135111,Dendritic cells,test
ATACCACTGCCAAT-1,CD8 T cells,0.9908292,CD8 T cells,train
ATACCGGAATGCTG-1,Dendritic cells,0.998395,Dendritic cells,train
ATACCGGACATTTC-1,CD14+ Monocytes,0.9995813,CD14+ Monocytes,train
ATACCGGACTTCGC-1,CD4 T cells,0.9999664,CD4 T cells,train
ATACCGGAGGTGTT-1,CD14+ Monocytes,0.9999399,CD14+ Monocytes,test
ATACCGGATCTCGC-1,CD4 T cells,0.9997899,CD4 T cells,test
ATACCTACGCATCA-1,CD4 T cells,0.9993716,CD4 T cells,test
ATACCTTGGGGCAA-1,CD4 T cells,0.9998066,CD4 T cells,train
ATACGGACAGACTC-1,CD14+ Monocytes,0.9999645,CD14+ Monocytes,test
ATACGGACCTACTT-1,CD14+ Monocytes,0.9997003,CD14+ Monocytes,test
ATACGGACGAGGTG-1,B cells,0.9997696,B cells,train
ATACGGACTATGCG-1,B cells,0.9977397,B cells,test
ATACGGACTCTGGA-1,CD14+ Monocytes,0.99985135,CD14+ Monocytes,test
ATACGTCTTAACGC-1,CD14+ Monocytes,0.99895954,CD14+ Monocytes,train
ATACTCTGCTTCGC-1,CD14+ Monocytes,0.99851674,CD14+ Monocytes,test
ATACTCTGGTATGC-1,NK cells,0.99534494,NK cells,test
ATAGATACCATGGT-1,CD4 T cells,0.9954503,CD4 T cells,train
ATAGATACGACGAG-1,CD4 T cells,0.9959233,CD4 T cells,train
ATAGATTGGTGTAC-1,B cells,0.99978167,B cells,train
ATAGCCGAACGGAG-1,CD4 T cells,0.999858,CD4 T cells,train
ATAGCGTGCAGATC-1,CD4 T cells,0.9998431,CD4 T cells,train
ATAGCGTGCCCTTG-1,CD14+ Monocytes,0.9987191,CD14+ Monocytes,train
ATAGCGTGGTATCG-1,CD14+ Monocytes,0.99988616,CD14+ Monocytes,test
ATAGCGTGTCTCTA-1,CD4 T cells,0.9999347,CD4 T cells,test
ATAGCTCTCTGATG-1,CD4 T cells,0.999828,CD4 T cells,train
ATAGCTCTGAGGTG-1,CD4 T cells,0.99941564,CD4 T cells,train
ATAGGAGAAACAGA-1,CD14+ Monocytes,0.9793814,CD14+ Monocytes,test
ATAGGCTGTCAGAC-1,CD4 T cells,0.999933,CD4 T cells,train
ATAGTCCTAGTGTC-1,CD14+ Monocytes,0.9999794,CD14+ Monocytes,test
ATAGTCCTTGCATG-1,CD4 T cells,0.98364174,CD8 T cells,test
ATAGTCCTTGTCGA-1,CD4 T cells,0.9999167,CD4 T cells,train
ATAGTTGACAACTG-1,CD4 T cells,0.9999571,CD4 T cells,train
ATAGTTGACCCTCA-1,FCGR3A+ Monocytes,0.9988331,FCGR3A+ Monocytes,train
ATAGTTGAGACGTT-1,CD4 T cells,0.99612844,CD4 T cells,test
ATAGTTGATAAGCC-1,CD4 T cells,0.9997886,CD4 T cells,train
ATATACGAAGCCAT-1,CD4 T cells,0.9992705,CD4 T cells,train
ATATACGAATTGGC-1,CD4 T cells,0.99987984,CD4 T cells,train
ATATAGTGGAATGA-1,CD14+ Monocytes,0.99998116,CD14+ Monocytes,test
ATATGCCTAGATCC-1,CD14+ Monocytes,0.9998621,CD14+ Monocytes,train
ATATGCCTGGACAG-1,CD4 T cells,0.9720795,CD4 T cells,test
ATATGCCTTCTCTA-1,CD4 T cells,0.9997881,CD4 T cells,train
ATATGCCTTGGTAC-1,CD4 T cells,0.99996436,CD4 T cells,train
ATCAAATGAGCCTA-1,CD14+ Monocytes,0.9946926,CD14+ Monocytes,test
ATCAAATGGGTAAA-1,FCGR3A+ Monocytes,0.9995116,FCGR3A+ Monocytes,train
ATCAACCTAAACGA-1,CD4 T cells,0.99998415,CD4 T cells,test
ATCAACCTGAGGAC-1,CD4 T cells,0.99983644,CD4 T cells,train
ATCAACCTTCTCTA-1,CD8 T cells,0.99996364,CD8 T cells,train
ATCAACCTTTGTCT-1,CD8 T cells,0.999546,CD8 T cells,train
ATCACACTTTGTCT-1,CD4 T cells,0.9990445,CD4 T cells,train
ATCACGGATTTCGT-1,B cells,0.99968874,B cells,train
ATCATCTGACACCA-1,Megakaryocytes,0.9961559,Megakaryocytes,test
ATCATGCTAGAGTA-1,CD8 T cells,0.996092,CD8 T cells,train
ATCATGCTGAACCT-1,B cells,0.99990904,B cells,train
ATCCAGGACGCTAA-1,FCGR3A+ Monocytes,0.9712025,FCGR3A+ Monocytes,test
ATCCAGGATGGAAA-1,CD4 T cells,0.999627,CD4 T cells,train
ATCCATACTCCTTA-1,CD14+ Monocytes,0.9991291,CD14+ Monocytes,train
ATCCATACTTCATC-1,FCGR3A+ Monocytes,0.9989918,FCGR3A+ Monocytes,test
ATCCCGTGCAGTCA-1,NK cells,0.996449,NK cells,test
ATCCCGTGCATGCA-1,B cells,0.9995408,B cells,train
ATCCCGTGGCTGAT-1,B cells,0.998988,B cells,train
ATCCGCACGCATCA-1,B cells,0.99976796,B cells,train
ATCCTAACGACGGA-1,B cells,0.99864775,B cells,test
ATCCTAACGCTACA-1,CD8 T cells,0.9986803,CD8 T cells,train
ATCGACGAAACTGC-1,CD14+ Monocytes,0.9999387,CD14+ Monocytes,train
ATCGACGAATGACC-1,CD4 T cells,0.9997385,CD4 T cells,test
ATCGAGTGGACGTT-1,CD8 T cells,0.9993994,CD8 T cells,train
ATCGCAGAATCTCT-1,FCGR3A+ Monocytes,0.99949753,FCGR3A+ Monocytes,test
ATCGCAGAGTGTCA-1,B cells,0.9992391,B cells,test
ATCGCCACTGAGGG-1,CD8 T cells,0.99983,CD8 T cells,train
ATCGCCTGGGTCAT-1,CD4 T cells,0.9988625,CD4 T cells,train
ATCGCCTGTGGCAT-1,B cells,0.995159,B cells,test
ATCGCGCTCAGAGG-1,CD14+ Monocytes,0.99988806,CD14+ Monocytes,train
ATCGCGCTGGGATG-1,CD4 T cells,0.9965463,CD4 T cells,train
ATCGCGCTTTTCGT-1,B cells,0.9988809,B cells,train
ATCGGAACCAGTCA-1,CD4 T cells,0.9990727,CD4 T cells,train
ATCGGTGAGTCAAC-1,CD4 T cells,0.9999734,CD4 T cells,test
ATCGGTGATTGCAG-1,CD4 T cells,0.995497,CD4 T cells,test
ATCGTTTGCCTACC-1,CD14+ Monocytes,0.9997569,CD14+ Monocytes,test
ATCGTTTGGGTACT-1,CD14+ Monocytes,0.99993825,CD14+ Monocytes,train
ATCGTTTGTGCCAA-1,CD14+ Monocytes,0.99837315,CD14+ Monocytes,train
ATCTACACCCGCTT-1,CD14+ Monocytes,0.9998932,CD14+ Monocytes,train
ATCTACACCGGGAA-1,CD4 T cells,0.99998975,CD4 T cells,train
ATCTCAACAGGAGC-1,B cells,0.99884486,B cells,train
ATCTCAACCTCGAA-1,CD4 T cells,0.9991375,CD4 T cells,train
ATCTCAACCTTGTT-1,CD14+ Monocytes,0.9998209,CD14+ Monocytes,train
ATCTGGGAAACCAC-1,CD14+ Monocytes,0.998304,CD14+ Monocytes,train
ATCTGGGAAGTGTC-1,CD14+ Monocytes,0.5444881,CD14+ Monocytes,test
ATCTGGGATTCCGC-1,CD8 T cells,0.9948113,CD8 T cells,train
ATCTGTTGAACGGG-1,CD4 T cells,0.9997391,CD4 T cells,test
ATCTGTTGACCTCC-1,CD4 T cells,0.9999876,CD4 T cells,train
ATCTGTTGCCTTCG-1,FCGR3A+ Monocytes,0.99040437,FCGR3A+ Monocytes,train
ATCTGTTGGTTGCA-1,CD4 T cells,0.99969304,CD4 T cells,train
ATCTTGACACCAAC-1,CD4 T cells,0.9998642,CD4 T cells,train
ATCTTGACCTCCCA-1,CD14+ Monocytes,0.9965745,CD14+ Monocytes,train
ATCTTTCTGCATCA-1,CD8 T cells,0.99801517,CD8 T cells,train
ATCTTTCTGTTTCT-1,CD8 T cells,0.9992023,CD8 T cells,train
ATCTTTCTTGTCCC-1,NK cells,0.99990463,NK cells,train
ATGAAACTCTGTGA-1,CD8 T cells,0.98246014,CD8 T cells,train
ATGAAACTGAGGCA-1,CD4 T cells,0.999527,CD4 T cells,train
ATGAAGGAACAGCT-1,CD8 T cells,0.9966658,CD8 T cells,test
ATGAAGGACCTGTC-1,B cells,0.99961215,B cells,train
ATGAAGGACCTTAT-1,B cells,0.99977213,B cells,train
ATGAAGGACTAGTG-1,B cells,0.99809366,B cells,train
ATGAAGGACTTGCC-1,NK cells,0.9799081,NK cells,test
ATGACGTGACGACT-1,B cells,0.9999478,B cells,train
ATGACGTGATCGGT-1,FCGR3A+ Monocytes,0.9822457,FCGR3A+ Monocytes,train
ATGAGAGAAAGTGA-1,CD4 T cells,0.9956462,CD4 T cells,test
ATGAGAGAACGCAT-1,CD4 T cells,0.9994618,CD4 T cells,train
ATGAGAGAAGTAGA-1,B cells,0.9998766,B cells,test
ATGAGCACACAGCT-1,CD4 T cells,0.9996377,CD4 T cells,train
ATGAGCACATCTTC-1,CD4 T cells,0.9999641,CD4 T cells,train
ATGATAACTTCACT-1,NK cells,0.99838126,NK cells,train
ATGATATGAAACAG-1,CD4 T cells,0.9999192,CD4 T cells,train
ATGATATGACTGGT-1,CD4 T cells,0.9999691,CD4 T cells,train
ATGATATGAGCACT-1,CD4 T cells,0.9999113,CD4 T cells,train
ATGATATGGTCATG-1,CD4 T cells,0.99919206,CD4 T cells,train
ATGATATGGTGCTA-1,NK cells,0.9950093,NK cells,train
ATGATATGTTGTCT-1,CD14+ Monocytes,0.9938198,CD14+ Monocytes,test
ATGCACGAATGTCG-1,B cells,0.99243987,B cells,test
ATGCACGACTGTAG-1,CD4 T cells,0.9983381,CD4 T cells,train
ATGCACGAGAACCT-1,B cells,0.99848145,B cells,train
ATGCACGAGTTCGA-1,CD4 T cells,0.99955803,CD4 T cells,test
ATGCACGATTGGTG-1,CD14+ Monocytes,0.9790548,CD14+ Monocytes,train
ATGCAGTGTTACCT-1,B cells,0.999688,B cells,test
ATGCAGTGTTCTAC-1,CD4 T cells,0.99886996,CD4 T cells,train
ATGCCAGAACGACT-1,CD4 T cells,0.9999995,CD4 T cells,train
ATGCCAGACAGTCA-1,CD14+ Monocytes,0.99975055,CD14+ Monocytes,train
ATGCCGCTTGAACC-1,CD14+ Monocytes,0.9972453,CD14+ Monocytes,train
ATGCGATGCTATGG-1,CD14+ Monocytes,0.9997117,CD14+ Monocytes,train
ATGCGATGCTGAGT-1,CD4 T cells,0.9996092,CD4 T cells,train
ATGCGATGGTTACG-1,B cells,0.9987062,B cells,test
ATGCGCCTTCATTC-1,CD4 T cells,0.9999306,CD4 T cells,test
ATGCTTTGCGAATC-1,CD4 T cells,0.9998771,CD4 T cells,train
ATGCTTTGGGCGAA-1,CD8 T cells,0.99272823,CD8 T cells,test
ATGCTTTGTAGTCG-1,B cells,0.99985003,B cells,train
ATGGACACATCGGT-1,CD4 T cells,0.9999026,CD4 T cells,train
ATGGACACGCATCA-1,NK cells,0.99401194,NK cells,train
ATGGGTACAACCTG-1,B cells,0.9877599,B cells,train
ATGGGTACATCGGT-1,NK cells,0.9979746,NK cells,train
ATGGGTACTATTCC-1,CD4 T cells,0.9999887,CD4 T cells,train
ATGGGTACTGGGAG-1,CD4 T cells,0.997993,CD4 T cells,train
ATGTAAACACCTCC-1,CD4 T cells,0.9997172,CD4 T cells,test
ATGTAAACCCGCTT-1,CD4 T cells,0.99979573,CD4 T cells,train
ATGTAAACGGGATG-1,Dendritic cells,0.91692436,Dendritic cells,train
ATGTAAACTCTCCG-1,CD8 T cells,0.9999306,CD8 T cells,train
ATGTAAACTTCACT-1,CD14+ Monocytes,0.9898986,CD14+ Monocytes,test
ATGTACCTCAGTCA-1,CD4 T cells,0.99878985,CD4 T cells,test
ATGTACCTTAGTCG-1,CD4 T cells,0.99989426,CD4 T cells,train
ATGTACCTTTATCC-1,CD14+ Monocytes,0.99982136,CD14+ Monocytes,test
ATGTACCTTTCACT-1,CD8 T cells,0.9685042,CD8 T cells,test
ATGTCACTAATGCC-1,CD14+ Monocytes,0.99953115,CD14+ Monocytes,train
ATGTCACTCTGCTC-1,CD4 T cells,0.9987478,CD4 T cells,train
ATGTCGGAGGTGAG-1,CD4 T cells,0.999969,CD4 T cells,train
ATGTTCACAGTCTG-1,CD14+ Monocytes,0.9991122,CD14+ Monocytes,train
ATGTTCACCGTAGT-1,CD4 T cells,0.997044,CD4 T cells,train
ATGTTGCTTTCAGG-1,CD4 T cells,0.9997696,CD4 T cells,test
ATTAACGATGAGAA-1,NK cells,0.99661785,NK cells,train
ATTAACGATGCAAC-1,CD8 T cells,0.99856263,CD8 T cells,test
ATTAAGACTGCAGT-1,CD4 T cells,0.9996424,CD4 T cells,test
ATTACCTGCCTTAT-1,CD14+ Monocytes,0.9997973,CD14+ Monocytes,train
ATTACCTGGAGGAC-1,CD14+ Monocytes,0.7117547,FCGR3A+ Monocytes,test
ATTAGATGTTTCAC-1,CD4 T cells,0.9996681,CD4 T cells,train
ATTATGGAATCTCT-1,CD4 T cells,0.99972373,CD4 T cells,train
ATTCAAGAACGGGA-1,CD4 T cells,0.9994381,CD4 T cells,train
ATTCAAGACCTTTA-1,CD4 T cells,0.9905704,CD4 T cells,train
ATTCAGCTCATTGG-1,Megakaryocytes,0.99838495,Megakaryocytes,train
ATTCCAACCATTGG-1,CD14+ Monocytes,0.9981401,CD14+ Monocytes,train
ATTCCAACTTAGGC-1,NK cells,0.99925476,NK cells,train
ATTCGACTCACTAG-1,CD8 T cells,0.9981654,CD8 T cells,train
ATTCGACTGAATAG-1,CD14+ Monocytes,0.9990709,CD14+ Monocytes,test
ATTCGACTTTTGTC-1,FCGR3A+ Monocytes,0.99820316,FCGR3A+ Monocytes,train
ATTCGGGAAAGGCG-1,CD14+ Monocytes,0.9596384,CD14+ Monocytes,test
ATTCGGGATTAGGC-1,CD4 T cells,0.9999902,CD4 T cells,train
ATTCTTCTGATACC-1,CD8 T cells,0.9771154,CD4 T cells,test
ATTGAATGGACGGA-1,CD4 T cells,0.99845874,CD4 T cells,train
ATTGATGAAGGTTC-1,CD4 T cells,0.99996734,CD4 T cells,train
ATTGATGACTGAGT-1,CD4 T cells,0.99973613,CD4 T cells,train
ATTGATGAGCGAAG-1,CD4 T cells,0.9999856,CD4 T cells,test
ATTGATGATCTATC-1,CD4 T cells,0.99981254,CD4 T cells,test
ATTGCACTGACGGA-1,CD4 T cells,0.9997969,CD4 T cells,train
ATTGCACTGAGAGC-1,FCGR3A+ Monocytes,0.8879117,FCGR3A+ Monocytes,test
ATTGCACTGGAGCA-1,CD14+ Monocytes,0.9991598,CD14+ Monocytes,train
ATTGCACTTAGCCA-1,CD4 T cells,0.9999974,CD4 T cells,train
ATTGCACTTGCTTT-1,FCGR3A+ Monocytes,0.9998147,FCGR3A+ Monocytes,train
ATTGCTTGTTACTC-1,B cells,0.99896646,B cells,train
ATTGGTCTGACTAC-1,B cells,0.9974843,B cells,train
ATTGGTCTTGTCTT-1,B cells,0.9993413,B cells,train
ATTGTAGATTCCCG-1,Dendritic cells,0.98647505,Dendritic cells,train
ATTGTAGATTGCAG-1,CD4 T cells,0.9876266,CD4 T cells,train
ATTGTCTGCGTACA-1,CD4 T cells,0.9993303,CD4 T cells,test
ATTTAGGAACCATG-1,FCGR3A+ Monocytes,0.9894343,FCGR3A+ Monocytes,train
ATTTAGGACAGAGG-1,CD4 T cells,0.99992085,CD4 T cells,test
ATTTCCGAGATGAA-1,CD4 T cells,0.9999658,CD4 T cells,test
ATTTCCGAGTGCTA-1,CD4 T cells,0.9999162,CD4 T cells,test
ATTTCGTGTATGGC-1,NK cells,0.99655676,NK cells,train
ATTTCTCTACTTTC-1,FCGR3A+ Monocytes,0.9985557,FCGR3A+ Monocytes,train
ATTTCTCTAGCAAA-1,CD4 T cells,0.9996176,CD4 T cells,train
ATTTCTCTCACTTT-1,FCGR3A+ Monocytes,0.9948289,FCGR3A+ Monocytes,train
ATTTCTCTTCCCAC-1,CD4 T cells,0.9998573,CD4 T cells,train
ATTTGCACAAGATG-1,CD14+ Monocytes,0.999683,CD14+ Monocytes,train
CAAAGCACAGCTCA-1,CD4 T cells,0.9975782,CD4 T cells,test
CAAAGCACCGTAAC-1,B cells,0.9997639,B cells,test
CAAAGCACGGTAAA-1,NK cells,0.9866903,NK cells,train
CAAAGCTGAAAGTG-1,CD4 T cells,0.99965703,CD4 T cells,train
CAAAGCTGTTGCTT-1,CD14+ Monocytes,0.99141884,CD14+ Monocytes,test
CAAATATGTGACAC-1,CD4 T cells,0.9998754,CD4 T cells,train
CAAATTGAGGGCAA-1,CD4 T cells,0.99970335,CD4 T cells,train
CAAATTGATGGAGG-1,CD14+ Monocytes,0.99973863,CD14+ Monocytes,train
CAACCAGAAAAGTG-1,CD4 T cells,0.9994746,CD4 T cells,train
CAACCAGAAGTGCT-1,CD4 T cells,0.9938105,CD4 T cells,train
CAACCAGAGTTCAG-1,CD14+ Monocytes,0.99567527,CD14+ Monocytes,test
CAACCAGATAGAAG-1,CD14+ Monocytes,0.99962795,CD14+ Monocytes,train
CAACCGCTGTTCAG-1,CD4 T cells,0.9997812,CD4 T cells,train
CAACCGCTTTGAGC-1,CD4 T cells,0.99998605,CD4 T cells,test
CAACGATGCGCAAT-1,FCGR3A+ Monocytes,0.85456645,FCGR3A+ Monocytes,test
CAACGTGACTCCAC-1,CD14+ Monocytes,0.99608755,CD14+ Monocytes,train
CAACGTGAGCCATA-1,CD8 T cells,0.9987715,CD8 T cells,train
CAACGTGATCAAGC-1,CD14+ Monocytes,0.9218048,CD14+ Monocytes,test
CAAGAAGACCACAA-1,CD4 T cells,0.96207774,CD4 T cells,train
CAAGAAGACGTCTC-1,CD14+ Monocytes,0.98911184,CD14+ Monocytes,train
CAAGAAGATTCTAC-1,CD4 T cells,0.9999918,CD4 T cells,test
CAAGACTGACCTGA-1,B cells,0.9998461,B cells,train
CAAGACTGAGTAGA-1,B cells,0.99952424,B cells,train
CAAGCTGACCATAG-1,FCGR3A+ Monocytes,0.9992048,FCGR3A+ Monocytes,train
CAAGCTGATCTATC-1,CD8 T cells,0.99827933,CD8 T cells,train
CAAGGACTGTTCAG-1,CD4 T cells,0.99950004,CD4 T cells,train
CAAGGACTTCTTTG-1,CD8 T cells,0.9999931,CD8 T cells,train
CAAGGTTGCTCCAC-1,CD4 T cells,0.99751544,CD4 T cells,train
CAAGGTTGTCATTC-1,B cells,0.9994386,B cells,test
CAAGGTTGTCTGGA-1,NK cells,0.9984669,NK cells,train
CAAGTCGAAACAGA-1,B cells,0.9989741,B cells,train
CAAGTCGATAGCGT-1,CD14+ Monocytes,0.99954,CD14+ Monocytes,train
CAATAAACGCCATA-1,CD14+ Monocytes,0.9998185,CD14+ Monocytes,train
CAATAATGAACTGC-1,CD14+ Monocytes,0.9994435,CD14+ Monocytes,test
CAATATGACATGGT-1,CD4 T cells,0.99992,CD4 T cells,train
CAATATGACCTTCG-1,NK cells,0.9912169,NK cells,train
CAATATGACGTTAG-1,CD4 T cells,0.99998665,CD4 T cells,test
CAATATGAGGAGCA-1,CD4 T cells,0.99972314,CD4 T cells,train
CAATCGGAGAAACA-1,CD4 T cells,0.99820554,CD4 T cells,test
CAATCTACTGACTG-1,NK cells,0.99630237,NK cells,train
CAATTCACCCAACA-1,CD8 T cells,0.87165654,CD8 T cells,test
CAATTCACGATAGA-1,CD4 T cells,0.9998615,CD4 T cells,train
CAATTCACTTGTGG-1,CD4 T cells,0.9981006,CD4 T cells,train
CAATTCTGCTTGTT-1,CD14+ Monocytes,0.99107504,CD14+ Monocytes,test
CAATTCTGGCGTAT-1,CD14+ Monocytes,0.9948782,CD14+ Monocytes,train
CACAACGATACGAC-1,CD4 T cells,0.9981651,CD4 T cells,train
CACAATCTTGTTCT-1,CD4 T cells,0.9948719,CD4 T cells,train
CACAATCTTTCCAT-1,CD8 T cells,0.99870515,CD8 T cells,train
CACACCTGCTTGAG-1,CD4 T cells,0.9998996,CD4 T cells,train
CACACCTGTATGGC-1,CD4 T cells,0.99988925,CD4 T cells,test
CACAGAACCCTTGC-1,B cells,0.79187566,CD4 T cells,train
CACAGAACCTGATG-1,CD4 T cells,0.9982451,CD4 T cells,train
CACAGATGGGATTC-1,CD4 T cells,0.977598,CD4 T cells,train
CACAGATGGTTTCT-1,CD14+ Monocytes,0.9965228,CD14+ Monocytes,train
CACAGCCTGATACC-1,CD4 T cells,0.99852103,CD4 T cells,train
CACAGCCTTGCCAA-1,FCGR3A+ Monocytes,0.99186826,FCGR3A+ Monocytes,test
CACAGCCTTGTAGC-1,CD4 T cells,0.99973816,CD4 T cells,train
CACAGTGATGAAGA-1,CD14+ Monocytes,0.9996891,CD14+ Monocytes,train
CACATACTACAGCT-1,CD8 T cells,0.9975547,CD8 T cells,test
CACATGGAACACGT-1,CD4 T cells,0.99747473,CD4 T cells,train
CACATGGAAGTCGT-1,CD4 T cells,0.9996519,CD4 T cells,train
CACCACTGCCAACA-1,CD4 T cells,0.99968934,CD4 T cells,test
CACCACTGGCGAAG-1,NK cells,0.995583,NK cells,train
CACCCATGTTCTGT-1,CD8 T cells,0.9775907,CD4 T cells,test
CACCGGGAATCGAC-1,CD4 T cells,0.9927937,CD4 T cells,train
CACCGGGACGAGAG-1,CD8 T cells,0.99841464,CD8 T cells,test
CACCGGGACGTGTA-1,CD4 T cells,0.99981195,CD4 T cells,train
CACCGGGACTTCTA-1,CD8 T cells,0.99547184,CD8 T cells,train
CACCGGGACTTGCC-1,CD8 T cells,0.9996247,CD8 T cells,train
CACCGGGATTCGGA-1,CD8 T cells,0.9941942,CD8 T cells,train
CACCGTACTAAGGA-1,B cells,0.9967765,B cells,test
CACCGTACTAGCGT-1,CD4 T cells,0.9999963,CD4 T cells,test
CACCTGACACCCAA-1,CD8 T cells,0.9926044,CD8 T cells,test
CACCTGACCAGAAA-1,CD8 T cells,0.993903,CD8 T cells,train
CACCTGACCTCAAG-1,CD8 T cells,0.9991301,CD8 T cells,test
CACCTGACGAAAGT-1,B cells,0.9990483,B cells,train
CACCTGACTCGTAG-1,CD4 T cells,0.99997044,CD4 T cells,test
CACGAAACTTCCGC-1,B cells,0.9998964,B cells,train
CACGACCTCGATAC-1,B cells,0.99751735,B cells,train
CACGCTACAGAAGT-1,CD4 T cells,0.9998696,CD4 T cells,test
CACGCTACTGTTCT-1,B cells,0.99977976,B cells,train
CACGGGACAGAGTA-1,CD4 T cells,0.9899446,CD4 T cells,test
CACGGGACATAAGG-1,CD4 T cells,0.99992406,CD4 T cells,test
CACGGGACGTAGGG-1,CD4 T cells,0.99998546,CD4 T cells,train
CACGGGTGCTTCGC-1,CD8 T cells,0.99959236,CD8 T cells,train
CACGGGTGGAGGAC-1,CD8 T cells,0.8481502,CD8 T cells,test
CACGGGTGTGTTTC-1,CD4 T cells,0.99986625,CD4 T cells,train
CACTAACTCCTAAG-1,B cells,0.9391605,B cells,test
CACTAACTGAAAGT-1,CD4 T cells,0.99988484,CD4 T cells,train
CACTAGGATGATGC-1,B cells,0.9997491,B cells,train
CACTATACCCCGTT-1,B cells,0.9994655,B cells,train
CACTATACGTTTGG-1,CD8 T cells,0.9998456,CD8 T cells,train
CACTGAGACAGTCA-1,CD14+ Monocytes,0.9997671,CD14+ Monocytes,train
CACTGCACTTCATC-1,CD4 T cells,0.9998258,CD4 T cells,train
CACTGCTGAGACTC-1,FCGR3A+ Monocytes,0.9961073,FCGR3A+ Monocytes,test
CACTGCTGGAAAGT-1,CD4 T cells,0.9999906,CD4 T cells,train
CACTTAACCGAATC-1,CD4 T cells,0.9998803,CD4 T cells,train
CACTTAACCGTACA-1,B cells,0.9981604,B cells,train
CACTTTGACTCTAT-1,CD8 T cells,0.977433,CD8 T cells,test
CACTTTGAGCTGTA-1,CD8 T cells,0.9001148,CD8 T cells,test
CAGAAGCTCTCAAG-1,CD4 T cells,0.99999654,CD4 T cells,test
CAGACATGAACGGG-1,CD4 T cells,0.99980444,CD4 T cells,train
CAGACATGTCGACA-1,CD4 T cells,0.99986374,CD4 T cells,train
CAGACCCTAAGGTA-1,FCGR3A+ Monocytes,0.98825747,FCGR3A+ Monocytes,train
CAGACCCTAATGCC-1,CD4 T cells,0.9999151,CD4 T cells,train
CAGACCCTAGGAGC-1,CD4 T cells,0.9993476,CD4 T cells,train
CAGACTGAGTATGC-1,CD4 T cells,0.99995005,CD4 T cells,test
CAGATCGAATGTCG-1,B cells,0.9999341,B cells,train
CAGATCGACCTGAA-1,CD4 T cells,0.9985482,CD4 T cells,train
CAGATCGATATGGC-1,CD4 T cells,0.99988127,CD4 T cells,train
CAGATGACATTCTC-1,NK cells,0.99225193,NK cells,train
CAGCAATGCCTTCG-1,CD4 T cells,0.9998944,CD4 T cells,train
CAGCAATGGAGGGT-1,NK cells,0.9934109,NK cells,train
CAGCAATGGTGCTA-1,CD4 T cells,0.99968696,CD4 T cells,train
CAGCAATGTCTACT-1,CD14+ Monocytes,0.99993014,CD14+ Monocytes,train
CAGCAATGTGACCA-1,CD4 T cells,0.9998983,CD4 T cells,train
CAGCAATGTGAGGG-1,CD14+ Monocytes,0.9990969,CD14+ Monocytes,train
CAGCACCTAAGCCT-1,CD4 T cells,0.9982284,CD4 T cells,train
CAGCACCTAGGCGA-1,CD4 T cells,0.9999944,CD4 T cells,train
CAGCACCTGTAGGG-1,CD14+ Monocytes,0.9999211,CD14+ Monocytes,train
CAGCATGACAACCA-1,CD14+ Monocytes,0.9965663,CD14+ Monocytes,test
CAGCATGAGACGTT-1,CD8 T cells,0.99980956,CD8 T cells,train
CAGCCTACCCAACA-1,CD4 T cells,0.997239,CD4 T cells,train
CAGCCTTGCTACCC-1,CD14+ Monocytes,0.9998524,CD14+ Monocytes,test
CAGCCTTGGGGACA-1,CD4 T cells,0.99928516,CD4 T cells,train
CAGCGGACACCCTC-1,CD4 T cells,0.9998702,CD4 T cells,train
CAGCGGACCTTTAC-1,NK cells,0.99478346,NK cells,test
CAGCGTCTAAAGCA-1,CD4 T cells,0.9995623,CD4 T cells,train
CAGCGTCTTATCGG-1,CD4 T cells,0.9994797,CD4 T cells,test
CAGCTAGATGTGAC-1,CD14+ Monocytes,0.9985801,CD14+ Monocytes,test
CAGCTCTGAGGCGA-1,CD4 T cells,0.99979526,CD4 T cells,train
CAGCTCTGCAAGCT-1,CD8 T cells,0.99778926,CD8 T cells,train
CAGCTCTGTCGTAG-1,CD14+ Monocytes,0.99992,CD14+ Monocytes,train
CAGCTCTGTGTGGT-1,NK cells,0.9992778,NK cells,train
CAGGAACTAACTGC-1,CD8 T cells,0.9998908,CD8 T cells,train
CAGGAACTCTCAGA-1,CD14+ Monocytes,0.9974498,CD14+ Monocytes,train
CAGGCCGAACACCA-1,CD4 T cells,0.9969348,CD4 T cells,train
CAGGCCGAACACGT-1,CD4 T cells,0.99999917,CD4 T cells,train
CAGGCCGAACGACT-1,CD4 T cells,0.99817204,CD4 T cells,train
CAGGCCGAATCTCT-1,CD14+ Monocytes,0.98574907,CD14+ Monocytes,train
CAGGCCGACTAGCA-1,B cells,0.99970716,B cells,test
CAGGGCACCATACG-1,B cells,0.99979943,B cells,train
CAGGGCACCCAACA-1,CD4 T cells,0.99882644,CD4 T cells,train
CAGGGCACTCCCGT-1,CD4 T cells,0.9995695,CD4 T cells,train
CAGGTAACAGACTC-1,CD14+ Monocytes,0.89267397,CD14+ Monocytes,test
CAGGTATGAGTCGT-1,CD4 T cells,0.9995554,CD4 T cells,train
CAGGTATGTGCTTT-1,CD4 T cells,0.9909765,CD4 T cells,train
CAGGTTGAGGATCT-1,B cells,0.9997985,B cells,train
CAGTGATGGACGGA-1,B cells,0.99908507,B cells,test
CAGTGATGGCTAAC-1,CD8 T cells,0.9991967,CD8 T cells,test
CAGTGATGGGACAG-1,CD4 T cells,0.99687356,CD4 T cells,train
CAGTGATGTAAGGA-1,B cells,0.99925107,B cells,train
CAGTGATGTACGCA-1,CD4 T cells,0.99670863,CD4 T cells,train
CAGTGTGATGTCAG-1,CD4 T cells,0.9998853,CD4 T cells,train
CAGTTACTAAGGTA-1,B cells,0.9997577,B cells,train
CAGTTACTGATAGA-1,CD4 T cells,0.9999703,CD4 T cells,test
CAGTTGGAAAGAGT-1,CD14+ Monocytes,0.9980843,CD14+ Monocytes,train
CAGTTGGACATACG-1,CD4 T cells,0.99999547,CD4 T cells,train
CAGTTTACACACGT-1,NK cells,0.9952454,NK cells,train
CAGTTTACCCCAAA-1,CD4 T cells,0.9998516,CD4 T cells,train
CATAAAACGGAGCA-1,CD14+ Monocytes,0.9998442,CD14+ Monocytes,test
CATAAATGAACTGC-1,CD4 T cells,0.9999685,CD4 T cells,train
CATAACCTTCTCCG-1,CD4 T cells,0.99999845,CD4 T cells,train
CATACTACCTCGAA-1,CD4 T cells,0.9999844,CD4 T cells,train
CATACTACCTGAAC-1,CD4 T cells,0.9999622,CD4 T cells,train
CATACTACGTACCA-1,CD14+ Monocytes,0.9960783,CD14+ Monocytes,train
CATACTTGGGTTAC-1,CD4 T cells,0.96725726,CD4 T cells,train
CATAGTCTAATCGC-1,CD4 T cells,0.99798965,CD4 T cells,train
CATAGTCTCACTTT-1,CD4 T cells,0.9968556,CD4 T cells,train
CATATAGACTAAGC-1,CD14+ Monocytes,0.9344727,Dendritic cells,test
CATATAGATCAGGT-1,B cells,0.999788,B cells,test
CATCAACTAGAAGT-1,CD4 T cells,0.9998772,CD4 T cells,train
CATCAACTCCCTCA-1,CD4 T cells,0.999931,CD4 T cells,test
CATCAGGACTTCCG-1,NK cells,0.9998379,NK cells,test
CATCAGGATAGCCA-1,NK cells,0.9959835,NK cells,train
CATCAGGATCCTAT-1,FCGR3A+ Monocytes,0.9981523,FCGR3A+ Monocytes,test
CATCAGGATGCACA-1,CD14+ Monocytes,0.99982315,CD14+ Monocytes,test
CATCAGGATTTCGT-1,CD14+ Monocytes,0.99986255,CD14+ Monocytes,train
CATCATACCGCATA-1,CD14+ Monocytes,0.987927,CD14+ Monocytes,test
CATCATACGGAGCA-1,B cells,0.99662673,B cells,test
CATCATACTCAAGC-1,CD4 T cells,0.9999938,CD4 T cells,test
CATCGCTGGGATCT-1,CD4 T cells,0.99863416,CD4 T cells,train
CATCGCTGTGGCAT-1,B cells,0.9997453,B cells,test
CATCGGCTATGCTG-1,CD4 T cells,0.9994493,CD4 T cells,test
CATCGGCTTTGGCA-1,CD4 T cells,0.9989945,CD4 T cells,train
CATCTCCTATGTGC-1,B cells,0.99962556,B cells,train
CATCTCCTCGAACT-1,CD14+ Monocytes,0.9924211,CD14+ Monocytes,train
CATGAGACACGGGA-1,B cells,0.99802184,B cells,train
CATGAGACGTTGAC-1,NK cells,0.99575305,NK cells,train
CATGAGACTCGCCT-1,CD4 T cells,0.9999876,CD4 T cells,train
CATGCCACGGGTGA-1,CD4 T cells,0.99329317,CD4 T cells,test
CATGCCACTGCCAA-1,CD4 T cells,0.99988675,CD4 T cells,train
CATGCGCTAGTCAC-1,FCGR3A+ Monocytes,0.9988625,FCGR3A+ Monocytes,test
CATGCGCTCAGATC-1,CD14+ Monocytes,0.9995167,CD14+ Monocytes,train
CATGCGCTTTGCAG-1,FCGR3A+ Monocytes,0.9862926,FCGR3A+ Monocytes,train
CATGGCCTAGGGTG-1,CD14+ Monocytes,0.9995715,CD14+ Monocytes,train
CATGGCCTGTGCAT-1,CD4 T cells,0.99937075,CD4 T cells,train
CATGTACTATCGTG-1,NK cells,0.7539041,CD8 T cells,test
CATGTTACAGTCGT-1,CD8 T cells,0.99964464,CD8 T cells,train
CATGTTACCTGAGT-1,CD4 T cells,0.9961157,CD4 T cells,train
CATGTTTGGGGATG-1,CD14+ Monocytes,0.99995434,CD14+ Monocytes,train
CATTACACACGGAG-1,B cells,0.9988888,B cells,train
CATTACACCAACTG-1,CD8 T cells,0.64092994,NK cells,test
CATTACACGGAGTG-1,CD4 T cells,0.9999796,CD4 T cells,train
CATTACACTACTCT-1,CD4 T cells,0.99999034,CD4 T cells,train
CATTAGCTCCACAA-1,CD14+ Monocytes,0.9998952,CD14+ Monocytes,train
CATTGACTAGCGGA-1,CD14+ Monocytes,0.99983835,CD14+ Monocytes,test
CATTGGGACTCGAA-1,CD8 T cells,0.9376785,CD4 T cells,test
CATTGTACAGCGTT-1,CD4 T cells,0.9999037,CD4 T cells,train
CATTGTACTCGATG-1,B cells,0.99960047,B cells,test
CATTGTACTTATCC-1,CD4 T cells,0.9999982,CD4 T cells,train
CATTGTACTTTGCT-1,FCGR3A+ Monocytes,0.99733895,FCGR3A+ Monocytes,train
CATTGTTGCTAGTG-1,CD4 T cells,0.9998097,CD4 T cells,train
CATTTCGACTCTAT-1,CD8 T cells,0.9999801,CD8 T cells,train
CATTTCGAGATACC-1,NK cells,0.99962425,NK cells,train
CATTTGACCACACA-1,CD8 T cells,0.9999405,CD8 T cells,train
CATTTGACCCTGAA-1,CD8 T cells,0.9990546,CD8 T cells,train
CATTTGTGACGACT-1,B cells,0.99826896,B cells,train
CATTTGTGCATTGG-1,CD4 T cells,0.9993073,CD4 T cells,train
CATTTGTGCGGAGA-1,CD4 T cells,0.9978169,CD4 T cells,train
CATTTGTGGGATCT-1,B cells,0.99988675,B cells,train
CCAAAGTGCTACGA-1,CD14+ Monocytes,0.9999664,CD14+ Monocytes,train
CCAAAGTGTGAGAA-1,CD14+ Monocytes,0.9996221,CD14+ Monocytes,train
CCAACCTGAAGTAG-1,CD8 T cells,0.98482865,CD8 T cells,test
CCAACCTGACGTAC-1,CD14+ Monocytes,0.9997037,CD14+ Monocytes,train
CCAACCTGTTCGCC-1,CD14+ Monocytes,0.9993293,CD14+ Monocytes,train
CCAAGAACCCAATG-1,CD4 T cells,0.99323905,CD4 T cells,test
CCAAGAACGTAGCT-1,CD4 T cells,0.9999993,CD4 T cells,train
CCAAGAACGTGTCA-1,CD4 T cells,0.9997398,CD4 T cells,train
CCAAGAACTACTGG-1,CD8 T cells,0.9977131,CD8 T cells,train
CCAAGAACTCCTAT-1,B cells,0.98417044,B cells,train
CCAAGATGTCATTC-1,CD4 T cells,0.9999813,CD4 T cells,train
CCAAGATGTTTCAC-1,CD4 T cells,0.9994667,CD4 T cells,train
CCAAGTGAGGAACG-1,CD4 T cells,0.9990539,CD4 T cells,test
CCAAGTGATCAAGC-1,CD4 T cells,0.9989396,CD4 T cells,train
CCAATTTGAACGTC-1,CD14+ Monocytes,0.9999771,CD14+ Monocytes,train
CCACCATGAACGTC-1,CD4 T cells,0.99957806,CD4 T cells,train
CCACCATGATCGGT-1,CD4 T cells,0.99987113,CD4 T cells,train
CCACCATGGACGAG-1,FCGR3A+ Monocytes,0.9952323,FCGR3A+ Monocytes,train
CCACCATGGGGAGT-1,CD4 T cells,0.99997354,CD4 T cells,test
CCACCATGTCCTGC-1,CD8 T cells,0.9999919,CD8 T cells,train
CCACTGACCCGCTT-1,CD14+ Monocytes,0.9999461,CD14+ Monocytes,test
CCACTGTGGGAAGC-1,CD14+ Monocytes,0.9999231,CD14+ Monocytes,train
CCACTGTGTGTAGC-1,CD4 T cells,0.9999052,CD4 T cells,train
CCACTTCTCGGGAA-1,CD14+ Monocytes,0.9991322,CD14+ Monocytes,train
CCAGAAACCCTGTC-1,B cells,0.9986119,B cells,train
CCAGAAACGAACTC-1,CD4 T cells,0.99985075,CD4 T cells,train
CCAGAAACGGTCTA-1,CD4 T cells,0.9998287,CD4 T cells,train
CCAGACCTCTGAGT-1,CD14+ Monocytes,0.99962544,CD14+ Monocytes,train
CCAGACCTTGTGGT-1,CD4 T cells,0.9996717,CD4 T cells,train
CCAGCACTGCGATT-1,FCGR3A+ Monocytes,0.99740237,FCGR3A+ Monocytes,train
CCAGCGGAAAGGCG-1,CD14+ Monocytes,0.9998828,CD14+ Monocytes,train
CCAGCGGACGACTA-1,CD14+ Monocytes,0.9997104,CD14+ Monocytes,train
CCAGCGGATGGGAG-1,CD4 T cells,0.9999703,CD4 T cells,train
CCAGCTACACAGTC-1,CD4 T cells,0.99822515,CD4 T cells,test
CCAGCTACCAGCTA-1,B cells,0.9996424,B cells,test
CCAGGTCTACACCA-1,B cells,0.99975985,B cells,train
CCAGGTCTAGCATC-1,CD14+ Monocytes,0.9995096,CD14+ Monocytes,train
CCAGGTCTATGGTC-1,CD4 T cells,0.9740959,CD4 T cells,test
CCAGTCACACTGGT-1,CD14+ Monocytes,0.99897134,CD14+ Monocytes,train
CCAGTCACACTGTG-1,B cells,0.9983284,B cells,test
CCAGTCACGTTGTG-1,CD4 T cells,0.99997497,CD4 T cells,train
CCAGTGCTAACCAC-1,CD4 T cells,0.99943465,CD4 T cells,train
CCAGTGCTCGTAGT-1,CD4 T cells,0.99391794,CD4 T cells,test
CCATCCGAAAGCAA-1,CD4 T cells,0.9973895,CD4 T cells,train
CCATCCGAACGACT-1,CD4 T cells,0.99014574,CD8 T cells,test
CCATCCGAAGGTTC-1,B cells,0.9987746,B cells,train
CCATCCGATTCGCC-1,CD14+ Monocytes,0.9999201,CD14+ Monocytes,train
CCATCGTGAACGGG-1,CD4 T cells,0.99292165,CD4 T cells,test
CCATCGTGCTAGAC-1,FCGR3A+ Monocytes,0.9960277,FCGR3A+ Monocytes,train
CCCAACACCTCGCT-1,B cells,0.9997043,B cells,train
CCCAACACGCATCA-1,CD4 T cells,0.9999068,CD4 T cells,train
CCCAACACTTTGTC-1,CD14+ Monocytes,0.9996891,CD14+ Monocytes,train
CCCAACTGCAATCG-1,CD14+ Monocytes,0.99970883,CD14+ Monocytes,train
CCCAGACTGCCTTC-1,CD14+ Monocytes,0.9856608,CD14+ Monocytes,test
CCCAGACTGGTTTG-1,B cells,0.99430484,B cells,test
CCCAGACTTTCGCC-1,FCGR3A+ Monocytes,0.99207205,FCGR3A+ Monocytes,test
CCCAGTTGCAGTTG-1,CD14+ Monocytes,0.9995875,CD14+ Monocytes,train
CCCAGTTGGGTACT-1,CD8 T cells,0.9610526,CD4 T cells,test
CCCAGTTGTCTATC-1,B cells,0.9998871,B cells,train
CCCGATTGTGTTTC-1,CD8 T cells,0.9995377,CD8 T cells,train
CCCGGAGAAGGGTG-1,CD14+ Monocytes,0.99992645,CD14+ Monocytes,train
CCCTACGAATTGGC-1,CD14+ Monocytes,0.99998593,CD14+ Monocytes,test
CCCTAGTGCAAAGA-1,CD4 T cells,0.9986721,CD4 T cells,train
CCCTCAGACACTTT-1,B cells,0.99985373,B cells,train
CCCTCAGACGAGAG-1,CD4 T cells,0.9999713,CD4 T cells,train
CCCTCAGAGGTCAT-1,CD4 T cells,0.9999987,CD4 T cells,train
CCCTGAACTAAAGG-1,B cells,0.99931455,B cells,train
CCCTGATGCAACCA-1,CD4 T cells,0.99961096,CD4 T cells,train
CCCTGATGCAAGCT-1,B cells,0.9989222,B cells,test
CCCTTACTAACCAC-1,CD14+ Monocytes,0.9957354,CD14+ Monocytes,train
CCCTTACTGCAGTT-1,CD4 T cells,0.98603654,CD4 T cells,train
CCGAAAACCTTGTT-1,CD14+ Monocytes,0.99443465,CD14+ Monocytes,train
CCGACACTGGTTTG-1,CD4 T cells,0.999879,CD4 T cells,test
CCGACTACCCAGTA-1,CD14+ Monocytes,0.99976796,CD14+ Monocytes,train
CCGACTACCGTGTA-1,CD4 T cells,0.99999356,CD4 T cells,train
CCGACTACTGAGGG-1,CD8 T cells,0.9990157,CD8 T cells,train
CCGATAGACCTAAG-1,CD4 T cells,0.99997485,CD4 T cells,train
CCGATAGAGTTGGT-1,CD14+ Monocytes,0.9981633,CD14+ Monocytes,test
CCGCGAGACACACA-1,CD14+ Monocytes,0.99995804,CD14+ Monocytes,train
CCGCGAGAGGTTCA-1,CD8 T cells,0.9976279,CD8 T cells,test
CCGCTATGGGACGA-1,B cells,0.9992156,B cells,train
CCGCTATGTGCAAC-1,CD14+ Monocytes,0.9987244,CD14+ Monocytes,train
CCGCTATGTGCACA-1,CD14+ Monocytes,0.9999875,CD14+ Monocytes,test
CCGGTACTGTCCTC-1,CD4 T cells,0.99865496,CD4 T cells,train
CCGTACACAAGCAA-1,CD4 T cells,0.99986017,CD4 T cells,train
CCGTACACAGCGTT-1,B cells,0.9996679,B cells,train
CCGTACACGTCATG-1,CD8 T cells,0.9999057,CD8 T cells,train
CCGTACACGTTGGT-1,CD14+ Monocytes,0.9998072,CD14+ Monocytes,test
CCGTACACTAACGC-1,CD8 T cells,0.9995803,CD8 T cells,test
CCTAAACTTTCGTT-1,CD4 T cells,0.99999535,CD4 T cells,train
CCTAAGGACCCAAA-1,CD4 T cells,0.9999552,CD4 T cells,test
CCTAAGGACTAGCA-1,CD14+ Monocytes,0.99975926,CD14+ Monocytes,train
CCTAAGGAGGGCAA-1,CD8 T cells,0.99992156,CD8 T cells,train
CCTAAGGATGATGC-1,CD4 T cells,0.99978656,CD4 T cells,train
CCTAAGGATGTCAG-1,CD4 T cells,0.9998629,CD4 T cells,train
CCTACCGACTCTTA-1,CD4 T cells,0.99844617,CD4 T cells,train
CCTACCGAGGGATG-1,B cells,0.9967499,B cells,train
CCTAGAGAGGTGAG-1,B cells,0.99959666,B cells,test
CCTATAACCAAAGA-1,CD4 T cells,0.9989353,CD4 T cells,train
CCTATAACGAGACG-1,FCGR3A+ Monocytes,0.9876889,FCGR3A+ Monocytes,train
CCTATAACTCAGAC-1,CD4 T cells,0.9996753,CD4 T cells,test
CCTATAACTGCATG-1,FCGR3A+ Monocytes,0.99821484,FCGR3A+ Monocytes,train
CCTCGAACACTTTC-1,NK cells,0.9996526,NK cells,train
CCTCGAACCCGTAA-1,CD14+ Monocytes,0.9884898,CD14+ Monocytes,train
CCTCGAACGTATCG-1,CD4 T cells,0.9999552,CD4 T cells,test
CCTCGAACTTACTC-1,CD4 T cells,0.9962746,CD4 T cells,train
CCTCTACTCTTCGC-1,CD14+ Monocytes,0.9939766,CD14+ Monocytes,train
CCTCTACTGGCATT-1,CD4 T cells,0.9999229,CD4 T cells,train
CCTGACTGAAGTAG-1,CD8 T cells,0.9994703,CD8 T cells,train
CCTGACTGGGGAGT-1,CD4 T cells,0.99951494,CD4 T cells,train
CCTGACTGTGTCTT-1,B cells,0.9999614,B cells,test
CCTGCAACACGTTG-1,CD14+ Monocytes,0.9976674,CD14+ Monocytes,train
CCTGGACTCGTGAT-1,CD4 T cells,0.99991846,CD4 T cells,train
CCTTAATGCCCAAA-1,B cells,0.998637,B cells,test
CCTTAATGTTCTAC-1,FCGR3A+ Monocytes,0.9807177,FCGR3A+ Monocytes,train
CCTTCACTACGACT-1,CD4 T cells,0.99999344,CD4 T cells,test
CCTTCACTCAGTCA-1,B cells,0.9997036,B cells,train
CCTTCACTGGAGTG-1,CD14+ Monocytes,0.9995821,CD14+ Monocytes,train
CCTTTAGATTCATC-1,CD14+ Monocytes,0.9987356,CD14+ Monocytes,train
CGAACATGCCCTAC-1,CD14+ Monocytes,0.99727434,CD14+ Monocytes,train
CGAACATGTCAGAC-1,CD4 T cells,0.967042,CD4 T cells,test
CGAAGACTGGAACG-1,CD8 T cells,0.9996164,CD8 T cells,test
CGAAGACTGTTACG-1,CD4 T cells,0.9998116,CD4 T cells,test
CGAAGGGAAACCTG-1,CD8 T cells,0.9995073,CD8 T cells,train
CGAAGGGATCCGAA-1,B cells,0.9982249,B cells,train
CGAAGTACCAACTG-1,B cells,0.9993862,B cells,train
CGAATCGAGGAGCA-1,CD14+ Monocytes,0.9982116,CD14+ Monocytes,train
CGAATCGAGGAGGT-1,CD4 T cells,0.9998129,CD4 T cells,train
CGACAAACCCATAG-1,CD4 T cells,0.9806543,CD4 T cells,train
CGACAAACCGACAT-1,B cells,0.99968517,B cells,train
CGACCACTAAAGTG-1,NK cells,0.99922895,NK cells,train
CGACCACTGCCAAT-1,NK cells,0.997247,NK cells,train
CGACCGGAAGGTCT-1,CD4 T cells,0.9998957,CD4 T cells,train
CGACCGGATGGAAA-1,CD4 T cells,0.99459875,CD4 T cells,test
CGACCTTGCTAGTG-1,CD4 T cells,0.9999105,CD4 T cells,test
CGACGTCTATCGTG-1,CD4 T cells,0.99107474,CD4 T cells,train
CGACGTCTCGTGTA-1,CD4 T cells,0.9961836,CD4 T cells,train
CGACGTCTGAGGCA-1,CD8 T cells,0.68298393,CD4 T cells,train
CGACTCACGTCGTA-1,CD4 T cells,0.9999089,CD4 T cells,train
CGACTCACGTTGCA-1,CD4 T cells,0.9984137,CD4 T cells,train
CGACTCTGTGTGAC-1,CD4 T cells,0.9972349,CD4 T cells,train
CGACTGCTTCCTCG-1,CD14+ Monocytes,0.99976605,CD14+ Monocytes,test
CGAGAACTAAGGCG-1,CD8 T cells,0.99908745,CD8 T cells,train
CGAGAACTACGTTG-1,CD4 T cells,0.99990284,CD4 T cells,train
CGAGAACTTGTTCT-1,CD14+ Monocytes,0.99517125,CD14+ Monocytes,test
CGAGATTGGACACT-1,CD8 T cells,0.9999473,CD8 T cells,train
CGAGATTGGCCATA-1,CD8 T cells,0.9982157,CD8 T cells,train
CGAGCCGAACACCA-1,CD4 T cells,0.9997718,CD4 T cells,train
CGAGCCGAGGCGAA-1,CD8 T cells,0.91791415,CD4 T cells,test
CGAGCGTGCTCCAC-1,CD4 T cells,0.99718696,CD4 T cells,train
CGAGCGTGGATACC-1,CD4 T cells,0.998604,CD4 T cells,train
CGAGCGTGTATGCG-1,CD14+ Monocytes,0.99995077,CD14+ Monocytes,train
CGAGGAGACCTCCA-1,B cells,0.9993191,B cells,train
CGAGGAGATGTCGA-1,CD4 T cells,0.9999356,CD4 T cells,train
CGAGGCACCTATGG-1,CD8 T cells,0.99876547,CD8 T cells,train
CGAGGCACTATGCG-1,CD14+ Monocytes,0.99745494,CD14+ Monocytes,train
CGAGGCACTCTTCA-1,CD8 T cells,0.944283,CD4 T cells,train
CGAGGCTGACGCTA-1,NK cells,0.99877805,NK cells,train
CGAGGCTGGCAGTT-1,CD14+ Monocytes,0.9998017,CD14+ Monocytes,train
CGAGGGCTACGACT-1,B cells,0.999159,B cells,train
CGAGGGCTCGAATC-1,CD4 T cells,0.96039057,CD4 T cells,test
CGAGTATGTCACCC-1,FCGR3A+ Monocytes,0.8929011,FCGR3A+ Monocytes,test
CGATACGAACAGTC-1,CD14+ Monocytes,0.9967608,CD14+ Monocytes,test
CGATACGACAGGAG-1,CD4 T cells,0.91829455,CD4 T cells,train
CGATACGATTCACT-1,B cells,0.99963474,B cells,test
CGATAGACCCGTAA-1,CD14+ Monocytes,0.9835233,CD14+ Monocytes,test
CGATAGACCGTACA-1,CD4 T cells,0.998719,CD4 T cells,test
CGATAGACGTAGGG-1,CD14+ Monocytes,0.9998473,CD14+ Monocytes,train
CGATAGACTGTTCT-1,CD4 T cells,0.9994929,CD4 T cells,train
CGATCAGAAGAACA-1,CD8 T cells,0.94228065,CD8 T cells,test
CGATCAGAGAGGGT-1,CD4 T cells,0.9999087,CD4 T cells,test
CGATCAGAGGTACT-1,CD4 T cells,0.99951696,CD4 T cells,train
CGATCAGATGTGAC-1,Dendritic cells,0.99801266,Dendritic cells,train
CGATCCACCGGGAA-1,CD8 T cells,0.9995914,CD8 T cells,train
CGATCCACTTCCAT-1,B cells,0.9975211,B cells,train
CGCAAATGCTCGAA-1,CD4 T cells,0.9992337,CD4 T cells,train
CGCAACCTCCTTGC-1,CD4 T cells,0.9994722,CD4 T cells,train
CGCAACCTGGACGA-1,CD4 T cells,0.9996859,CD4 T cells,train
CGCACGGAGGACGA-1,B cells,0.9997391,B cells,train
CGCACGGATCTTTG-1,CD4 T cells,0.99926823,CD4 T cells,test
CGCACTACAGAATG-1,CD4 T cells,0.99940145,CD4 T cells,train
CGCACTACAGCCAT-1,CD4 T cells,0.9999566,CD4 T cells,test
CGCACTACATTGGC-1,CD4 T cells,0.9998864,CD4 T cells,test
CGCACTACTCGCCT-1,B cells,0.999498,B cells,test
CGCACTACTCGTGA-1,CD4 T cells,0.9955438,CD4 T cells,train
CGCACTTGTCACGA-1,CD14+ Monocytes,0.99901175,CD14+ Monocytes,train
CGCAGGACAGATCC-1,CD8 T cells,0.99971944,CD8 T cells,train
CGCAGGACCTACTT-1,CD4 T cells,0.99823076,CD4 T cells,train
CGCAGGACTTGTCT-1,FCGR3A+ Monocytes,0.9975138,FCGR3A+ Monocytes,train
CGCAGGTGCACTGA-1,CD4 T cells,0.9998066,CD4 T cells,train
CGCAGGTGCCATAG-1,FCGR3A+ Monocytes,0.9997787,FCGR3A+ Monocytes,train
CGCAGGTGGGAACG-1,CD4 T cells,0.9934443,CD4 T cells,train
CGCATAGATCACGA-1,CD14+ Monocytes,0.9997209,CD14+ Monocytes,train
CGCCATACTGCAAC-1,CD4 T cells,0.9999627,CD4 T cells,train
CGCCATTGAGAGGC-1,CD4 T cells,0.9999416,CD4 T cells,train
CGCCATTGCTATGG-1,CD4 T cells,0.9998517,CD4 T cells,train
CGCCATTGGAGACG-1,CD4 T cells,0.9999758,CD4 T cells,train
CGCCATTGGAGCAG-1,B cells,0.99913365,B cells,train
CGCCATTGTACTGG-1,B cells,0.9988053,B cells,train
CGCCGAGAGCTTAG-1,NK cells,0.99748176,NK cells,test
CGCCTAACGAATGA-1,Dendritic cells,0.9858525,Dendritic cells,train
CGCCTAACTGCTCC-1,CD4 T cells,0.99931383,CD4 T cells,test
CGCGAGACACAGCT-1,CD4 T cells,0.9961677,CD4 T cells,train
CGCGAGACAGGTCT-1,B cells,0.9989724,B cells,test
CGCGAGACGCTACA-1,CD4 T cells,0.9982179,CD4 T cells,train
CGCGATCTCAGTCA-1,CD14+ Monocytes,0.99891686,CD14+ Monocytes,train
CGCGATCTGTTGAC-1,CD14+ Monocytes,0.99997115,CD14+ Monocytes,train
CGCGATCTTTCTTG-1,B cells,0.99960643,B cells,test
CGCGGATGGCCAAT-1,CD4 T cells,0.9996458,CD4 T cells,train
CGCTAAGAATGTCG-1,CD4 T cells,0.99999857,CD4 T cells,test
CGCTAAGACAACTG-1,CD4 T cells,0.99837697,CD4 T cells,train
CGCTAAGACCCTTG-1,CD4 T cells,0.99628913,CD4 T cells,test
CGCTACTGAACAGA-1,CD14+ Monocytes,0.9976646,CD14+ Monocytes,train
CGCTACTGAGAACA-1,CD4 T cells,0.99990773,CD4 T cells,test
CGCTACTGTGAGCT-1,CD4 T cells,0.9997912,CD4 T cells,test
CGCTACTGTTCCCG-1,CD8 T cells,0.9996604,CD8 T cells,train
CGCTCATGCATTTC-1,CD14+ Monocytes,0.99965477,CD14+ Monocytes,train
CGGAATTGGTTTGG-1,CD4 T cells,0.78437066,CD4 T cells,test
CGGAATTGTGGAGG-1,CD4 T cells,0.999905,CD4 T cells,train
CGGACCGATGCGTA-1,CD8 T cells,0.9709339,CD8 T cells,test
CGGACCGATGGGAG-1,CD4 T cells,0.99987304,CD4 T cells,train
CGGACTCTAAACAG-1,B cells,0.99988973,B cells,train
CGGACTCTCCAATG-1,CD4 T cells,0.7043121,CD4 T cells,test
CGGACTCTCCTCGT-1,CD8 T cells,0.9940143,CD8 T cells,train
CGGAGGCTATTCCT-1,CD14+ Monocytes,0.5541686,CD4 T cells,test
CGGAGGCTTGGATC-1,CD4 T cells,0.9126762,CD4 T cells,test
CGGATAACAACGAA-1,CD14+ Monocytes,0.99997294,CD14+ Monocytes,test
CGGATAACAGCTCA-1,CD4 T cells,0.9856413,CD4 T cells,train
CGGATAACTCAGTG-1,CD14+ Monocytes,0.9998342,CD14+ Monocytes,train
CGGCACGAACTCAG-1,CD8 T cells,0.99996734,CD8 T cells,train
CGGCACGAAGGGTG-1,CD4 T cells,0.9958468,CD4 T cells,train
CGGCACGACTACGA-1,FCGR3A+ Monocytes,0.9997402,FCGR3A+ Monocytes,train
CGGCATCTTAGAAG-1,CD8 T cells,0.9994584,CD8 T cells,train
CGGCATCTTCGTAG-1,CD14+ Monocytes,0.9998964,CD14+ Monocytes,test
CGGCCAGAAAGGTA-1,CD4 T cells,0.99718803,CD4 T cells,train
CGGCCAGAGAGGCA-1,CD8 T cells,0.9997421,CD8 T cells,train
CGGCGAACCAGTCA-1,CD14+ Monocytes,0.9947508,CD14+ Monocytes,train
CGGCGAACGACAAA-1,NK cells,0.9941012,NK cells,train
CGGCGAACGGTCTA-1,CD4 T cells,0.9997912,CD4 T cells,train
CGGCGAACTACTTC-1,NK cells,0.999691,NK cells,train
CGGGACTGCGTGTA-1,CD4 T cells,0.9999753,CD4 T cells,train
CGGGACTGGAATAG-1,CD8 T cells,0.9993741,CD8 T cells,train
CGGGCATGACCCAA-1,Megakaryocytes,0.955423,Megakaryocytes,train
CGGGCATGTCTCTA-1,NK cells,0.9982299,NK cells,train
CGGGCATGTTGTGG-1,CD4 T cells,0.99995077,CD4 T cells,train
CGGTAAACTCGCAA-1,CD8 T cells,0.9891244,CD8 T cells,train
CGGTCACTGTTTGG-1,CD4 T cells,0.99925464,CD4 T cells,test
CGGTCACTTACTTC-1,CD4 T cells,0.999956,CD4 T cells,test
CGTAACGATCGCCT-1,CD4 T cells,0.99979573,CD4 T cells,train
CGTACCACACACAC-1,CD4 T cells,0.9984591,CD4 T cells,train
CGTACCACACGTTG-1,CD4 T cells,0.9998933,CD4 T cells,train
CGTACCACCTCATT-1,CD4 T cells,0.99981576,CD4 T cells,train
CGTACCACGGAGCA-1,CD4 T cells,0.99363035,CD4 T cells,test
CGTACCTGGCATCA-1,NK cells,0.9997634,NK cells,train
CGTAGCCTCTCTCG-1,CD14+ Monocytes,0.9999349,CD14+ Monocytes,train
CGTAGCCTGCGAAG-1,CD4 T cells,0.99997735,CD4 T cells,test
CGTAGCCTGTATGC-1,CD14+ Monocytes,0.98632556,FCGR3A+ Monocytes,test
CGTCAAGAAAGGTA-1,CD14+ Monocytes,0.99993575,CD14+ Monocytes,train
CGTCAAGAACGTGT-1,CD4 T cells,0.99806625,CD4 T cells,test
CGTCAAGACAGAGG-1,CD4 T cells,0.99998903,CD4 T cells,train
CGTCAAGACAGGAG-1,CD8 T cells,0.99937123,CD8 T cells,train
CGTCCATGCTCTTA-1,CD4 T cells,0.9999471,CD4 T cells,train
CGTCGACTTTCCGC-1,CD8 T cells,0.9993772,CD8 T cells,train
CGTGATGACGCTAA-1,CD4 T cells,0.9999565,CD4 T cells,train
CGTGATGAGGTTCA-1,CD4 T cells,0.9441853,CD4 T cells,test
CGTGCACTTATGGC-1,CD14+ Monocytes,0.9817493,CD14+ Monocytes,train
CGTGTAGAAAAACG-1,CD4 T cells,0.9953974,CD4 T cells,test
CGTGTAGACGATAC-1,CD8 T cells,0.9983454,CD8 T cells,train
CGTGTAGAGTTACG-1,NK cells,0.9932336,NK cells,train
CGTGTAGAGTTCAG-1,CD14+ Monocytes,0.9998983,CD14+ Monocytes,train
CGTGTAGATTCGGA-1,NK cells,0.99463814,NK cells,train
CGTTAGGAAACCAC-1,CD4 T cells,0.999703,CD4 T cells,train
CGTTAGGATCATTC-1,CD14+ Monocytes,0.98781824,CD14+ Monocytes,train
CGTTATACCCTGAA-1,CD8 T cells,0.99993,CD8 T cells,train
CGTTTAACTGGTCA-1,CD4 T cells,0.9996295,CD4 T cells,train
CTAAACCTCTGACA-1,NK cells,0.99923897,NK cells,train
CTAAACCTGTGCAT-1,B cells,0.99984396,B cells,train
CTAACACTAACGTC-1,CD4 T cells,0.9991285,CD4 T cells,test
CTAACACTAGTGCT-1,CD14+ Monocytes,0.9957579,CD14+ Monocytes,train
CTAACGGAACCGAT-1,NK cells,0.99937636,NK cells,train
CTAACGGATTTCTG-1,CD4 T cells,0.9999198,CD4 T cells,train
CTAACTACGGCAAG-1,CD8 T cells,0.8167033,CD8 T cells,test
CTAAGGACACCATG-1,CD4 T cells,0.9974837,CD4 T cells,train
CTAAGGACCGTTAG-1,CD4 T cells,0.9999591,CD4 T cells,test
CTAAGGACGCCATA-1,CD14+ Monocytes,0.9998023,CD14+ Monocytes,train
CTAAGGTGCCTAAG-1,B cells,0.9998355,B cells,test
CTAAGGTGTTGCAG-1,CD4 T cells,0.70644414,CD4 T cells,test
CTAAGGTGTTTCTG-1,CD4 T cells,0.9856942,CD4 T cells,test
CTAATAGAGCTATG-1,CD4 T cells,0.9998281,CD4 T cells,train
CTAATGCTTGTGGT-1,CD14+ Monocytes,0.999949,CD14+ Monocytes,train
CTACAACTCCCGTT-1,CD8 T cells,0.9968867,CD8 T cells,train
CTACCTCTCAACCA-1,CD8 T cells,0.99985397,CD8 T cells,train
CTACGCACACCTAG-1,FCGR3A+ Monocytes,0.9981363,FCGR3A+ Monocytes,train
CTACGCACTCTCCG-1,CD4 T cells,0.99943715,CD4 T cells,train
CTACGCACTGGTCA-1,NK cells,0.94263256,NK cells,train
CTACGGCTTTCTTG-1,CD14+ Monocytes,0.7623439,CD14+ Monocytes,test
CTACTATGAACCAC-1,CD14+ Monocytes,0.93420285,CD14+ Monocytes,test
CTACTATGATGTGC-1,CD14+ Monocytes,0.99903595,CD14+ Monocytes,train
CTACTATGCTAAGC-1,CD4 T cells,0.8373948,CD8 T cells,test
CTACTATGTAAAGG-1,B cells,0.99987614,B cells,train
CTACTCCTATGTCG-1,NK cells,0.99926656,NK cells,test
CTACTCCTGCCATA-1,CD14+ Monocytes,0.9995084,CD14+ Monocytes,test
CTAGAGACACTTTC-1,CD4 T cells,0.9919437,CD4 T cells,train
CTAGAGACAGCATC-1,CD8 T cells,0.9964037,CD8 T cells,train
CTAGAGACTTTGGG-1,FCGR3A+ Monocytes,0.9955069,FCGR3A+ Monocytes,train
CTAGATCTCTCTAT-1,CD4 T cells,0.9997398,CD4 T cells,train
CTAGATCTTCGACA-1,CD4 T cells,0.99902165,CD4 T cells,train
CTAGGATGAGCCTA-1,B cells,0.994689,B cells,train
CTAGGATGATCGTG-1,B cells,0.9977603,B cells,test
CTAGGCCTCTCAGA-1,CD4 T cells,0.99665326,CD4 T cells,train
CTAGGTGATGGTTG-1,FCGR3A+ Monocytes,0.99403304,FCGR3A+ Monocytes,train
CTAGTTACCAGAGG-1,CD4 T cells,0.99995065,CD4 T cells,test
CTAGTTACCGCATA-1,CD4 T cells,0.9992118,CD4 T cells,train
CTAGTTACGAAACA-1,NK cells,0.8670381,NK cells,test
CTATAAGATCGTTT-1,B cells,0.99829155,B cells,train
CTATACTGAGGTTC-1,CD14+ Monocytes,0.99979156,CD14+ Monocytes,test
CTATACTGCCAGTA-1,CD4 T cells,0.9999366,CD4 T cells,train
CTATACTGCGCTAA-1,CD14+ Monocytes,0.99994445,CD14+ Monocytes,train
CTATACTGCTACGA-1,NK cells,0.9980546,NK cells,train
CTATACTGTCTCAT-1,NK cells,0.9993755,NK cells,train
CTATACTGTTCGTT-1,CD4 T cells,0.94051516,CD4 T cells,train
CTATAGCTGTCACA-1,CD4 T cells,0.9989957,CD4 T cells,train
CTATAGCTTCGCTC-1,CD14+ Monocytes,0.9993389,CD14+ Monocytes,test
CTATAGCTTGCCTC-1,CD14+ Monocytes,0.999193,CD14+ Monocytes,train
CTATCAACGAACTC-1,CD4 T cells,0.99993753,CD4 T cells,train
CTATCAACGCAGAG-1,CD4 T cells,0.9996086,CD4 T cells,train
CTATCAACTTTGGG-1,CD4 T cells,0.99850863,CD4 T cells,train
CTATCCCTCCACCT-1,CD14+ Monocytes,0.9993837,CD14+ Monocytes,train
CTATGTACGAGAGC-1,CD4 T cells,0.99999714,CD4 T cells,test
CTATGTACGCTTAG-1,CD4 T cells,0.9998864,CD4 T cells,train
CTATGTACTGTTTC-1,B cells,0.9874494,B cells,train
CTATGTTGAAAGCA-1,CD4 T cells,0.99716884,CD4 T cells,train
CTATGTTGTCCTCG-1,CD4 T cells,0.9963529,CD4 T cells,test
CTATGTTGTCTCGC-1,CD4 T cells,0.99878186,CD4 T cells,train
CTATTGACAAACGA-1,CD14+ Monocytes,0.99984896,CD14+ Monocytes,train
CTATTGACACTGGT-1,CD14+ Monocytes,0.99972576,CD14+ Monocytes,train
CTATTGACGGTGAG-1,FCGR3A+ Monocytes,0.77065104,FCGR3A+ Monocytes,test
CTATTGTGGCAAGG-1,CD4 T cells,0.9792991,CD4 T cells,train
CTCAATTGGTTCAG-1,CD4 T cells,0.99997437,CD4 T cells,train
CTCAATTGGTTGCA-1,CD14+ Monocytes,0.9997397,CD14+ Monocytes,test
CTCAGAGATAGAAG-1,CD4 T cells,0.999819,CD4 T cells,train
CTCAGCACTCTAGG-1,CD4 T cells,0.99968815,CD4 T cells,train
CTCAGCACTGAACC-1,CD14+ Monocytes,0.9991703,CD14+ Monocytes,train
CTCAGCACTTGCAG-1,CD4 T cells,0.99931395,CD4 T cells,train
CTCAGCTGAACCTG-1,CD14+ Monocytes,0.99996626,CD14+ Monocytes,train
CTCAGCTGCAGTTG-1,CD4 T cells,0.99743193,CD4 T cells,train
CTCAGGCTCGTTGA-1,FCGR3A+ Monocytes,0.9998248,FCGR3A+ Monocytes,train
CTCAGGCTGCTAAC-1,CD4 T cells,0.9998877,CD4 T cells,train
CTCATTGACCTTAT-1,CD4 T cells,0.9999572,CD4 T cells,train
CTCATTGATGCTTT-1,CD14+ Monocytes,0.9980726,CD14+ Monocytes,train
CTCCACGAGAGATA-1,Dendritic cells,0.9772749,Dendritic cells,test
CTCCATCTCTTAGG-1,CD4 T cells,0.9981536,CD4 T cells,train
CTCCATCTGACGAG-1,CD4 T cells,0.9999933,CD4 T cells,train
CTCCGAACAAGTGA-1,FCGR3A+ Monocytes,0.9932139,FCGR3A+ Monocytes,test
CTCCTACTGCCTTC-1,CD14+ Monocytes,0.99977547,CD14+ Monocytes,train
CTCGAAGATGTGGT-1,CD4 T cells,0.9999672,CD4 T cells,train
CTCGAAGATTAGGC-1,CD14+ Monocytes,0.99994135,CD14+ Monocytes,train
CTCGACTGCTCTAT-1,CD4 T cells,0.9998548,CD4 T cells,train
CTCGACTGGGTGAG-1,CD4 T cells,0.9996494,CD4 T cells,test
CTCGACTGGTTGAC-1,NK cells,0.9997409,NK cells,test
CTCGAGCTCTGGAT-1,CD8 T cells,0.9292597,CD8 T cells,test
CTCGCATGACTTTC-1,CD4 T cells,0.9939387,CD4 T cells,train
CTCGCATGCTTAGG-1,CD4 T cells,0.99997187,CD4 T cells,train
CTCTAAACCTCGAA-1,CD4 T cells,0.9999591,CD4 T cells,test
CTCTAAACGGCGAA-1,CD4 T cells,0.9956298,CD4 T cells,test
CTCTAATGTCCAAG-1,CD14+ Monocytes,0.9999056,CD14+ Monocytes,train
CTGAACGACAGTCA-1,CD4 T cells,0.9999989,CD4 T cells,train
CTGAACGATGAGGG-1,CD4 T cells,0.9999391,CD4 T cells,train
CTGAAGACCCAACA-1,CD4 T cells,0.9954027,CD4 T cells,train
CTGAAGACGTGCAT-1,B cells,0.99995244,B cells,test
CTGAAGTGAAGCCT-1,FCGR3A+ Monocytes,0.99680364,FCGR3A+ Monocytes,train
CTGAAGTGCAGCTA-1,B cells,0.9996675,B cells,train
CTGAAGTGGCTATG-1,CD4 T cells,0.99995744,CD4 T cells,test
CTGAAGTGTCCAGA-1,CD4 T cells,0.9999747,CD4 T cells,train
CTGAATCTGAATAG-1,CD4 T cells,0.9983254,CD4 T cells,train
CTGACAGAATCGTG-1,CD8 T cells,0.99998343,CD8 T cells,test
CTGACCACAGCAAA-1,CD4 T cells,0.9998771,CD4 T cells,train
CTGAGAACCGGGAA-1,CD4 T cells,0.99992716,CD4 T cells,train
CTGAGAACGTAAAG-1,NK cells,0.9877815,NK cells,test
CTGATACTAGTAGA-1,CD4 T cells,0.9989969,CD4 T cells,train
CTGATTTGGTGTTG-1,CD14+ Monocytes,0.99972004,CD14+ Monocytes,train
CTGCAGCTAACCGT-1,CD4 T cells,0.9999801,CD4 T cells,test
CTGCAGCTGACACT-1,CD4 T cells,0.99981254,CD4 T cells,train
CTGCAGCTGGATTC-1,CD14+ Monocytes,0.9980348,CD14+ Monocytes,train
CTGCAGCTTGGCAT-1,CD8 T cells,0.9992607,CD8 T cells,train
CTGCCAACAGGAGC-1,CD8 T cells,0.9992785,CD8 T cells,train
CTGCCAACCAGCTA-1,CD4 T cells,0.99998283,CD4 T cells,train
CTGCCAACTAACCG-1,CD14+ Monocytes,0.9974347,CD14+ Monocytes,train
CTGCCAACTGCTCC-1,CD8 T cells,0.99910897,CD8 T cells,train
CTGCCAACTTGCAG-1,CD4 T cells,0.99984527,CD4 T cells,train
CTGCCAACTTGCTT-1,CD8 T cells,0.99958354,CD8 T cells,train
CTGCGACTCCACCT-1,CD8 T cells,0.9995258,CD8 T cells,train
CTGGAAACAAACGA-1,CD8 T cells,0.9954585,CD8 T cells,train
CTGGAAACATCGAC-1,CD4 T cells,0.9998982,CD4 T cells,test
CTGGATGACTGGAT-1,CD8 T cells,0.9997198,CD8 T cells,train
CTGGATGACTTGTT-1,CD4 T cells,0.9996057,CD4 T cells,train
CTGGATGATGTGAC-1,B cells,0.9989033,B cells,test
CTGGCACTCAAGCT-1,CD14+ Monocytes,0.9997693,CD14+ Monocytes,test
CTGTAACTAACCAC-1,CD4 T cells,0.9964078,CD4 T cells,train
CTGTAACTAGCGTT-1,CD4 T cells,0.9999504,CD4 T cells,train
CTGTATACGTAAAG-1,CD4 T cells,0.9980495,CD4 T cells,train
CTGTATACGTACGT-1,CD14+ Monocytes,0.99842143,CD14+ Monocytes,train
CTGTATACGTTGGT-1,CD4 T cells,0.94954264,CD4 T cells,train
CTGTGAGACAACCA-1,FCGR3A+ Monocytes,0.9981025,FCGR3A+ Monocytes,train
CTGTGAGACCTTGC-1,CD8 T cells,0.99911016,CD8 T cells,train
CTGTGAGACGAACT-1,CD14+ Monocytes,0.99782664,CD14+ Monocytes,train
CTGTGAGACTGTAG-1,CD14+ Monocytes,0.9977829,CD14+ Monocytes,train
CTTAAAGAACCTGA-1,CD4 T cells,0.99989045,CD4 T cells,train
CTTAACACCTGTAG-1,CD4 T cells,0.99999297,CD4 T cells,test
CTTAACACTATCGG-1,B cells,0.9997651,B cells,train
CTTAAGCTACCTAG-1,CD4 T cells,0.9999702,CD4 T cells,train
CTTAAGCTAGTACC-1,CD4 T cells,0.9984786,CD4 T cells,train
CTTAAGCTCATCAG-1,CD4 T cells,0.9997389,CD4 T cells,train
CTTAAGCTCCGCTT-1,B cells,0.99606496,B cells,train
CTTACAACTAACGC-1,CD4 T cells,0.99968064,CD4 T cells,test
CTTACAACTCCCGT-1,CD14+ Monocytes,0.999941,CD14+ Monocytes,test
CTTACTGACGTACA-1,CD4 T cells,0.9999517,CD4 T cells,test
CTTAGACTAAACGA-1,CD4 T cells,0.99895835,CD4 T cells,train
CTTAGGGACTTGCC-1,CD4 T cells,0.9991658,CD4 T cells,train
CTTAGGGAGAATCC-1,CD4 T cells,0.9997807,CD4 T cells,train
CTTATCGACTCATT-1,CD4 T cells,0.99999857,CD4 T cells,train
CTTCACCTACCTGA-1,FCGR3A+ Monocytes,0.86500615,FCGR3A+ Monocytes,test
CTTCATGAAGCATC-1,B cells,0.9998253,B cells,train
CTTCATGAAGTACC-1,CD4 T cells,0.9999819,CD4 T cells,test
CTTCATGACCGAAT-1,CD8 T cells,0.9975332,CD8 T cells,train
CTTGAACTACGCAT-1,CD4 T cells,0.9954763,CD4 T cells,train
CTTGATTGAGGTTC-1,CD8 T cells,0.99968207,CD8 T cells,train
CTTGATTGATCTTC-1,CD14+ Monocytes,0.99710566,CD14+ Monocytes,train
CTTGATTGCATTCT-1,CD4 T cells,0.99351937,CD4 T cells,train
CTTGATTGTTTCGT-1,CD4 T cells,0.9988022,CD4 T cells,test
CTTGTATGACACCA-1,B cells,0.99882966,B cells,train
CTTGTATGCGCAAT-1,B cells,0.9954164,B cells,test
CTTTACGAGCGAAG-1,CD4 T cells,0.99839467,CD4 T cells,train
CTTTAGACCGTGAT-1,CD4 T cells,0.99829024,CD4 T cells,train
CTTTAGACGAGACG-1,CD4 T cells,0.99774545,CD4 T cells,test
CTTTAGACGATACC-1,CD4 T cells,0.8044414,CD4 T cells,test
CTTTAGACGTTGGT-1,CD4 T cells,0.993105,CD4 T cells,train
CTTTAGACTCATTC-1,CD8 T cells,0.9989911,CD8 T cells,train
CTTTAGTGACGGGA-1,NK cells,0.99807906,NK cells,train
CTTTAGTGGGTGGA-1,CD4 T cells,0.994934,CD4 T cells,test
CTTTCAGAGAAACA-1,CD4 T cells,0.99999547,CD4 T cells,train
CTTTGATGAGCACT-1,CD4 T cells,0.9962288,CD4 T cells,test
CTTTGATGTCTAGG-1,CD4 T cells,0.8877948,CD4 T cells,train
CTTTGATGTGTCCC-1,CD4 T cells,0.9995704,CD4 T cells,train
CTTTGATGTGTGGT-1,CD4 T cells,0.99999344,CD4 T cells,test
GAAACAGAACTACG-1,CD4 T cells,0.9992353,CD4 T cells,train
GAAACAGAATCACG-1,CD4 T cells,0.9999862,CD4 T cells,train
GAAACAGACATTCT-1,CD4 T cells,0.99999106,CD4 T cells,train
GAAACCTGATCGTG-1,CD4 T cells,0.99999726,CD4 T cells,train
GAAACCTGATGCCA-1,CD4 T cells,0.9997029,CD4 T cells,train
GAAACCTGCTTATC-1,CD4 T cells,0.9999689,CD4 T cells,test
GAAACCTGGACTAC-1,FCGR3A+ Monocytes,0.9998903,FCGR3A+ Monocytes,test
GAAACCTGTGCTAG-1,CD4 T cells,0.99999034,CD4 T cells,train
GAAAGATGATTTCC-1,CD4 T cells,0.98789483,CD4 T cells,test
GAAAGATGCTGATG-1,FCGR3A+ Monocytes,0.99854577,FCGR3A+ Monocytes,train
GAAAGATGCTTCGC-1,CD14+ Monocytes,0.99276567,CD14+ Monocytes,train
GAAAGATGTAAGGA-1,CD4 T cells,0.9991346,CD4 T cells,train
GAAAGCCTACGTTG-1,B cells,0.9996736,B cells,train
GAAAGTGAAAGTGA-1,Dendritic cells,0.9864075,Dendritic cells,train
GAAAGTGACCACAA-1,CD14+ Monocytes,0.9941552,CD14+ Monocytes,train
GAAAGTGACTCAAG-1,CD4 T cells,0.984286,CD4 T cells,train
GAAATACTACCAAC-1,CD14+ Monocytes,0.99721754,CD14+ Monocytes,train
GAAATACTCTTAGG-1,B cells,0.9988475,B cells,test
GAAATACTTCCTCG-1,CD4 T cells,0.99625707,CD4 T cells,train
GAACACACGTGCAT-1,CD14+ Monocytes,0.9969818,CD14+ Monocytes,train
GAACACACTGCCTC-1,CD4 T cells,0.99965835,CD4 T cells,train
GAACAGCTAACTGC-1,CD14+ Monocytes,0.9945949,FCGR3A+ Monocytes,test
GAACAGCTCTCAGA-1,FCGR3A+ Monocytes,0.9980416,FCGR3A+ Monocytes,test
GAACCAACCACAAC-1,CD4 T cells,0.99281293,CD4 T cells,train
GAACCAACTTCCGC-1,NK cells,0.99817824,NK cells,train
GAACCTGAACGTGT-1,CD8 T cells,0.9999994,CD8 T cells,train
GAACCTGAGAGACG-1,CD4 T cells,0.99996483,CD4 T cells,train
GAACCTGATGAACC-1,CD4 T cells,0.99967515,CD4 T cells,train
GAACGGGATACTTC-1,CD4 T cells,0.999966,CD4 T cells,test
GAACTGTGACCTGA-1,FCGR3A+ Monocytes,0.9978492,FCGR3A+ Monocytes,train
GAACTGTGCCAGTA-1,CD14+ Monocytes,0.99937975,CD14+ Monocytes,train
GAAGAATGCAATCG-1,CD4 T cells,0.99953413,CD4 T cells,train
GAAGCGGACCTATT-1,CD14+ Monocytes,0.9963953,CD14+ Monocytes,train
GAAGCTACGAATGA-1,CD14+ Monocytes,0.99868816,CD14+ Monocytes,train
GAAGCTACGGTTTG-1,CD4 T cells,0.9999211,CD4 T cells,train
GAAGGGTGAAAGTG-1,CD4 T cells,0.999969,CD4 T cells,test
GAAGGGTGCTTAGG-1,CD14+ Monocytes,0.9999814,CD14+ Monocytes,test
GAAGGTCTGAAAGT-1,CD4 T cells,0.9979978,CD4 T cells,train
GAAGGTCTGTTGCA-1,CD4 T cells,0.99993956,CD4 T cells,train
GAAGGTCTTAAAGG-1,Dendritic cells,0.9986687,Dendritic cells,train
GAAGTAGACTCCCA-1,CD8 T cells,0.99991155,CD8 T cells,train
GAAGTAGATCCAAG-1,FCGR3A+ Monocytes,0.993411,FCGR3A+ Monocytes,test
GAAGTCACCCTCGT-1,CD14+ Monocytes,0.9998747,CD14+ Monocytes,train
GAAGTCACCCTGTC-1,B cells,0.9997118,B cells,train
GAAGTCTGTCGCAA-1,B cells,0.9998765,B cells,train
GAAGTCTGTTCTGT-1,CD4 T cells,0.9988238,CD4 T cells,train
GAAGTGCTAAACGA-1,NK cells,0.99979025,NK cells,train
GAAGTGCTCCGCTT-1,CD14+ Monocytes,0.9996748,CD14+ Monocytes,train
GAAGTGCTTAACCG-1,CD4 T cells,0.9988789,CD4 T cells,train
GAATGCACCCTAAG-1,CD4 T cells,0.99996614,CD4 T cells,train
GAATGCACCTTCGC-1,NK cells,0.9887416,NK cells,test
GAATGCTGCGGTAT-1,CD4 T cells,0.99986184,CD4 T cells,train
GAATTAACGATAAG-1,CD4 T cells,0.9998054,CD4 T cells,train
GAATTAACGGTCAT-1,CD4 T cells,0.99999857,CD4 T cells,train
GAATTAACGTCGTA-1,NK cells,0.9949222,NK cells,train
GAATTAACTGAAGA-1,B cells,0.9992354,B cells,train
GACAACACAGGCGA-1,CD4 T cells,0.9997669,CD4 T cells,train
GACAACACATCGTG-1,CD4 T cells,0.99996877,CD4 T cells,train
GACAACACTCGCCT-1,CD4 T cells,0.9955622,CD4 T cells,train
GACAACTGAGGTTC-1,CD4 T cells,0.9993886,CD4 T cells,train
GACAGGGAAGAGTA-1,B cells,0.9990514,B cells,test
GACAGGGAATGCCA-1,CD4 T cells,0.9999547,CD4 T cells,test
GACAGTACGAGCTT-1,FCGR3A+ Monocytes,0.9983741,FCGR3A+ Monocytes,test
GACAGTACTTCGGA-1,FCGR3A+ Monocytes,0.9993623,FCGR3A+ Monocytes,train
GACAGTTGAGTAGA-1,B cells,0.99993765,B cells,train
GACATTCTCCACCT-1,Dendritic cells,0.991569,Dendritic cells,train
GACCAAACGACTAC-1,CD14+ Monocytes,0.9997397,CD14+ Monocytes,train
GACCAAACGTATCG-1,CD14+ Monocytes,0.99992955,CD14+ Monocytes,test
GACCCTACTAAAGG-1,B cells,0.9988992,B cells,train
GACCTAGACCTCAC-1,CD4 T cells,0.9910013,CD4 T cells,train
GACCTAGACGAGAG-1,CD4 T cells,0.99915266,CD4 T cells,train
GACCTCACAAGGTA-1,CD4 T cells,0.99999607,CD4 T cells,train
GACCTCACGTACGT-1,CD14+ Monocytes,0.98448884,CD14+ Monocytes,train
GACCTCTGCATCAG-1,CD4 T cells,0.99981946,CD4 T cells,train
GACGAACTCCCACT-1,CD4 T cells,0.99999774,CD4 T cells,train
GACGATTGCCAATG-1,B cells,0.9981256,B cells,test
GACGCCGACCTTCG-1,CD4 T cells,0.9998234,CD4 T cells,train
GACGCTCTCTCTCG-1,Megakaryocytes,0.9978806,Megakaryocytes,train
GACGGCACACGGGA-1,NK cells,0.9610527,NK cells,test
GACGGCACGAGATA-1,CD14+ Monocytes,0.99989355,CD14+ Monocytes,train
GACGTAACCTATGG-1,CD4 T cells,0.99973005,CD4 T cells,train
GACGTAACCTGTGA-1,CD4 T cells,0.99876595,CD4 T cells,test
GACGTAACTATGGC-1,CD4 T cells,0.9992847,CD4 T cells,test
GACGTATGTTGACG-1,CD4 T cells,0.9997514,CD4 T cells,test
GACGTATGTTTGCT-1,CD4 T cells,0.99861264,CD4 T cells,train
GACGTCCTACGGAG-1,CD4 T cells,0.99526876,CD4 T cells,test
GACGTCCTCTCAAG-1,CD14+ Monocytes,0.99959046,CD14+ Monocytes,test
GACGTCCTGATAAG-1,B cells,0.98768336,B cells,train
GACTACGATGGTCA-1,B cells,0.99957854,B cells,train
GACTCCTGCTCGCT-1,CD4 T cells,0.998711,CD4 T cells,test
GACTCCTGGGTTAC-1,CD4 T cells,0.9994041,CD4 T cells,train
GACTCCTGTTATCC-1,CD4 T cells,0.9947588,CD4 T cells,train
GACTCCTGTTGGTG-1,CD14+ Monocytes,0.99965847,CD14+ Monocytes,train
GACTGAACCAATCG-1,CD14+ Monocytes,0.9999356,CD14+ Monocytes,test
GACTGATGTGATGC-1,CD4 T cells,0.9995364,CD4 T cells,test
GACTTTACATGCCA-1,CD4 T cells,0.9999888,CD4 T cells,test
GACTTTACGACAGG-1,B cells,0.99776936,B cells,train
GAGAAATGTTCTCA-1,B cells,0.9938606,B cells,test
GAGATAGAAAAAGC-1,CD14+ Monocytes,0.996068,CD14+ Monocytes,train
GAGATCACGACAAA-1,FCGR3A+ Monocytes,0.9986676,FCGR3A+ Monocytes,test
GAGATGCTCTGGAT-1,CD8 T cells,0.9999598,CD8 T cells,train
GAGATGCTGAATGA-1,CD4 T cells,0.9999863,CD4 T cells,train
GAGCAGGATTCCCG-1,CD8 T cells,0.9998474,CD8 T cells,test
GAGCATACTTTGCT-1,CD4 T cells,0.9111792,CD4 T cells,train
GAGCGCACGCGTAT-1,CD14+ Monocytes,0.99990666,CD14+ Monocytes,train
GAGCGCACGGTGAG-1,CD8 T cells,0.96398133,CD4 T cells,test
GAGCGCTGAAGATG-1,NK cells,0.99918085,NK cells,train
GAGCGCTGTCTTAC-1,CD14+ Monocytes,0.9999287,CD14+ Monocytes,test
GAGCGGCTGGGAGT-1,B cells,0.9996729,B cells,train
GAGGACGACTCAGA-1,CD8 T cells,0.73028386,CD8 T cells,test
GAGGATCTGAAAGT-1,B cells,0.9986363,B cells,test
GAGGCAGACTTGCC-1,CD8 T cells,0.9999436,CD8 T cells,test
GAGGGAACACCAGT-1,CD4 T cells,0.99602306,CD4 T cells,train
GAGGGAACGAGGGT-1,CD4 T cells,0.99840623,CD4 T cells,train
GAGGGATGGGAAAT-1,CD4 T cells,0.9999256,CD4 T cells,train
GAGGGCCTTCACCC-1,CD4 T cells,0.99704415,CD4 T cells,train
GAGGGTGAAGAGTA-1,CD4 T cells,0.9999857,CD4 T cells,train
GAGGTACTACGGTT-1,CD4 T cells,0.9999547,CD4 T cells,test
GAGGTACTACTCAG-1,CD14+ Monocytes,0.9999312,CD14+ Monocytes,train
GAGGTACTGACACT-1,NK cells,0.99714595,NK cells,train
GAGGTACTGGGAGT-1,CD4 T cells,0.99960274,CD4 T cells,test
GAGGTACTTAGCGT-1,CD14+ Monocytes,0.9999814,CD14+ Monocytes,train
GAGGTGGAGTACGT-1,CD4 T cells,0.9993954,CD4 T cells,train
GAGGTGGATCCTCG-1,NK cells,0.9996495,NK cells,train
GAGGTTACTCGTTT-1,CD14+ Monocytes,0.9986879,CD14+ Monocytes,test
GAGGTTTGTAAGCC-1,CD14+ Monocytes,0.999884,CD14+ Monocytes,train
GAGTCAACCATTCT-1,CD4 T cells,0.9998311,CD4 T cells,test
GAGTCAACGGGAGT-1,CD4 T cells,0.99992526,CD4 T cells,train
GAGTCTGATCGTGA-1,CD8 T cells,0.99950385,CD8 T cells,train
GAGTCTGATTTGGG-1,B cells,0.9999778,B cells,test
GAGTGACTCAGCTA-1,CD4 T cells,0.9976186,CD4 T cells,train
GAGTGACTCGGTAT-1,CD8 T cells,0.98850447,CD8 T cells,train
GAGTGACTCTTGCC-1,B cells,0.99995565,B cells,test
GAGTGACTGACTAC-1,B cells,0.99833834,B cells,test
GAGTGACTGTCTAG-1,CD4 T cells,0.99999535,CD4 T cells,test
GAGTGGGAGTCTTT-1,B cells,0.99782807,B cells,train
GAGTGGGATGCCCT-1,CD4 T cells,0.999395,CD4 T cells,train
GAGTGGGATGCTGA-1,B cells,0.9991283,B cells,test
GAGTGTTGCTGTAG-1,CD4 T cells,0.9985885,CD4 T cells,train
GAGTGTTGTGGTCA-1,CD4 T cells,0.9998487,CD4 T cells,test
GAGTTGTGCATGGT-1,CD14+ Monocytes,0.9999143,CD14+ Monocytes,train
GAGTTGTGCTGAGT-1,CD8 T cells,0.99557847,CD8 T cells,test
GAGTTGTGGCGAGA-1,CD14+ Monocytes,0.999926,CD14+ Monocytes,train
GAGTTGTGGTAGCT-1,Megakaryocytes,0.9997162,Megakaryocytes,test
GAGTTGTGTATGCG-1,FCGR3A+ Monocytes,0.99928445,FCGR3A+ Monocytes,train
GATAAGGAGAAACA-1,CD14+ Monocytes,0.9998405,CD14+ Monocytes,train
GATAAGGATTCACT-1,CD14+ Monocytes,0.99952793,CD14+ Monocytes,train
GATACTCTATCGGT-1,CD4 T cells,0.9994197,CD4 T cells,train
GATACTCTTACTTC-1,CD4 T cells,0.99552566,CD4 T cells,train
GATACTCTTGACTG-1,CD14+ Monocytes,0.9998542,CD14+ Monocytes,train
GATAGAGAAGGGTG-1,CD8 T cells,0.9568276,NK cells,test
GATAGAGACTGTGA-1,CD4 T cells,0.99968743,CD4 T cells,train
GATAGAGATCACGA-1,Dendritic cells,0.96892804,Dendritic cells,train
GATAGCACCCATAG-1,CD4 T cells,0.9989637,CD4 T cells,train
GATAGCACGAAGGC-1,CD14+ Monocytes,0.9989417,CD14+ Monocytes,train
GATAGCACTTGTCT-1,CD4 T cells,0.99981695,CD4 T cells,train
GATATAACAAGGTA-1,CD4 T cells,0.9997557,CD4 T cells,train
GATATAACACGCAT-1,CD4 T cells,0.9999876,CD4 T cells,train
GATATATGCTGGAT-1,CD4 T cells,0.9999938,CD4 T cells,train
GATATATGTCCGTC-1,CD8 T cells,0.9995352,CD8 T cells,train
GATATATGTGGAGG-1,CD14+ Monocytes,0.9251683,CD4 T cells,test
GATATCCTAGAAGT-1,CD4 T cells,0.9991179,CD4 T cells,test
GATATCCTCCCGTT-1,CD14+ Monocytes,0.999463,CD14+ Monocytes,train
GATATTGACAGGAG-1,CD8 T cells,0.9138039,CD4 T cells,test
GATATTGACGAGTT-1,FCGR3A+ Monocytes,0.9991468,FCGR3A+ Monocytes,train
GATATTGAGCCAAT-1,CD4 T cells,0.999995,CD4 T cells,train
GATCCCTGACCTTT-1,NK cells,0.99996865,NK cells,train
GATCCCTGTGTAGC-1,CD8 T cells,0.99988234,CD8 T cells,train
GATCCGCTGGTCAT-1,CD14+ Monocytes,0.9996489,CD14+ Monocytes,test
GATCGAACCGAGAG-1,CD8 T cells,0.9997869,CD8 T cells,train
GATCGATGACTAGC-1,B cells,0.99898714,B cells,train
GATCGATGGTAAAG-1,B cells,0.98989946,B cells,train
GATCGATGTAAGGA-1,CD14+ Monocytes,0.99990654,CD14+ Monocytes,train
GATCGTGACACTAG-1,CD4 T cells,0.99927086,CD4 T cells,train
GATCGTGATTCACT-1,CD4 T cells,0.9998037,CD4 T cells,train
GATCTACTGGTGAG-1,CD4 T cells,0.99458885,CD4 T cells,train
GATCTACTTTGCAG-1,B cells,0.9995332,B cells,train
GATCTTACACCCAA-1,FCGR3A+ Monocytes,0.9939492,FCGR3A+ Monocytes,train
GATCTTACCCTACC-1,CD4 T cells,0.99995065,CD4 T cells,train
GATCTTACGAATAG-1,CD14+ Monocytes,0.9991416,CD14+ Monocytes,train
GATCTTACGAGATA-1,CD14+ Monocytes,0.9974706,CD14+ Monocytes,test
GATGCAACTCCAGA-1,CD4 T cells,0.99896634,CD4 T cells,train
GATGCCCTACGTAC-1,CD4 T cells,0.9990507,CD4 T cells,train
GATGCCCTCTCATT-1,CD4 T cells,0.9999746,CD4 T cells,train
GATGCCCTGGCAAG-1,CD14+ Monocytes,0.99968827,CD14+ Monocytes,test
GATGCCCTTTTGCT-1,CD4 T cells,0.99933416,CD4 T cells,train
GATTACCTTGTTCT-1,CD4 T cells,0.99831116,CD4 T cells,train
GATTCGGAACGACT-1,CD4 T cells,0.99895406,CD4 T cells,train
GATTCGGACAGGAG-1,CD14+ Monocytes,0.9625922,CD14+ Monocytes,train
GATTCGGAGAAGGC-1,FCGR3A+ Monocytes,0.8684204,FCGR3A+ Monocytes,train
GATTCTTGATTCGG-1,CD14+ Monocytes,0.99859935,CD14+ Monocytes,train
GATTCTTGCCGATA-1,CD4 T cells,0.99957365,CD4 T cells,train
GATTCTTGCGAGTT-1,B cells,0.99937505,B cells,train
GATTGGACCCGTTC-1,B cells,0.99385464,B cells,train
GATTGGACGGTGTT-1,B cells,0.9999443,B cells,test
GATTGGACTTTCGT-1,B cells,0.9996797,B cells,train
GATTGGTGTGTCAG-1,CD4 T cells,0.9999192,CD4 T cells,train
GATTTAGACACTCC-1,FCGR3A+ Monocytes,0.9992374,FCGR3A+ Monocytes,test
GATTTAGACTAAGC-1,B cells,0.99983096,B cells,train
GATTTAGATTCGTT-1,CD14+ Monocytes,0.9998524,CD14+ Monocytes,train
GATTTGCTAACGAA-1,CD4 T cells,0.98633873,CD4 T cells,train
GATTTGCTAACGGG-1,CD14+ Monocytes,0.9998479,CD14+ Monocytes,train
GCAACCCTCCTCGT-1,CD14+ Monocytes,0.99982077,CD14+ Monocytes,test
GCAACTGATTGCGA-1,CD4 T cells,0.9998766,CD4 T cells,train
GCAAGACTACTGGT-1,CD4 T cells,0.9998005,CD8 T cells,test
GCAAGACTAGGTCT-1,CD4 T cells,0.99990094,CD4 T cells,train
GCAAGACTCCCTTG-1,CD4 T cells,0.9999498,CD4 T cells,train
GCAATCGACTGCAA-1,CD8 T cells,0.9994179,CD8 T cells,train
GCAATCGAGACGTT-1,CD14+ Monocytes,0.9984946,CD14+ Monocytes,train
GCAATCGATCCTTA-1,CD14+ Monocytes,0.9874034,CD14+ Monocytes,train
GCAATTCTCGTGTA-1,CD4 T cells,0.99850166,CD4 T cells,train
GCAATTCTTCTCCG-1,CD4 T cells,0.99998164,CD4 T cells,train
GCACAAACAATGCC-1,CD4 T cells,0.9999535,CD4 T cells,train
GCACAAACGGTACT-1,CD8 T cells,0.9996803,CD8 T cells,train
GCACAATGGTGCAT-1,CD14+ Monocytes,0.9347478,Dendritic cells,test
GCACACCTGTGCTA-1,NK cells,0.99883646,NK cells,test
GCACCACTCATGAC-1,CD14+ Monocytes,0.9985378,CD14+ Monocytes,test
GCACCACTGTTTGG-1,CD14+ Monocytes,0.9985728,CD14+ Monocytes,train
GCACCACTTCCTTA-1,NK cells,0.99967766,NK cells,train
GCACCACTTTCGGA-1,CD14+ Monocytes,0.9998318,CD14+ Monocytes,test
GCACCTACGCGATT-1,CD4 T cells,0.99778336,CD4 T cells,train
GCACCTTGGCTGTA-1,CD4 T cells,0.9968567,CD4 T cells,test
GCACCTTGGGGAGT-1,CD14+ Monocytes,0.9976277,CD14+ Monocytes,test
GCACGGACCAGCTA-1,CD4 T cells,0.9978523,CD4 T cells,train
GCACGGTGACCTCC-1,CD4 T cells,0.99998116,CD4 T cells,test
GCACGGTGCTATGG-1,CD14+ Monocytes,0.99997115,CD14+ Monocytes,train
GCACTAGAACGGGA-1,CD4 T cells,0.997888,CD4 T cells,test
GCACTAGAAGATGA-1,B cells,0.9989072,B cells,train
GCACTAGACCTTTA-1,FCGR3A+ Monocytes,0.99693716,FCGR3A+ Monocytes,test
GCACTAGACGTAAC-1,B cells,0.9981712,B cells,train
GCACTAGAGTCGTA-1,NK cells,0.995434,NK cells,train
GCACTAGATGCAAC-1,CD4 T cells,0.99998724,CD4 T cells,train
GCACTGCTGAGGCA-1,CD8 T cells,0.99893206,CD8 T cells,train
GCAGATACAGCGTT-1,CD8 T cells,0.99994934,CD8 T cells,train
GCAGATACGACGGA-1,CD4 T cells,0.9994535,CD4 T cells,train
GCAGATACGCAGAG-1,CD4 T cells,0.9997911,CD4 T cells,train
GCAGCCGACAGTCA-1,CD4 T cells,0.99824905,CD4 T cells,train
GCAGCGTGCACTCC-1,CD4 T cells,0.9999541,CD4 T cells,train
GCAGCTCTCAATCG-1,CD4 T cells,0.991024,CD4 T cells,test
GCAGCTCTGTTTCT-1,CD4 T cells,0.95022565,CD4 T cells,test
GCAGGGCTAAGAAC-1,CD4 T cells,0.99951696,CD4 T cells,train
GCAGGGCTAAGGGC-1,CD4 T cells,0.99963546,CD4 T cells,test
GCAGGGCTATCGAC-1,NK cells,0.99702495,NK cells,test
GCAGGGCTTGGGAG-1,CD8 T cells,0.99877363,CD8 T cells,test
GCAGTCCTAACTGC-1,CD4 T cells,0.9957475,CD4 T cells,test
GCAGTCCTCTCTTA-1,CD4 T cells,0.99980086,CD4 T cells,train
GCATCAGATGCGTA-1,CD8 T cells,0.99202526,CD8 T cells,test
GCATGTGACAAGCT-1,CD4 T cells,0.9986933,CD4 T cells,train
GCATTGGAGAAGGC-1,CD4 T cells,0.9999013,CD4 T cells,train
GCCAAAACGAGGCA-1,CD4 T cells,0.8558249,CD8 T cells,train
GCCAAATGATCGAC-1,CD8 T cells,0.9971378,CD8 T cells,train
GCCAACCTACGGTT-1,CD4 T cells,0.9992798,CD4 T cells,train
GCCAACCTCGCCTT-1,CD4 T cells,0.9997577,CD4 T cells,test
GCCACGGAGGCGAA-1,CD14+ Monocytes,0.99948835,CD14+ Monocytes,train
GCCACGGATACTGG-1,CD4 T cells,0.99905187,CD4 T cells,train
GCCACTACGTCTTT-1,CD4 T cells,0.99967575,CD4 T cells,train
GCCCAACTACCGAT-1,CD4 T cells,0.9980381,CD4 T cells,test
GCCCAACTATGGTC-1,CD8 T cells,0.9958228,CD8 T cells,train
GCCCATACAGCGTT-1,CD8 T cells,0.9985916,CD8 T cells,train
GCCGACGAACTCTT-1,CD14+ Monocytes,0.993968,CD14+ Monocytes,train
GCCGAGTGCGTTGA-1,CD4 T cells,0.9984074,CD8 T cells,test
GCCGGAACGAACTC-1,CD8 T cells,0.99999905,CD8 T cells,train
GCCGGAACGTTCTT-1,NK cells,0.98641706,NK cells,test
GCCGGAACTGCACA-1,CD8 T cells,0.9999256,CD8 T cells,train
GCCGGAACTTACTC-1,CD4 T cells,0.9999802,CD4 T cells,test
GCCGTACTACCTGA-1,CD4 T cells,0.9999391,CD4 T cells,test
GCCGTACTGGCAAG-1,CD14+ Monocytes,0.99998677,CD14+ Monocytes,train
GCCTACACAGTTCG-1,NK cells,0.9879182,NK cells,test
GCCTACACCACTGA-1,FCGR3A+ Monocytes,0.9771797,FCGR3A+ Monocytes,train
GCCTACACCTTGAG-1,CD4 T cells,0.99994504,CD4 T cells,train
GCCTAGCTACGGAG-1,B cells,0.9998312,B cells,train
GCCTAGCTCTATTC-1,CD4 T cells,0.99996495,CD4 T cells,train
GCCTAGCTTCTCAT-1,CD4 T cells,0.9999956,CD4 T cells,test
GCCTAGCTTCTCTA-1,FCGR3A+ Monocytes,0.9997075,FCGR3A+ Monocytes,test
GCCTCAACCATGGT-1,CD4 T cells,0.9972356,CD4 T cells,train
GCCTCAACTCTTTG-1,CD8 T cells,0.9990232,CD8 T cells,train
GCCTCATGTCTTAC-1,CD8 T cells,0.9996227,CD8 T cells,train
GCCTGACTCTCAAG-1,CD14+ Monocytes,0.99979323,CD14+ Monocytes,train
GCGAAGGAACTCTT-1,CD4 T cells,0.904374,CD4 T cells,test
GCGAAGGATGCCAA-1,CD4 T cells,0.99990475,CD4 T cells,test
GCGAGAGAGGGACA-1,CD4 T cells,0.9557994,CD4 T cells,test
GCGAGCACTGTCGA-1,B cells,0.98660475,B cells,train
GCGAGCACTTGACG-1,CD4 T cells,0.9994485,CD4 T cells,test
GCGAGCACTTGCTT-1,CD14+ Monocytes,0.98167187,CD14+ Monocytes,train
GCGATATGGTACGT-1,CD4 T cells,0.9999515,CD4 T cells,train
GCGATATGGTGTTG-1,CD4 T cells,0.99997866,CD4 T cells,test
GCGCACGAAGTCGT-1,CD4 T cells,0.99999297,CD4 T cells,train
GCGCACGACTTTAC-1,CD14+ Monocytes,0.9999839,CD14+ Monocytes,test
GCGCATCTAGGTCT-1,CD4 T cells,0.9993993,CD4 T cells,train
GCGCATCTGGTTAC-1,Megakaryocytes,0.98092467,Megakaryocytes,train
GCGCATCTTCGATG-1,CD4 T cells,0.9999871,CD4 T cells,train
GCGCATCTTGCTCC-1,NK cells,0.997931,NK cells,train
GCGCATCTTTCTAC-1,CD4 T cells,0.9997875,CD4 T cells,train
GCGCGAACGTTCTT-1,B cells,0.99904424,B cells,train
GCGCGATGAACGGG-1,CD4 T cells,0.9994764,CD4 T cells,train
GCGCGATGGTGCAT-1,NK cells,0.96402955,NK cells,test
GCGGAGCTCCTGAA-1,CD4 T cells,0.9999764,CD4 T cells,test
GCGGCAACCCGATA-1,CD4 T cells,0.99999297,CD4 T cells,test
GCGGCAACGGAGGT-1,B cells,0.9993494,B cells,train
GCGGCAACTGTCGA-1,CD14+ Monocytes,0.99985325,CD14+ Monocytes,train
GCGTAAACACGGTT-1,Dendritic cells,0.995666,Dendritic cells,train
GCGTAATGCACCAA-1,FCGR3A+ Monocytes,0.9602538,FCGR3A+ Monocytes,test
GCGTATGAACACCA-1,CD4 T cells,0.9999808,CD4 T cells,train
GCGTATGATGAGAA-1,CD14+ Monocytes,0.9998447,CD14+ Monocytes,test
GCTACAGAAAGGTA-1,CD4 T cells,0.9997899,CD4 T cells,train
GCTACAGAATCTTC-1,B cells,0.9991104,B cells,train
GCTACCTGAGAAGT-1,CD14+ Monocytes,0.99925834,CD14+ Monocytes,train
GCTACCTGATCACG-1,CD4 T cells,0.99986744,CD4 T cells,test
GCTACGCTAGAATG-1,CD4 T cells,0.99989617,CD4 T cells,test
GCTACGCTAGCTAC-1,CD4 T cells,0.9996542,CD4 T cells,train
GCTACGCTCCCTAC-1,CD4 T cells,0.9999881,CD4 T cells,train
GCTAGAACAGAGGC-1,B cells,0.999153,B cells,test
GCTAGAACGGATCT-1,CD4 T cells,0.9999994,CD4 T cells,test
GCTAGAACTCCCGT-1,CD4 T cells,0.9966383,CD4 T cells,train
GCTAGATGAGCTCA-1,CD14+ Monocytes,0.99985266,CD14+ Monocytes,train
GCTAGATGGCGATT-1,CD8 T cells,0.9966989,CD8 T cells,test
GCTATACTAAGGCG-1,CD4 T cells,0.9999927,CD4 T cells,train
GCTATACTAGCGTT-1,CD8 T cells,0.99996364,CD8 T cells,train
GCTATACTCTCTTA-1,CD4 T cells,0.9999981,CD4 T cells,train
GCTATACTGGACGA-1,CD4 T cells,0.9988764,CD4 T cells,train
GCTCAAGAACCATG-1,B cells,0.98879284,B cells,train
GCTCAAGAAGTCAC-1,CD14+ Monocytes,0.9957704,CD14+ Monocytes,train
GCTCAGCTGTCTAG-1,CD4 T cells,0.9995951,CD4 T cells,train
GCTCCATGAGAAGT-1,CD8 T cells,0.999948,CD8 T cells,train
GCTCCATGCCGAAT-1,CD4 T cells,0.999754,CD4 T cells,test
GCTCGACTCTAGTG-1,CD14+ Monocytes,0.99994683,CD14+ Monocytes,test
GCTGATGAGGTATC-1,CD14+ Monocytes,0.99941874,CD14+ Monocytes,test
GCTTAACTACAGTC-1,CD14+ Monocytes,0.9998609,CD14+ Monocytes,test
GCTTAACTACTGGT-1,CD8 T cells,0.9999932,CD8 T cells,train
GCTTAACTGCTGAT-1,CD4 T cells,0.99964356,CD4 T cells,train
GCTTAACTTAGACC-1,CD14+ Monocytes,0.99987924,CD14+ Monocytes,train
GCTTAACTTCAGTG-1,CD4 T cells,0.9985662,CD4 T cells,train
GGAACACTCACTTT-1,CD14+ Monocytes,0.99834955,CD14+ Monocytes,train
GGAACACTTCAGAC-1,Megakaryocytes,0.9983315,Megakaryocytes,train
GGAACTACTACTTC-1,CD4 T cells,0.9993656,CD4 T cells,train
GGAACTTGAAGGTA-1,CD14+ Monocytes,0.9940154,CD14+ Monocytes,train
GGAACTTGAGAATG-1,CD4 T cells,0.9931839,CD4 T cells,test
GGAACTTGCTCCAC-1,CD14+ Monocytes,0.9986052,CD14+ Monocytes,train
GGAACTTGGGTAGG-1,B cells,0.99974805,B cells,train
GGAAGGACATCGGT-1,CD14+ Monocytes,0.9996131,CD14+ Monocytes,train
GGAAGGACCACTAG-1,CD4 T cells,0.99492764,CD4 T cells,train
GGAAGGACGAGGGT-1,CD4 T cells,0.99723995,CD4 T cells,train
GGAAGGACGCGAAG-1,CD8 T cells,0.9998858,CD8 T cells,train
GGAAGGTGGCGAGA-1,NK cells,0.9997774,NK cells,train
GGAATCTGAAGGGC-1,CD4 T cells,0.9985707,CD4 T cells,test
GGAATCTGAGGAGC-1,CD4 T cells,0.9999925,CD4 T cells,train
GGAATCTGCTTAGG-1,B cells,0.9982716,B cells,train
GGAATCTGCTTGTT-1,CD14+ Monocytes,0.9999188,CD14+ Monocytes,train
GGAATCTGGGAGGT-1,CD4 T cells,0.9999721,CD4 T cells,train
GGAATGCTTTCTAC-1,CD4 T cells,0.9999926,CD4 T cells,test
GGACAGGAAAGGGC-1,CD8 T cells,0.9997911,CD8 T cells,train
GGACAGGAGTGCTA-1,B cells,0.9996511,B cells,train
GGACAGGATCTCGC-1,CD4 T cells,0.9995111,CD4 T cells,test
GGACCCGAAGCTAC-1,CD14+ Monocytes,0.99918383,CD14+ Monocytes,train
GGACCGTGCTTACT-1,CD14+ Monocytes,0.998762,CD14+ Monocytes,train
GGACCGTGGGAACG-1,Dendritic cells,0.7850753,Dendritic cells,test
GGACCGTGTAACGC-1,CD4 T cells,0.9429324,CD4 T cells,test
GGACCTCTGTAAGA-1,CD14+ Monocytes,0.9998579,CD14+ Monocytes,train
GGACCTCTTTTCTG-1,CD8 T cells,0.99964845,CD8 T cells,test
GGACGAGAGTGTCA-1,CD14+ Monocytes,0.999859,CD14+ Monocytes,test
GGACGCTGACGCAT-1,CD8 T cells,0.999925,CD8 T cells,train
GGACGCTGCTAGCA-1,CD4 T cells,0.999926,CD4 T cells,train
GGACGCTGTCCTCG-1,NK cells,0.98908013,NK cells,train
GGAGAGACGTGAGG-1,B cells,0.91645074,B cells,test
GGAGCAGATTCAGG-1,B cells,0.99877256,B cells,train
GGAGCCACCTTCTA-1,B cells,0.90928847,B cells,test
GGAGCGCTACGCAT-1,CD14+ Monocytes,0.9827754,CD14+ Monocytes,train
GGAGCGCTCCGAAT-1,CD8 T cells,0.9942737,CD8 T cells,train
GGAGGATGCCACCT-1,CD4 T cells,0.999961,CD4 T cells,train
GGAGGATGGTTGAC-1,CD14+ Monocytes,0.9995092,CD14+ Monocytes,train
GGAGGATGTCAGTG-1,CD14+ Monocytes,0.9998939,CD14+ Monocytes,test
GGAGGCCTCGTTGA-1,NK cells,0.9949603,NK cells,train
GGAGGCCTTTCTTG-1,CD4 T cells,0.9997904,CD4 T cells,test
GGAGGTGATACGCA-1,CD4 T cells,0.9994947,CD4 T cells,train
GGAGGTGATCGCTC-1,CD4 T cells,0.9973736,CD4 T cells,train
GGATACTGCAGCTA-1,CD8 T cells,0.99963355,CD8 T cells,train
GGATACTGTCTAGG-1,CD4 T cells,0.99824536,CD4 T cells,train
GGATAGCTCGTCTC-1,CD4 T cells,0.99998975,CD4 T cells,test
GGATAGCTCTGAAC-1,CD8 T cells,0.99654764,CD8 T cells,train
GGATGTACCAAAGA-1,B cells,0.99890864,B cells,train
GGATGTACGCGAAG-1,CD4 T cells,0.9999789,CD4 T cells,train
GGATGTACGTCTTT-1,CD14+ Monocytes,0.9998305,CD14+ Monocytes,train
GGATGTACGTGTCA-1,CD4 T cells,0.958577,CD4 T cells,train
GGATTTCTAGGTTC-1,CD4 T cells,0.9968659,CD4 T cells,train
GGATTTCTTTGTCT-1,CD14+ Monocytes,0.933684,CD14+ Monocytes,test
GGCAAGGAAAAAGC-1,NK cells,0.9965917,NK cells,train
GGCAAGGAAGAAGT-1,CD4 T cells,0.99939,CD4 T cells,train
GGCAAGGACTTGGA-1,Dendritic cells,0.9881146,Dendritic cells,train
GGCAAGGAGGACTT-1,CD4 T cells,0.9999553,CD4 T cells,train
GGCAATACGCTAAC-1,B cells,0.9995372,B cells,train
GGCAATACGGCATT-1,CD8 T cells,0.99693346,CD8 T cells,test
GGCAATACGTTTCT-1,B cells,0.9998778,B cells,train
GGCACGTGGCTTAG-1,FCGR3A+ Monocytes,0.98908466,FCGR3A+ Monocytes,train
GGCACTCTTTTGTC-1,CD4 T cells,0.9998646,CD4 T cells,train
GGCATATGCTTATC-1,NK cells,0.9978229,NK cells,test
GGCATATGGGGAGT-1,Megakaryocytes,0.9990213,Megakaryocytes,train
GGCATATGTGTGAC-1,CD4 T cells,0.9873733,CD8 T cells,test
GGCCACGACAGAGG-1,CD4 T cells,0.9999893,CD4 T cells,test
GGCCAGACTGGTTG-1,CD4 T cells,0.9995409,CD4 T cells,test
GGCCCAGAAAGTAG-1,CD14+ Monocytes,0.99989474,CD14+ Monocytes,train
GGCCGAACAACGAA-1,CD4 T cells,0.99999595,CD4 T cells,train
GGCCGAACGCAGAG-1,CD4 T cells,0.9995795,CD4 T cells,train
GGCCGAACGTAGGG-1,CD4 T cells,0.99999785,CD4 T cells,test
GGCCGAACTCTAGG-1,NK cells,0.96885186,NK cells,train
GGCCGATGCAGGAG-1,CD4 T cells,0.9999224,CD4 T cells,test
GGCCGATGCCGAAT-1,CD4 T cells,0.9996462,CD4 T cells,train
GGCCGATGTACTCT-1,CD8 T cells,0.9796937,CD8 T cells,train
GGCGACACTGCCCT-1,NK cells,0.4046425,CD8 T cells,test
GGCGACTGCGTAAC-1,CD4 T cells,0.94503397,CD4 T cells,test
GGCGCATGCCTAAG-1,FCGR3A+ Monocytes,0.99979967,FCGR3A+ Monocytes,train
GGCGCATGCTCCAC-1,CD4 T cells,0.99968684,CD4 T cells,train
GGCGCATGTGGAAA-1,CD4 T cells,0.9998796,CD4 T cells,train
GGCGGACTAGAGGC-1,CD4 T cells,0.99940205,CD4 T cells,train
GGCGGACTAGGAGC-1,CD8 T cells,0.9980009,CD8 T cells,train
GGCGGACTCTGACA-1,CD4 T cells,0.99997795,CD4 T cells,train
GGCGGACTCTTGGA-1,CD8 T cells,0.99982125,CD8 T cells,train
GGCGGACTTACTGG-1,CD4 T cells,0.99706346,CD4 T cells,train
GGCGGACTTGAACC-1,CD4 T cells,0.9999622,CD4 T cells,train
GGCTAAACACCTGA-1,NK cells,0.99985087,NK cells,train
GGCTAAACTCTTAC-1,CD4 T cells,0.999984,CD4 T cells,train
GGCTAATGAGCACT-1,CD8 T cells,0.9998772,CD8 T cells,test
GGCTAATGGTCTAG-1,CD4 T cells,0.999938,CD4 T cells,train
GGCTCACTACTCAG-1,CD14+ Monocytes,0.9995739,CD14+ Monocytes,train
GGGAACGAAGCTCA-1,FCGR3A+ Monocytes,0.99980384,FCGR3A+ Monocytes,train
GGGAACGACACAAC-1,B cells,0.9994019,B cells,train
GGGAACGAGTGTCA-1,CD14+ Monocytes,0.99828595,CD14+ Monocytes,train
GGGAAGTGTTGAGC-1,CD14+ Monocytes,0.9987919,CD14+ Monocytes,test
GGGACCACACGTTG-1,CD8 T cells,0.99997663,CD8 T cells,train
GGGACCACAGAACA-1,CD4 T cells,0.998825,CD4 T cells,train
GGGACCACGAATAG-1,CD4 T cells,0.9983746,CD4 T cells,train
GGGACCACGTCATG-1,CD4 T cells,0.99997675,CD4 T cells,train
GGGACCACTCAAGC-1,CD4 T cells,0.9996755,CD4 T cells,train
GGGACCACTCGTGA-1,CD4 T cells,0.99994755,CD4 T cells,test
GGGACCACTGCATG-1,CD4 T cells,0.9998678,CD4 T cells,train
GGGACCTGACCCTC-1,CD14+ Monocytes,0.9998988,CD14+ Monocytes,test
GGGACCTGCTTGCC-1,CD4 T cells,0.99981886,CD4 T cells,train
GGGACCTGTGGAGG-1,B cells,0.99986684,B cells,train
GGGATGGACGACAT-1,B cells,0.9993882,B cells,train
GGGATGGATACTTC-1,CD4 T cells,0.9997893,CD4 T cells,train
GGGATGGATGGTTG-1,CD14+ Monocytes,0.9987405,CD14+ Monocytes,train
GGGATTACGTCTAG-1,CD4 T cells,0.9999584,CD4 T cells,train
GGGCAAGATGCATG-1,CD14+ Monocytes,0.9999627,CD14+ Monocytes,test
GGGCACACGGTGAG-1,CD4 T cells,0.9910052,CD4 T cells,train
GGGCACACGTTGCA-1,CD4 T cells,0.75790215,CD4 T cells,test
GGGCAGCTTGGGAG-1,CD8 T cells,0.9834825,CD8 T cells,test
GGGCAGCTTTTCTG-1,CD4 T cells,0.9994307,CD4 T cells,train
GGGCCAACCTTGGA-1,Dendritic cells,0.9955124,Dendritic cells,test
GGGCCAACGCGTTA-1,B cells,0.9993631,B cells,test
GGGCCAACTACGCA-1,CD14+ Monocytes,0.99985933,CD14+ Monocytes,train
GGGCCAACTCCAAG-1,B cells,0.99951816,B cells,train
GGGCCATGATGGTC-1,CD8 T cells,0.99745744,CD8 T cells,train
GGGCCATGTTGACG-1,CD4 T cells,0.9988023,CD4 T cells,train
GGGTAACTCAGCTA-1,CD4 T cells,0.99982554,CD4 T cells,train
GGGTAACTCTAGTG-1,B cells,0.9999851,B cells,train
GGGTAACTCTGGAT-1,CD4 T cells,0.9999478,CD4 T cells,test
GGGTTAACGTGCAT-1,NK cells,0.99849665,NK cells,train
GGTAAAGAGCTAAC-1,NK cells,0.9896829,NK cells,train
GGTACAACTGCAAC-1,CD4 T cells,0.99989164,CD4 T cells,train
GGTACATGAAAGCA-1,B cells,0.9981335,B cells,test
GGTACATGAGCTCA-1,CD8 T cells,0.9913197,CD4 T cells,test
GGTACATGCGGTAT-1,CD4 T cells,0.9984175,CD4 T cells,train
GGTACATGGTTACG-1,CD4 T cells,0.7118458,CD8 T cells,test
GGTACATGTGGGAG-1,CD4 T cells,0.9968444,CD4 T cells,train
GGTACTGAACTCTT-1,CD14+ Monocytes,0.9996946,CD14+ Monocytes,train
GGTAGTACACCACA-1,CD8 T cells,0.9977506,CD8 T cells,train
GGTAGTACACTAGC-1,CD14+ Monocytes,0.9998423,CD14+ Monocytes,test
GGTAGTACCCTGTC-1,CD4 T cells,0.9994118,CD4 T cells,test
GGTAGTACGCCATA-1,CD14+ Monocytes,0.999954,CD14+ Monocytes,train
GGTAGTACTGTCTT-1,CD4 T cells,0.8757813,CD8 T cells,test
GGTATCGAGACAAA-1,CD14+ Monocytes,0.9999229,CD14+ Monocytes,train
GGTATCGATGAACC-1,B cells,0.99508744,B cells,train
GGTCAAACCAAAGA-1,CD4 T cells,0.9999809,CD4 T cells,test
GGTCTAGAGAAACA-1,CD14+ Monocytes,0.9977029,CD14+ Monocytes,train
GGTCTAGATAGCGT-1,CD14+ Monocytes,0.9292438,CD14+ Monocytes,test
GGTGATACCGACTA-1,B cells,0.99986315,B cells,test
GGTGATACGACTAC-1,CD14+ Monocytes,0.9998779,CD14+ Monocytes,train
GGTGATACTGTTTC-1,CD4 T cells,0.99974567,CD4 T cells,train
GGTGGAGAAACGGG-1,NK cells,0.9967483,NK cells,train
GGTGGAGAAGTAGA-1,CD4 T cells,0.99783057,CD4 T cells,train
GGTGGAGACAGATC-1,CD8 T cells,0.99827373,CD8 T cells,train
GGTGGAGATCGATG-1,CD4 T cells,0.99996436,CD4 T cells,test
GGTGGAGATCTCTA-1,CD14+ Monocytes,0.9995844,CD14+ Monocytes,train
GGTGGAGATTACTC-1,CD8 T cells,0.997619,CD8 T cells,train
GGTTTACTACGCAT-1,CD8 T cells,0.9999583,CD8 T cells,train
GTAACGTGACCTCC-1,CD14+ Monocytes,0.87532914,CD14+ Monocytes,test
GTAACGTGATCGGT-1,B cells,0.9993661,B cells,test
GTAACGTGCAGCTA-1,B cells,0.9998411,B cells,train
GTAACGTGGTTGAC-1,B cells,0.99902177,B cells,train
GTAAGCACAACGGG-1,CD4 T cells,0.99957794,CD4 T cells,test
GTAAGCACTCATTC-1,B cells,0.9997086,B cells,test
GTAAGCTGGTACCA-1,CD14+ Monocytes,0.9998222,CD14+ Monocytes,train
GTAATAACCTTCTA-1,CD14+ Monocytes,0.995906,CD14+ Monocytes,test
GTAATAACGTTGTG-1,CD4 T cells,0.99900144,CD4 T cells,test
GTACCCTGACAGTC-1,FCGR3A+ Monocytes,0.9997608,FCGR3A+ Monocytes,train
GTACCCTGGAGCTT-1,CD4 T cells,0.9999833,CD4 T cells,train
GTACCCTGTCCTTA-1,CD8 T cells,0.9998691,CD8 T cells,train
GTACCCTGTGAACC-1,CD4 T cells,0.99944776,CD4 T cells,train
GTACGTGAACGTTG-1,CD8 T cells,0.994443,CD8 T cells,train
GTACTTTGTCGACA-1,CD8 T cells,0.99845517,CD8 T cells,test
GTAGACTGAGATGA-1,CD14+ Monocytes,0.9997186,CD14+ Monocytes,train
GTAGACTGTATTCC-1,CD4 T cells,0.9999162,CD4 T cells,train
GTAGCAACAGTCGT-1,CD14+ Monocytes,0.999923,CD14+ Monocytes,train
GTAGCAACCATTTC-1,B cells,0.9998833,B cells,train
GTAGCAACGGTAGG-1,CD14+ Monocytes,0.99811435,CD14+ Monocytes,test
GTAGCATGCACTCC-1,B cells,0.99950373,B cells,train
GTAGCATGTAAGCC-1,CD14+ Monocytes,0.99992883,CD14+ Monocytes,train
GTAGCCCTGACGTT-1,CD4 T cells,0.99155337,CD4 T cells,test
GTAGCTGAAGCTAC-1,FCGR3A+ Monocytes,0.9920196,FCGR3A+ Monocytes,test
GTAGCTGAATTCGG-1,CD4 T cells,0.9999689,CD4 T cells,train
GTAGGTACACGGGA-1,CD14+ Monocytes,0.99995077,CD14+ Monocytes,train
GTAGTGACCTCATT-1,CD4 T cells,0.999997,CD4 T cells,test
GTAGTGTGAGCGGA-1,NK cells,0.99748176,NK cells,train
GTAGTGTGAGGCGA-1,CD14+ Monocytes,0.99990976,CD14+ Monocytes,train
GTAGTGTGTGGTTG-1,CD4 T cells,0.999198,CD4 T cells,train
GTATCACTGGTAGG-1,CD14+ Monocytes,0.9998729,CD14+ Monocytes,test
GTATCTACAGAAGT-1,CD8 T cells,0.9801554,CD8 T cells,test
GTATCTACGACGAG-1,CD8 T cells,0.98945403,CD8 T cells,test
GTATCTACGTTACG-1,CD4 T cells,0.9729264,CD4 T cells,train
GTATTAGAAACAGA-1,CD4 T cells,0.96683896,CD4 T cells,train
GTATTAGAGGTCTA-1,CD4 T cells,0.99993646,CD4 T cells,train
GTATTCACACAGCT-1,CD4 T cells,0.9960509,CD4 T cells,train
GTATTCACGGGTGA-1,CD8 T cells,0.99993837,CD8 T cells,train
GTCAACGACACTGA-1,CD4 T cells,0.9994466,CD4 T cells,train
GTCAACGAGTGTAC-1,CD14+ Monocytes,0.99960536,CD14+ Monocytes,test
GTCAATCTACACCA-1,CD8 T cells,0.99939144,CD8 T cells,test
GTCAATCTGTAGCT-1,CD8 T cells,0.9935946,CD8 T cells,test
GTCAATCTTGTGGT-1,CD4 T cells,0.9995776,CD4 T cells,test
GTCACCTGCCTCCA-1,CD4 T cells,0.9990269,CD4 T cells,test
GTCACCTGTCCCGT-1,CD4 T cells,0.99954385,CD4 T cells,train
GTCATACTAATCGC-1,B cells,0.99340725,B cells,test
GTCATACTGCGATT-1,CD8 T cells,0.9997539,CD8 T cells,train
GTCATACTTCGCCT-1,Megakaryocytes,0.9991722,Megakaryocytes,train
GTCATACTTTACCT-1,CD8 T cells,0.999979,CD8 T cells,train
GTCATACTTTGACG-1,CD4 T cells,0.9996741,CD4 T cells,train
GTCCAAGAAAAACG-1,CD4 T cells,0.99998736,CD4 T cells,train
GTCCACTGACCTCC-1,CD4 T cells,0.99956185,CD8 T cells,test
GTCCACTGGGTACT-1,FCGR3A+ Monocytes,0.99517304,FCGR3A+ Monocytes,train
GTCCAGCTACGGGA-1,CD4 T cells,0.99998415,CD4 T cells,train
GTCCCATGTGGTGT-1,CD14+ Monocytes,0.9966943,CD14+ Monocytes,train
GTCGAATGAAGGCG-1,CD14+ Monocytes,0.99804026,CD14+ Monocytes,train
GTCGACCTGAATGA-1,NK cells,0.997526,NK cells,train
GTCGACCTGTTCAG-1,CD8 T cells,0.7403171,CD4 T cells,train
GTCGCACTTGAGAA-1,B cells,0.9979036,B cells,train
GTCTAACTGGTCTA-1,CD14+ Monocytes,0.9927481,CD14+ Monocytes,train
GTCTAGGAGCTTCC-1,CD14+ Monocytes,0.99986434,CD14+ Monocytes,test
GTGAACACACTCTT-1,CD4 T cells,0.9999919,CD4 T cells,train
GTGAACACTCAGGT-1,CD4 T cells,0.9997676,CD4 T cells,train
GTGACCCTTAAGCC-1,CD8 T cells,0.9999733,CD8 T cells,train
GTGATGACAAGTGA-1,CD4 T cells,0.99207264,CD4 T cells,test
GTGATGACCTGAGT-1,B cells,0.99981266,B cells,train
GTGATGACGGTTTG-1,CD8 T cells,0.99952495,CD8 T cells,train
GTGATTCTCATTTC-1,CD4 T cells,0.99988425,CD4 T cells,train
GTGATTCTCTCTCG-1,CD14+ Monocytes,0.99929357,CD14+ Monocytes,train
GTGATTCTGGTTCA-1,NK cells,0.995876,NK cells,train
GTGATTCTGTCGAT-1,CD4 T cells,0.99999595,CD4 T cells,test
GTGATTCTTAGCGT-1,B cells,0.99947304,B cells,train
GTGCCACTCAGGAG-1,CD4 T cells,0.99990237,CD4 T cells,train
GTGGATTGCACTAG-1,FCGR3A+ Monocytes,0.9992982,FCGR3A+ Monocytes,train
GTGGATTGCGGAGA-1,CD4 T cells,0.999726,CD4 T cells,train
GTGGATTGTAACGC-1,CD4 T cells,0.9999801,CD4 T cells,train
GTGTACGATCAGTG-1,CD4 T cells,0.9999378,CD4 T cells,train
GTGTAGTGGGTACT-1,CD4 T cells,0.985897,CD4 T cells,train
GTGTATCTAGCCTA-1,B cells,0.9997894,B cells,train
GTGTATCTAGTAGA-1,CD8 T cells,0.99993193,CD8 T cells,train
GTGTATCTGTTACG-1,B cells,0.99992514,B cells,train
GTGTCAGAAGCGTT-1,CD8 T cells,0.99950695,CD8 T cells,train
GTTAAAACCGAGAG-1,NK cells,0.899943,NK cells,test
GTTAAATGCTCGAA-1,CD4 T cells,0.99944204,CD4 T cells,train
GTTAAATGTCGACA-1,B cells,0.9998312,B cells,train
GTTAACCTAGCTAC-1,CD4 T cells,0.9996537,CD4 T cells,train
GTTAACCTTGCTTT-1,Dendritic cells,0.997141,Dendritic cells,train
GTTAGGTGCACTCC-1,CD4 T cells,0.997558,CD4 T cells,train
GTTAGGTGCCAGTA-1,CD14+ Monocytes,0.99498665,CD14+ Monocytes,train
GTTAGGTGCCCAAA-1,FCGR3A+ Monocytes,0.99843127,FCGR3A+ Monocytes,train
GTTAGGTGGAACTC-1,B cells,0.9984182,B cells,test
GTTAGTCTAAGAAC-1,CD8 T cells,0.9837186,CD8 T cells,test
GTTATAGAGGACAG-1,CD4 T cells,0.99942774,CD4 T cells,train
GTTATGCTTTCATC-1,CD4 T cells,0.9998361,CD4 T cells,train
GTTCAACTGGGACA-1,NK cells,0.9964701,NK cells,train
GTTCAACTTATGCG-1,CD4 T cells,0.9998429,CD4 T cells,test
GTTGACGAGCCCTT-1,CD8 T cells,0.98696005,NK cells,test
GTTGACGATATCGG-1,NK cells,0.9968741,NK cells,test
GTTGAGTGGTCTTT-1,CD14+ Monocytes,0.99854624,CD14+ Monocytes,train
GTTGAGTGTGCTTT-1,CD4 T cells,0.99478585,CD4 T cells,test
GTTGATCTGGGACA-1,CD4 T cells,0.99989426,CD4 T cells,train
GTTGATCTTTTCAC-1,CD8 T cells,0.9998783,CD8 T cells,train
GTTGGATGTTTACC-1,FCGR3A+ Monocytes,0.99938655,FCGR3A+ Monocytes,train
GTTGTACTATTCCT-1,CD14+ Monocytes,0.9968957,CD14+ Monocytes,test
GTTGTACTTTTGGG-1,CD4 T cells,0.99800855,CD4 T cells,test
GTTTAAGACCATGA-1,CD14+ Monocytes,0.99959105,CD14+ Monocytes,train
GTTTAAGACTGTCC-1,CD8 T cells,0.99992657,CD8 T cells,train
TAAACAACCAACCA-1,CD4 T cells,0.9997216,CD4 T cells,train
TAAACAACGAATCC-1,B cells,0.9992453,B cells,train
TAAAGACTCAGGAG-1,CD4 T cells,0.99916136,CD4 T cells,train
TAAATCGATGAGGG-1,CD4 T cells,0.9999919,CD4 T cells,test
TAACAATGTGCCCT-1,B cells,0.99957424,B cells,test
TAACACCTTCGCTC-1,CD14+ Monocytes,0.99998,CD14+ Monocytes,test
TAACACCTTCGTAG-1,CD14+ Monocytes,0.9966863,CD14+ Monocytes,train
TAACACCTTGTTTC-1,Megakaryocytes,0.9991472,Megakaryocytes,train
TAACATGACACTAG-1,CD8 T cells,0.95484966,B cells,train
TAACCGGACTTACT-1,CD4 T cells,0.9999913,CD4 T cells,test
TAACGTCTCAACCA-1,CD14+ Monocytes,0.9994112,CD14+ Monocytes,train
TAACGTCTCATTGG-1,CD4 T cells,0.99998415,CD4 T cells,train
TAACTAGAATTTCC-1,CD4 T cells,0.99902415,CD4 T cells,train
TAACTAGACTTAGG-1,CD4 T cells,0.9987301,CD4 T cells,train
TAACTAGATCTGGA-1,CD4 T cells,0.99697304,CD4 T cells,test
TAACTCACGAGGAC-1,CD14+ Monocytes,0.9999162,CD14+ Monocytes,train
TAACTCACGTACAC-1,B cells,0.9991843,B cells,train
TAACTCACGTATCG-1,CD14+ Monocytes,0.98937035,CD14+ Monocytes,train
TAACTCACTCTACT-1,NK cells,0.9913629,NK cells,train
TAAGAACTGTGTCA-1,CD14+ Monocytes,0.99952173,CD14+ Monocytes,train
TAAGAGGACTAAGC-1,B cells,0.9976283,B cells,test
TAAGAGGACTTGTT-1,CD8 T cells,0.9149315,NK cells,test
TAAGATACGGTTCA-1,CD14+ Monocytes,0.99823856,CD14+ Monocytes,train
TAAGATTGCGTAGT-1,CD4 T cells,0.99669963,CD4 T cells,test
TAAGATTGTTGCTT-1,CD4 T cells,0.9907822,CD4 T cells,test
TAAGCGTGAGGTTC-1,CD14+ Monocytes,0.9998167,CD14+ Monocytes,train
TAAGCGTGGACAAA-1,CD14+ Monocytes,0.98324466,CD14+ Monocytes,train
TAAGCGTGGGAAAT-1,CD4 T cells,0.99994886,CD4 T cells,train
TAAGCGTGTGCTCC-1,FCGR3A+ Monocytes,0.9980889,FCGR3A+ Monocytes,train
TAAGGCTGCCATGA-1,CD4 T cells,0.85966575,CD8 T cells,test
TAAGGCTGCTGCTC-1,CD4 T cells,0.9999831,CD4 T cells,train
TAAGGCTGTCTCGC-1,CD14+ Monocytes,0.9994079,CD14+ Monocytes,train
TAAGGGCTGCTGTA-1,CD4 T cells,0.7263506,CD4 T cells,train
TAAGGGCTTTACTC-1,CD4 T cells,0.99961156,CD4 T cells,train
TAAGTAACCGAGAG-1,B cells,0.9986979,B cells,train
TAAGTAACCTCCAC-1,B cells,0.9994906,B cells,train
TAAGTAACCTGTAG-1,CD4 T cells,0.99408215,CD4 T cells,train
TAAGTAACTTGTCT-1,CD4 T cells,0.9850367,CD4 T cells,train
TAATGATGAGCGGA-1,CD4 T cells,0.999521,CD4 T cells,train
TAATGCCTCATGAC-1,CD4 T cells,0.9995184,CD4 T cells,test
TAATGCCTCGTCTC-1,NK cells,0.99485356,NK cells,train
TAATGTGAAGATGA-1,CD4 T cells,0.9999101,CD4 T cells,train
TAATGTGACTGCAA-1,CD14+ Monocytes,0.9991166,CD14+ Monocytes,train
TAATGTGATTACTC-1,CD8 T cells,0.9985306,CD8 T cells,train
TACAAATGGGTACT-1,CD4 T cells,0.99636793,CD4 T cells,train
TACAATGAAAACAG-1,CD14+ Monocytes,0.9999417,CD14+ Monocytes,train
TACAATGACTTAGG-1,CD4 T cells,0.99729484,CD4 T cells,train
TACAATGATGCTAG-1,CD8 T cells,0.69024956,CD8 T cells,test
TACACACTCACACA-1,CD4 T cells,0.9996113,CD4 T cells,test
TACACACTCTTACT-1,CD4 T cells,0.99987483,CD4 T cells,test
TACATAGAACGCAT-1,CD8 T cells,0.99856925,CD8 T cells,train
TACATCACACGGGA-1,CD4 T cells,0.99990046,CD4 T cells,train
TACATCACCTGTTT-1,FCGR3A+ Monocytes,0.99956435,FCGR3A+ Monocytes,train
TACATCACGCTAAC-1,B cells,0.9995204,B cells,train
TACATCACTGAACC-1,FCGR3A+ Monocytes,0.9945152,FCGR3A+ Monocytes,train
TACCATTGAGGTTC-1,CD4 T cells,0.9999466,CD4 T cells,train
TACCATTGCGGGAA-1,CD14+ Monocytes,0.9976164,CD14+ Monocytes,train
TACCATTGGGGATG-1,CD14+ Monocytes,0.9999856,CD14+ Monocytes,train
TACCATTGTGAGGG-1,CD14+ Monocytes,0.99913627,CD14+ Monocytes,train
TACCGGCTGTTGGT-1,CD4 T cells,0.9961389,CD4 T cells,test
TACGAGTGATCTCT-1,CD4 T cells,0.99896276,CD4 T cells,train
TACGAGTGATGCTG-1,CD14+ Monocytes,0.99963486,CD14+ Monocytes,train
TACGAGTGCGGAGA-1,CD4 T cells,0.99989796,CD4 T cells,train
TACGAGTGGTTGGT-1,CD4 T cells,0.99919575,CD4 T cells,train
TACGATCTAGTGTC-1,CD4 T cells,0.99500114,CD4 T cells,test
TACGATCTCACTGA-1,CD14+ Monocytes,0.9906041,CD14+ Monocytes,train
TACGATCTTACGAC-1,CD8 T cells,0.90642655,CD4 T cells,test
TACGCAGAGAATCC-1,CD8 T cells,0.9985025,CD8 T cells,train
TACGCCACATTCCT-1,CD4 T cells,0.99825877,CD4 T cells,train
TACGCCACTCCCAC-1,FCGR3A+ Monocytes,0.99989057,FCGR3A+ Monocytes,test
TACGCCACTCCGAA-1,B cells,0.99993765,B cells,train
TACGGAACGCGTTA-1,B cells,0.99942565,B cells,test
TACGGCCTGGGACA-1,NK cells,0.99560463,NK cells,train
TACGTACTACGGAG-1,CD4 T cells,0.8659413,CD8 T cells,test
TACGTACTCAGTTG-1,CD4 T cells,0.99919516,CD4 T cells,train
TACGTACTCCCGTT-1,B cells,0.9998797,B cells,train
TACGTTACAGAAGT-1,CD4 T cells,0.997561,CD4 T cells,train
TACGTTACCAAGCT-1,CD14+ Monocytes,0.9996995,CD14+ Monocytes,train
TACTAAGAAAGGTA-1,B cells,0.99987626,B cells,train
TACTAAGAATCACG-1,CD4 T cells,0.99969006,CD4 T cells,train
TACTAAGATGATGC-1,CD14+ Monocytes,0.99890304,CD14+ Monocytes,test
TACTAAGATTGCGA-1,CD4 T cells,0.99989855,CD4 T cells,train
TACTACACGAGAGC-1,CD4 T cells,0.99946135,CD4 T cells,train
TACTACACTTACCT-1,CD4 T cells,0.9701176,CD4 T cells,train
TACTACTGAACCTG-1,CD14+ Monocytes,0.99844474,CD14+ Monocytes,test
TACTACTGATGTCG-1,NK cells,0.75771224,CD8 T cells,test
TACTACTGATTCTC-1,CD4 T cells,0.9999956,CD4 T cells,test
TACTACTGTATGGC-1,CD4 T cells,0.9999356,CD4 T cells,test
TACTCAACGGTCTA-1,CD14+ Monocytes,0.99989057,CD14+ Monocytes,train
TACTCAACTGCTAG-1,B cells,0.99992657,B cells,train
TACTCCCTCAGTTG-1,CD4 T cells,0.9999738,CD4 T cells,test
TACTCTGAATCGAC-1,NK cells,0.9990395,NK cells,train
TACTCTGACGAGTT-1,CD4 T cells,0.9999763,CD4 T cells,test
TACTCTGATTGACG-1,B cells,0.9998342,B cells,test
TACTGGGATCGATG-1,CD4 T cells,0.99985504,CD4 T cells,train
TACTGTTGAAAGCA-1,CD4 T cells,0.9975655,CD4 T cells,test
TACTGTTGAGGCGA-1,NK cells,0.9993364,NK cells,test
TACTGTTGCTGAAC-1,B cells,0.96952134,B cells,train
TACTTGACTCCTCG-1,CD8 T cells,0.9998098,CD8 T cells,test
TACTTGACTGGTGT-1,B cells,0.99963105,B cells,train
TACTTTCTTTTGGG-1,CD4 T cells,0.9887677,CD4 T cells,train
TAGAAACTAATCGC-1,CD4 T cells,0.9997911,CD4 T cells,test
TAGAAACTGCTTCC-1,CD14+ Monocytes,0.9998305,CD14+ Monocytes,test
TAGAAACTGGGATG-1,CD8 T cells,0.9998927,CD8 T cells,train
TAGAATTGCGACAT-1,CD4 T cells,0.9996908,CD4 T cells,train
TAGAATTGTATCGG-1,CD4 T cells,0.998664,CD4 T cells,test
TAGACGTGCTTGAG-1,CD4 T cells,0.9999007,CD4 T cells,train
TAGACGTGTCGCTC-1,CD4 T cells,0.9999492,CD4 T cells,train
TAGAGCACCTTACT-1,B cells,0.9997236,B cells,train
TAGATTGACTTGTT-1,B cells,0.9995697,B cells,train
TAGATTGAGGCATT-1,CD8 T cells,0.99872416,CD8 T cells,test
TAGCATCTCAGCTA-1,NK cells,0.99849844,NK cells,train
TAGCATCTCCCTCA-1,CD4 T cells,0.9582201,CD4 T cells,test
TAGCATCTGCTGTA-1,FCGR3A+ Monocytes,0.99960643,FCGR3A+ Monocytes,train
TAGCATCTGGGACA-1,CD4 T cells,0.9998822,CD4 T cells,test
TAGCATCTTGTCGA-1,CD4 T cells,0.9999975,CD4 T cells,train
TAGCCCACAAAAGC-1,CD4 T cells,0.9959346,CD4 T cells,train
TAGCCCACAGCCAT-1,CD8 T cells,0.9996325,CD8 T cells,train
TAGCCCACAGCTAC-1,NK cells,0.9919668,NK cells,train
TAGCCCACCCACAA-1,CD4 T cells,0.9999052,CD4 T cells,train
TAGCCCTGCGGAGA-1,CD8 T cells,0.8751751,CD8 T cells,test
TAGCCGCTTACGAC-1,CD4 T cells,0.99954176,CD4 T cells,test
TAGCCGCTTACTTC-1,CD8 T cells,0.99983776,CD8 T cells,train
TAGCCGCTTTCCAT-1,CD14+ Monocytes,0.99913967,CD14+ Monocytes,train
TAGCTACTGAATAG-1,B cells,0.99989223,B cells,train
TAGCTACTGTAGCT-1,CD4 T cells,0.9988686,CD4 T cells,test
TAGCTACTTTTGCT-1,CD8 T cells,0.99984944,CD8 T cells,train
TAGGACTGTGCTGA-1,CD4 T cells,0.99703836,CD4 T cells,train
TAGGAGCTAAGGCG-1,B cells,0.9981546,B cells,train
TAGGAGCTGAGGGT-1,CD4 T cells,0.9998233,CD4 T cells,test
TAGGAGCTTGCATG-1,B cells,0.9998056,B cells,train
TAGGCAACCGTCTC-1,B cells,0.99990404,B cells,train
TAGGCATGCTCTCG-1,Dendritic cells,0.7177874,Dendritic cells,test
TAGGCATGGCGAGA-1,CD8 T cells,0.9999924,CD8 T cells,train
TAGGCTGATGCCTC-1,CD14+ Monocytes,0.99941325,CD14+ Monocytes,train
TAGGGACTGAACTC-1,NK cells,0.58075243,CD8 T cells,train
TAGGTCGACACTGA-1,CD4 T cells,0.9997142,CD4 T cells,train
TAGGTCGAGGATCT-1,B cells,0.9996125,B cells,train
TAGGTGACACACTG-1,CD4 T cells,0.99668354,CD4 T cells,train
TAGGTGACACGTTG-1,B cells,0.999838,B cells,test
TAGGTGTGTTCTGT-1,CD4 T cells,0.9931878,CD4 T cells,train
TAGGTTCTGAAGGC-1,CD4 T cells,0.9998135,CD4 T cells,train
TAGGTTCTTCTTAC-1,FCGR3A+ Monocytes,0.9959984,FCGR3A+ Monocytes,train
TAGGTTCTTGCTGA-1,CD14+ Monocytes,0.99828124,CD14+ Monocytes,train
TAGTAAACCTCGCT-1,CD4 T cells,0.9999404,CD4 T cells,test
TAGTAAACGTCACA-1,CD4 T cells,0.9984332,CD4 T cells,train
TAGTAATGAGATCC-1,CD4 T cells,0.9983559,CD4 T cells,train
TAGTACCTAAGAAC-1,CD14+ Monocytes,0.999408,CD14+ Monocytes,train
TAGTATGATCTTAC-1,B cells,0.99941456,B cells,train
TAGTATGATTCTCA-1,CD4 T cells,0.997759,CD4 T cells,train
TAGTCTTGGCTGTA-1,CD4 T cells,0.99989367,CD4 T cells,train
TAGTCTTGGGACTT-1,CD4 T cells,0.97175443,CD4 T cells,test
TAGTCTTGTGGAAA-1,CD8 T cells,0.99979657,CD8 T cells,train
TAGTGGTGAAGTGA-1,NK cells,0.9981477,NK cells,train
TAGTTAGAACCACA-1,NK cells,0.999534,NK cells,train
TAGTTAGATGAACC-1,CD4 T cells,0.9996642,CD4 T cells,train
TATAAGACAACAGA-1,CD4 T cells,0.99101114,CD4 T cells,train
TATAAGACAGCTCA-1,FCGR3A+ Monocytes,0.9995716,FCGR3A+ Monocytes,train
TATAAGTGACACCA-1,FCGR3A+ Monocytes,0.9988838,FCGR3A+ Monocytes,train
TATAAGTGTATCGG-1,CD14+ Monocytes,0.99962056,CD14+ Monocytes,train
TATAAGTGTGGTGT-1,FCGR3A+ Monocytes,0.9998754,FCGR3A+ Monocytes,train
TATACAGAACCCTC-1,CD8 T cells,0.99956924,CD8 T cells,train
TATACAGAAGAACA-1,CD4 T cells,0.9998586,CD4 T cells,test
TATACAGATCCAGA-1,CD4 T cells,0.9994838,CD4 T cells,train
TATACCACCTGATG-1,B cells,0.9990426,B cells,test
TATACGCTACCAAC-1,CD4 T cells,0.9994844,CD4 T cells,train
TATAGATGGACGGA-1,CD4 T cells,0.99961025,CD4 T cells,train
TATAGATGTTCCGC-1,FCGR3A+ Monocytes,0.899586,FCGR3A+ Monocytes,test
TATCCAACCAGCTA-1,CD14+ Monocytes,0.9999051,CD14+ Monocytes,test
TATCCAACTCTCTA-1,CD8 T cells,0.9979698,CD8 T cells,train
TATCGACTACTAGC-1,NK cells,0.98898053,NK cells,train
TATCGACTCGATAC-1,CD14+ Monocytes,0.6913809,CD14+ Monocytes,test
TATCGTACAGATGA-1,CD8 T cells,0.9990676,CD8 T cells,train
TATCGTACATTCCT-1,CD14+ Monocytes,0.9997739,CD14+ Monocytes,test
TATCTCGAGAGATA-1,CD4 T cells,0.99999547,CD4 T cells,train
TATCTGACAGGTTC-1,CD8 T cells,0.99964225,CD8 T cells,train
TATCTGACTGTTTC-1,CD8 T cells,0.9916243,CD8 T cells,test
TATCTTCTAAACAG-1,CD4 T cells,0.88493866,CD4 T cells,test
TATGAATGGAGGAC-1,NK cells,0.94733983,NK cells,test
TATGAATGTTTGCT-1,FCGR3A+ Monocytes,0.99985313,FCGR3A+ Monocytes,train
TATGCGGATAACCG-1,CD4 T cells,0.9995633,CD4 T cells,train
TATGGGTGCATCAG-1,NK cells,0.9929677,NK cells,train
TATGGGTGCTAGCA-1,B cells,0.9992736,B cells,train
TATGGTCTCTACCC-1,CD4 T cells,0.99901235,CD4 T cells,train
TATGTCACGGAACG-1,B cells,0.99952185,B cells,train
TATGTCACTAACCG-1,FCGR3A+ Monocytes,0.41786984,CD14+ Monocytes,test
TATGTCACTTCTCA-1,B cells,0.9990823,B cells,test
TATGTGCTCCGATA-1,CD14+ Monocytes,0.9991787,CD14+ Monocytes,train
TATGTGCTGGATTC-1,CD4 T cells,0.9995055,CD4 T cells,train
TATTGCTGAAGAAC-1,CD14+ Monocytes,0.99959296,CD14+ Monocytes,train
TATTGCTGCCGTTC-1,CD4 T cells,0.9908715,CD4 T cells,train
TATTGCTGTCTGGA-1,CD4 T cells,0.9999306,CD4 T cells,train
TATTGCTGTGCACA-1,CD8 T cells,0.99967825,CD8 T cells,train
TATTTCCTATTGGC-1,CD14+ Monocytes,0.99740404,CD14+ Monocytes,train
TATTTCCTGGAGGT-1,NK cells,0.99262226,NK cells,train
TATTTCCTGGTGTT-1,CD4 T cells,0.9762372,CD4 T cells,test
TCAACACTGTTTGG-1,NK cells,0.99856406,NK cells,train
TCAAGGACAGCGTT-1,CD4 T cells,0.999824,CD4 T cells,train
TCAAGGACATTCTC-1,CD8 T cells,0.99927634,CD8 T cells,train
TCAAGGACGGTGTT-1,CD14+ Monocytes,0.9998392,CD14+ Monocytes,train
TCAATCACACTCTT-1,CD8 T cells,0.9999839,CD8 T cells,test
TCAATCACAGTCGT-1,FCGR3A+ Monocytes,0.9979266,FCGR3A+ Monocytes,train
TCACAACTATGTGC-1,CD4 T cells,0.9995529,CD4 T cells,train
TCACAACTTTGCTT-1,CD14+ Monocytes,0.99957365,CD14+ Monocytes,train
TCACATACACTTTC-1,CD4 T cells,0.9363201,CD8 T cells,test
TCACATACAGGGTG-1,CD4 T cells,0.99994445,CD4 T cells,train
TCACCCGAGACGGA-1,CD14+ Monocytes,0.99908197,CD14+ Monocytes,train
TCACCGTGCTCGCT-1,FCGR3A+ Monocytes,0.996192,FCGR3A+ Monocytes,train
TCACCTCTACGACT-1,CD8 T cells,0.9980198,CD8 T cells,train
TCACCTCTTCCAAG-1,FCGR3A+ Monocytes,0.999037,FCGR3A+ Monocytes,train
TCACGAGAGGAGGT-1,B cells,0.99913543,B cells,train
TCACTATGGGGCAA-1,CD8 T cells,0.99996233,CD8 T cells,train
TCACTATGGTTGTG-1,B cells,0.9990319,B cells,train
TCAGACGACGCTAA-1,CD4 T cells,0.9994974,CD4 T cells,train
TCAGACGACGTTAG-1,NK cells,0.99987996,NK cells,train
TCAGAGACTCCAGA-1,CD4 T cells,0.9996228,CD4 T cells,test
TCAGCAGACTCCAC-1,CD4 T cells,0.9999629,CD4 T cells,train
TCAGCGCTCTAGTG-1,CD8 T cells,0.999739,CD8 T cells,train
TCAGCGCTGGATCT-1,B cells,0.99922013,B cells,train
TCAGCGCTGGTATC-1,CD8 T cells,0.99998283,CD8 T cells,test
TCAGGATGAAGTAG-1,CD4 T cells,1.0,CD4 T cells,test
TCAGGATGCCTTTA-1,FCGR3A+ Monocytes,0.9589425,FCGR3A+ Monocytes,test
TCAGTGGAAGATCC-1,CD8 T cells,0.49521884,NK cells,test
TCAGTTACCTACGA-1,CD14+ Monocytes,0.9993711,CD14+ Monocytes,train
TCAGTTACTAGAAG-1,CD4 T cells,0.9999963,CD4 T cells,train
TCATCAACCCGATA-1,CD4 T cells,0.9999969,CD4 T cells,train
TCATCAACTGTTCT-1,CD14+ Monocytes,0.99122053,CD14+ Monocytes,test
TCATCATGCAGTTG-1,CD4 T cells,0.9998896,CD4 T cells,test
TCATCCCTTACTGG-1,CD8 T cells,0.99937004,CD8 T cells,train
TCATTCGATACAGC-1,FCGR3A+ Monocytes,0.99083614,FCGR3A+ Monocytes,test
TCCACGTGGAAACA-1,CD4 T cells,0.9997124,CD8 T cells,test
TCCACTCTACACTG-1,CD4 T cells,0.9998093,CD4 T cells,train
TCCACTCTGAGCTT-1,CD14+ Monocytes,0.9996414,CD14+ Monocytes,train
TCCACTCTTACTTC-1,B cells,0.9996201,B cells,train
TCCATAACAAAGTG-1,CD4 T cells,0.9999343,CD4 T cells,train
TCCATAACCGTAGT-1,B cells,0.999944,B cells,train
TCCATAACGATGAA-1,CD4 T cells,0.99988043,CD4 T cells,train
TCCATAACTACGCA-1,CD4 T cells,0.99794954,CD4 T cells,train
TCCATCCTCCCTAC-1,CD8 T cells,0.995516,CD8 T cells,test
TCCCACGATCATTC-1,CD4 T cells,0.99999154,CD4 T cells,train
TCCCATCTCAAAGA-1,CD14+ Monocytes,0.998874,CD14+ Monocytes,train
TCCCGAACACAGTC-1,NK cells,0.99984646,NK cells,train
TCCCGAACTTCGCC-1,FCGR3A+ Monocytes,0.9985488,FCGR3A+ Monocytes,train
TCCCGATGAGATCC-1,CD4 T cells,0.99937797,CD4 T cells,test
TCCCGATGCCTGAA-1,CD14+ Monocytes,0.99963045,CD14+ Monocytes,train
TCCCTACTCAACTG-1,B cells,0.99977523,B cells,test
TCCGAAGACAATCG-1,CD14+ Monocytes,0.9993031,CD14+ Monocytes,train
TCCGAAGACGTTAG-1,CD4 T cells,0.99998367,CD4 T cells,train
TCCGGACTGAGGTG-1,CD4 T cells,0.9989949,CD4 T cells,train
TCCGGACTGTACGT-1,CD8 T cells,0.99995804,CD8 T cells,train
TCCTAAACATCGAC-1,CD4 T cells,0.9895511,CD4 T cells,test
TCCTAAACCGAGAG-1,CD4 T cells,0.99857974,CD4 T cells,test
TCCTAAACCGCATA-1,NK cells,0.99884665,NK cells,train
TCCTAATGGTTTGG-1,CD8 T cells,0.99964464,CD8 T cells,train
TCCTACCTGTCGTA-1,CD8 T cells,0.7127298,CD4 T cells,test
TCCTATGAAAAGCA-1,CD8 T cells,0.9981852,CD8 T cells,train
TCGAATCTCTGGTA-1,CD8 T cells,0.99885213,CD8 T cells,train
TCGACCTGCCGATA-1,FCGR3A+ Monocytes,0.9958066,FCGR3A+ Monocytes,train
TCGACGCTTCTATC-1,CD14+ Monocytes,0.99982697,CD14+ Monocytes,train
TCGACGCTTTGACG-1,CD4 T cells,0.999915,CD4 T cells,train
TCGAGAACGACAGG-1,CD4 T cells,0.9869489,CD4 T cells,test
TCGAGAACGTTAGC-1,CD4 T cells,0.99770504,CD4 T cells,train
TCGAGCCTATCAGC-1,B cells,0.99757236,B cells,train
TCGAGCCTGCGAGA-1,CD8 T cells,0.9999124,CD8 T cells,test
TCGAGCCTTGTGAC-1,CD4 T cells,0.69872665,CD4 T cells,test
TCGATACTATTCCT-1,CD4 T cells,0.9979955,CD4 T cells,train
TCGATACTTGCACA-1,CD4 T cells,0.93056655,CD4 T cells,test
TCGATTTGATGCCA-1,CD14+ Monocytes,0.99995446,CD14+ Monocytes,train
TCGATTTGCACTCC-1,CD4 T cells,0.9996872,CD4 T cells,train
TCGATTTGCAGCTA-1,NK cells,0.99261194,NK cells,train
TCGATTTGCCTACC-1,CD14+ Monocytes,0.9996742,CD14+ Monocytes,train
TCGATTTGTCGTGA-1,B cells,0.9954906,B cells,train
TCGCAGCTAGATCC-1,CD8 T cells,0.99995565,CD8 T cells,test
TCGCCATGAGACTC-1,CD4 T cells,0.9987937,CD4 T cells,train
TCGCCATGTGGTCA-1,B cells,0.9986386,B cells,test
TCGGACCTAACAGA-1,CD4 T cells,0.99990726,CD4 T cells,train
TCGGACCTATAAGG-1,B cells,0.9998191,B cells,train
TCGGACCTGTACAC-1,CD4 T cells,0.9999943,CD4 T cells,train
TCGGTAGAGTAGGG-1,CD4 T cells,0.9998385,CD4 T cells,train
TCGGTAGATCCCAC-1,B cells,0.99981624,B cells,train
TCGTAGGATCGACA-1,CD4 T cells,0.9981427,CD4 T cells,train
TCGTTATGGACAAA-1,CD4 T cells,0.9998419,CD4 T cells,test
TCTAACACCAGTTG-1,NK cells,0.7798272,NK cells,test
TCTAACACGAGCAG-1,Dendritic cells,0.9887349,Dendritic cells,test
TCTAACTGAACCAC-1,CD4 T cells,0.87248254,CD4 T cells,test
TCTAAGCTAATGCC-1,CD4 T cells,0.99998796,CD4 T cells,train
TCTAAGCTTAGTCG-1,CD8 T cells,0.9938128,CD8 T cells,train
TCTAAGCTTCTAGG-1,FCGR3A+ Monocytes,0.9988927,FCGR3A+ Monocytes,train
TCTAAGCTTGTTCT-1,CD14+ Monocytes,0.9995328,CD14+ Monocytes,train
TCTAAGCTTTCGCC-1,B cells,0.9998621,B cells,test
TCTACAACGACTAC-1,CD14+ Monocytes,0.99905723,CD14+ Monocytes,train
TCTAGACTTAGAAG-1,CD14+ Monocytes,0.9993236,CD14+ Monocytes,test
TCTAGTTGCACCAA-1,CD14+ Monocytes,0.9959794,CD14+ Monocytes,train
TCTATGTGAAGAGT-1,CD14+ Monocytes,0.99500495,CD14+ Monocytes,train
TCTATGTGAGTCTG-1,CD8 T cells,0.9982545,CD8 T cells,train
TCTCAAACCTAAGC-1,B cells,0.9981323,B cells,train
TCTCTAGAATTTCC-1,CD4 T cells,0.668975,CD4 T cells,test
TCTGATACACGTGT-1,CD4 T cells,0.99993265,CD4 T cells,test
TCTGATACTCGCCT-1,CD4 T cells,0.99980384,CD4 T cells,train
TCTTACGAACCTGA-1,CD14+ Monocytes,0.9988042,CD14+ Monocytes,train
TCTTCAGAGCTACA-1,CD14+ Monocytes,0.9907273,CD14+ Monocytes,train
TCTTGATGCGGAGA-1,CD8 T cells,0.9998047,CD8 T cells,train
TGAAATTGGTGAGG-1,CD14+ Monocytes,0.99786156,CD14+ Monocytes,train
TGAACCGAAAACGA-1,CD4 T cells,0.9987508,CD4 T cells,train
TGAACCGACTACTT-1,FCGR3A+ Monocytes,0.9913474,FCGR3A+ Monocytes,train
TGAACCGATTCGGA-1,FCGR3A+ Monocytes,0.9978607,FCGR3A+ Monocytes,train
TGAAGCACTCACGA-1,CD8 T cells,0.9990282,CD8 T cells,train
TGAAGCTGAACGAA-1,CD4 T cells,0.99571395,CD4 T cells,train
TGAAGCTGCATGGT-1,B cells,0.99946505,B cells,test
TGAAGCTGCGTAAC-1,CD4 T cells,0.999987,CD4 T cells,test
TGAATAACCACTTT-1,CD4 T cells,0.99969816,CD4 T cells,test
TGAATAACTCCCAC-1,CD8 T cells,0.9960173,CD8 T cells,train
TGACACGACCTTAT-1,B cells,0.99946755,B cells,test
TGACCAGACAACCA-1,CD4 T cells,0.9990971,CD4 T cells,test
TGACCAGAGGATTC-1,CD4 T cells,0.9999908,CD4 T cells,train
TGACCGCTAAAAGC-1,CD4 T cells,0.9976707,CD4 T cells,train
TGACCGCTCTGCAA-1,CD4 T cells,0.99993825,CD4 T cells,train
TGACGATGCAAAGA-1,CD14+ Monocytes,0.9999088,CD14+ Monocytes,test
TGACGCCTGTACCA-1,CD8 T cells,0.99729735,CD8 T cells,train
TGACGCCTTTACTC-1,CD4 T cells,0.99822694,CD4 T cells,train
TGACTGGAAGAGAT-1,CD14+ Monocytes,0.99996805,CD14+ Monocytes,train
TGACTGGACCGTAA-1,CD4 T cells,0.99929917,CD4 T cells,train
TGACTGGACGCAAT-1,CD4 T cells,0.99885106,CD4 T cells,train
TGACTGGAGGACAG-1,B cells,0.9997812,B cells,train
TGACTGGATTCTCA-1,CD8 T cells,0.9939627,CD8 T cells,train
TGACTTACACACCA-1,CD4 T cells,0.9982988,CD4 T cells,test
TGACTTACAGTCTG-1,CD14+ Monocytes,0.99955434,CD14+ Monocytes,train
TGACTTTGCGCATA-1,CD4 T cells,0.99999774,CD4 T cells,train
TGACTTTGTTTGTC-1,CD4 T cells,0.9998252,CD4 T cells,test
TGAGACACAAGGTA-1,CD4 T cells,0.99384105,CD4 T cells,test
TGAGACACTCAAGC-1,CD8 T cells,0.9467744,CD8 T cells,test
TGAGCTGAATGCTG-1,FCGR3A+ Monocytes,0.99829453,FCGR3A+ Monocytes,train
TGAGCTGACTGGAT-1,CD14+ Monocytes,0.99974734,CD14+ Monocytes,test
TGAGCTGATGCTAG-1,CD14+ Monocytes,0.9998741,CD14+ Monocytes,test
TGAGGACTCTCATT-1,CD14+ Monocytes,0.99980205,CD14+ Monocytes,test
TGAGGACTTCATTC-1,CD4 T cells,0.99999106,CD4 T cells,test
TGAGGTACGAACCT-1,FCGR3A+ Monocytes,0.9962224,FCGR3A+ Monocytes,train
TGAGTCGAGTTACG-1,B cells,0.9962339,B cells,test
TGAGTGACTGAGCT-1,CD4 T cells,0.99999,CD4 T cells,test
TGATAAACGAATCC-1,CD4 T cells,0.99976605,CD4 T cells,train
TGATAAACTCCGTC-1,NK cells,0.9967168,NK cells,train
TGATAAACTTTCAC-1,CD4 T cells,0.99877197,CD4 T cells,train
TGATACCTCACTAG-1,CD14+ Monocytes,0.99989486,CD14+ Monocytes,train
TGATACCTGTTGGT-1,CD4 T cells,0.9998996,CD4 T cells,train
TGATACCTTATGCG-1,CD4 T cells,0.99993885,CD4 T cells,train
TGATACCTTGAAGA-1,CD4 T cells,0.99998045,CD4 T cells,train
TGATATGAACCTTT-1,CD4 T cells,0.99993825,CD4 T cells,test
TGATCACTAGCATC-1,CD8 T cells,0.99742186,CD8 T cells,train
TGATCACTCTCGCT-1,CD4 T cells,0.99987566,CD4 T cells,train
TGATCACTTCTACT-1,B cells,0.9994375,B cells,train
TGATCGGACTGACA-1,FCGR3A+ Monocytes,0.998879,FCGR3A+ Monocytes,train
TGATCGGAGGAGCA-1,B cells,0.99963474,B cells,train
TGATCGGATATGCG-1,FCGR3A+ Monocytes,0.9981975,FCGR3A+ Monocytes,test
TGATTAGACATTGG-1,CD4 T cells,0.99956864,CD4 T cells,test
TGATTAGATGACTG-1,B cells,0.9974745,B cells,test
TGATTAGATGCTAG-1,CD4 T cells,0.99985623,CD4 T cells,train
TGATTCACTATGCG-1,CD4 T cells,0.9999386,CD4 T cells,train
TGATTCACTGTCAG-1,B cells,0.9995308,B cells,train
TGATTCTGCCGAAT-1,CD4 T cells,0.9999666,CD4 T cells,train
TGATTCTGCTCTTA-1,CD4 T cells,0.99970406,CD4 T cells,train
TGCAAGTGAGAACA-1,CD4 T cells,0.9977447,CD4 T cells,train
TGCAAGTGGGTAGG-1,CD14+ Monocytes,0.99895954,CD14+ Monocytes,test
TGCAATCTTCAGGT-1,B cells,0.9593367,B cells,train
TGCACAGACGACAT-1,NK cells,0.9898722,NK cells,train
TGCCAAGAGCAGTT-1,CD14+ Monocytes,0.54733694,FCGR3A+ Monocytes,test
TGCCAAGATCTCTA-1,CD4 T cells,0.9999137,CD4 T cells,train
TGCCACTGAACGTC-1,CD4 T cells,0.99999917,CD4 T cells,train
TGCCACTGCGATAC-1,NK cells,0.95138144,NK cells,test
TGCCAGCTTGGCAT-1,CD4 T cells,0.9999982,CD4 T cells,train
TGCCCAACAGCAAA-1,CD4 T cells,0.9999778,CD4 T cells,train
TGCCCAACCGCATA-1,FCGR3A+ Monocytes,0.99475867,FCGR3A+ Monocytes,train
TGCCGACTCTCCCA-1,B cells,0.99987864,B cells,test
TGCGAAACAGTCAC-1,B cells,0.9997763,B cells,train
TGCGAAACGTTGCA-1,B cells,0.99857426,B cells,train
TGCGATGAACGGTT-1,CD4 T cells,0.9704549,CD4 T cells,test
TGCGATGACCTCGT-1,CD4 T cells,0.99977905,CD4 T cells,train
TGCGATGACTAGTG-1,B cells,0.98982555,B cells,train
TGCGATGACTGCTC-1,B cells,0.9997129,B cells,test
TGCGATGACTTGCC-1,B cells,0.9997596,B cells,train
TGCGATGAGTGCTA-1,CD14+ Monocytes,0.9994246,CD14+ Monocytes,train
TGCGCACTCTTGAG-1,CD14+ Monocytes,0.9993135,CD14+ Monocytes,train
TGCGTAGAATAAGG-1,CD14+ Monocytes,0.9976567,CD14+ Monocytes,train
TGCGTAGACGGGAA-1,B cells,0.9994098,B cells,train
TGCGTAGATGGTCA-1,FCGR3A+ Monocytes,0.990202,FCGR3A+ Monocytes,train
TGCTAGGAAACCGT-1,CD8 T cells,0.99511695,CD8 T cells,test
TGCTAGGATAGTCG-1,CD4 T cells,0.9996239,CD4 T cells,train
TGCTATACGGTTCA-1,CD14+ Monocytes,0.99652267,CD14+ Monocytes,train
TGCTATACTGCTGA-1,CD8 T cells,0.9999436,CD8 T cells,train
TGCTGAGAGAGCAG-1,NK cells,0.999566,NK cells,train
TGCTGAGATTATCC-1,CD4 T cells,0.9978688,CD4 T cells,train
TGGAAAGACTCTCG-1,B cells,0.99956995,B cells,train
TGGAAAGAGCGATT-1,CD4 T cells,0.9986645,CD4 T cells,test
TGGAAAGAGGTCAT-1,FCGR3A+ Monocytes,0.999131,FCGR3A+ Monocytes,train
TGGAAAGATATGGC-1,CD4 T cells,0.9965061,CD4 T cells,train
TGGAACACAAACAG-1,NK cells,0.998836,NK cells,train
TGGAACACGCTAAC-1,CD8 T cells,0.999124,CD8 T cells,train
TGGAAGCTCAGATC-1,CD4 T cells,0.9995759,CD4 T cells,train
TGGACCCTACACTG-1,CD14+ Monocytes,0.9995534,CD14+ Monocytes,train
TGGACCCTCATGGT-1,CD8 T cells,0.99909484,CD8 T cells,train
TGGACCCTGGTACT-1,CD14+ Monocytes,0.9988102,CD14+ Monocytes,train
TGGACTGAGTATGC-1,CD4 T cells,0.99968314,CD4 T cells,test
TGGAGACTATCAGC-1,CD14+ Monocytes,0.996049,CD14+ Monocytes,test
TGGAGACTTCAAGC-1,CD4 T cells,0.9999373,CD4 T cells,test
TGGAGACTTGACCA-1,CD8 T cells,0.9966133,CD8 T cells,test
TGGAGGGACGGAGA-1,CD14+ Monocytes,0.9992706,CD14+ Monocytes,train
TGGAGGGAGCTATG-1,CD4 T cells,0.98621595,CD4 T cells,train
TGGATCGATAAAGG-1,CD4 T cells,0.99999976,CD4 T cells,test
TGGATGTGACCTAG-1,B cells,0.9998617,B cells,test
TGGATGTGTGAAGA-1,B cells,0.9994197,B cells,test
TGGATTCTCATACG-1,CD8 T cells,0.9999957,CD8 T cells,train
TGGCAATGCTTGTT-1,B cells,0.99902105,B cells,train
TGGCACCTTCACGA-1,CD4 T cells,0.99318707,CD4 T cells,train
TGGCACCTTCAGTG-1,CD14+ Monocytes,0.9997285,CD14+ Monocytes,test
TGGGTATGAAGAGT-1,CD4 T cells,0.9989889,CD4 T cells,train
TGGGTATGCACAAC-1,CD4 T cells,0.99999964,CD4 T cells,test
TGGGTATGGTACGT-1,B cells,0.999169,B cells,test
TGGGTATGTTTGGG-1,CD14+ Monocytes,0.9994754,CD14+ Monocytes,train
TGGTAGACATGCCA-1,CD8 T cells,0.9992149,CD8 T cells,train
TGGTAGACCCTCAC-1,NK cells,0.9971052,NK cells,test
TGGTAGACCTGATG-1,CD4 T cells,0.99959093,CD4 T cells,train
TGGTAGTGCACTGA-1,CD14+ Monocytes,0.97900426,CD14+ Monocytes,test
TGGTATCTAAACAG-1,CD4 T cells,0.995307,CD4 T cells,test
TGGTATCTCTTCCG-1,CD4 T cells,0.99999416,CD4 T cells,test
TGGTCAGACCCAAA-1,CD4 T cells,0.9965102,CD4 T cells,train
TGGTTACTGACGTT-1,CD14+ Monocytes,0.9998908,CD14+ Monocytes,train
TGGTTACTGTTCTT-1,CD4 T cells,0.99989593,CD4 T cells,test
TGTAACCTAGAGGC-1,CD4 T cells,0.99999356,CD4 T cells,test
TGTAACCTTGCCTC-1,CD14+ Monocytes,0.9998462,CD14+ Monocytes,train
TGTAATGACACAAC-1,NK cells,0.97770727,NK cells,test
TGTAATGAGGTAAA-1,NK cells,0.9979888,NK cells,train
TGTACTTGCTCTAT-1,FCGR3A+ Monocytes,0.9999074,FCGR3A+ Monocytes,test
TGTAGGTGCGAGAG-1,B cells,0.9993876,B cells,train
TGTAGGTGCTATGG-1,CD4 T cells,0.99998856,CD4 T cells,train
TGTAGGTGCTCTAT-1,Dendritic cells,0.99900776,Dendritic cells,train
TGTAGGTGTGCTGA-1,CD4 T cells,0.9998907,CD4 T cells,test
TGTAGTCTTCCAGA-1,CD4 T cells,0.99050796,CD4 T cells,test
TGTAGTCTTGCACA-1,CD8 T cells,0.99976104,CD8 T cells,train
TGTATCTGTTAGGC-1,CD4 T cells,0.99998665,CD4 T cells,train
TGTATGCTCATGGT-1,B cells,0.9997147,B cells,train
TGTATGCTGTAGGG-1,CD4 T cells,0.91389227,CD4 T cells,test
TGTATGCTTTCATC-1,CD4 T cells,0.997431,CD8 T cells,test
TGTCAGGAATACCG-1,CD4 T cells,0.9990171,CD4 T cells,test
TGTCAGGAGATGAA-1,FCGR3A+ Monocytes,0.9977539,FCGR3A+ Monocytes,train
TGTCTAACCCCTTG-1,CD4 T cells,0.99991417,CD4 T cells,test
TGTGACGATTCTCA-1,CD8 T cells,0.9513539,CD8 T cells,test
TGTGAGACTGTCAG-1,CD14+ Monocytes,0.9822649,CD14+ Monocytes,train
TGTGAGACTTGAGC-1,CD4 T cells,0.9947549,CD4 T cells,test
TGTGAGTGACCACA-1,CD4 T cells,0.99978346,CD4 T cells,test
TGTGAGTGAGTGCT-1,FCGR3A+ Monocytes,0.7534284,CD14+ Monocytes,test
TGTGAGTGGAGATA-1,CD8 T cells,0.99981016,CD8 T cells,train
TGTGATCTCTCTAT-1,B cells,0.99939823,B cells,train
TGTGATCTGACACT-1,CD4 T cells,0.4715952,CD4 T cells,train
TGTGGATGGCCAAT-1,B cells,0.9997503,B cells,train
TGTTAAGACAAAGA-1,CD14+ Monocytes,0.99990284,CD14+ Monocytes,train
TGTTAAGATAAGGA-1,CD14+ Monocytes,0.99950933,CD14+ Monocytes,train
TGTTACACCGCATA-1,FCGR3A+ Monocytes,0.6970083,FCGR3A+ Monocytes,test
TGTTACACGACTAC-1,FCGR3A+ Monocytes,0.9971252,FCGR3A+ Monocytes,train
TGTTACTGGCTACA-1,CD8 T cells,0.9961046,CD8 T cells,test
TGTTACTGTAGTCG-1,CD8 T cells,0.9918235,CD8 T cells,train
TTAACCACCGTAAC-1,CD4 T cells,0.99680847,CD4 T cells,train
TTAACCACTAAGGA-1,CD8 T cells,0.99832565,CD8 T cells,test
TTAACCACTCAGAC-1,CD8 T cells,0.9999651,CD8 T cells,train
TTACACACGTGTTG-1,CD4 T cells,0.9979151,CD4 T cells,test
TTACACACTCCTAT-1,CD4 T cells,0.9993863,CD4 T cells,train
TTACCATGAATCGC-1,CD14+ Monocytes,0.9897097,CD14+ Monocytes,test
TTACCATGGTTGAC-1,CD4 T cells,0.9999832,CD4 T cells,train
TTACCATGTGTCTT-1,CD8 T cells,0.355587,CD4 T cells,test
TTACCATGTTGTGG-1,B cells,0.99965274,B cells,train
TTACGACTGAGAGC-1,CD4 T cells,0.99991894,CD4 T cells,train
TTACGACTTGACAC-1,CD14+ Monocytes,0.9993369,CD14+ Monocytes,train
TTACGTACGTTCAG-1,Megakaryocytes,0.9978962,Megakaryocytes,test
TTACTCGAAGAATG-1,CD14+ Monocytes,0.99967265,CD14+ Monocytes,train
TTACTCGACGCAAT-1,Dendritic cells,0.99361587,Dendritic cells,train
TTACTCGAGGGTGA-1,CD4 T cells,0.999998,CD4 T cells,test
TTACTCGATCTACT-1,NK cells,0.994358,NK cells,train
TTAGAATGTGGTGT-1,CD4 T cells,0.99997556,CD4 T cells,train
TTAGAATGTGTAGC-1,CD4 T cells,0.9996687,CD4 T cells,train
TTAGACCTCCTACC-1,CD4 T cells,0.99991906,CD4 T cells,train
TTAGACCTCCTTTA-1,CD14+ Monocytes,0.992864,CD14+ Monocytes,train
TTAGCTACAACCGT-1,CD4 T cells,0.9999862,CD4 T cells,train
TTAGCTACTGTCCC-1,CD14+ Monocytes,0.9993111,CD14+ Monocytes,train
TTAGCTACTTTCGT-1,CD4 T cells,0.9992755,CD4 T cells,train
TTAGGGACGCGAAG-1,CD8 T cells,0.9998858,CD8 T cells,train
TTAGGGTGCTGGAT-1,B cells,0.99991035,B cells,train
TTAGGGTGTCCTGC-1,CD14+ Monocytes,0.9986682,CD14+ Monocytes,train
TTAGGTCTACTTTC-1,CD14+ Monocytes,0.9988882,CD14+ Monocytes,test
TTAGTCACCAGTTG-1,CD4 T cells,0.860819,CD4 T cells,test
TTAGTCTGAAAGCA-1,B cells,0.9995914,B cells,test
TTAGTCTGCCAACA-1,NK cells,0.99643517,NK cells,train
TTAGTCTGTGCACA-1,CD4 T cells,0.9960608,CD4 T cells,train
TTATCCGACTAGTG-1,B cells,0.99954116,B cells,train
TTATCCGAGAAAGT-1,FCGR3A+ Monocytes,0.9956958,FCGR3A+ Monocytes,train
TTATGAGAGATAAG-1,CD4 T cells,0.99806887,CD4 T cells,test
TTATGCACGTCACA-1,B cells,0.99987304,B cells,train
TTATGGCTTATGGC-1,Dendritic cells,0.9965695,Dendritic cells,train
TTATTCCTATGCTG-1,CD14+ Monocytes,0.99903035,CD14+ Monocytes,train
TTATTCCTGGACAG-1,B cells,0.99965537,B cells,train
TTATTCCTGGTACT-1,B cells,0.99957055,B cells,train
TTATTCCTTCGTGA-1,CD4 T cells,0.999954,CD4 T cells,train
TTCAAAGATAAAGG-1,CD8 T cells,0.9999379,CD8 T cells,test
TTCAACACAACAGA-1,CD4 T cells,1.0,CD4 T cells,test
TTCAACACCCCAAA-1,CD14+ Monocytes,0.99983776,CD14+ Monocytes,train
TTCAACACGGACGA-1,FCGR3A+ Monocytes,0.99768054,FCGR3A+ Monocytes,train
TTCAAGCTAAGAAC-1,CD14+ Monocytes,0.998206,CD14+ Monocytes,train
TTCAAGCTAGATGA-1,CD4 T cells,0.999671,CD4 T cells,train
TTCAAGCTGTTGAC-1,CD8 T cells,0.803295,CD8 T cells,test
TTCAAGCTTGATGC-1,CD4 T cells,0.9988444,CD4 T cells,train
TTCAAGCTTTCGCC-1,CD4 T cells,0.99936336,CD4 T cells,train
TTCACAACCCGTTC-1,CD14+ Monocytes,0.99970466,CD14+ Monocytes,test
TTCACAACGTCTGA-1,FCGR3A+ Monocytes,0.9965754,FCGR3A+ Monocytes,train
TTCAGACTACCCAA-1,CD4 T cells,0.99996924,CD4 T cells,train
TTCAGACTCTCGAA-1,CD8 T cells,0.9983594,CD8 T cells,train
TTCAGTACCGACTA-1,CD4 T cells,0.9999958,CD4 T cells,test
TTCAGTACTCAAGC-1,CD4 T cells,0.99993086,CD4 T cells,train
TTCAGTACTCCTAT-1,CD14+ Monocytes,0.9999683,CD14+ Monocytes,test
TTCAGTTGCCAAGT-1,CD4 T cells,0.9998754,CD4 T cells,train
TTCAGTTGTCCTTA-1,Dendritic cells,0.98777235,Dendritic cells,train
TTCAGTTGTCTAGG-1,CD4 T cells,0.99878997,CD4 T cells,train
TTCAGTTGTCTCGC-1,B cells,0.9997985,B cells,test
TTCATCGAGGTGGA-1,CD14+ Monocytes,0.9999331,CD14+ Monocytes,test
TTCATGTGTGGTGT-1,CD4 T cells,0.999158,CD4 T cells,train
TTCATTCTATGTCG-1,CD14+ Monocytes,0.9993981,CD14+ Monocytes,train
TTCATTCTTCTCTA-1,CD4 T cells,0.9994956,CD4 T cells,test
TTCCAAACCTATGG-1,CD14+ Monocytes,0.9996031,CD14+ Monocytes,test
TTCCAAACCTCCCA-1,B cells,0.99736804,B cells,train
TTCCAAACTCCCAC-1,NK cells,0.99879116,NK cells,train
TTCCAAACTTGACG-1,CD8 T cells,0.9995782,CD8 T cells,train
TTCCATGACGAGAG-1,CD14+ Monocytes,0.99980193,CD14+ Monocytes,train
TTCCATGACTGTCC-1,CD4 T cells,0.88006914,CD4 T cells,train
TTCCCACTTGAGGG-1,NK cells,0.9968034,NK cells,train
TTCCCACTTGTCTT-1,CD14+ Monocytes,0.99514294,CD14+ Monocytes,train
TTCCTAGAAAGTGA-1,CD4 T cells,0.99718755,CD4 T cells,train
TTCCTAGACTAGTG-1,FCGR3A+ Monocytes,0.99566215,FCGR3A+ Monocytes,test
TTCGAGGACTCTAT-1,CD4 T cells,0.9998615,CD4 T cells,train
TTCGAGGAGGGCAA-1,CD4 T cells,0.99364024,CD4 T cells,train
TTCGAGGATAGAAG-1,CD14+ Monocytes,0.73580563,FCGR3A+ Monocytes,train
TTCGATTGAGCATC-1,CD4 T cells,0.99981266,CD4 T cells,train
TTCGGAGAATGCCA-1,CD14+ Monocytes,0.9999082,CD14+ Monocytes,test
TTCGGAGATGTGCA-1,CD4 T cells,0.9998294,CD4 T cells,test
TTCGTATGAAAAGC-1,CD8 T cells,0.99963236,CD8 T cells,train
TTCGTATGGATAGA-1,CD8 T cells,0.9974566,CD8 T cells,train
TTCGTATGGTCTGA-1,CD4 T cells,0.9999907,CD4 T cells,test
TTCGTATGTCCTTA-1,CD14+ Monocytes,0.9748823,CD14+ Monocytes,test
TTCTACGAACGTAC-1,CD4 T cells,0.9999943,CD4 T cells,train
TTCTACGAGTTGGT-1,CD4 T cells,0.9985286,CD4 T cells,train
TTCTAGTGACACGT-1,CD4 T cells,0.99999464,CD4 T cells,train
TTCTAGTGCATGAC-1,CD14+ Monocytes,0.9998017,CD14+ Monocytes,test
TTCTAGTGGAGAGC-1,NK cells,0.9963844,NK cells,test
TTCTAGTGGTCACA-1,CD14+ Monocytes,0.9988065,CD14+ Monocytes,train
TTCTCAGAAGAGAT-1,CD4 T cells,0.99948895,CD4 T cells,test
TTCTCAGAAGCATC-1,B cells,0.99825364,B cells,test
TTCTCAGATGGAGG-1,CD4 T cells,0.9996457,CD4 T cells,train
TTCTGATGGAGACG-1,NK cells,0.99701416,NK cells,test
TTCTTACTCTGGAT-1,FCGR3A+ Monocytes,0.9966222,FCGR3A+ Monocytes,train
TTGAACCTCCTTGC-1,B cells,0.9997397,B cells,train
TTGAATGAACTACG-1,FCGR3A+ Monocytes,0.9969695,FCGR3A+ Monocytes,test
TTGAATGACTTACT-1,CD4 T cells,0.9984464,CD4 T cells,test
TTGAATGATCTCAT-1,B cells,0.99967396,B cells,train
TTGACACTCTGTAG-1,CD4 T cells,0.9481775,CD4 T cells,test
TTGACACTGATAAG-1,B cells,0.99862134,B cells,train
TTGAGGACAGAACA-1,CD14+ Monocytes,0.99915946,CD14+ Monocytes,test
TTGAGGACTACGCA-1,Dendritic cells,0.9404367,Dendritic cells,test
TTGAGGTGGACGGA-1,CD4 T cells,0.9999577,CD4 T cells,train
TTGCATTGAGCTAC-1,CD8 T cells,0.99999857,CD8 T cells,train
TTGCATTGCTAAGC-1,CD14+ Monocytes,0.99915266,CD14+ Monocytes,train
TTGCATTGTGACTG-1,CD4 T cells,0.99925214,CD4 T cells,train
TTGCTAACACCAAC-1,CD8 T cells,0.9997352,CD8 T cells,train
TTGCTAACACGCTA-1,FCGR3A+ Monocytes,0.9949444,FCGR3A+ Monocytes,train
TTGCTAACCACTCC-1,CD4 T cells,0.99849224,CD4 T cells,train
TTGCTATGGTACGT-1,CD14+ Monocytes,0.9943737,CD14+ Monocytes,train
TTGCTATGGTAGGG-1,FCGR3A+ Monocytes,0.9998155,FCGR3A+ Monocytes,train
TTGGAGACCAATCG-1,CD8 T cells,0.9679433,CD8 T cells,train
TTGGAGACGCTATG-1,CD14+ Monocytes,0.99902797,CD14+ Monocytes,test
TTGGAGACTATGGC-1,B cells,0.9984743,B cells,train
TTGGGAACTGAACC-1,CD4 T cells,0.969627,CD4 T cells,test
TTGGTACTACTGGT-1,FCGR3A+ Monocytes,0.9966214,FCGR3A+ Monocytes,train
TTGGTACTCTTAGG-1,CD4 T cells,0.99991894,CD4 T cells,train
TTGGTACTGAATCC-1,B cells,0.9999232,B cells,train
TTGGTACTGGATTC-1,B cells,0.9997483,B cells,train
TTGTACACGTTGTG-1,B cells,0.9997911,B cells,train
TTGTACACTTGCAG-1,CD4 T cells,0.9996785,CD4 T cells,train
TTGTAGCTAGCTCA-1,CD4 T cells,0.91212326,CD4 T cells,train
TTGTAGCTCTCTTA-1,B cells,0.9998504,B cells,test
TTGTCATGGACGGA-1,NK cells,0.99974555,NK cells,test
TTTAGAGATCCTCG-1,B cells,0.99952185,B cells,train
TTTAGCTGATACCG-1,CD4 T cells,0.9999088,CD4 T cells,train
TTTAGCTGGATACC-1,CD14+ Monocytes,0.99919814,CD14+ Monocytes,train
TTTAGCTGTACTCT-1,Dendritic cells,0.5274169,Dendritic cells,test
TTTAGGCTCCTTTA-1,CD14+ Monocytes,0.9998926,CD14+ Monocytes,train
TTTATCCTGTTGTG-1,FCGR3A+ Monocytes,0.9065542,CD14+ Monocytes,test
TTTCACGAGGTTCA-1,CD4 T cells,0.9998665,CD4 T cells,test
TTTCAGTGGAAGGC-1,CD8 T cells,0.9999769,CD8 T cells,test
TTTCAGTGTCACGA-1,B cells,0.999582,B cells,train
TTTCAGTGTCTATC-1,CD14+ Monocytes,0.9999058,CD14+ Monocytes,train
TTTCAGTGTGCAGT-1,B cells,0.9998185,B cells,train
TTTCCAGAGGTGAG-1,CD4 T cells,0.9883329,CD4 T cells,train
TTTCGAACACCTGA-1,Dendritic cells,0.97486645,Dendritic cells,train
TTTCGAACTCTCAT-1,CD14+ Monocytes,0.98888665,CD14+ Monocytes,train
TTTCTACTGAGGCA-1,B cells,0.9996972,B cells,train
TTTCTACTTCCTCG-1,B cells,0.9998797,B cells,test
TTTGCATGAGAGGC-1,B cells,0.9997526,B cells,train
TTTGCATGCCTCAC-1,CD4 T cells,0.99954635,CD4 T cells,train
