"barcode","label","confidence"
"AAACATACAACCAC-1","T_cells",0.304444493929273
"AAACATTGAGCTAC-1","B_cell",0.360529023648265
"AAACATTGATCAGC-1","T_cells",0.353234564422146
"AAACCGTGCTTCCG-1","Monocyte",0.367640178052784
"AAACCGTGTATGCG-1","NK_cell",0.256381156707534
"AAACGCACTGGTAC-1","T_cells",0.305604747167465
"AAACGCTGACCAGT-1","T_cells",0.299862845553409
"AAACGCTGGTTCTT-1","T_cells",0.304235375503247
"AAACGCTGTAGCCA-1","T_cells",0.26096827645883
"AAACGCTGTTTCTG-1","Monocyte",0.302303313309323
"AAACTTGAAAAACG-1","B_cell",0.346635315846109
"AAACTTGATCCAGA-1","T_cells",0.312059173113297
"AAAGAGACGAGATA-1","T_cells",0.331751317320877
"AAAGAGACGCGAGA-1","Monocyte",0.369970521193512
"AAAGAGACGGACTT-1","T_cells",0.251587252210406
"AAAGAGACGGCATT-1","unassigned",0.212359592496696
"AAAGCAGATATCGG-1","Monocyte",0.464245208027771
"AAAGCCTGTATGCG-1","T_cells",0.335292408522135
"AAAGGCCTGTCTAG-1","T_cells",0.344534294026062
"AAAGTTTGATCACG-1","B_cell",0.256828754983968
"AAAGTTTGGGGTGA-1","B_cell",0.34327895490978
"AAAGTTTGTAGAGA-1","Pre-B_cell_CD34-",0.236269989006653
"AAAGTTTGTAGCGT-1","Monocyte",0.360805555822377
"AAATCAACAATGCC-1","B_cell",0.297328196000395
"AAATCAACACCAGT-1","T_cells",0.244213272774827
"AAATCAACCAGGAG-1","T_cells",0.302945744838371
"AAATCAACCCTATT-1","Pre-B_cell_CD34-",0.399161847817315
"AAATCAACGGAAGC-1","T_cells",0.320693415266257
"AAATCAACTCGCAA-1","T_cells",0.318054142556752
"AAATCATGACCACA-1","Monocyte",0.399904857542433
"AAATCCCTCCACAA-1","T_cells",0.253562413574082
"AAATCCCTGCTATG-1","B_cell",0.236528507549031
"AAATGTTGAACGAA-1","Monocyte",0.38502048365267
"AAATGTTGCCACAA-1","T_cells",0.311550947963704
"AAATGTTGTGGCAT-1","Monocyte",0.378208481901183
"AAATTCGAAGGTTC-1","T_cells",0.298685288281597
"AAATTCGAATCACG-1","Monocyte",0.349722298329696
"AAATTCGAGCTGAT-1","Monocyte",0.390012552189345
"AAATTCGAGGAGTG-1","T_cells",0.299458745852813
"AAATTCGATTCTCA-1","NK_cell",0.321751102633243
"AAATTGACACGACT-1","T_cells",0.332266295950508
"AAATTGACTCGCTC-1","T_cells",0.361307295064681
"AACAAACTCATTTC-1","T_cells",0.29892623429576
"AACAAACTTTCGTT-1","T_cells",0.318025676746017
"AACAATACGACGAG-1","T_cells",0.319479311541044
"AACACGTGCAGAGG-1","T_cells",0.307612029340554
"AACACGTGGAAAGT-1","T_cells",0.313146755580998
"AACACGTGGAACCT-1","Monocyte",0.360285201577357
"AACACGTGGCTACA-1","T_cells",0.319820623326487
"AACACGTGTACGAC-1","Monocyte",0.403254843125642
"AACAGCACAAGAGT-1","Monocyte",0.24473479590599
"AACATTGATGGGAG-1","Monocyte",0.422220940287487
"AACCAGTGATACCG-1","Monocyte",0.427470797358492
"AACCCAGATCGCTC-1","T_cells",0.316360419867618
"AACCGATGCTCCCA-1","T_cells",0.320008428216496
"AACCGATGGTCATG-1","B_cell",0.318797099976846
"AACCGATGTTCTAC-1","Monocyte",0.337497130263569
"AACCGCCTAGCGTT-1","T_cells",0.353680033041317
"AACCGCCTCTACGA-1","Monocyte",0.411347254892521
"AACCTACTGTGAGG-1","Monocyte",0.455072095609359
"AACCTACTGTGTTG-1","T_cells",0.299437333063659
"AACCTTACGAGACG-1","T_cells",0.305544043403951
"AACCTTACGCGAGA-1","NK_cell",0.300869992474192
"AACCTTACTAACGC-1","Monocyte",0.350165611905493
"AACCTTTGGACGGA-1","T_cells",0.316964860458212
"AACCTTTGTACGCA-1","Monocyte",0.412450866143918
"AACGCAACAAGTAG-1","T_cells",0.305563078866808
"AACGCATGACCCAA-1","T_cells",0.323155516488082
"AACGCATGCCTTCG-1","T_cells",0.315875890189449
"AACGCATGTACTTC-1","T_cells",0.329564091691918
"AACGCCCTCGGGAA-1","T_cells",0.302723308069325
"AACGCCCTCGTACA-1","NK_cell",0.354006384802353
"AACGCCCTGGCATT-1","T_cells",0.296564640278879
"AACGTCGAGTATCG-1","NK_cell",0.348528430853583
"AACGTGTGAAAGCA-1","T_cells",0.330240742555106
"AACGTGTGGCGGAA-1","B_cell",0.293381996295441
"AACGTGTGTCCAAG-1","T_cells",0.283799796324508
"AACGTGTGTGCTTT-1","T_cells",0.332922076137341
"AACTACCTTAGAGA-1","T_cells",0.323604483023311
"AACTCACTCAAGCT-1","Monocyte",0.369891794779701
"AACTCACTTGGAGG-1","Monocyte",0.334939412069146
"AACTCGGAAAGTGA-1","T_cells",0.295970312798616
"AACTCGGAAGGTCT-1","Monocyte",0.314791609858714
"AACTCTTGCAGGAG-1","T_cells",0.334301362931279
"AACTGTCTCCCTTG-1","Monocyte",0.359197618347103
"AACTTGCTACGCTA-1","B_cell",0.28739514033765
"AACTTGCTGGGACA-1","T_cells",0.287398741877865
"AAGAACGAGTGTTG-1","T_cells",0.227480243549386
"AAGAAGACGTAGGG-1","B_cell",0.273848976677542
"AAGACAGAAGTCTG-1","B_cell",0.270374713325481
"AAGACAGAGGATCT-1","T_cells",0.284681455418429
"AAGACAGATTACCT-1","Monocyte",0.36631129922472
"AAGAGATGGGTAGG-1","B_cell",0.281850936854471
"AAGATGGAAAACAG-1","B_cell",0.214306082040239
"AAGATGGAGAACTC-1","Monocyte",0.411095435415814
"AAGATGGAGATAAG-1","Pre-B_cell_CD34-",0.386896624125967
"AAGATTACAACCTG-1","T_cells",0.295010491946635
"AAGATTACAGATCC-1","Monocyte",0.418768397931005
"AAGATTACCCGTTC-1","Monocyte",0.418264270046968
"AAGATTACCGCCTT-1","Monocyte",0.359220109175611
"AAGATTACCTCAAG-1","NK_cell",0.343699192979937
"AAGATTACTCCTCG-1","Monocyte",0.262439851822419
"AAGCAAGAGCGAGA-1","T_cells",0.30473290084621
"AAGCAAGAGCTTAG-1","T_cells",0.313593622641922
"AAGCAAGAGGTGTT-1","NK_cell",0.316173164759368
"AAGCACTGAGCAAA-1","B_cell",0.310020781718938
"AAGCACTGCATACG-1","T_cells",0.225488594914897
"AAGCACTGGTTCTT-1","B_cell",0.380753374776939
"AAGCCAACGTGTTG-1","T_cells",0.313672348856
"AAGCCATGAACTGC-1","Monocyte",0.409713918678753
"AAGCCATGACACGT-1","Monocyte",0.334095022484516
"AAGCCATGCGTGAT-1","T_cells",0.332870208798594
"AAGCCATGTCTCGC-1","T_cells",0.248760964811002
"AAGCCTGACATGCA-1","T_cells",0.298675273020376
"AAGCCTGACCGAAT-1","Monocyte",0.277244757384821
"AAGCGACTCCTCAC-1","Monocyte",0.357462752839764
"AAGCGACTGTGTCA-1","T_cells",0.309009019877316
"AAGCGACTTACAGC-1","B_cell",0.286403700059468
"AAGCGACTTTGACG-1","Monocyte",0.405568188843316
"AAGCGTACGTCTTT-1","T_cells",0.302230768719752
"AAGGCTTGCGAACT-1","T_cells",0.295109409257536
"AAGGTCACGGTTAC-1","Pre-B_cell_CD34-",0.332916867074078
"AAGGTCACTGTTTC-1","B_cell",0.283467994630057
"AAGGTCACTTCCCG-1","T_cells",0.313039649659934
"AAGGTCTGACAGTC-1","T_cells",0.297410881733313
"AAGGTCTGCAGATC-1","T_cells",0.222536267656698
"AAGTAACTCTGAAC-1","Monocyte",0.354951169030869
"AAGTAACTGAGATA-1","B_cell",0.222195094598969
"AAGTAGGATACAGC-1","NK_cell",0.356214706733645
"AAGTATACCGAACT-1","T_cells",0.315120466504041
"AAGTCCGACTTGTT-1","T_cells",0.275918942172782
"AAGTCCGATAGAAG-1","T_cells",0.334455192461961
"AAGTCTCTAGTCGT-1","T_cells",0.32362442956373
"AAGTCTCTCGGAGA-1","T_cells",0.280839768679002
"AAGTGGCTTGGAGG-1","B_cell",0.288632996333297
"AAGTTCCTCATTCT-1","Monocyte",0.364421011417452
"AAGTTCCTTCTTAC-1","T_cells",0.353940605453886
"AATAAGCTCGAATC-1","T_cells",0.323597459266637
"AATAAGCTCGTTGA-1","T_cells",0.283036215701865
"AATACCCTGGACGA-1","B_cell",0.278799169650312
"AATACCCTGGCATT-1","T_cells",0.338351588858463
"AATACTGAAAGGGC-1","NK_cell",0.305809508343065
"AATACTGAATTGGC-1","NK_cell",0.32363601256111
"AATAGGGAACCCTC-1","B_cell",0.32467410977405
"AATAGGGAGAATGA-1","T_cells",0.324212867220689
"AATCAAACTATCGG-1","T_cells",0.314214639195173
"AATCCGGAATGCTG-1","B_cell",0.33885164929226
"AATCCTACCGGTAT-1","T_cells",0.287369897356093
"AATCCTTGACGGGA-1","Monocyte",0.36182842155069
"AATCCTTGGTGAGG-1","NK_cell",0.316952037025426
"AATCGGTGGAACTC-1","T_cells",0.30132337402418
"AATCGGTGTGCTTT-1","T_cells",0.300542151659535
"AATCTAGAAAAGTG-1","T_cells",0.318527757288612
"AATCTAGAATCGGT-1","T_cells",0.294983169034792
"AATCTCACAGCCTA-1","Monocyte",0.403945763103513
"AATCTCACTCTAGG-1","T_cells",0.319985099625929
"AATCTCTGAACAGA-1","T_cells",0.277478302610087
"AATCTCTGCTTTAC-1","NK_cell",0.298249348370583
"AATGATACACCAAC-1","T_cells",0.2986570726977
"AATGATACGGTCAT-1","Pre-B_cell_CD34-",0.397018762116983
"AATGCGTGACACCA-1","B_cell",0.325867565635686
"AATGCGTGGACGGA-1","Monocyte",0.387966959548009
"AATGCGTGGCTATG-1","B_cell",0.303145686075074
"AATGGAGAATCGTG-1","Monocyte",0.364100271686336
"AATGGAGATCCTTA-1","T_cells",0.314263984482732
"AATGGCTGACACCA-1","B_cell",0.317566953913889
"AATGGCTGCGTGAT-1","T_cells",0.306036753370555
"AATGGCTGTAAAGG-1","T_cells",0.239883394937105
"AATGGCTGTACTCT-1","T_cells",0.304790866787284
"AATGGCTGTGAAGA-1","T_cells",0.300516033445653
"AATGTAACGGTGGA-1","T_cells",0.321797452187079
"AATGTCCTCTTCTA-1","T_cells",0.34733366498416
"AATGTTGACAGTCA-1","T_cells",0.328704341481338
"AATGTTGAGTTGAC-1","Monocyte",0.380324371132536
"AATGTTGATCTACT-1","T_cells",0.339557165308709
"AATTACGAATTCCT-1","Monocyte",0.404390415654608
"AATTACGACTTCTA-1","T_cells",0.319994467543027
"AATTACGAGTGAGG-1","T_cells",0.366843454948731
"AATTACGATTGGCA-1","B_cell",0.284991208257043
"AATTCCTGCTCAGA-1","B_cell",0.290559601068653
"AATTGATGTCGCAA-1","Monocyte",0.410818220214847
"AATTGTGACTTGGA-1","B_cell",0.271001909407358
"ACAAAGGAGGGTGA-1","T_cells",0.245832759368152
"ACAAATTGATTCTC-1","Monocyte",0.391674060928572
"ACAAATTGCTCAGA-1","Monocyte",0.297955060748071
"ACAAATTGTTGCGA-1","NK_cell",0.340616253882965
"ACAACCGAGGGATG-1","NK_cell",0.358320279315303
"ACAACCGAGTTACG-1","T_cells",0.326509729589707
"ACAAGAGAAGTCGT-1","Monocyte",0.430237533269425
"ACAAGAGACTTATC-1","T_cells",0.236443050984132
"ACAAGAGAGTTGAC-1","B_cell",0.273706121252689
"ACAATCCTAACCGT-1","T_cells",0.347908020261526
"ACAATCCTTAGCGT-1","B_cell",0.273118999957667
"ACAATTGACTGACA-1","T_cells",0.296081286421247
"ACAATTGATGACTG-1","NK_cell",0.327957214576217
"ACACAGACCATACG-1","T_cells",0.319600692570051
"ACACCAGAGGGCAA-1","T_cells",0.314788372713853
"ACACCCTGGTGTTG-1","NK_cell",0.330779287811159
"ACACGAACAGTTCG-1","T_cells",0.290012784752822
"ACACGATGACGCAT-1","T_cells",0.32200408181818
"ACACGATGATGTGC-1","Monocyte",0.381321345254801
"ACACGATGTCGTAG-1","T_cells",0.350184929721869
"ACACGATGTGGTCA-1","T_cells",0.334097343102376
"ACAGACACGGCATT-1","T_cells",0.311881171580583
"ACAGACACGTTGTG-1","T_cells",0.325498724026986
"ACAGCAACACCTAG-1","Monocyte",0.263533583551782
"ACAGCAACCTCAAG-1","Monocyte",0.406715228973964
"ACAGGTACCCCACT-1","T_cells",0.323003903397055
"ACAGGTACGCTGTA-1","T_cells",0.333164703949245
"ACAGGTACTGGTGT-1","NK_cell",0.349441798414903
"ACAGTCGACCCAAA-1","T_cells",0.247568392216441
"ACAGTCGACCGATA-1","T_cells",0.336626941349864
"ACAGTGACTCACCC-1","T_cells",0.312246026270697
"ACAGTGACTCTATC-1","T_cells",0.314919857689263
"ACAGTGTGGTCACA-1","T_cells",0.240677484756337
"ACAGTGTGTTGCGA-1","Monocyte",0.363034518878651
"ACATCACTCTACTT-1","Monocyte",0.377008086528098
"ACATGGTGAAGCCT-1","T_cells",0.292362785546612
"ACATGGTGCAACCA-1","B_cell",0.303370532846864
"ACATGGTGCGAGTT-1","Pre-B_cell_CD34-",0.296597137119186
"ACATTCTGGCATAC-1","T_cells",0.327437888734846
"ACATTCTGGGAACG-1","Monocyte",0.387033486714226
"ACCAACGACATGCA-1","T_cells",0.270865450851903
"ACCACAGAAAGTAG-1","T_cells",0.254198832991949
"ACCACAGAGTTGGT-1","T_cells",0.311877601672012
"ACCACCTGTGTGCA-1","T_cells",0.273501353741186
"ACCACGCTACAGCT-1","T_cells",0.299444784884539
"ACCACGCTACCCAA-1","T_cells",0.306161958972071
"ACCACGCTGCGAGA-1","T_cells",0.322369618761024
"ACCACGCTGCTGTA-1","T_cells",0.305813480506798
"ACCAGCCTGACAGG-1","T_cells",0.327768851038799
"ACCAGTGAACGGTT-1","B_cell",0.281560044052172
"ACCAGTGAATACCG-1","Monocyte",0.420839191030668
"ACCAGTGAGGGATG-1","T_cells",0.323492130756426
"ACCAGTGATGACTG-1","Monocyte",0.299119047341655
"ACCATTACCTTCTA-1","T_cells",0.341953619255453
"ACCATTACGAGATA-1","T_cells",0.346988168945983
"ACCATTTGTCATTC-1","T_cells",0.277752673930118
"ACCCAAGAACTGTG-1","T_cells",0.295855139710857
"ACCCAAGAATTCCT-1","Monocyte",0.387869231140692
"ACCCAAGAGGACAG-1","T_cells",0.327693347648253
"ACCCAAGATTCACT-1","B_cell",0.289206817151381
"ACCCACTGCGCCTT-1","Monocyte",0.288074686762647
"ACCCACTGGACAGG-1","T_cells",0.217248367877961
"ACCCACTGGTTCAG-1","Platelets",0.234659595432069
"ACCCACTGTCGTAG-1","Monocyte",0.378763283932209
"ACCCAGCTCAGAAA-1","T_cells",0.314201534350322
"ACCCAGCTGTTAGC-1","Pre-B_cell_CD34-",0.416431584864875
"ACCCAGCTTGCTTT-1","T_cells",0.309729919461457
"ACCCGTTGATGACC-1","B_cell",0.251322896994843
"ACCCGTTGCTGCAA-1","T_cells",0.286376252989305
"ACCCGTTGCTTCTA-1","T_cells",0.380543284185194
"ACCCTCGACCTATT-1","T_cells",0.304424063438052
"ACCCTCGACGGTAT-1","B_cell",0.26360313005093
"ACCCTCGATAAGGA-1","Monocyte",0.372438226607868
"ACCCTCGATCAAGC-1","Monocyte",0.304805253398707
"ACCGTGCTACCAGT-1","T_cells",0.3075716841898
"ACCGTGCTGGAACG-1","B_cell",0.298802138181925
"ACCTATTGCTGAGT-1","B_cell",0.226255508446346
"ACCTATTGTGCCCT-1","Monocyte",0.393417068627581
"ACCTCCGAGTCCTC-1","T_cells",0.335972888788572
"ACCTCCGATATGCG-1","T_cells",0.293692363138764
"ACCTCCGATGCTGA-1","T_cells",0.262607631337023
"ACCTCGTGAACCAC-1","T_cells",0.293172128614871
"ACCTGAGATATCGG-1","Monocyte",0.290753932032683
"ACCTGGCTAAGTAG-1","NK_cell",0.352020433984936
"ACCTTTGACTCCCA-1","Monocyte",0.405240048339026
"ACCTTTGAGGAACG-1","Monocyte",0.42561741831441
"ACCTTTGAGGAAGC-1","Monocyte",0.388155432170326
"ACGAACACCTTGTT-1","NK_cell",0.317288961784704
"ACGAACTGGCTATG-1","Platelets",0.381205681422877
"ACGAAGCTCTCCAC-1","unassigned",0.193500566888185
"ACGAAGCTCTGAGT-1","B_cell",0.410443492461583
"ACGACCCTATCTCT-1","Monocyte",0.414289812281872
"ACGACCCTGATGAA-1","T_cells",0.295050802133495
"ACGACCCTTGACAC-1","B_cell",0.288815563529276
"ACGACCCTTGACCA-1","T_cells",0.277994850295695
"ACGAGGGACAGGAG-1","Monocyte",0.450547272785496
"ACGAGGGACGAACT-1","T_cells",0.31972900135169
"ACGAGGGATGTAGC-1","T_cells",0.357070643732643
"ACGAGTACCCTAAG-1","B_cell",0.281211423888505
"ACGAGTACGAATCC-1","T_cells",0.326842210769715
"ACGATCGAGGACTT-1","NK_cell",0.288561998676492
"ACGATCGAGTCACA-1","Monocyte",0.397084346924672
"ACGATGACAATGCC-1","T_cells",0.294610321483664
"ACGATGACTGGTCA-1","T_cells",0.327439979083066
"ACGATTCTACGGGA-1","T_cells",0.301794865248229
"ACGCAATGGTTCAG-1","NK_cell",0.308842573368043
"ACGCACCTGTTAGC-1","B_cell",0.298992169994069
"ACGCCACTGAACTC-1","Monocyte",0.258605875686599
"ACGCCGGAAACCAC-1","Monocyte",0.370245144240577
"ACGCCGGAAAGCCT-1","T_cells",0.323429227567124
"ACGCCGGAAATGCC-1","T_cells",0.264087682747849
"ACGCCTTGCTCCCA-1","Monocyte",0.385776798513338
"ACGCGGTGGCGAGA-1","T_cells",0.319598407503151
"ACGCGGTGTGTGGT-1","B_cell",0.299726798761207
"ACGCGGTGTTTGCT-1","T_cells",0.317565514236468
"ACGCTCACAGTACC-1","T_cells",0.285566606629061
"ACGCTCACCCTTGC-1","T_cells",0.299971553132023
"ACGCTGCTGTTCTT-1","NK_cell",0.34926118820831
"ACGGAACTCAGATC-1","NK_cell",0.324695712206202
"ACGGAACTGTCGTA-1","Monocyte",0.33753884593672
"ACGGAGGACTCTTA-1","Monocyte",0.382892559277778
"ACGGATTGGGAGGT-1","B_cell",0.253702572431581
"ACGGATTGGTTAGC-1","T_cells",0.33515982115356
"ACGGCTCTGAGCAG-1","T_cells",0.336452876101193
"ACGGCTCTTGCACA-1","T_cells",0.311751206059101
"ACGGTAACCGCTAA-1","T_cells",0.304707736798505
"ACGGTAACCTTCGC-1","T_cells",0.289782462275351
"ACGGTAACGGTGGA-1","unassigned",0.210012810802812
"ACGGTAACTCGCAA-1","T_cells",0.262025926354345
"ACGGTATGAGTCGT-1","Monocyte",0.345632604974576
"ACGGTATGGGTATC-1","B_cell",0.306069022357103
"ACGGTATGGTTGTG-1","B_cell",0.274865031934719
"ACGGTCCTAACGGG-1","T_cells",0.322436729268747
"ACGGTCCTCGGGAA-1","T_cells",0.299256376759544
"ACGTAGACAACCAC-1","T_cells",0.328382471359204
"ACGTAGACTACAGC-1","B_cell",0.321495355524494
"ACGTCAGAAACGAA-1","T_cells",0.32498874351752
"ACGTCAGAGAGCTT-1","Monocyte",0.35088998590657
"ACGTCAGAGGGATG-1","T_cells",0.284817667634027
"ACGTCCTGATAAGG-1","Pre-B_cell_CD34-",0.338998389680116
"ACGTCCTGTGAACC-1","Monocyte",0.402442327493572
"ACGTCGCTCCTGAA-1","NK_cell",0.387828715514352
"ACGTCGCTCTATTC-1","Monocyte",0.304449398390473
"ACGTCGCTTCTCAT-1","B_cell",0.295499777739673
"ACGTGATGCCATGA-1","Monocyte",0.435626261304598
"ACGTGATGGGTCTA-1","T_cells",0.314679763374366
"ACGTGATGTAACCG-1","Monocyte",0.385694206199857
"ACGTGATGTGACAC-1","NK_cell",0.359744042548531
"ACGTGCCTCCGTAA-1","T_cells",0.307083486486387
"ACGTGCCTTCTATC-1","T_cells",0.253371967498539
"ACGTTACTTTCCAT-1","T_cells",0.324335593340561
"ACGTTGGAAAAGCA-1","T_cells",0.276288554582092
"ACGTTGGAAACCTG-1","T_cells",0.311421785641949
"ACGTTGGACCGTAA-1","Monocyte",0.308776708539746
"ACGTTGGAGCCAAT-1","NK_cell",0.304128613604267
"ACGTTGGATATGGC-1","B_cell",0.272015186155531
"ACGTTGGATCAGGT-1","Monocyte",0.394313722857264
"ACGTTTACATCAGC-1","T_cells",0.311521434322787
"ACTAAAACCCACAA-1","T_cells",0.295874201519149
"ACTAAAACTCGACA-1","Monocyte",0.355070423660533
"ACTACGGAATTTCC-1","T_cells",0.301017770425516
"ACTACGGACCTATT-1","T_cells",0.294717930060886
"ACTACGGATCGCTC-1","T_cells",0.324401493997779
"ACTACTACTAAGGA-1","T_cells",0.288045015334093
"ACTAGGTGGAACCT-1","T_cells",0.317717333228179
"ACTAGGTGGAACTC-1","T_cells",0.348891210878621
"ACTATCACCTTGGA-1","T_cells",0.321384720840623
"ACTATCACTGCCAA-1","T_cells",0.285261950463373
"ACTCAGGACTGAAC-1","T_cells",0.303234917151151
"ACTCAGGATCTATC-1","B_cell",0.301088039764011
"ACTCAGGATTCGTT-1","Pre-B_cell_CD34-",0.258125004766372
"ACTCCTCTCAACTG-1","T_cells",0.359902216750247
"ACTCGCACGAAAGT-1","Monocyte",0.35148382217844
"ACTCGCACTACGAC-1","Monocyte",0.350528730391514
"ACTCTCCTGACACT-1","T_cells",0.23346083421498
"ACTCTCCTGCATAC-1","CMP",0.382843908030951
"ACTCTCCTGTTTGG-1","T_cells",0.325482768971286
"ACTGAGACAACCAC-1","T_cells",0.32421964177841
"ACTGAGACCCATAG-1","Monocyte",0.413439114433247
"ACTGAGACGTTGGT-1","B_cell",0.320676215850824
"ACTGCCACACACGT-1","T_cells",0.340827414166801
"ACTGCCACTCCGTC-1","NK_cell",0.335586218228709
"ACTGGCCTTCAGTG-1","NK_cell",0.321928193073009
"ACTGTGGACGTGTA-1","T_cells",0.326200267616687
"ACTGTGGATCTAGG-1","B_cell",0.332953406477097
"ACTGTTACCCACAA-1","Pre-B_cell_CD34-",0.316836750662271
"ACTGTTACTGCAGT-1","T_cells",0.255046117057983
"ACTTAAGAACCACA-1","T_cells",0.308016562575423
"ACTTAAGATTACTC-1","Monocyte",0.356771358430698
"ACTTAGCTGCGTAT-1","Monocyte",0.384994045056449
"ACTTAGCTGGGAGT-1","T_cells",0.334563456977834
"ACTTCAACAAGCAA-1","NK_cell",0.402848747525615
"ACTTCAACGTAGGG-1","NK_cell",0.288391951262626
"ACTTCCCTTTCCGC-1","T_cells",0.307741480419123
"ACTTCTGACATGCA-1","B_cell",0.278877974375121
"ACTTGACTCCACAA-1","B_cell",0.298932505788903
"ACTTGGGAGAAAGT-1","Monocyte",0.389751947825784
"ACTTGGGAGGTTTG-1","T_cells",0.302888616406724
"ACTTGGGATGTGAC-1","Monocyte",0.258047556793343
"ACTTGGGATTGACG-1","Monocyte",0.416289467045092
"ACTTGTACCTGTCC-1","T_cells",0.216808227537479
"ACTTTGTGGAAAGT-1","T_cells",0.292897982272403
"ACTTTGTGGATAGA-1","Monocyte",0.386244609266627
"AGAAACGAAAGTAG-1","B_cell",0.264230120319969
"AGAAAGTGCGCAAT-1","T_cells",0.334735087032934
"AGAAAGTGGGGATG-1","Monocyte",0.340292567455455
"AGAACAGAAATGCC-1","NK_cell",0.327684744900245
"AGAACAGACGACTA-1","B_cell",0.275027392778143
"AGAACAGAGACAAA-1","T_cells",0.337678455449291
"AGAACGCTTTGCTT-1","T_cells",0.287256502861847
"AGAAGATGTGACTG-1","T_cells",0.361104792869808
"AGAATGGAAGAAGT-1","T_cells",0.313772675128278
"AGAATTTGTAACCG-1","T_cells",0.342094942283162
"AGAATTTGTAGAGA-1","T_cells",0.233773555895639
"AGACACACTGTAGC-1","T_cells",0.302659628064987
"AGACACTGTCAAGC-1","Monocyte",0.338554106532654
"AGACCTGAAGTAGA-1","Monocyte",0.370665021733304
"AGACCTGACCAACA-1","T_cells",0.352324657541925
"AGACCTGAGGAAGC-1","T_cells",0.334119547851116
"AGACGTACAGAGGC-1","T_cells",0.340865328241401
"AGACGTACCCCTAC-1","B_cell",0.285855403675363
"AGACGTACCTCTTA-1","Monocyte",0.368735117020385
"AGACGTACTCGTGA-1","Monocyte",0.350370554367326
"AGACTGACCATCAG-1","T_cells",0.312255741424561
"AGACTGACCCTTTA-1","T_cells",0.326710538161229
"AGACTTCTCATGCA-1","B_cell",0.237054441848608
"AGAGATGACAGTCA-1","B_cell",0.247628761607356
"AGAGATGACTGAAC-1","T_cells",0.2712149945316
"AGAGATGAGGTTTG-1","Monocyte",0.342573156845185
"AGAGATGATCTCGC-1","B_cell",0.321489372120318
"AGAGATGATTGTGG-1","T_cells",0.304079684316365
"AGAGCGGAGGCAAG-1","Monocyte",0.414654247959305
"AGAGTCTGGTCGTA-1","Monocyte",0.43147851579011
"AGAGTGCTCAGCTA-1","T_cells",0.281256260813191
"AGAGTGCTCGAATC-1","T_cells",0.316695533668182
"AGAGTGCTGTCATG-1","T_cells",0.324092677350891
"AGAGTGCTGTCCTC-1","T_cells",0.306454696685473
"AGAGTGCTGTGTTG-1","B_cell",0.288585505949399
"AGATATACCCGTAA-1","NK_cell",0.364527185442908
"AGATATACGATGAA-1","T_cells",0.288482901717715
"AGATATACTGTTCT-1","B_cell",0.317911768139543
"AGATATTGCCTACC-1","T_cells",0.33832032298879
"AGATATTGGCCAAT-1","Monocyte",0.431270272413035
"AGATCGTGTCTGGA-1","Monocyte",0.384399554096388
"AGATCGTGTTTGTC-1","B_cell",0.294225400253077
"AGATCTCTATCACG-1","B_cell",0.27164943905136
"AGATTAACGTTCTT-1","Monocyte",0.396395861137754
"AGATTCCTATCGTG-1","T_cells",0.316161633518912
"AGATTCCTCACTTT-1","Monocyte",0.350656841692787
"AGATTCCTGACGAG-1","Monocyte",0.379944732784583
"AGATTCCTGTTCAG-1","NK_cell",0.36412964993937
"AGCAAAGATATGCG-1","T_cells",0.317830191704827
"AGCACAACAGTCTG-1","T_cells",0.274253943860461
"AGCACTGAGGGAGT-1","T_cells",0.300298255142638
"AGCACTGATATGCG-1","T_cells",0.318854415936921
"AGCACTGATGCTTT-1","Monocyte",0.40663772476496
"AGCACTGATTGCGA-1","T_cells",0.2918656315969
"AGCATCGAAGATCC-1","T_cells",0.294418181448106
"AGCATCGAAGGGTG-1","B_cell",0.281172148112978
"AGCATCGAGCTTCC-1","Monocyte",0.374336127422918
"AGCATCGAGTGAGG-1","T_cells",0.335733785643563
"AGCATCGATAACCG-1","Monocyte",0.408207356348592
"AGCATGACGATGAA-1","T_cells",0.30120572974245
"AGCCAATGGGGAGT-1","Monocyte",0.325800642297697
"AGCCAATGTATCTC-1","T_cells",0.319180094979701
"AGCCACCTGGATCT-1","T_cells",0.301718822093886
"AGCCGGTGCCAATG-1","T_cells",0.34594402143805
"AGCCGGTGTGTTTC-1","T_cells",0.311827857636989
"AGCCGTCTCAATCG-1","T_cells",0.311838455817416
"AGCCGTCTGAGAGC-1","T_cells",0.338767695636906
"AGCCTCACGTTCGA-1","T_cells",0.30315718415801
"AGCCTCACTGTCAG-1","Monocyte",0.440299018639921
"AGCCTCTGCAGTTG-1","B_cell",0.27355566441555
"AGCCTCTGCCAATG-1","NK_cell",0.315181514705716
"AGCGAACTGGATCT-1","T_cells",0.312185894626682
"AGCGAACTTACTGG-1","T_cells",0.321887735700461
"AGCGATACGGAGCA-1","T_cells",0.252081986291395
"AGCGATTGAGATCC-1","NK_cell",0.325233286770857
"AGCGCCGAATCTCT-1","T_cells",0.267911342498967
"AGCGCCGACAGAGG-1","T_cells",0.364452006127674
"AGCGCTCTACCTTT-1","T_cells",0.283204217491393
"AGCGGCACCGGGAA-1","T_cells",0.270448376636799
"AGCGGCTGATGTGC-1","T_cells",0.32100102829073
"AGCGGGCTTGCCAA-1","T_cells",0.298726729697462
"AGCGTAACATGCTG-1","T_cells",0.310575228300745
"AGCGTAACTGAGAA-1","Monocyte",0.404340648252351
"AGCTCGCTACTGGT-1","T_cells",0.311428914040128
"AGCTCGCTCTGCTC-1","T_cells",0.314602787845484
"AGCTGAACCATACG-1","Monocyte",0.397056526605773
"AGCTGAACCTCTCG-1","T_cells",0.327096943065625
"AGCTGCCTTGGGAG-1","Pre-B_cell_CD34-",0.265135913031158
"AGCTGCCTTTCATC-1","T_cells",0.40834769154251
"AGCTGCCTTTCTGT-1","T_cells",0.314507415874972
"AGCTGTGATCCAAG-1","T_cells",0.246750883427359
"AGCTTTACAAGTAG-1","T_cells",0.301208967632459
"AGCTTTACACCAAC-1","T_cells",0.300711945062271
"AGCTTTACTCTCAT-1","B_cell",0.285353421959384
"AGGAAATGAGGAGC-1","T_cells",0.327088315806553
"AGGAACCTCTTAGG-1","Monocyte",0.422246688889783
"AGGAACCTTGCCTC-1","T_cells",0.326374186029933
"AGGAATGATAACGC-1","T_cells",0.309006594145412
"AGGAATGATTTGTC-1","T_cells",0.327342216772476
"AGGAGTCTGGTTTG-1","T_cells",0.307510006882281
"AGGAGTCTTGTCAG-1","T_cells",0.2901764340133
"AGGATAGACATTTC-1","T_cells",0.360490545571605
"AGGATAGAGGATTC-1","NK_cell",0.33177279866368
"AGGATGCTACTAGC-1","B_cell",0.294731630245689
"AGGATGCTTTAGGC-1","NK_cell",0.304418396710196
"AGGCAACTGAAGGC-1","T_cells",0.318235186339022
"AGGCAGGAGTACCA-1","T_cells",0.301700443238629
"AGGCCTCTAGTCGT-1","T_cells",0.297093589551679
"AGGCCTCTCGGAGA-1","T_cells",0.313817445997006
"AGGCCTCTCGTAAC-1","T_cells",0.23975965830898
"AGGGACGACGTTGA-1","T_cells",0.273831146368575
"AGGGACGAGTCAAC-1","NK_cell",0.35496641757715
"AGGGACGAGTTGTG-1","T_cells",0.290489739205669
"AGGGACGATAGAGA-1","T_cells",0.289904180657343
"AGGGACGATGCATG-1","T_cells",0.313876832042312
"AGGGAGTGAGCCTA-1","T_cells",0.241684893866221
"AGGGCCACCATACG-1","T_cells",0.290935234088996
"AGGGCGCTAACCAC-1","Pre-B_cell_CD34-",0.363922879742813
"AGGGCGCTATGGTC-1","T_cells",0.322794937758062
"AGGGTGGACAGTCA-1","B_cell",0.320276496476062
"AGGGTGGACTCAAG-1","Monocyte",0.3696802221929
"AGGGTGGAGTTGCA-1","T_cells",0.309260201960073
"AGGGTTTGTTCATC-1","Monocyte",0.329161642469605
"AGGTCATGAGTGTC-1","B_cell",0.219789806857656
"AGGTCATGCTTATC-1","T_cells",0.289584788688053
"AGGTCTGATTCTCA-1","Monocyte",0.387662876704403
"AGGTGGGAAGAATG-1","T_cells",0.301205294517901
"AGGTGGGAAGTTCG-1","T_cells",0.312385186121585
"AGGTGTTGGTTACG-1","B_cell",0.308306295939423
"AGGTTCGAACCTCC-1","Monocyte",0.31335902291771
"AGGTTCGAACGTAC-1","Monocyte",0.322197113339467
"AGGTTCGAGGGTGA-1","unassigned",0.233382003926374
"AGTAAGGAGTTTGG-1","T_cells",0.318811028409625
"AGTAAGGATTCTTG-1","T_cells",0.319040282154219
"AGTAATACATCACG-1","Pre-B_cell_CD34-",0.299608390905841
"AGTAATACCGAACT-1","B_cell",0.252566845192376
"AGTAATTGTCCCAC-1","T_cells",0.323147236121399
"AGTACGTGAGGGTG-1","T_cells",0.304412953157247
"AGTACGTGCTGCAA-1","T_cells",0.33887607243181
"AGTACGTGCTTGGA-1","T_cells",0.335537115846971
"AGTACTCTACGTGT-1","B_cell",0.295862119360128
"AGTACTCTCAACCA-1","T_cells",0.292825054165999
"AGTACTCTCGGTAT-1","T_cells",0.307754019784007
"AGTAGGCTTGCCTC-1","Monocyte",0.401283048726165
"AGTATAACTTGTCT-1","Monocyte",0.397847515182564
"AGTATCCTAGAACA-1","T_cells",0.262517583039273
"AGTCACGATGAGCT-1","NK_cell",0.364125836701994
"AGTCAGACGAATAG-1","T_cells",0.351802343938693
"AGTCAGACGCTTAG-1","T_cells",0.250960221902376
"AGTCAGACTAGAGA-1","T_cells",0.302435160431482
"AGTCAGACTGCACA-1","T_cells",0.333967926210407
"AGTCCAGATATCTC-1","T_cells",0.27457181750995
"AGTCCAGATTTCAC-1","T_cells",0.30596504688841
"AGTCGAACCAACCA-1","T_cells",0.251445600757569
"AGTCGCCTCCGTAA-1","T_cells",0.314667242675697
"AGTCTACTAGGGTG-1","Monocyte",0.299279420444618
"AGTCTACTTGCATG-1","Monocyte",0.444455118025975
"AGTCTTACACCACA-1","T_cells",0.297559326082905
"AGTCTTACTTCGCC-1","T_cells",0.290276867578358
"AGTCTTACTTCGGA-1","Platelets",0.19247358984885
"AGTGACTGCAACTG-1","Monocyte",0.434605684990462
"AGTGTTCTAACCTG-1","T_cells",0.329432997455393
"AGTGTTCTATAAGG-1","T_cells",0.250281920754391
"AGTGTTCTCACTTT-1","Monocyte",0.373893087664199
"AGTTAAACCACTTT-1","T_cells",0.326077571242458
"AGTTATGAACAGTC-1","Monocyte",0.404625488974575
"AGTTATGACTGAGT-1","T_cells",0.35716444812399
"AGTTATGAGTTCAG-1","T_cells",0.316490181814522
"AGTTCTACCAGCTA-1","Monocyte",0.333371264149278
"AGTTCTTGAAGCCT-1","T_cells",0.272739043897239
"AGTTGTCTACTACG-1","T_cells",0.308041759836142
"AGTTTAGATGGTCA-1","T_cells",0.270040032655896
"AGTTTCACGGTCTA-1","T_cells",0.363001820337274
"AGTTTGCTACAGTC-1","T_cells",0.286374771857031
"AGTTTGCTACTGGT-1","NK_cell",0.28156952648866
"AGTTTGCTCCAAGT-1","T_cells",0.302078378361161
"ATAAACACAGTGCT-1","B_cell",0.337960503423196
"ATAAACACCACCAA-1","T_cells",0.331944248665884
"ATAACAACATGCTG-1","Monocyte",0.390979069845874
"ATAACAACGTCTAG-1","T_cells",0.287648321311651
"ATAACAACTTTGTC-1","T_cells",0.324701920461028
"ATAACATGTACTCT-1","T_cells",0.344944219028445
"ATAACCCTGTTGGT-1","T_cells",0.270118213836192
"ATAACCCTTGGTAC-1","T_cells",0.330808809658261
"ATAAGTACGAATGA-1","B_cell",0.29064106009986
"ATAAGTTGGTACGT-1","Pre-B_cell_CD34-",0.301753179780519
"ATAAGTTGTCTAGG-1","T_cells",0.333624953161548
"ATAATCGAGCTGAT-1","B_cell",0.257923770780753
"ATAATCGATGGTTG-1","T_cells",0.282108725691308
"ATAATGACCTACTT-1","T_cells",0.336109882957304
"ATAATGACTCGTGA-1","Monocyte",0.354820266760252
"ATACAATGTTAGGC-1","T_cells",0.320866277531516
"ATACCACTCGTACA-1","Monocyte",0.383313694875097
"ATACCACTCTAAGC-1","Monocyte",0.364761863608475
"ATACCACTGCCAAT-1","NK_cell",0.272383179794953
"ATACCGGAATGCTG-1","Monocyte",0.430253952794701
"ATACCGGACATTTC-1","Monocyte",0.367202218421658
"ATACCGGACTTCGC-1","T_cells",0.334318085832377
"ATACCGGAGGTGTT-1","Monocyte",0.351711067715523
"ATACCGGATCTCGC-1","T_cells",0.286940802981441
"ATACCTACGCATCA-1","T_cells",0.326494050170807
"ATACCTTGGGGCAA-1","T_cells",0.327186307885019
"ATACGGACAGACTC-1","Monocyte",0.274482399828789
"ATACGGACCTACTT-1","Monocyte",0.298047650414233
"ATACGGACGAGGTG-1","B_cell",0.250131314217123
"ATACGGACTATGCG-1","B_cell",0.258902304564683
"ATACGGACTCTGGA-1","Monocyte",0.327870064051023
"ATACGTCTTAACGC-1","Monocyte",0.328739008870948
"ATACTCTGCTTCGC-1","Monocyte",0.422966944274385
"ATACTCTGGTATGC-1","NK_cell",0.337389374191678
"ATAGATACCATGGT-1","T_cells",0.298293144720374
"ATAGATACGACGAG-1","T_cells",0.285286466707148
"ATAGATTGGTGTAC-1","B_cell",0.307547276017454
"ATAGCCGAACGGAG-1","T_cells",0.283610241275683
"ATAGCGTGCAGATC-1","T_cells",0.319718591504145
"ATAGCGTGCCCTTG-1","Monocyte",0.36102944421036
"ATAGCGTGGTATCG-1","Pre-B_cell_CD34-",0.276352035759579
"ATAGCGTGTCTCTA-1","T_cells",0.326347788096978
"ATAGCTCTCTGATG-1","T_cells",0.254161304459668
"ATAGCTCTGAGGTG-1","T_cells",0.282487711722889
"ATAGGAGAAACAGA-1","Monocyte",0.422747036100354
"ATAGGCTGTCAGAC-1","T_cells",0.292295470056137
"ATAGTCCTAGTGTC-1","Monocyte",0.364107549269907
"ATAGTCCTTGCATG-1","T_cells",0.317994072196194
"ATAGTCCTTGTCGA-1","T_cells",0.325053749892673
"ATAGTTGACAACTG-1","T_cells",0.31908201493043
"ATAGTTGACCCTCA-1","Monocyte",0.397929639437682
"ATAGTTGAGACGTT-1","T_cells",0.260433677651394
"ATAGTTGATAAGCC-1","T_cells",0.286326223765794
"ATATACGAAGCCAT-1","T_cells",0.302501185297806
"ATATACGAATTGGC-1","T_cells",0.376478594511233
"ATATAGTGGAATGA-1","Monocyte",0.281055110191169
"ATATGCCTAGATCC-1","Monocyte",0.346008882920625
"ATATGCCTGGACAG-1","T_cells",0.345517371666053
"ATATGCCTTCTCTA-1","T_cells",0.246256291150472
"ATATGCCTTGGTAC-1","T_cells",0.293601093773016
"ATCAAATGAGCCTA-1","Pre-B_cell_CD34-",0.368167944319726
"ATCAAATGGGTAAA-1","Monocyte",0.400508325783604
"ATCAACCTAAACGA-1","T_cells",0.321741820286966
"ATCAACCTGAGGAC-1","T_cells",0.305692705166447
"ATCAACCTTCTCTA-1","T_cells",0.36345180576079
"ATCAACCTTTGTCT-1","T_cells",0.293126333345598
"ATCACACTTTGTCT-1","T_cells",0.345251204393653
"ATCACGGATTTCGT-1","B_cell",0.291074573664292
"ATCATCTGACACCA-1","Platelets",0.221972360151329
"ATCATGCTAGAGTA-1","unassigned",0.254503131367402
"ATCATGCTGAACCT-1","B_cell",0.339400673773061
"ATCCAGGACGCTAA-1","Monocyte",0.396123627758686
"ATCCAGGATGGAAA-1","T_cells",0.317999756281089
"ATCCATACTCCTTA-1","Monocyte",0.314016883075471
"ATCCATACTTCATC-1","Monocyte",0.383801082934086
"ATCCCGTGCAGTCA-1","NK_cell",0.332835647805161
"ATCCCGTGCATGCA-1","B_cell",0.207315232269151
"ATCCCGTGGCTGAT-1","B_cell",0.293542529719246
"ATCCGCACGCATCA-1","B_cell",0.288445030287011
"ATCCTAACGACGGA-1","B_cell",0.284470949899367
"ATCCTAACGCTACA-1","T_cells",0.327348176138934
"ATCGACGAAACTGC-1","Monocyte",0.39750348396877
"ATCGACGAATGACC-1","T_cells",0.318901730943131
"ATCGAGTGGACGTT-1","T_cells",0.303904433536497
"ATCGCAGAATCTCT-1","Monocyte",0.444979690368151
"ATCGCAGAGTGTCA-1","B_cell",0.305725451377148
"ATCGCCACTGAGGG-1","T_cells",0.289203001194223
"ATCGCCTGGGTCAT-1","T_cells",0.332365994379083
"ATCGCCTGTGGCAT-1","B_cell",0.221784970052105
"ATCGCGCTCAGAGG-1","Monocyte",0.327496584481504
"ATCGCGCTGGGATG-1","T_cells",0.319796122920386
"ATCGCGCTTTTCGT-1","B_cell",0.283083969864589
"ATCGGAACCAGTCA-1","Pre-B_cell_CD34-",0.24952363516082
"ATCGGTGAGTCAAC-1","unassigned",0.277196495392127
"ATCGGTGATTGCAG-1","T_cells",0.330019114047057
"ATCGTTTGCCTACC-1","Monocyte",0.385240321221256
"ATCGTTTGGGTACT-1","Monocyte",0.345166514942633
"ATCGTTTGTGCCAA-1","Monocyte",0.261957382979827
"ATCTACACCCGCTT-1","Monocyte",0.246912449925132
"ATCTACACCGGGAA-1","T_cells",0.314662328739136
"ATCTCAACAGGAGC-1","B_cell",0.283273832147878
"ATCTCAACCTCGAA-1","unassigned",0.174192722745291
"ATCTCAACCTTGTT-1","Monocyte",0.351081783286649
"ATCTGGGAAACCAC-1","Monocyte",0.374938734281916
"ATCTGGGAAGTGTC-1","Monocyte",0.385601675584192
"ATCTGGGATTCCGC-1","NK_cell",0.305977555224736
"ATCTGTTGAACGGG-1","T_cells",0.321748097225678
"ATCTGTTGACCTCC-1","T_cells",0.357145022221304
"ATCTGTTGCCTTCG-1","Monocyte",0.41497419329076
"ATCTGTTGGTTGCA-1","T_cells",0.336824575261933
"ATCTTGACACCAAC-1","T_cells",0.327051839005676
"ATCTTGACCTCCCA-1","Monocyte",0.309108035825608
"ATCTTTCTGCATCA-1","unassigned",0.239727984733109
"ATCTTTCTGTTTCT-1","T_cells",0.313699659073247
"ATCTTTCTTGTCCC-1","NK_cell",0.34696081525357
"ATGAAACTCTGTGA-1","T_cells",0.338075551808849
"ATGAAACTGAGGCA-1","T_cells",0.274869614199911
"ATGAAGGAACAGCT-1","T_cells",0.280474377678413
"ATGAAGGACCTGTC-1","B_cell",0.304441738811939
"ATGAAGGACCTTAT-1","B_cell",0.231671111913598
"ATGAAGGACTAGTG-1","B_cell",0.226232955480675
"ATGAAGGACTTGCC-1","NK_cell",0.350346162727035
"ATGACGTGACGACT-1","B_cell",0.286069854057314
"ATGACGTGATCGGT-1","Monocyte",0.410609837484025
"ATGAGAGAAAGTGA-1","T_cells",0.336863727051674
"ATGAGAGAACGCAT-1","T_cells",0.312012892219078
"ATGAGAGAAGTAGA-1","B_cell",0.294194259534552
"ATGAGCACACAGCT-1","T_cells",0.335968069250611
"ATGAGCACATCTTC-1","T_cells",0.328321002229721
"ATGATAACTTCACT-1","NK_cell",0.332177364996589
"ATGATATGAAACAG-1","T_cells",0.386920649981677
"ATGATATGACTGGT-1","T_cells",0.290794869595445
"ATGATATGAGCACT-1","T_cells",0.27954327098481
"ATGATATGGTCATG-1","T_cells",0.267028002605278
"ATGATATGGTGCTA-1","NK_cell",0.335806761360303
"ATGATATGTTGTCT-1","Monocyte",0.382070877072999
"ATGCACGAATGTCG-1","B_cell",0.26135232127903
"ATGCACGACTGTAG-1","T_cells",0.305946197174164
"ATGCACGAGAACCT-1","B_cell",0.322352158045512
"ATGCACGAGTTCGA-1","T_cells",0.275894975303401
"ATGCACGATTGGTG-1","Monocyte",0.443475746209976
"ATGCAGTGTTACCT-1","B_cell",0.267907594229384
"ATGCAGTGTTCTAC-1","T_cells",0.296360206275533
"ATGCCAGAACGACT-1","T_cells",0.309234458540953
"ATGCCAGACAGTCA-1","Monocyte",0.340217995191064
"ATGCCGCTTGAACC-1","Monocyte",0.35996470220877
"ATGCGATGCTATGG-1","Monocyte",0.396141300982093
"ATGCGATGCTGAGT-1","T_cells",0.29365974671488
"ATGCGATGGTTACG-1","B_cell",0.305774916212269
"ATGCGCCTTCATTC-1","T_cells",0.317390923755252
"ATGCTTTGCGAATC-1","T_cells",0.347414145328081
"ATGCTTTGGGCGAA-1","T_cells",0.255320985249603
"ATGCTTTGTAGTCG-1","B_cell",0.262946911431281
"ATGGACACATCGGT-1","T_cells",0.336227261197961
"ATGGACACGCATCA-1","NK_cell",0.294074065111353
"ATGGGTACAACCTG-1","B_cell",0.271528456870866
"ATGGGTACATCGGT-1","NK_cell",0.353237242805103
"ATGGGTACTATTCC-1","T_cells",0.33107603337767
"ATGGGTACTGGGAG-1","T_cells",0.322387474898116
"ATGTAAACACCTCC-1","T_cells",0.316048258596526
"ATGTAAACCCGCTT-1","T_cells",0.365326726428369
"ATGTAAACGGGATG-1","Monocyte",0.394401645548775
"ATGTAAACTCTCCG-1","T_cells",0.3693531204079
"ATGTAAACTTCACT-1","Monocyte",0.359537483265653
"ATGTACCTCAGTCA-1","T_cells",0.28596527275921
"ATGTACCTTAGTCG-1","T_cells",0.338982168112423
"ATGTACCTTTATCC-1","Monocyte",0.316059039117375
"ATGTACCTTTCACT-1","NK_cell",0.342501108261518
"ATGTCACTAATGCC-1","Monocyte",0.407611019420079
"ATGTCACTCTGCTC-1","T_cells",0.251536613378376
"ATGTCGGAGGTGAG-1","T_cells",0.330931207703464
"ATGTTCACAGTCTG-1","Monocyte",0.365149324810442
"ATGTTCACCGTAGT-1","T_cells",0.327060332696116
"ATGTTGCTTTCAGG-1","T_cells",0.303247033693086
"ATTAACGATGAGAA-1","NK_cell",0.294416672179461
"ATTAACGATGCAAC-1","T_cells",0.325879360301159
"ATTAAGACTGCAGT-1","T_cells",0.355273769746972
"ATTACCTGCCTTAT-1","Pre-B_cell_CD34-",0.389833118248361
"ATTACCTGGAGGAC-1","Monocyte",0.389576984756795
"ATTAGATGTTTCAC-1","T_cells",0.282156820002594
"ATTATGGAATCTCT-1","T_cells",0.32307155469459
"ATTCAAGAACGGGA-1","T_cells",0.2904472942748
"ATTCAAGACCTTTA-1","T_cells",0.316494449816915
"ATTCAGCTCATTGG-1","Platelets",0.203434020292851
"ATTCCAACCATTGG-1","Monocyte",0.381303615517961
"ATTCCAACTTAGGC-1","NK_cell",0.315404492672307
"ATTCGACTCACTAG-1","T_cells",0.318896750865149
"ATTCGACTGAATAG-1","Monocyte",0.351558031473398
"ATTCGACTTTTGTC-1","Monocyte",0.381891601037391
"ATTCGGGAAAGGCG-1","Pre-B_cell_CD34-",0.361345672291126
"ATTCGGGATTAGGC-1","T_cells",0.340181558128916
"ATTCTTCTGATACC-1","T_cells",0.271469011754202
"ATTGAATGGACGGA-1","T_cells",0.30121280226341
"ATTGATGAAGGTTC-1","T_cells",0.289718584337864
"ATTGATGACTGAGT-1","T_cells",0.340632044004932
"ATTGATGAGCGAAG-1","T_cells",0.32213214253662
"ATTGATGATCTATC-1","T_cells",0.305765685464101
"ATTGCACTGACGGA-1","T_cells",0.30971500521271
"ATTGCACTGAGAGC-1","Monocyte",0.393173696675893
"ATTGCACTGGAGCA-1","Monocyte",0.351326983724625
"ATTGCACTTAGCCA-1","T_cells",0.320554991849761
"ATTGCACTTGCTTT-1","Monocyte",0.41580703308622
"ATTGCTTGTTACTC-1","B_cell",0.291778336680351
"ATTGGTCTGACTAC-1","B_cell",0.315499739306923
"ATTGGTCTTGTCTT-1","B_cell",0.23065269517506
"ATTGTAGATTCCCG-1","Monocyte",0.423109603167858
"ATTGTAGATTGCAG-1","T_cells",0.292594875990404
"ATTGTCTGCGTACA-1","T_cells",0.305772358472649
"ATTTAGGAACCATG-1","Monocyte",0.46119384395084
"ATTTAGGACAGAGG-1","T_cells",0.343885194039486
"ATTTCCGAGATGAA-1","T_cells",0.331437868673729
"ATTTCCGAGTGCTA-1","T_cells",0.305775140259858
"ATTTCGTGTATGGC-1","NK_cell",0.311429703924065
"ATTTCTCTACTTTC-1","Monocyte",0.403661370886071
"ATTTCTCTAGCAAA-1","T_cells",0.342103245159737
"ATTTCTCTCACTTT-1","Monocyte",0.418361413578828
"ATTTCTCTTCCCAC-1","T_cells",0.285742056079577
"ATTTGCACAAGATG-1","Monocyte",0.323699444353132
"CAAAGCACAGCTCA-1","T_cells",0.336808817441147
"CAAAGCACCGTAAC-1","B_cell",0.315868226464414
"CAAAGCACGGTAAA-1","NK_cell",0.344875982291404
"CAAAGCTGAAAGTG-1","T_cells",0.277327747920918
"CAAAGCTGTTGCTT-1","Monocyte",0.341682417170183
"CAAATATGTGACAC-1","T_cells",0.292356293248195
"CAAATTGAGGGCAA-1","T_cells",0.285914265991929
"CAAATTGATGGAGG-1","Monocyte",0.274891869227654
"CAACCAGAAAAGTG-1","T_cells",0.274879047989778
"CAACCAGAAGTGCT-1","T_cells",0.364599709729799
"CAACCAGAGTTCAG-1","Monocyte",0.407809409022313
"CAACCAGATAGAAG-1","Monocyte",0.274213066098469
"CAACCGCTGTTCAG-1","T_cells",0.284739809556644
"CAACCGCTTTGAGC-1","T_cells",0.310812997437554
"CAACGATGCGCAAT-1","Monocyte",0.438280590211989
"CAACGTGACTCCAC-1","Monocyte",0.39664728747943
"CAACGTGAGCCATA-1","T_cells",0.287116129805343
"CAACGTGATCAAGC-1","Monocyte",0.366012683084901
"CAAGAAGACCACAA-1","T_cells",0.326229341437211
"CAAGAAGACGTCTC-1","Monocyte",0.404899078692431
"CAAGAAGATTCTAC-1","T_cells",0.307286765167508
"CAAGACTGACCTGA-1","B_cell",0.280238167427166
"CAAGACTGAGTAGA-1","B_cell",0.327325537350357
"CAAGCTGACCATAG-1","Monocyte",0.373893331278896
"CAAGCTGATCTATC-1","T_cells",0.325991097597698
"CAAGGACTGTTCAG-1","T_cells",0.338626184621744
"CAAGGACTTCTTTG-1","T_cells",0.287627086442274
"CAAGGTTGCTCCAC-1","T_cells",0.327759605195872
"CAAGGTTGTCATTC-1","B_cell",0.291161006491028
"CAAGGTTGTCTGGA-1","NK_cell",0.333837655120493
"CAAGTCGAAACAGA-1","B_cell",0.298410823093438
"CAAGTCGATAGCGT-1","Monocyte",0.333522386094758
"CAATAAACGCCATA-1","Monocyte",0.255801434153965
"CAATAATGAACTGC-1","Pre-B_cell_CD34-",0.337243349494349
"CAATATGACATGGT-1","T_cells",0.337358599495633
"CAATATGACCTTCG-1","NK_cell",0.310583424771657
"CAATATGACGTTAG-1","T_cells",0.273162311856402
"CAATATGAGGAGCA-1","T_cells",0.31921724693284
"CAATCGGAGAAACA-1","T_cells",0.295692042987782
"CAATCTACTGACTG-1","NK_cell",0.358928621736958
"CAATTCACCCAACA-1","T_cells",0.288999625689072
"CAATTCACGATAGA-1","T_cells",0.320744354933732
"CAATTCACTTGTGG-1","unassigned",0.216197192240878
"CAATTCTGCTTGTT-1","Monocyte",0.388569451658605
"CAATTCTGGCGTAT-1","Monocyte",0.343807236506535
"CACAACGATACGAC-1","T_cells",0.28475391302681
"CACAATCTTGTTCT-1","T_cells",0.304693704171418
"CACAATCTTTCCAT-1","T_cells",0.37857929111979
"CACACCTGCTTGAG-1","T_cells",0.289541760148975
"CACACCTGTATGGC-1","T_cells",0.279224218656309
"CACAGAACCCTTGC-1","T_cells",0.294289433208558
"CACAGAACCTGATG-1","T_cells",0.366839256780962
"CACAGATGGGATTC-1","T_cells",0.313574905474418
"CACAGATGGTTTCT-1","Monocyte",0.358826680754028
"CACAGCCTGATACC-1","T_cells",0.322560275201963
"CACAGCCTTGCCAA-1","Monocyte",0.364176366498421
"CACAGCCTTGTAGC-1","T_cells",0.335278304713631
"CACAGTGATGAAGA-1","Monocyte",0.37877244576708
"CACATACTACAGCT-1","T_cells",0.289468147606472
"CACATGGAACACGT-1","T_cells",0.361159952501729
"CACATGGAAGTCGT-1","T_cells",0.286036649067589
"CACCACTGCCAACA-1","T_cells",0.295491113888804
"CACCACTGGCGAAG-1","NK_cell",0.307547544850737
"CACCCATGTTCTGT-1","unassigned",0.211326326027206
"CACCGGGAATCGAC-1","T_cells",0.350817747169313
"CACCGGGACGAGAG-1","T_cells",0.338133886720342
"CACCGGGACGTGTA-1","T_cells",0.341233396933487
"CACCGGGACTTCTA-1","T_cells",0.400019378748295
"CACCGGGACTTGCC-1","T_cells",0.304810169342792
"CACCGGGATTCGGA-1","T_cells",0.321251547668403
"CACCGTACTAAGGA-1","B_cell",0.279509147709327
"CACCGTACTAGCGT-1","T_cells",0.327719729297592
"CACCTGACACCCAA-1","T_cells",0.348195986570467
"CACCTGACCAGAAA-1","T_cells",0.300428238590827
"CACCTGACCTCAAG-1","T_cells",0.32611704418832
"CACCTGACGAAAGT-1","B_cell",0.311320229737429
"CACCTGACTCGTAG-1","T_cells",0.32389903184685
"CACGAAACTTCCGC-1","B_cell",0.294395488187355
"CACGACCTCGATAC-1","B_cell",0.271029241080223
"CACGCTACAGAAGT-1","T_cells",0.213307036945184
"CACGCTACTGTTCT-1","B_cell",0.284061083817449
"CACGGGACAGAGTA-1","T_cells",0.315651926817088
"CACGGGACATAAGG-1","T_cells",0.288993851930448
"CACGGGACGTAGGG-1","T_cells",0.331051754894738
"CACGGGTGCTTCGC-1","T_cells",0.292519704626863
"CACGGGTGGAGGAC-1","NK_cell",0.298404289479685
"CACGGGTGTGTTTC-1","T_cells",0.221680779744136
"CACTAACTCCTAAG-1","B_cell",0.296057138006944
"CACTAACTGAAAGT-1","T_cells",0.296100658200197
"CACTAGGATGATGC-1","B_cell",0.253541914889555
"CACTATACCCCGTT-1","B_cell",0.320218089499559
"CACTATACGTTTGG-1","T_cells",0.298487960283538
"CACTGAGACAGTCA-1","Monocyte",0.257681233332398
"CACTGCACTTCATC-1","T_cells",0.299913475089523
"CACTGCTGAGACTC-1","Monocyte",0.390091229863406
"CACTGCTGGAAAGT-1","T_cells",0.337939855630712
"CACTTAACCGAATC-1","T_cells",0.312911785210933
"CACTTAACCGTACA-1","B_cell",0.28764975334153
"CACTTTGACTCTAT-1","T_cells",0.269257408076035
"CACTTTGAGCTGTA-1","T_cells",0.254965635172782
"CAGAAGCTCTCAAG-1","T_cells",0.281273699041159
"CAGACATGAACGGG-1","T_cells",0.303801895227159
"CAGACATGTCGACA-1","T_cells",0.332837670025313
"CAGACCCTAAGGTA-1","Monocyte",0.418442691857834
"CAGACCCTAATGCC-1","T_cells",0.33603347381007
"CAGACCCTAGGAGC-1","T_cells",0.307129543754435
"CAGACTGAGTATGC-1","T_cells",0.318710588713791
"CAGATCGAATGTCG-1","Pro-B_cell_CD34+",0.270656146335861
"CAGATCGACCTGAA-1","Pre-B_cell_CD34-",0.244563510457714
"CAGATCGATATGGC-1","T_cells",0.311291313585107
"CAGATGACATTCTC-1","NK_cell",0.360456719436394
"CAGCAATGCCTTCG-1","T_cells",0.314194526591604
"CAGCAATGGAGGGT-1","NK_cell",0.323175442644788
"CAGCAATGGTGCTA-1","T_cells",0.338020984334858
"CAGCAATGTCTACT-1","Monocyte",0.35924129640741
"CAGCAATGTGACCA-1","T_cells",0.283125742587054
"CAGCAATGTGAGGG-1","Monocyte",0.302811523636966
"CAGCACCTAAGCCT-1","T_cells",0.293561749421946
"CAGCACCTAGGCGA-1","T_cells",0.263128093349799
"CAGCACCTGTAGGG-1","Monocyte",0.416662080131265
"CAGCATGACAACCA-1","Monocyte",0.389558174333204
"CAGCATGAGACGTT-1","T_cells",0.311966355426417
"CAGCCTACCCAACA-1","T_cells",0.326801078712735
"CAGCCTTGCTACCC-1","Monocyte",0.333330701416802
"CAGCCTTGGGGACA-1","T_cells",0.336837799927151
"CAGCGGACACCCTC-1","T_cells",0.280262177086569
"CAGCGGACCTTTAC-1","NK_cell",0.334561458823084
"CAGCGTCTAAAGCA-1","T_cells",0.33110568948745
"CAGCGTCTTATCGG-1","T_cells",0.302993443713311
"CAGCTAGATGTGAC-1","Monocyte",0.292332881330942
"CAGCTCTGAGGCGA-1","T_cells",0.292616974478617
"CAGCTCTGCAAGCT-1","T_cells",0.287426390517121
"CAGCTCTGTCGTAG-1","Monocyte",0.404571219598713
"CAGCTCTGTGTGGT-1","NK_cell",0.343140502938828
"CAGGAACTAACTGC-1","T_cells",0.316439449424039
"CAGGAACTCTCAGA-1","Monocyte",0.342145283523235
"CAGGCCGAACACCA-1","T_cells",0.322447441862528
"CAGGCCGAACACGT-1","T_cells",0.363102653392974
"CAGGCCGAACGACT-1","T_cells",0.277072630321941
"CAGGCCGAATCTCT-1","Monocyte",0.329121526848676
"CAGGCCGACTAGCA-1","B_cell",0.324478254910167
"CAGGGCACCATACG-1","B_cell",0.25358988572257
"CAGGGCACCCAACA-1","T_cells",0.304929237476299
"CAGGGCACTCCCGT-1","T_cells",0.330341067609942
"CAGGTAACAGACTC-1","Pre-B_cell_CD34-",0.348812501363072
"CAGGTATGAGTCGT-1","T_cells",0.297731521306516
"CAGGTATGTGCTTT-1","T_cells",0.359181317017247
"CAGGTTGAGGATCT-1","B_cell",0.419834770916956
"CAGTGATGGACGGA-1","B_cell",0.286695598023536
"CAGTGATGGCTAAC-1","NK_cell",0.318366972965662
"CAGTGATGGGACAG-1","T_cells",0.351859972623833
"CAGTGATGTAAGGA-1","B_cell",0.305874087816936
"CAGTGATGTACGCA-1","unassigned",0.194610274552883
"CAGTGTGATGTCAG-1","T_cells",0.266786654994075
"CAGTTACTAAGGTA-1","B_cell",0.34347370640767
"CAGTTACTGATAGA-1","T_cells",0.301092276504015
"CAGTTGGAAAGAGT-1","Monocyte",0.411084558237738
"CAGTTGGACATACG-1","T_cells",0.321024413300301
"CAGTTTACACACGT-1","NK_cell",0.426764924410545
"CAGTTTACCCCAAA-1","T_cells",0.283338716252388
"CATAAAACGGAGCA-1","Monocyte",0.334144535010642
"CATAAATGAACTGC-1","T_cells",0.289980880379556
"CATAACCTTCTCCG-1","T_cells",0.338573663348634
"CATACTACCTCGAA-1","T_cells",0.271316376576535
"CATACTACCTGAAC-1","T_cells",0.288263216372092
"CATACTACGTACCA-1","Monocyte",0.327941794972225
"CATACTTGGGTTAC-1","Monocyte",0.43491055850941
"CATAGTCTAATCGC-1","T_cells",0.309793029668358
"CATAGTCTCACTTT-1","T_cells",0.343605824427754
"CATATAGACTAAGC-1","Monocyte",0.343045874221981
"CATATAGATCAGGT-1","B_cell",0.28360780790271
"CATCAACTAGAAGT-1","T_cells",0.325593742390261
"CATCAACTCCCTCA-1","T_cells",0.34051375422484
"CATCAGGACTTCCG-1","NK_cell",0.322127482443838
"CATCAGGATAGCCA-1","NK_cell",0.321971968406603
"CATCAGGATCCTAT-1","Monocyte",0.434309105701071
"CATCAGGATGCACA-1","Monocyte",0.388283508993885
"CATCAGGATTTCGT-1","Monocyte",0.323110547236056
"CATCATACCGCATA-1","Monocyte",0.382763390277348
"CATCATACGGAGCA-1","B_cell",0.262518693143895
"CATCATACTCAAGC-1","T_cells",0.301609823633516
"CATCGCTGGGATCT-1","T_cells",0.332944539009289
"CATCGCTGTGGCAT-1","B_cell",0.299180764642061
"CATCGGCTATGCTG-1","T_cells",0.336285014744407
"CATCGGCTTTGGCA-1","T_cells",0.302240230344094
"CATCTCCTATGTGC-1","B_cell",0.298174730892877
"CATCTCCTCGAACT-1","Monocyte",0.358774616451267
"CATGAGACACGGGA-1","B_cell",0.208074345610238
"CATGAGACGTTGAC-1","NK_cell",0.331685059281501
"CATGAGACTCGCCT-1","T_cells",0.258689443929846
"CATGCCACGGGTGA-1","T_cells",0.288480818291501
"CATGCCACTGCCAA-1","T_cells",0.331609314555978
"CATGCGCTAGTCAC-1","Monocyte",0.43140038227311
"CATGCGCTCAGATC-1","Monocyte",0.340251339001373
"CATGCGCTTTGCAG-1","Monocyte",0.423460641577884
"CATGGCCTAGGGTG-1","Monocyte",0.29079982620384
"CATGGCCTGTGCAT-1","T_cells",0.321214477313406
"CATGTACTATCGTG-1","T_cells",0.275108794034871
"CATGTTACAGTCGT-1","T_cells",0.304841883440829
"CATGTTACCTGAGT-1","T_cells",0.309637925186936
"CATGTTTGGGGATG-1","Pre-B_cell_CD34-",0.344517672366109
"CATTACACACGGAG-1","B_cell",0.277427319708652
"CATTACACCAACTG-1","NK_cell",0.360900274081499
"CATTACACGGAGTG-1","T_cells",0.340612479905175
"CATTACACTACTCT-1","T_cells",0.325073273376941
"CATTAGCTCCACAA-1","Monocyte",0.40506216959281
"CATTGACTAGCGGA-1","Monocyte",0.348810122998147
"CATTGGGACTCGAA-1","T_cells",0.281525340234397
"CATTGTACAGCGTT-1","T_cells",0.28618786414393
"CATTGTACTCGATG-1","B_cell",0.284201815429088
"CATTGTACTTATCC-1","T_cells",0.285034166687524
"CATTGTACTTTGCT-1","Monocyte",0.395353804302603
"CATTGTTGCTAGTG-1","T_cells",0.283442554594796
"CATTTCGACTCTAT-1","T_cells",0.333557468730007
"CATTTCGAGATACC-1","NK_cell",0.357267590165029
"CATTTGACCACACA-1","T_cells",0.291788891551966
"CATTTGACCCTGAA-1","T_cells",0.319073091799878
"CATTTGTGACGACT-1","B_cell",0.319902885641
"CATTTGTGCATTGG-1","T_cells",0.319332440861066
"CATTTGTGCGGAGA-1","T_cells",0.296759171222131
"CATTTGTGGGATCT-1","B_cell",0.317478748383022
"CCAAAGTGCTACGA-1","Monocyte",0.409159537238035
"CCAAAGTGTGAGAA-1","Monocyte",0.296056719008761
"CCAACCTGAAGTAG-1","T_cells",0.30223956003109
"CCAACCTGACGTAC-1","Monocyte",0.362910556332762
"CCAACCTGTTCGCC-1","Pre-B_cell_CD34-",0.337143819542294
"CCAAGAACCCAATG-1","T_cells",0.276896246486634
"CCAAGAACGTAGCT-1","T_cells",0.339210624027061
"CCAAGAACGTGTCA-1","T_cells",0.299060418226917
"CCAAGAACTACTGG-1","T_cells",0.300785527785437
"CCAAGAACTCCTAT-1","B_cell",0.222233726371267
"CCAAGATGTCATTC-1","T_cells",0.302379144975161
"CCAAGATGTTTCAC-1","T_cells",0.310966980665778
"CCAAGTGAGGAACG-1","T_cells",0.317427400084607
"CCAAGTGATCAAGC-1","T_cells",0.355543838875163
"CCAATTTGAACGTC-1","Monocyte",0.376999851597497
"CCACCATGAACGTC-1","T_cells",0.310775785594949
"CCACCATGATCGGT-1","T_cells",0.289749584540856
"CCACCATGGACGAG-1","Monocyte",0.455250000065058
"CCACCATGGGGAGT-1","T_cells",0.294140109826688
"CCACCATGTCCTGC-1","T_cells",0.342011223007606
"CCACTGACCCGCTT-1","Monocyte",0.329861678967928
"CCACTGTGGGAAGC-1","Monocyte",0.291743142586908
"CCACTGTGTGTAGC-1","T_cells",0.284600296158706
"CCACTTCTCGGGAA-1","Monocyte",0.394560279774526
"CCAGAAACCCTGTC-1","B_cell",0.249120213326981
"CCAGAAACGAACTC-1","T_cells",0.319225609651084
"CCAGAAACGGTCTA-1","T_cells",0.319213418106695
"CCAGACCTCTGAGT-1","Monocyte",0.275599412685252
"CCAGACCTTGTGGT-1","T_cells",0.265890382451539
"CCAGCACTGCGATT-1","Monocyte",0.40876270094786
"CCAGCGGAAAGGCG-1","Monocyte",0.336517258392904
"CCAGCGGACGACTA-1","Monocyte",0.365262367248189
"CCAGCGGATGGGAG-1","T_cells",0.349056885662016
"CCAGCTACACAGTC-1","T_cells",0.300821489947934
"CCAGCTACCAGCTA-1","B_cell",0.246555987002173
"CCAGGTCTACACCA-1","B_cell",0.276849472183313
"CCAGGTCTAGCATC-1","Monocyte",0.3613673083518
"CCAGGTCTATGGTC-1","T_cells",0.322042708807321
"CCAGTCACACTGGT-1","Monocyte",0.358862407475952
"CCAGTCACACTGTG-1","B_cell",0.274772370914163
"CCAGTCACGTTGTG-1","T_cells",0.297156054937382
"CCAGTGCTAACCAC-1","T_cells",0.35468705890896
"CCAGTGCTCGTAGT-1","T_cells",0.315022838940048
"CCATCCGAAAGCAA-1","T_cells",0.316723073929207
"CCATCCGAACGACT-1","T_cells",0.229182067110921
"CCATCCGAAGGTTC-1","B_cell",0.280348872968211
"CCATCCGATTCGCC-1","Monocyte",0.311218722466204
"CCATCGTGAACGGG-1","T_cells",0.317340450995682
"CCATCGTGCTAGAC-1","Pre-B_cell_CD34-",0.366535133361783
"CCCAACACCTCGCT-1","B_cell",0.296131760553828
"CCCAACACGCATCA-1","T_cells",0.306261198746923
"CCCAACACTTTGTC-1","Monocyte",0.403106537674038
"CCCAACTGCAATCG-1","Pre-B_cell_CD34-",0.272216371009342
"CCCAGACTGCCTTC-1","Monocyte",0.437852399214401
"CCCAGACTGGTTTG-1","B_cell",0.312768021101863
"CCCAGACTTTCGCC-1","Monocyte",0.400616220735396
"CCCAGTTGCAGTTG-1","Monocyte",0.401279928782136
"CCCAGTTGGGTACT-1","T_cells",0.319356951633546
"CCCAGTTGTCTATC-1","B_cell",0.298619186572755
"CCCGATTGTGTTTC-1","T_cells",0.336879828743665
"CCCGGAGAAGGGTG-1","Pre-B_cell_CD34-",0.273199227823012
"CCCTACGAATTGGC-1","Monocyte",0.347416474515007
"CCCTAGTGCAAAGA-1","T_cells",0.333624902776204
"CCCTCAGACACTTT-1","B_cell",0.315367283317225
"CCCTCAGACGAGAG-1","T_cells",0.332989032275599
"CCCTCAGAGGTCAT-1","T_cells",0.299393870692683
"CCCTGAACTAAAGG-1","B_cell",0.267217460132715
"CCCTGATGCAACCA-1","T_cells",0.306773331270031
"CCCTGATGCAAGCT-1","B_cell",0.300322707506984
"CCCTTACTAACCAC-1","Monocyte",0.392828059671269
"CCCTTACTGCAGTT-1","T_cells",0.226655533030847
"CCGAAAACCTTGTT-1","Monocyte",0.454985157716954
"CCGACACTGGTTTG-1","T_cells",0.370000973760049
"CCGACTACCCAGTA-1","Monocyte",0.412611528994775
"CCGACTACCGTGTA-1","T_cells",0.270343541001332
"CCGACTACTGAGGG-1","T_cells",0.318380748672894
"CCGATAGACCTAAG-1","T_cells",0.259694723291673
"CCGATAGAGTTGGT-1","Monocyte",0.374624656306447
"CCGCGAGACACACA-1","Monocyte",0.359669605566111
"CCGCGAGAGGTTCA-1","T_cells",0.285648851177223
"CCGCTATGGGACGA-1","B_cell",0.28160882080769
"CCGCTATGTGCAAC-1","Monocyte",0.378954056245757
"CCGCTATGTGCACA-1","Monocyte",0.385820349504222
"CCGGTACTGTCCTC-1","T_cells",0.312581706255645
"CCGTACACAAGCAA-1","T_cells",0.307607774137766
"CCGTACACAGCGTT-1","B_cell",0.306697587856169
"CCGTACACGTCATG-1","T_cells",0.327413915541925
"CCGTACACGTTGGT-1","Monocyte",0.426715953788839
"CCGTACACTAACGC-1","T_cells",0.298080506641609
"CCTAAACTTTCGTT-1","T_cells",0.308490089324177
"CCTAAGGACCCAAA-1","T_cells",0.292100599550685
"CCTAAGGACTAGCA-1","Monocyte",0.297754702504462
"CCTAAGGAGGGCAA-1","unassigned",0.241916971571075
"CCTAAGGATGATGC-1","T_cells",0.315109197721808
"CCTAAGGATGTCAG-1","T_cells",0.325329969486388
"CCTACCGACTCTTA-1","T_cells",0.279748912198178
"CCTACCGAGGGATG-1","B_cell",0.306556024163977
"CCTAGAGAGGTGAG-1","B_cell",0.258090513041563
"CCTATAACCAAAGA-1","T_cells",0.303861427400068
"CCTATAACGAGACG-1","Monocyte",0.311886541593711
"CCTATAACTCAGAC-1","T_cells",0.318794821142877
"CCTATAACTGCATG-1","Monocyte",0.320963354906474
"CCTCGAACACTTTC-1","NK_cell",0.320679842109193
"CCTCGAACCCGTAA-1","Monocyte",0.370937960186999
"CCTCGAACGTATCG-1","T_cells",0.29135490328039
"CCTCGAACTTACTC-1","T_cells",0.318636658586853
"CCTCTACTCTTCGC-1","Pre-B_cell_CD34-",0.407261240156202
"CCTCTACTGGCATT-1","T_cells",0.301049744948303
"CCTGACTGAAGTAG-1","T_cells",0.291653261475018
"CCTGACTGGGGAGT-1","T_cells",0.31253928952637
"CCTGACTGTGTCTT-1","B_cell",0.312679241614439
"CCTGCAACACGTTG-1","Pre-B_cell_CD34-",0.322311842122355
"CCTGGACTCGTGAT-1","T_cells",0.264636037538626
"CCTTAATGCCCAAA-1","B_cell",0.282391988842778
"CCTTAATGTTCTAC-1","Monocyte",0.403676159790661
"CCTTCACTACGACT-1","T_cells",0.318188404512843
"CCTTCACTCAGTCA-1","B_cell",0.282500665228465
"CCTTCACTGGAGTG-1","Pre-B_cell_CD34-",0.283776628502639
"CCTTTAGATTCATC-1","Monocyte",0.40514503263133
"CGAACATGCCCTAC-1","Monocyte",0.363880573953178
"CGAACATGTCAGAC-1","T_cells",0.310519064082515
"CGAAGACTGGAACG-1","T_cells",0.323201060697438
"CGAAGACTGTTACG-1","T_cells",0.291014179985173
"CGAAGGGAAACCTG-1","T_cells",0.346073957790451
"CGAAGGGATCCGAA-1","B_cell",0.291100847909699
"CGAAGTACCAACTG-1","B_cell",0.290874085443079
"CGAATCGAGGAGCA-1","Pre-B_cell_CD34-",0.265126307516237
"CGAATCGAGGAGGT-1","T_cells",0.332656202103402
"CGACAAACCCATAG-1","T_cells",0.316698939722458
"CGACAAACCGACAT-1","B_cell",0.288774776779448
"CGACCACTAAAGTG-1","NK_cell",0.358095744972806
"CGACCACTGCCAAT-1","NK_cell",0.345406340413251
"CGACCGGAAGGTCT-1","T_cells",0.296445337462743
"CGACCGGATGGAAA-1","T_cells",0.333326704081995
"CGACCTTGCTAGTG-1","T_cells",0.298844686494128
"CGACGTCTATCGTG-1","T_cells",0.283471923213137
"CGACGTCTCGTGTA-1","T_cells",0.281099470244726
"CGACGTCTGAGGCA-1","T_cells",0.252293869749436
"CGACTCACGTCGTA-1","T_cells",0.323769036216421
"CGACTCACGTTGCA-1","T_cells",0.264553373389575
"CGACTCTGTGTGAC-1","T_cells",0.342713658499266
"CGACTGCTTCCTCG-1","Monocyte",0.360832125146052
"CGAGAACTAAGGCG-1","T_cells",0.292024596457856
"CGAGAACTACGTTG-1","T_cells",0.275032901672945
"CGAGAACTTGTTCT-1","Monocyte",0.38784442367034
"CGAGATTGGACACT-1","T_cells",0.322371532060552
"CGAGATTGGCCATA-1","T_cells",0.229876126175098
"CGAGCCGAACACCA-1","T_cells",0.312563490937663
"CGAGCCGAGGCGAA-1","T_cells",0.311445532903218
"CGAGCGTGCTCCAC-1","T_cells",0.330639393075684
"CGAGCGTGGATACC-1","T_cells",0.354540790049096
"CGAGCGTGTATGCG-1","Monocyte",0.305211002103332
"CGAGGAGACCTCCA-1","B_cell",0.304163445654274
"CGAGGAGATGTCGA-1","T_cells",0.240574033017639
"CGAGGCACCTATGG-1","T_cells",0.316182726899865
"CGAGGCACTATGCG-1","Monocyte",0.431244700356941
"CGAGGCACTCTTCA-1","T_cells",0.302758924559782
"CGAGGCTGACGCTA-1","NK_cell",0.297842186965137
"CGAGGCTGGCAGTT-1","Monocyte",0.350644909516694
"CGAGGGCTACGACT-1","Pro-B_cell_CD34+",0.292150434663617
"CGAGGGCTCGAATC-1","T_cells",0.239117275094199
"CGAGTATGTCACCC-1","Monocyte",0.360544098459265
"CGATACGAACAGTC-1","Monocyte",0.374862763288842
"CGATACGACAGGAG-1","T_cells",0.377948649625715
"CGATACGATTCACT-1","B_cell",0.298457703892264
"CGATAGACCCGTAA-1","Monocyte",0.308416127546402
"CGATAGACCGTACA-1","T_cells",0.330887299761743
"CGATAGACGTAGGG-1","Pre-B_cell_CD34-",0.341562361863637
"CGATAGACTGTTCT-1","T_cells",0.275042898962361
"CGATCAGAAGAACA-1","T_cells",0.326621832236331
"CGATCAGAGAGGGT-1","T_cells",0.318558383647312
"CGATCAGAGGTACT-1","T_cells",0.385169660971368
"CGATCAGATGTGAC-1","Pre-B_cell_CD34-",0.405280030322492
"CGATCCACCGGGAA-1","T_cells",0.366497165125337
"CGATCCACTTCCAT-1","B_cell",0.212908109687654
"CGCAAATGCTCGAA-1","T_cells",0.239283059503322
"CGCAACCTCCTTGC-1","T_cells",0.311644709572621
"CGCAACCTGGACGA-1","T_cells",0.309534541923617
"CGCACGGAGGACGA-1","B_cell",0.278208084660674
"CGCACGGATCTTTG-1","T_cells",0.238850465929201
"CGCACTACAGAATG-1","T_cells",0.301429540782228
"CGCACTACAGCCAT-1","T_cells",0.331916420660667
"CGCACTACATTGGC-1","T_cells",0.314117876661866
"CGCACTACTCGCCT-1","B_cell",0.245460273451019
"CGCACTACTCGTGA-1","T_cells",0.317500061541055
"CGCACTTGTCACGA-1","Monocyte",0.389662333468199
"CGCAGGACAGATCC-1","T_cells",0.321447514938389
"CGCAGGACCTACTT-1","T_cells",0.219624039223143
"CGCAGGACTTGTCT-1","Monocyte",0.448358959031211
"CGCAGGTGCACTGA-1","T_cells",0.317728833863518
"CGCAGGTGCCATAG-1","Monocyte",0.408118885848335
"CGCAGGTGGGAACG-1","T_cells",0.331357607019936
"CGCATAGATCACGA-1","Monocyte",0.277311605364678
"CGCCATACTGCAAC-1","T_cells",0.350854116583305
"CGCCATTGAGAGGC-1","T_cells",0.298724296905875
"CGCCATTGCTATGG-1","T_cells",0.29681419585857
"CGCCATTGGAGACG-1","T_cells",0.326778435450491
"CGCCATTGGAGCAG-1","B_cell",0.326699124681854
"CGCCATTGTACTGG-1","B_cell",0.287503755321815
"CGCCGAGAGCTTAG-1","NK_cell",0.333002343338963
"CGCCTAACGAATGA-1","Monocyte",0.416594992947179
"CGCCTAACTGCTCC-1","T_cells",0.340073247097278
"CGCGAGACACAGCT-1","T_cells",0.318170630447649
"CGCGAGACAGGTCT-1","B_cell",0.334578418186354
"CGCGAGACGCTACA-1","T_cells",0.296523054058837
"CGCGATCTCAGTCA-1","Monocyte",0.368429246080396
"CGCGATCTGTTGAC-1","Pre-B_cell_CD34-",0.333508393202147
"CGCGATCTTTCTTG-1","B_cell",0.30507830036581
"CGCGGATGGCCAAT-1","T_cells",0.333918336624851
"CGCTAAGAATGTCG-1","T_cells",0.359428598344835
"CGCTAAGACAACTG-1","T_cells",0.298051089690546
"CGCTAAGACCCTTG-1","T_cells",0.300969908260523
"CGCTACTGAACAGA-1","Monocyte",0.410674718989576
"CGCTACTGAGAACA-1","T_cells",0.328559349654455
"CGCTACTGTGAGCT-1","T_cells",0.274533712213533
"CGCTACTGTTCCCG-1","T_cells",0.296871089405353
"CGCTCATGCATTTC-1","Monocyte",0.332388291967556
"CGGAATTGGTTTGG-1","T_cells",0.298546715507917
"CGGAATTGTGGAGG-1","T_cells",0.288952565206947
"CGGACCGATGCGTA-1","T_cells",0.29797264654087
"CGGACCGATGGGAG-1","T_cells",0.229819091465858
"CGGACTCTAAACAG-1","B_cell",0.285772839889065
"CGGACTCTCCAATG-1","T_cells",0.319418869940205
"CGGACTCTCCTCGT-1","NK_cell",0.330574149888103
"CGGAGGCTATTCCT-1","unassigned",0.235620004784866
"CGGAGGCTTGGATC-1","T_cells",0.299512165582945
"CGGATAACAACGAA-1","Monocyte",0.372967046115713
"CGGATAACAGCTCA-1","T_cells",0.320633624024754
"CGGATAACTCAGTG-1","Monocyte",0.287222472226902
"CGGCACGAACTCAG-1","T_cells",0.324057549757656
"CGGCACGAAGGGTG-1","T_cells",0.30176295951638
"CGGCACGACTACGA-1","Monocyte",0.375616464402376
"CGGCATCTTAGAAG-1","T_cells",0.323676763560014
"CGGCATCTTCGTAG-1","Monocyte",0.392522719528398
"CGGCCAGAAAGGTA-1","T_cells",0.284500733210816
"CGGCCAGAGAGGCA-1","T_cells",0.353343779622882
"CGGCGAACCAGTCA-1","Monocyte",0.408202006747924
"CGGCGAACGACAAA-1","NK_cell",0.310296802212006
"CGGCGAACGGTCTA-1","T_cells",0.327580919701597
"CGGCGAACTACTTC-1","NK_cell",0.308829854431132
"CGGGACTGCGTGTA-1","T_cells",0.338102117076598
"CGGGACTGGAATAG-1","T_cells",0.326383930934824
"CGGGCATGACCCAA-1","T_cells",0.224263414840599
"CGGGCATGTCTCTA-1","NK_cell",0.361054499372864
"CGGGCATGTTGTGG-1","T_cells",0.296890888586855
"CGGTAAACTCGCAA-1","T_cells",0.354571452831864
"CGGTCACTGTTTGG-1","T_cells",0.309802977991134
"CGGTCACTTACTTC-1","T_cells",0.341769133877309
"CGTAACGATCGCCT-1","T_cells",0.339949122158573
"CGTACCACACACAC-1","T_cells",0.320184910798545
"CGTACCACACGTTG-1","T_cells",0.279712048716502
"CGTACCACCTCATT-1","T_cells",0.289016826778846
"CGTACCACGGAGCA-1","T_cells",0.320332999371463
"CGTACCTGGCATCA-1","NK_cell",0.350045078259704
"CGTAGCCTCTCTCG-1","Pre-B_cell_CD34-",0.344343471409315
"CGTAGCCTGCGAAG-1","T_cells",0.341715432431114
"CGTAGCCTGTATGC-1","Monocyte",0.412163221061787
"CGTCAAGAAAGGTA-1","Monocyte",0.313741278600153
"CGTCAAGAACGTGT-1","T_cells",0.330938413510347
"CGTCAAGACAGAGG-1","T_cells",0.344558696749389
"CGTCAAGACAGGAG-1","T_cells",0.328182808017591
"CGTCCATGCTCTTA-1","T_cells",0.331076400983459
"CGTCGACTTTCCGC-1","T_cells",0.290626586628621
"CGTGATGACGCTAA-1","T_cells",0.266419380855409
"CGTGATGAGGTTCA-1","T_cells",0.290908433093926
"CGTGCACTTATGGC-1","Monocyte",0.395893271631904
"CGTGTAGAAAAACG-1","T_cells",0.32788649933381
"CGTGTAGACGATAC-1","NK_cell",0.32662445926977
"CGTGTAGAGTTACG-1","NK_cell",0.359692305552728
"CGTGTAGAGTTCAG-1","Monocyte",0.364655953471633
"CGTGTAGATTCGGA-1","NK_cell",0.33992193900165
"CGTTAGGAAACCAC-1","T_cells",0.312351758195808
"CGTTAGGATCATTC-1","Monocyte",0.438794669462753
"CGTTATACCCTGAA-1","NK_cell",0.33683405813297
"CGTTTAACTGGTCA-1","T_cells",0.352213973913218
"CTAAACCTCTGACA-1","NK_cell",0.373945151997823
"CTAAACCTGTGCAT-1","B_cell",0.297673813965449
"CTAACACTAACGTC-1","T_cells",0.325896395006661
"CTAACACTAGTGCT-1","Monocyte",0.367278357980527
"CTAACGGAACCGAT-1","NK_cell",0.348782338075569
"CTAACGGATTTCTG-1","T_cells",0.29821799269857
"CTAACTACGGCAAG-1","T_cells",0.259548818591815
"CTAAGGACACCATG-1","T_cells",0.291416082148162
"CTAAGGACCGTTAG-1","T_cells",0.392185638781884
"CTAAGGACGCCATA-1","Monocyte",0.373517936526725
"CTAAGGTGCCTAAG-1","B_cell",0.255437231682763
"CTAAGGTGTTGCAG-1","T_cells",0.331560014985317
"CTAAGGTGTTTCTG-1","unassigned",0.219017510841905
"CTAATAGAGCTATG-1","unassigned",0.174603420173702
"CTAATGCTTGTGGT-1","Monocyte",0.352154856868376
"CTACAACTCCCGTT-1","T_cells",0.32083824130459
"CTACCTCTCAACCA-1","T_cells",0.312519177849652
"CTACGCACACCTAG-1","Monocyte",0.396200727317884
"CTACGCACTCTCCG-1","T_cells",0.317765360325276
"CTACGCACTGGTCA-1","NK_cell",0.35033637590181
"CTACGGCTTTCTTG-1","Monocyte",0.433248608637676
"CTACTATGAACCAC-1","Monocyte",0.38974477310505
"CTACTATGATGTGC-1","Monocyte",0.33827508225686
"CTACTATGCTAAGC-1","T_cells",0.325312572308198
"CTACTATGTAAAGG-1","B_cell",0.254116248725018
"CTACTCCTATGTCG-1","NK_cell",0.352114311206313
"CTACTCCTGCCATA-1","Monocyte",0.244135805961439
"CTAGAGACACTTTC-1","T_cells",0.335547988124639
"CTAGAGACAGCATC-1","T_cells",0.322667663168909
"CTAGAGACTTTGGG-1","Monocyte",0.462019056659619
"CTAGATCTCTCTAT-1","T_cells",0.296037185129841
"CTAGATCTTCGACA-1","T_cells",0.326318137239826
"CTAGGATGAGCCTA-1","B_cell",0.37807187176153
"CTAGGATGATCGTG-1","B_cell",0.301542665700842
"CTAGGCCTCTCAGA-1","T_cells",0.302201869746791
"CTAGGTGATGGTTG-1","Monocyte",0.386009767051071
"CTAGTTACCAGAGG-1","T_cells",0.303725686911251
"CTAGTTACCGCATA-1","T_cells",0.299173676406699
"CTAGTTACGAAACA-1","NK_cell",0.34838359777862
"CTATAAGATCGTTT-1","B_cell",0.302173402396581
"CTATACTGAGGTTC-1","Monocyte",0.255388037678904
"CTATACTGCCAGTA-1","T_cells",0.308540917495229
"CTATACTGCGCTAA-1","Pre-B_cell_CD34-",0.345578274946492
"CTATACTGCTACGA-1","NK_cell",0.338930897780819
"CTATACTGTCTCAT-1","NK_cell",0.33472373124145
"CTATACTGTTCGTT-1","CMP",0.380299001698669
"CTATAGCTGTCACA-1","T_cells",0.288243075331172
"CTATAGCTTCGCTC-1","Monocyte",0.393692947053081
"CTATAGCTTGCCTC-1","Monocyte",0.370915603394493
"CTATCAACGAACTC-1","T_cells",0.348395026125898
"CTATCAACGCAGAG-1","T_cells",0.352563807003456
"CTATCAACTTTGGG-1","T_cells",0.269033105411387
"CTATCCCTCCACCT-1","Monocyte",0.346841610276295
"CTATGTACGAGAGC-1","T_cells",0.332217852287692
"CTATGTACGCTTAG-1","T_cells",0.299006505787747
"CTATGTACTGTTTC-1","T_cells",0.376258578774071
"CTATGTTGAAAGCA-1","T_cells",0.335214928566669
"CTATGTTGTCCTCG-1","T_cells",0.249846150801241
"CTATGTTGTCTCGC-1","T_cells",0.327540409083764
"CTATTGACAAACGA-1","Monocyte",0.318416595255158
"CTATTGACACTGGT-1","Monocyte",0.368341266941458
"CTATTGACGGTGAG-1","Monocyte",0.38820458422903
"CTATTGTGGCAAGG-1","T_cells",0.290634908961057
"CTCAATTGGTTCAG-1","T_cells",0.352820321873049
"CTCAATTGGTTGCA-1","Monocyte",0.34470703292971
"CTCAGAGATAGAAG-1","T_cells",0.335257033824266
"CTCAGCACTCTAGG-1","T_cells",0.333325339013758
"CTCAGCACTGAACC-1","Monocyte",0.273405240166932
"CTCAGCACTTGCAG-1","T_cells",0.268472534134426
"CTCAGCTGAACCTG-1","Monocyte",0.359367193025691
"CTCAGCTGCAGTTG-1","T_cells",0.28680070527815
"CTCAGGCTCGTTGA-1","Monocyte",0.43913710967944
"CTCAGGCTGCTAAC-1","T_cells",0.276924496837336
"CTCATTGACCTTAT-1","T_cells",0.34845480548147
"CTCATTGATGCTTT-1","Monocyte",0.369836037448161
"CTCCACGAGAGATA-1","Monocyte",0.389149042716904
"CTCCATCTCTTAGG-1","T_cells",0.299139217701033
"CTCCATCTGACGAG-1","T_cells",0.323779764758685
"CTCCGAACAAGTGA-1","Monocyte",0.370226554759803
"CTCCTACTGCCTTC-1","Monocyte",0.30719720834408
"CTCGAAGATGTGGT-1","T_cells",0.332090779117029
"CTCGAAGATTAGGC-1","Monocyte",0.356126349323317
"CTCGACTGCTCTAT-1","T_cells",0.27612062155874
"CTCGACTGGGTGAG-1","T_cells",0.292593044116889
"CTCGACTGGTTGAC-1","NK_cell",0.34718119930125
"CTCGAGCTCTGGAT-1","NK_cell",0.273292185426753
"CTCGCATGACTTTC-1","T_cells",0.310912893745447
"CTCGCATGCTTAGG-1","T_cells",0.321026240981067
"CTCTAAACCTCGAA-1","T_cells",0.304842762039089
"CTCTAAACGGCGAA-1","T_cells",0.276593474265085
"CTCTAATGTCCAAG-1","Monocyte",0.36079540254382
"CTGAACGACAGTCA-1","T_cells",0.328511002341838
"CTGAACGATGAGGG-1","T_cells",0.290976689397307
"CTGAAGACCCAACA-1","T_cells",0.302633207274005
"CTGAAGACGTGCAT-1","B_cell",0.337347456723476
"CTGAAGTGAAGCCT-1","Monocyte",0.441556391863512
"CTGAAGTGCAGCTA-1","B_cell",0.280851403261748
"CTGAAGTGGCTATG-1","T_cells",0.302102424742074
"CTGAAGTGTCCAGA-1","T_cells",0.340031129388275
"CTGAATCTGAATAG-1","T_cells",0.326685885882318
"CTGACAGAATCGTG-1","T_cells",0.348086013384868
"CTGACCACAGCAAA-1","T_cells",0.319236862689318
"CTGAGAACCGGGAA-1","T_cells",0.356933724235826
"CTGAGAACGTAAAG-1","NK_cell",0.304827891282085
"CTGATACTAGTAGA-1","T_cells",0.2950518821302
"CTGATTTGGTGTTG-1","Monocyte",0.407828439911757
"CTGCAGCTAACCGT-1","T_cells",0.294457424149134
"CTGCAGCTGACACT-1","T_cells",0.320872318538537
"CTGCAGCTGGATTC-1","Monocyte",0.428433665039087
"CTGCAGCTTGGCAT-1","T_cells",0.37219545922144
"CTGCCAACAGGAGC-1","T_cells",0.317762201866533
"CTGCCAACCAGCTA-1","T_cells",0.334658430473753
"CTGCCAACTAACCG-1","Monocyte",0.357485067308032
"CTGCCAACTGCTCC-1","T_cells",0.309457273181163
"CTGCCAACTTGCAG-1","T_cells",0.309181655993458
"CTGCCAACTTGCTT-1","T_cells",0.340813836637677
"CTGCGACTCCACCT-1","T_cells",0.23444751436228
"CTGGAAACAAACGA-1","T_cells",0.296489093353077
"CTGGAAACATCGAC-1","T_cells",0.314596792647892
"CTGGATGACTGGAT-1","T_cells",0.315236792618772
"CTGGATGACTTGTT-1","T_cells",0.272482266042842
"CTGGATGATGTGAC-1","B_cell",0.239656269702182
"CTGGCACTCAAGCT-1","Monocyte",0.358416511800043
"CTGTAACTAACCAC-1","T_cells",0.316354685987742
"CTGTAACTAGCGTT-1","T_cells",0.321580127805028
"CTGTATACGTAAAG-1","T_cells",0.246288621444106
"CTGTATACGTACGT-1","Monocyte",0.399956698437352
"CTGTATACGTTGGT-1","T_cells",0.289342349508425
"CTGTGAGACAACCA-1","Monocyte",0.398246523619124
"CTGTGAGACCTTGC-1","T_cells",0.30026878497103
"CTGTGAGACGAACT-1","Monocyte",0.357632159791136
"CTGTGAGACTGTAG-1","Monocyte",0.38462398649501
"CTTAAAGAACCTGA-1","T_cells",0.278872215696475
"CTTAACACCTGTAG-1","T_cells",0.318716049947971
"CTTAACACTATCGG-1","B_cell",0.282289806292354
"CTTAAGCTACCTAG-1","T_cells",0.314069803890942
"CTTAAGCTAGTACC-1","T_cells",0.237397506825681
"CTTAAGCTCATCAG-1","T_cells",0.296019211853941
"CTTAAGCTCCGCTT-1","B_cell",0.321421593907758
"CTTACAACTAACGC-1","T_cells",0.328152310568576
"CTTACAACTCCCGT-1","Monocyte",0.326676224951152
"CTTACTGACGTACA-1","T_cells",0.296718976115203
"CTTAGACTAAACGA-1","T_cells",0.317333965329487
"CTTAGGGACTTGCC-1","T_cells",0.354867592599665
"CTTAGGGAGAATCC-1","T_cells",0.24697043063436
"CTTATCGACTCATT-1","T_cells",0.311906683807664
"CTTCACCTACCTGA-1","Monocyte",0.445174445697808
"CTTCATGAAGCATC-1","B_cell",0.29823256002386
"CTTCATGAAGTACC-1","T_cells",0.2717930789585
"CTTCATGACCGAAT-1","T_cells",0.239567824744879
"CTTGAACTACGCAT-1","T_cells",0.297161447845022
"CTTGATTGAGGTTC-1","T_cells",0.321964663726999
"CTTGATTGATCTTC-1","Monocyte",0.330423297621461
"CTTGATTGCATTCT-1","T_cells",0.333248706892788
"CTTGATTGTTTCGT-1","T_cells",0.329471438364196
"CTTGTATGACACCA-1","B_cell",0.296724780556146
"CTTGTATGCGCAAT-1","B_cell",0.245876880103242
"CTTTACGAGCGAAG-1","T_cells",0.253813328273674
"CTTTAGACCGTGAT-1","T_cells",0.252591299421946
"CTTTAGACGAGACG-1","T_cells",0.303107465099398
"CTTTAGACGATACC-1","T_cells",0.318408712760702
"CTTTAGACGTTGGT-1","T_cells",0.345388450531221
"CTTTAGACTCATTC-1","T_cells",0.310020441057429
"CTTTAGTGACGGGA-1","NK_cell",0.352042740495252
"CTTTAGTGGGTGGA-1","T_cells",0.27489998257959
"CTTTCAGAGAAACA-1","T_cells",0.316541178028779
"CTTTGATGAGCACT-1","T_cells",0.315702200489834
"CTTTGATGTCTAGG-1","T_cells",0.315642379382524
"CTTTGATGTGTCCC-1","T_cells",0.338949947571205
"CTTTGATGTGTGGT-1","T_cells",0.306846259315517
"GAAACAGAACTACG-1","T_cells",0.293539651338545
"GAAACAGAATCACG-1","T_cells",0.310817068790733
"GAAACAGACATTCT-1","T_cells",0.307070618645392
"GAAACCTGATCGTG-1","T_cells",0.306490788640581
"GAAACCTGATGCCA-1","T_cells",0.326134183136272
"GAAACCTGCTTATC-1","T_cells",0.347876500186323
"GAAACCTGGACTAC-1","Monocyte",0.435771877015561
"GAAACCTGTGCTAG-1","T_cells",0.286103593182442
"GAAAGATGATTTCC-1","T_cells",0.312474113132492
"GAAAGATGCTGATG-1","Monocyte",0.428683718558231
"GAAAGATGCTTCGC-1","Monocyte",0.33271190403077
"GAAAGATGTAAGGA-1","unassigned",0.214263335955085
"GAAAGCCTACGTTG-1","B_cell",0.308228790379134
"GAAAGTGAAAGTGA-1","Monocyte",0.418270454192961
"GAAAGTGACCACAA-1","Monocyte",0.409346349157125
"GAAAGTGACTCAAG-1","T_cells",0.313692482479862
"GAAATACTACCAAC-1","unassigned",0.233953367437102
"GAAATACTCTTAGG-1","B_cell",0.285161498800144
"GAAATACTTCCTCG-1","T_cells",0.322549150955694
"GAACACACGTGCAT-1","Monocyte",0.430255857509978
"GAACACACTGCCTC-1","T_cells",0.292386069810876
"GAACAGCTAACTGC-1","Monocyte",0.447715658957269
"GAACAGCTCTCAGA-1","Monocyte",0.394894456410598
"GAACCAACCACAAC-1","T_cells",0.226716122442893
"GAACCAACTTCCGC-1","NK_cell",0.3269406695258
"GAACCTGAACGTGT-1","T_cells",0.408752505334937
"GAACCTGAGAGACG-1","T_cells",0.329702748051552
"GAACCTGATGAACC-1","T_cells",0.340910052048515
"GAACGGGATACTTC-1","T_cells",0.304722936220698
"GAACTGTGACCTGA-1","Monocyte",0.423543439823465
"GAACTGTGCCAGTA-1","Monocyte",0.365022101007222
"GAAGAATGCAATCG-1","T_cells",0.263709683252658
"GAAGCGGACCTATT-1","Monocyte",0.417868750575386
"GAAGCTACGAATGA-1","Monocyte",0.379781814847268
"GAAGCTACGGTTTG-1","T_cells",0.326711844221599
"GAAGGGTGAAAGTG-1","T_cells",0.310200089083627
"GAAGGGTGCTTAGG-1","Monocyte",0.378076155001669
"GAAGGTCTGAAAGT-1","T_cells",0.31578709513493
"GAAGGTCTGTTGCA-1","T_cells",0.310987135713808
"GAAGGTCTTAAAGG-1","Monocyte",0.408598498181743
"GAAGTAGACTCCCA-1","NK_cell",0.321716830654235
"GAAGTAGATCCAAG-1","Monocyte",0.431166029646006
"GAAGTCACCCTCGT-1","Monocyte",0.33482221561939
"GAAGTCACCCTGTC-1","B_cell",0.285881561129306
"GAAGTCTGTCGCAA-1","B_cell",0.320580888881933
"GAAGTCTGTTCTGT-1","T_cells",0.262114484616919
"GAAGTGCTAAACGA-1","NK_cell",0.322780115915576
"GAAGTGCTCCGCTT-1","Monocyte",0.397652266011311
"GAAGTGCTTAACCG-1","T_cells",0.333351074708831
"GAATGCACCCTAAG-1","T_cells",0.352046637194272
"GAATGCACCTTCGC-1","NK_cell",0.328045940972074
"GAATGCTGCGGTAT-1","T_cells",0.288966995439793
"GAATTAACGATAAG-1","T_cells",0.296972121920431
"GAATTAACGGTCAT-1","T_cells",0.323888896428855
"GAATTAACGTCGTA-1","NK_cell",0.298599663294772
"GAATTAACTGAAGA-1","B_cell",0.331219587869168
"GACAACACAGGCGA-1","T_cells",0.294578655251004
"GACAACACATCGTG-1","T_cells",0.335425465002101
"GACAACACTCGCCT-1","T_cells",0.296555177144045
"GACAACTGAGGTTC-1","T_cells",0.310695456208834
"GACAGGGAAGAGTA-1","B_cell",0.282388580934232
"GACAGGGAATGCCA-1","T_cells",0.331636090109341
"GACAGTACGAGCTT-1","Monocyte",0.431589348375757
"GACAGTACTTCGGA-1","Monocyte",0.434397031338557
"GACAGTTGAGTAGA-1","B_cell",0.345823523265647
"GACATTCTCCACCT-1","Monocyte",0.411846673883603
"GACCAAACGACTAC-1","Monocyte",0.356700378800893
"GACCAAACGTATCG-1","Monocyte",0.372491974361175
"GACCCTACTAAAGG-1","B_cell",0.281355717233035
"GACCTAGACCTCAC-1","T_cells",0.250279410151571
"GACCTAGACGAGAG-1","T_cells",0.306622492302549
"GACCTCACAAGGTA-1","T_cells",0.287349766182487
"GACCTCACGTACGT-1","Monocyte",0.406827855796931
"GACCTCTGCATCAG-1","T_cells",0.344752416071537
"GACGAACTCCCACT-1","T_cells",0.310167745692491
"GACGATTGCCAATG-1","B_cell",0.263377004526261
"GACGCCGACCTTCG-1","T_cells",0.362087065519998
"GACGCTCTCTCTCG-1","Platelets",0.17891753121072
"GACGGCACACGGGA-1","NK_cell",0.348299088708454
"GACGGCACGAGATA-1","Monocyte",0.405224053907005
"GACGTAACCTATGG-1","T_cells",0.297960608842172
"GACGTAACCTGTGA-1","T_cells",0.308650413263202
"GACGTAACTATGGC-1","T_cells",0.366566522691393
"GACGTATGTTGACG-1","T_cells",0.31217054215948
"GACGTATGTTTGCT-1","T_cells",0.316082288129349
"GACGTCCTACGGAG-1","T_cells",0.314503244334573
"GACGTCCTCTCAAG-1","Monocyte",0.370479162128272
"GACGTCCTGATAAG-1","B_cell",0.295045405077417
"GACTACGATGGTCA-1","B_cell",0.294520789640487
"GACTCCTGCTCGCT-1","T_cells",0.30108507184104
"GACTCCTGGGTTAC-1","T_cells",0.326941401779535
"GACTCCTGTTATCC-1","T_cells",0.307027501458426
"GACTCCTGTTGGTG-1","Pre-B_cell_CD34-",0.364223907864341
"GACTGAACCAATCG-1","Monocyte",0.346157682408075
"GACTGATGTGATGC-1","T_cells",0.30063692473153
"GACTTTACATGCCA-1","T_cells",0.319774678393034
"GACTTTACGACAGG-1","B_cell",0.254985506799207
"GAGAAATGTTCTCA-1","B_cell",0.256467489924141
"GAGATAGAAAAAGC-1","Monocyte",0.414119204392167
"GAGATCACGACAAA-1","Monocyte",0.395590396044862
"GAGATGCTCTGGAT-1","NK_cell",0.31191486260096
"GAGATGCTGAATGA-1","T_cells",0.324285389938184
"GAGCAGGATTCCCG-1","NK_cell",0.314688436527828
"GAGCATACTTTGCT-1","Monocyte",0.434970828646577
"GAGCGCACGCGTAT-1","Pre-B_cell_CD34-",0.327753744376358
"GAGCGCACGGTGAG-1","T_cells",0.243313544671191
"GAGCGCTGAAGATG-1","NK_cell",0.327604874872161
"GAGCGCTGTCTTAC-1","Monocyte",0.339455776757245
"GAGCGGCTGGGAGT-1","B_cell",0.280354928579024
"GAGGACGACTCAGA-1","T_cells",0.242036630169676
"GAGGATCTGAAAGT-1","Pro-B_cell_CD34+",0.235162617812552
"GAGGCAGACTTGCC-1","T_cells",0.327873504489354
"GAGGGAACACCAGT-1","T_cells",0.317886513687251
"GAGGGAACGAGGGT-1","T_cells",0.318492718767246
"GAGGGATGGGAAAT-1","T_cells",0.28294968122896
"GAGGGCCTTCACCC-1","T_cells",0.350574432252666
"GAGGGTGAAGAGTA-1","T_cells",0.307722904638264
"GAGGTACTACGGTT-1","T_cells",0.267720840401215
"GAGGTACTACTCAG-1","Monocyte",0.345416411893667
"GAGGTACTGACACT-1","NK_cell",0.328589022091143
"GAGGTACTGGGAGT-1","T_cells",0.274629069453085
"GAGGTACTTAGCGT-1","Monocyte",0.39540114029426
"GAGGTGGAGTACGT-1","T_cells",0.262964586570594
"GAGGTGGATCCTCG-1","NK_cell",0.345850668427723
"GAGGTTACTCGTTT-1","Monocyte",0.394926502531124
"GAGGTTTGTAAGCC-1","Monocyte",0.2522924864326
"GAGTCAACCATTCT-1","unassigned",0.232116386693124
"GAGTCAACGGGAGT-1","T_cells",0.287633800399194
"GAGTCTGATCGTGA-1","T_cells",0.321678727280444
"GAGTCTGATTTGGG-1","B_cell",0.274753903468596
"GAGTGACTCAGCTA-1","T_cells",0.368634961223521
"GAGTGACTCGGTAT-1","T_cells",0.317769772405455
"GAGTGACTCTTGCC-1","B_cell",0.315961613090268
"GAGTGACTGACTAC-1","B_cell",0.254599933942386
"GAGTGACTGTCTAG-1","T_cells",0.308543518653791
"GAGTGGGAGTCTTT-1","B_cell",0.282977052381698
"GAGTGGGATGCCCT-1","T_cells",0.278287866653294
"GAGTGGGATGCTGA-1","B_cell",0.279738731759023
"GAGTGTTGCTGTAG-1","T_cells",0.34402825216797
"GAGTGTTGTGGTCA-1","T_cells",0.296897246733494
"GAGTTGTGCATGGT-1","unassigned",0.227067714930663
"GAGTTGTGCTGAGT-1","T_cells",0.315950691383879
"GAGTTGTGGCGAGA-1","Monocyte",0.309456710592725
"GAGTTGTGGTAGCT-1","Platelets",0.313730935543759
"GAGTTGTGTATGCG-1","Monocyte",0.407568597335899
"GATAAGGAGAAACA-1","Monocyte",0.281287973853116
"GATAAGGATTCACT-1","Monocyte",0.375842067882913
"GATACTCTATCGGT-1","T_cells",0.316399925474415
"GATACTCTTACTTC-1","T_cells",0.317080716073933
"GATACTCTTGACTG-1","Monocyte",0.377138564326672
"GATAGAGAAGGGTG-1","T_cells",0.323389263940242
"GATAGAGACTGTGA-1","T_cells",0.360330454590298
"GATAGAGATCACGA-1","Monocyte",0.36716778214731
"GATAGCACCCATAG-1","T_cells",0.303348203891895
"GATAGCACGAAGGC-1","Monocyte",0.413763470459827
"GATAGCACTTGTCT-1","T_cells",0.328160809738704
"GATATAACAAGGTA-1","T_cells",0.337896986925193
"GATATAACACGCAT-1","T_cells",0.300596361627547
"GATATATGCTGGAT-1","T_cells",0.295047874536028
"GATATATGTCCGTC-1","T_cells",0.294095474817509
"GATATATGTGGAGG-1","Pre-B_cell_CD34-",0.378565322401471
"GATATCCTAGAAGT-1","T_cells",0.322097176972343
"GATATCCTCCCGTT-1","Pre-B_cell_CD34-",0.282423920745276
"GATATTGACAGGAG-1","T_cells",0.307139899835052
"GATATTGACGAGTT-1","Monocyte",0.40907910254655
"GATATTGAGCCAAT-1","T_cells",0.315216758837623
"GATCCCTGACCTTT-1","NK_cell",0.352685977569477
"GATCCCTGTGTAGC-1","T_cells",0.319054727848683
"GATCCGCTGGTCAT-1","Monocyte",0.404151478210388
"GATCGAACCGAGAG-1","T_cells",0.373700083170896
"GATCGATGACTAGC-1","B_cell",0.253014416638657
"GATCGATGGTAAAG-1","B_cell",0.287388387536189
"GATCGATGTAAGGA-1","Monocyte",0.356190436680516
"GATCGTGACACTAG-1","T_cells",0.296991765933086
"GATCGTGATTCACT-1","T_cells",0.329721562347369
"GATCTACTGGTGAG-1","T_cells",0.308665821593501
"GATCTACTTTGCAG-1","B_cell",0.315570818798827
"GATCTTACACCCAA-1","Monocyte",0.424303556164509
"GATCTTACCCTACC-1","T_cells",0.325839237408358
"GATCTTACGAATAG-1","Monocyte",0.332699226912948
"GATCTTACGAGATA-1","Pre-B_cell_CD34-",0.339818476176797
"GATGCAACTCCAGA-1","T_cells",0.298981856385197
"GATGCCCTACGTAC-1","T_cells",0.336625469749318
"GATGCCCTCTCATT-1","T_cells",0.305914655449412
"GATGCCCTGGCAAG-1","Monocyte",0.341709856596888
"GATGCCCTTTTGCT-1","T_cells",0.266604385814641
"GATTACCTTGTTCT-1","T_cells",0.304700972864686
"GATTCGGAACGACT-1","T_cells",0.309149923189127
"GATTCGGACAGGAG-1","Monocyte",0.39448800399216
"GATTCGGAGAAGGC-1","Monocyte",0.383454866534565
"GATTCTTGATTCGG-1","Monocyte",0.421942255782086
"GATTCTTGCCGATA-1","T_cells",0.302598338724685
"GATTCTTGCGAGTT-1","B_cell",0.273283497702886
"GATTGGACCCGTTC-1","B_cell",0.316222726191729
"GATTGGACGGTGTT-1","B_cell",0.279826375515829
"GATTGGACTTTCGT-1","B_cell",0.271796249749537
"GATTGGTGTGTCAG-1","T_cells",0.371259770010828
"GATTTAGACACTCC-1","Monocyte",0.39922898810043
"GATTTAGACTAAGC-1","B_cell",0.348859351257448
"GATTTAGATTCGTT-1","Pre-B_cell_CD34-",0.251887706434205
"GATTTGCTAACGAA-1","T_cells",0.32489192798258
"GATTTGCTAACGGG-1","Monocyte",0.261061086169132
"GCAACCCTCCTCGT-1","Monocyte",0.262945840648395
"GCAACTGATTGCGA-1","T_cells",0.291823191931471
"GCAAGACTACTGGT-1","T_cells",0.379912055876969
"GCAAGACTAGGTCT-1","T_cells",0.342907249941218
"GCAAGACTCCCTTG-1","T_cells",0.32096354710466
"GCAATCGACTGCAA-1","T_cells",0.294394242731004
"GCAATCGAGACGTT-1","Monocyte",0.408205411109791
"GCAATCGATCCTTA-1","Monocyte",0.372932945926563
"GCAATTCTCGTGTA-1","T_cells",0.311947546476181
"GCAATTCTTCTCCG-1","T_cells",0.343636214620128
"GCACAAACAATGCC-1","T_cells",0.265872341756798
"GCACAAACGGTACT-1","T_cells",0.336577519498618
"GCACAATGGTGCAT-1","Monocyte",0.337750205021358
"GCACACCTGTGCTA-1","NK_cell",0.318418884558838
"GCACCACTCATGAC-1","Monocyte",0.369587732845446
"GCACCACTGTTTGG-1","Monocyte",0.251681870410368
"GCACCACTTCCTTA-1","NK_cell",0.351277355626069
"GCACCACTTTCGGA-1","Monocyte",0.407850316303208
"GCACCTACGCGATT-1","T_cells",0.364839802544165
"GCACCTTGGCTGTA-1","T_cells",0.266627572465456
"GCACCTTGGGGAGT-1","Monocyte",0.395518239549517
"GCACGGACCAGCTA-1","T_cells",0.342833716652416
"GCACGGTGACCTCC-1","T_cells",0.320220895605012
"GCACGGTGCTATGG-1","Monocyte",0.406571211090274
"GCACTAGAACGGGA-1","T_cells",0.329158162804245
"GCACTAGAAGATGA-1","B_cell",0.293891027641388
"GCACTAGACCTTTA-1","Monocyte",0.407893228984298
"GCACTAGACGTAAC-1","B_cell",0.236305581798865
"GCACTAGAGTCGTA-1","NK_cell",0.329175806445117
"GCACTAGATGCAAC-1","T_cells",0.339887511776776
"GCACTGCTGAGGCA-1","T_cells",0.357492505082245
"GCAGATACAGCGTT-1","T_cells",0.297499672385533
"GCAGATACGACGGA-1","T_cells",0.29367410801611
"GCAGATACGCAGAG-1","T_cells",0.308090967540452
"GCAGCCGACAGTCA-1","T_cells",0.317022545558066
"GCAGCGTGCACTCC-1","T_cells",0.302844637889849
"GCAGCTCTCAATCG-1","T_cells",0.272296518286748
"GCAGCTCTGTTTCT-1","T_cells",0.305841250827365
"GCAGGGCTAAGAAC-1","T_cells",0.303027133622879
"GCAGGGCTAAGGGC-1","T_cells",0.279019783023545
"GCAGGGCTATCGAC-1","NK_cell",0.3548677772933
"GCAGGGCTTGGGAG-1","T_cells",0.332168102054771
"GCAGTCCTAACTGC-1","T_cells",0.301931723980408
"GCAGTCCTCTCTTA-1","T_cells",0.285643183972385
"GCATCAGATGCGTA-1","T_cells",0.31120402450404
"GCATGTGACAAGCT-1","T_cells",0.309869603301601
"GCATTGGAGAAGGC-1","T_cells",0.337206111950348
"GCCAAAACGAGGCA-1","T_cells",0.306702440385911
"GCCAAATGATCGAC-1","T_cells",0.340659284687783
"GCCAACCTACGGTT-1","T_cells",0.29827448279615
"GCCAACCTCGCCTT-1","T_cells",0.273365909926998
"GCCACGGAGGCGAA-1","Monocyte",0.334407368331454
"GCCACGGATACTGG-1","T_cells",0.284403067774
"GCCACTACGTCTTT-1","T_cells",0.293320378243284
"GCCCAACTACCGAT-1","T_cells",0.307241569460179
"GCCCAACTATGGTC-1","NK_cell",0.285401474447969
"GCCCATACAGCGTT-1","unassigned",0.27497231042605
"GCCGACGAACTCTT-1","Monocyte",0.378577116944326
"GCCGAGTGCGTTGA-1","T_cells",0.343347355784938
"GCCGGAACGAACTC-1","T_cells",0.321224674215967
"GCCGGAACGTTCTT-1","NK_cell",0.320093863223801
"GCCGGAACTGCACA-1","NK_cell",0.291384976895174
"GCCGGAACTTACTC-1","T_cells",0.285024505537202
"GCCGTACTACCTGA-1","T_cells",0.26057041214742
"GCCGTACTGGCAAG-1","Monocyte",0.336629255408197
"GCCTACACAGTTCG-1","NK_cell",0.340162788139848
"GCCTACACCACTGA-1","Monocyte",0.367718129435383
"GCCTACACCTTGAG-1","T_cells",0.332326674822162
"GCCTAGCTACGGAG-1","B_cell",0.27072435172686
"GCCTAGCTCTATTC-1","T_cells",0.308311343548294
"GCCTAGCTTCTCAT-1","T_cells",0.29546901160386
"GCCTAGCTTCTCTA-1","Monocyte",0.398708626386043
"GCCTCAACCATGGT-1","T_cells",0.307636365151296
"GCCTCAACTCTTTG-1","T_cells",0.385443137005949
"GCCTCATGTCTTAC-1","T_cells",0.315756731087121
"GCCTGACTCTCAAG-1","Monocyte",0.338455477237123
"GCGAAGGAACTCTT-1","T_cells",0.265139485282589
"GCGAAGGATGCCAA-1","T_cells",0.285213183528347
"GCGAGAGAGGGACA-1","T_cells",0.295664332972608
"GCGAGCACTGTCGA-1","B_cell",0.205645807506549
"GCGAGCACTTGACG-1","T_cells",0.297634766425118
"GCGAGCACTTGCTT-1","Monocyte",0.367898159594887
"GCGATATGGTACGT-1","T_cells",0.312361700135054
"GCGATATGGTGTTG-1","T_cells",0.29163608673203
"GCGCACGAAGTCGT-1","T_cells",0.295258150407982
"GCGCACGACTTTAC-1","Monocyte",0.3215090539088
"GCGCATCTAGGTCT-1","T_cells",0.236671406241467
"GCGCATCTGGTTAC-1","Pro-B_cell_CD34+",0.258075369911397
"GCGCATCTTCGATG-1","T_cells",0.287091197426451
"GCGCATCTTGCTCC-1","NK_cell",0.346147107015007
"GCGCATCTTTCTAC-1","T_cells",0.317559307202401
"GCGCGAACGTTCTT-1","B_cell",0.283277108743293
"GCGCGATGAACGGG-1","T_cells",0.322360003752511
"GCGCGATGGTGCAT-1","NK_cell",0.390529303526917
"GCGGAGCTCCTGAA-1","T_cells",0.308898138454145
"GCGGCAACCCGATA-1","T_cells",0.30693389116731
"GCGGCAACGGAGGT-1","B_cell",0.271320699381606
"GCGGCAACTGTCGA-1","Monocyte",0.241808998688075
"GCGTAAACACGGTT-1","Pre-B_cell_CD34-",0.404371993431646
"GCGTAATGCACCAA-1","Monocyte",0.421389445127283
"GCGTATGAACACCA-1","T_cells",0.283706301729123
"GCGTATGATGAGAA-1","Monocyte",0.398459180660693
"GCTACAGAAAGGTA-1","T_cells",0.311616161934939
"GCTACAGAATCTTC-1","unassigned",0.214754152784895
"GCTACCTGAGAAGT-1","Monocyte",0.381117978269657
"GCTACCTGATCACG-1","T_cells",0.31748497510264
"GCTACGCTAGAATG-1","T_cells",0.320861629298719
"GCTACGCTAGCTAC-1","T_cells",0.322505214702385
"GCTACGCTCCCTAC-1","T_cells",0.345123204607988
"GCTAGAACAGAGGC-1","B_cell",0.268043778647861
"GCTAGAACGGATCT-1","T_cells",0.354886278385943
"GCTAGAACTCCCGT-1","T_cells",0.23019933147447
"GCTAGATGAGCTCA-1","Monocyte",0.342968906382195
"GCTAGATGGCGATT-1","T_cells",0.305292849285189
"GCTATACTAAGGCG-1","T_cells",0.327434331956676
"GCTATACTAGCGTT-1","T_cells",0.288058392902776
"GCTATACTCTCTTA-1","T_cells",0.299615747090037
"GCTATACTGGACGA-1","T_cells",0.336758938643154
"GCTCAAGAACCATG-1","Monocyte",0.415203189980218
"GCTCAAGAAGTCAC-1","Monocyte",0.412659389119653
"GCTCAGCTGTCTAG-1","T_cells",0.250335891870505
"GCTCCATGAGAAGT-1","NK_cell",0.32874686410349
"GCTCCATGCCGAAT-1","T_cells",0.277487997721975
"GCTCGACTCTAGTG-1","Monocyte",0.315157904447202
"GCTGATGAGGTATC-1","Monocyte",0.337063715341921
"GCTTAACTACAGTC-1","Pre-B_cell_CD34-",0.274955744141944
"GCTTAACTACTGGT-1","T_cells",0.307006723247903
"GCTTAACTGCTGAT-1","T_cells",0.307587656696984
"GCTTAACTTAGACC-1","Monocyte",0.283032077335273
"GCTTAACTTCAGTG-1","T_cells",0.316736749381641
"GGAACACTCACTTT-1","Monocyte",0.249600447431256
"GGAACACTTCAGAC-1","Platelets",0.196318090175553
"GGAACTACTACTTC-1","T_cells",0.297300303765938
"GGAACTTGAAGGTA-1","Monocyte",0.408491625051033
"GGAACTTGAGAATG-1","T_cells",0.30413999930533
"GGAACTTGCTCCAC-1","Monocyte",0.385924297960814
"GGAACTTGGGTAGG-1","B_cell",0.283361881324908
"GGAAGGACATCGGT-1","Monocyte",0.321569080836833
"GGAAGGACCACTAG-1","T_cells",0.319679685164984
"GGAAGGACGAGGGT-1","T_cells",0.351241106130103
"GGAAGGACGCGAAG-1","T_cells",0.307585910849054
"GGAAGGTGGCGAGA-1","NK_cell",0.341976696736076
"GGAATCTGAAGGGC-1","T_cells",0.294312351146572
"GGAATCTGAGGAGC-1","T_cells",0.361940066050704
"GGAATCTGCTTAGG-1","B_cell",0.261038835194926
"GGAATCTGCTTGTT-1","Monocyte",0.41177736954617
"GGAATCTGGGAGGT-1","T_cells",0.308227775879956
"GGAATGCTTTCTAC-1","T_cells",0.300070298986579
"GGACAGGAAAGGGC-1","NK_cell",0.301286353308513
"GGACAGGAGTGCTA-1","B_cell",0.310221261627399
"GGACAGGATCTCGC-1","T_cells",0.326675889927486
"GGACCCGAAGCTAC-1","Monocyte",0.409334137146226
"GGACCGTGCTTACT-1","Monocyte",0.329059686446609
"GGACCGTGGGAACG-1","Monocyte",0.415528821498026
"GGACCGTGTAACGC-1","T_cells",0.330959395657273
"GGACCTCTGTAAGA-1","Monocyte",0.372664738954115
"GGACCTCTTTTCTG-1","T_cells",0.312303436140685
"GGACGAGAGTGTCA-1","Monocyte",0.263367126880085
"GGACGCTGACGCAT-1","T_cells",0.353888640998431
"GGACGCTGCTAGCA-1","T_cells",0.301280054370965
"GGACGCTGTCCTCG-1","NK_cell",0.318904897695441
"GGAGAGACGTGAGG-1","T_cells",0.308565870821877
"GGAGCAGATTCAGG-1","B_cell",0.26178705883764
"GGAGCCACCTTCTA-1","B_cell",0.35311740750105
"GGAGCGCTACGCAT-1","Monocyte",0.419820700802791
"GGAGCGCTCCGAAT-1","T_cells",0.338770922368668
"GGAGGATGCCACCT-1","T_cells",0.273476146731105
"GGAGGATGGTTGAC-1","Monocyte",0.340446118166515
"GGAGGATGTCAGTG-1","Pre-B_cell_CD34-",0.376802445146132
"GGAGGCCTCGTTGA-1","NK_cell",0.312336407172635
"GGAGGCCTTTCTTG-1","T_cells",0.293860608325721
"GGAGGTGATACGCA-1","T_cells",0.309318413737234
"GGAGGTGATCGCTC-1","T_cells",0.319863673449362
"GGATACTGCAGCTA-1","T_cells",0.309721703298337
"GGATACTGTCTAGG-1","T_cells",0.31823172498224
"GGATAGCTCGTCTC-1","T_cells",0.347594718727077
"GGATAGCTCTGAAC-1","T_cells",0.318407918019092
"GGATGTACCAAAGA-1","B_cell",0.278445228539913
"GGATGTACGCGAAG-1","T_cells",0.265334605383879
"GGATGTACGTCTTT-1","Monocyte",0.23925683477105
"GGATGTACGTGTCA-1","T_cells",0.304839483507207
"GGATTTCTAGGTTC-1","T_cells",0.306869233571187
"GGATTTCTTTGTCT-1","Monocyte",0.37529317286535
"GGCAAGGAAAAAGC-1","NK_cell",0.351590458620094
"GGCAAGGAAGAAGT-1","T_cells",0.31953744225461
"GGCAAGGACTTGGA-1","Monocyte",0.381234769052982
"GGCAAGGAGGACTT-1","T_cells",0.332581341039655
"GGCAATACGCTAAC-1","B_cell",0.249797540689985
"GGCAATACGGCATT-1","T_cells",0.258559530278225
"GGCAATACGTTTCT-1","B_cell",0.324985565957465
"GGCACGTGGCTTAG-1","Monocyte",0.403148169487799
"GGCACTCTTTTGTC-1","T_cells",0.352893737642377
"GGCATATGCTTATC-1","NK_cell",0.347194060077818
"GGCATATGGGGAGT-1","Platelets",0.160715104747674
"GGCATATGTGTGAC-1","T_cells",0.395726646335466
"GGCCACGACAGAGG-1","T_cells",0.228170750741004
"GGCCAGACTGGTTG-1","T_cells",0.314593060040877
"GGCCCAGAAAGTAG-1","Monocyte",0.380900476366623
"GGCCGAACAACGAA-1","T_cells",0.2933246691993
"GGCCGAACGCAGAG-1","T_cells",0.218488320309889
"GGCCGAACGTAGGG-1","T_cells",0.298606661642056
"GGCCGAACTCTAGG-1","NK_cell",0.317717144458564
"GGCCGATGCAGGAG-1","T_cells",0.345950431008208
"GGCCGATGCCGAAT-1","T_cells",0.337150178290518
"GGCCGATGTACTCT-1","T_cells",0.309050174472164
"GGCGACACTGCCCT-1","NK_cell",0.379238020645961
"GGCGACTGCGTAAC-1","T_cells",0.331457576434952
"GGCGCATGCCTAAG-1","Monocyte",0.34245943330304
"GGCGCATGCTCCAC-1","T_cells",0.341142165515329
"GGCGCATGTGGAAA-1","T_cells",0.259962044353095
"GGCGGACTAGAGGC-1","T_cells",0.300241707628201
"GGCGGACTAGGAGC-1","T_cells",0.313247870435295
"GGCGGACTCTGACA-1","T_cells",0.291189438122477
"GGCGGACTCTTGGA-1","T_cells",0.303119982421151
"GGCGGACTTACTGG-1","T_cells",0.286708143330273
"GGCGGACTTGAACC-1","T_cells",0.324162526905801
"GGCTAAACACCTGA-1","NK_cell",0.344137762332013
"GGCTAAACTCTTAC-1","T_cells",0.329778110142823
"GGCTAATGAGCACT-1","T_cells",0.304279186419809
"GGCTAATGGTCTAG-1","T_cells",0.300598907071648
"GGCTCACTACTCAG-1","Monocyte",0.368342278037121
"GGGAACGAAGCTCA-1","Monocyte",0.431767655744709
"GGGAACGACACAAC-1","B_cell",0.280629628404297
"GGGAACGAGTGTCA-1","Monocyte",0.30235875568539
"GGGAAGTGTTGAGC-1","Monocyte",0.309813786409152
"GGGACCACACGTTG-1","T_cells",0.307394286875787
"GGGACCACAGAACA-1","T_cells",0.319728185524943
"GGGACCACGAATAG-1","T_cells",0.304752388899548
"GGGACCACGTCATG-1","T_cells",0.297133249621451
"GGGACCACTCAAGC-1","T_cells",0.237159848343074
"GGGACCACTCGTGA-1","T_cells",0.306110059634485
"GGGACCACTGCATG-1","T_cells",0.277114687289725
"GGGACCTGACCCTC-1","Monocyte",0.395695290168951
"GGGACCTGCTTGCC-1","T_cells",0.304502806475257
"GGGACCTGTGGAGG-1","B_cell",0.277626388368258
"GGGATGGACGACAT-1","B_cell",0.237223582823311
"GGGATGGATACTTC-1","T_cells",0.321128729435902
"GGGATGGATGGTTG-1","Monocyte",0.354596419849561
"GGGATTACGTCTAG-1","T_cells",0.337614508538551
"GGGCAAGATGCATG-1","Monocyte",0.292950156019841
"GGGCACACGGTGAG-1","T_cells",0.360248234695077
"GGGCACACGTTGCA-1","T_cells",0.350158379131819
"GGGCAGCTTGGGAG-1","NK_cell",0.305956563515226
"GGGCAGCTTTTCTG-1","T_cells",0.315347495030733
"GGGCCAACCTTGGA-1","Monocyte",0.393586106205606
"GGGCCAACGCGTTA-1","B_cell",0.308413536413591
"GGGCCAACTACGCA-1","Monocyte",0.334677450566655
"GGGCCAACTCCAAG-1","B_cell",0.289012047167955
"GGGCCATGATGGTC-1","T_cells",0.305537569312999
"GGGCCATGTTGACG-1","T_cells",0.327321142424622
"GGGTAACTCAGCTA-1","T_cells",0.327342866482331
"GGGTAACTCTAGTG-1","B_cell",0.282461490902761
"GGGTAACTCTGGAT-1","T_cells",0.279520956830041
"GGGTTAACGTGCAT-1","NK_cell",0.354467439980581
"GGTAAAGAGCTAAC-1","NK_cell",0.304008632910339
"GGTACAACTGCAAC-1","T_cells",0.335977767282883
"GGTACATGAAAGCA-1","B_cell",0.27175318432184
"GGTACATGAGCTCA-1","T_cells",0.326148630535034
"GGTACATGCGGTAT-1","T_cells",0.268904060026809
"GGTACATGGTTACG-1","T_cells",0.311699740547648
"GGTACATGTGGGAG-1","T_cells",0.313953467868613
"GGTACTGAACTCTT-1","Monocyte",0.375158073195769
"GGTAGTACACCACA-1","T_cells",0.282988684569639
"GGTAGTACACTAGC-1","Monocyte",0.319550566754013
"GGTAGTACCCTGTC-1","T_cells",0.288171997291417
"GGTAGTACGCCATA-1","Monocyte",0.319836388812243
"GGTAGTACTGTCTT-1","T_cells",0.3349735471166
"GGTATCGAGACAAA-1","unassigned",0.250680988775813
"GGTATCGATGAACC-1","B_cell",0.24584307442543
"GGTCAAACCAAAGA-1","T_cells",0.335726490121798
"GGTCTAGAGAAACA-1","Monocyte",0.345228540404415
"GGTCTAGATAGCGT-1","Monocyte",0.438054122589676
"GGTGATACCGACTA-1","B_cell",0.309803483593891
"GGTGATACGACTAC-1","Monocyte",0.359803032697901
"GGTGATACTGTTTC-1","T_cells",0.302552490167188
"GGTGGAGAAACGGG-1","NK_cell",0.291580401431144
"GGTGGAGAAGTAGA-1","T_cells",0.312676080651021
"GGTGGAGACAGATC-1","NK_cell",0.31980057834376
"GGTGGAGATCGATG-1","T_cells",0.304373708096552
"GGTGGAGATCTCTA-1","Monocyte",0.32142527607584
"GGTGGAGATTACTC-1","T_cells",0.343773279316554
"GGTTTACTACGCAT-1","T_cells",0.342314756139017
"GTAACGTGACCTCC-1","Monocyte",0.433259565630061
"GTAACGTGATCGGT-1","B_cell",0.29061087191189
"GTAACGTGCAGCTA-1","B_cell",0.303415945652526
"GTAACGTGGTTGAC-1","B_cell",0.290905158439091
"GTAAGCACAACGGG-1","T_cells",0.315274623298335
"GTAAGCACTCATTC-1","B_cell",0.236820186734289
"GTAAGCTGGTACCA-1","Pre-B_cell_CD34-",0.328520764856889
"GTAATAACCTTCTA-1","Monocyte",0.365850844756516
"GTAATAACGTTGTG-1","T_cells",0.285734164300198
"GTACCCTGACAGTC-1","Monocyte",0.412434187920108
"GTACCCTGGAGCTT-1","T_cells",0.28673108081265
"GTACCCTGTCCTTA-1","T_cells",0.287641224994041
"GTACCCTGTGAACC-1","T_cells",0.314846537227812
"GTACGTGAACGTTG-1","T_cells",0.297192313084145
"GTACTTTGTCGACA-1","T_cells",0.319327740628881
"GTAGACTGAGATGA-1","Pre-B_cell_CD34-",0.34646067336338
"GTAGACTGTATTCC-1","T_cells",0.30436941623764
"GTAGCAACAGTCGT-1","Monocyte",0.354155576416222
"GTAGCAACCATTTC-1","B_cell",0.293842202564272
"GTAGCAACGGTAGG-1","Monocyte",0.252537047800695
"GTAGCATGCACTCC-1","B_cell",0.291860324068331
"GTAGCATGTAAGCC-1","Monocyte",0.342891400121165
"GTAGCCCTGACGTT-1","T_cells",0.304301763624303
"GTAGCTGAAGCTAC-1","Monocyte",0.421875164469496
"GTAGCTGAATTCGG-1","T_cells",0.300190993577698
"GTAGGTACACGGGA-1","Monocyte",0.376201211392401
"GTAGTGACCTCATT-1","T_cells",0.293365971743809
"GTAGTGTGAGCGGA-1","NK_cell",0.340233357687278
"GTAGTGTGAGGCGA-1","Monocyte",0.296597874893321
"GTAGTGTGTGGTTG-1","T_cells",0.282134582156369
"GTATCACTGGTAGG-1","Monocyte",0.382655309122828
"GTATCTACAGAAGT-1","T_cells",0.328237481667001
"GTATCTACGACGAG-1","T_cells",0.310650537573519
"GTATCTACGTTACG-1","T_cells",0.30595265149271
"GTATTAGAAACAGA-1","T_cells",0.394865098343537
"GTATTAGAGGTCTA-1","T_cells",0.261721861635323
"GTATTCACACAGCT-1","T_cells",0.289074684403203
"GTATTCACGGGTGA-1","T_cells",0.288902167289795
"GTCAACGACACTGA-1","T_cells",0.354679010646278
"GTCAACGAGTGTAC-1","Monocyte",0.364448351740431
"GTCAATCTACACCA-1","T_cells",0.32381419666058
"GTCAATCTGTAGCT-1","T_cells",0.36917745322072
"GTCAATCTTGTGGT-1","T_cells",0.31310707957318
"GTCACCTGCCTCCA-1","T_cells",0.304867251578949
"GTCACCTGTCCCGT-1","T_cells",0.314673347298874
"GTCATACTAATCGC-1","B_cell",0.277830747553384
"GTCATACTGCGATT-1","NK_cell",0.318966902887916
"GTCATACTTCGCCT-1","Platelets",0.210004379871605
"GTCATACTTTACCT-1","T_cells",0.299842144962859
"GTCATACTTTGACG-1","T_cells",0.325359177823583
"GTCCAAGAAAAACG-1","T_cells",0.30690776197765
"GTCCACTGACCTCC-1","T_cells",0.328762696982584
"GTCCACTGGGTACT-1","Monocyte",0.424236733897869
"GTCCAGCTACGGGA-1","T_cells",0.335671069406522
"GTCCCATGTGGTGT-1","Monocyte",0.42918808578573
"GTCGAATGAAGGCG-1","Monocyte",0.385375806164862
"GTCGACCTGAATGA-1","NK_cell",0.337613586618184
"GTCGACCTGTTCAG-1","T_cells",0.269839630569304
"GTCGCACTTGAGAA-1","B_cell",0.39459607205409
"GTCTAACTGGTCTA-1","Monocyte",0.390926652762087
"GTCTAGGAGCTTCC-1","Monocyte",0.382466327307819
"GTGAACACACTCTT-1","T_cells",0.291746189473525
"GTGAACACTCAGGT-1","T_cells",0.265269084482248
"GTGACCCTTAAGCC-1","T_cells",0.305776783089225
"GTGATGACAAGTGA-1","T_cells",0.432003565617594
"GTGATGACCTGAGT-1","B_cell",0.267165268613696
"GTGATGACGGTTTG-1","T_cells",0.295828432311554
"GTGATTCTCATTTC-1","T_cells",0.339146775169104
"GTGATTCTCTCTCG-1","Monocyte",0.378974179174041
"GTGATTCTGGTTCA-1","NK_cell",0.325783294962634
"GTGATTCTGTCGAT-1","T_cells",0.2825277251165
"GTGATTCTTAGCGT-1","B_cell",0.252610710060158
"GTGCCACTCAGGAG-1","T_cells",0.270913237560346
"GTGGATTGCACTAG-1","Monocyte",0.424768367051992
"GTGGATTGCGGAGA-1","T_cells",0.331369108432967
"GTGGATTGTAACGC-1","T_cells",0.31704970925657
"GTGTACGATCAGTG-1","T_cells",0.306232653067206
"GTGTAGTGGGTACT-1","T_cells",0.321983157118181
"GTGTATCTAGCCTA-1","B_cell",0.27299770543721
"GTGTATCTAGTAGA-1","T_cells",0.39567838997984
"GTGTATCTGTTACG-1","B_cell",0.312258060334484
"GTGTCAGAAGCGTT-1","T_cells",0.304037574743632
"GTTAAAACCGAGAG-1","NK_cell",0.338825723733404
"GTTAAATGCTCGAA-1","T_cells",0.3208353943215
"GTTAAATGTCGACA-1","B_cell",0.362659926664946
"GTTAACCTAGCTAC-1","T_cells",0.333814281895803
"GTTAACCTTGCTTT-1","Monocyte",0.392875235683842
"GTTAGGTGCACTCC-1","T_cells",0.269612953946805
"GTTAGGTGCCAGTA-1","Monocyte",0.458779417744655
"GTTAGGTGCCCAAA-1","Monocyte",0.369624955889314
"GTTAGGTGGAACTC-1","B_cell",0.26699125372724
"GTTAGTCTAAGAAC-1","T_cells",0.247855662532373
"GTTATAGAGGACAG-1","T_cells",0.303302084979099
"GTTATGCTTTCATC-1","T_cells",0.30984804615831
"GTTCAACTGGGACA-1","NK_cell",0.322436247722943
"GTTCAACTTATGCG-1","T_cells",0.302826040456022
"GTTGACGAGCCCTT-1","T_cells",0.332688328694055
"GTTGACGATATCGG-1","NK_cell",0.373296768824771
"GTTGAGTGGTCTTT-1","Monocyte",0.407310314608727
"GTTGAGTGTGCTTT-1","T_cells",0.348602744900005
"GTTGATCTGGGACA-1","unassigned",0.194243136762437
"GTTGATCTTTTCAC-1","T_cells",0.336453322420092
"GTTGGATGTTTACC-1","Monocyte",0.412948364705665
"GTTGTACTATTCCT-1","Monocyte",0.398769386622503
"GTTGTACTTTTGGG-1","T_cells",0.288919731353041
"GTTTAAGACCATGA-1","Monocyte",0.364680093054128
"GTTTAAGACTGTCC-1","T_cells",0.275634918069443
"TAAACAACCAACCA-1","T_cells",0.346390304054811
"TAAACAACGAATCC-1","B_cell",0.316645132916592
"TAAAGACTCAGGAG-1","T_cells",0.314489547896371
"TAAATCGATGAGGG-1","T_cells",0.308966719206867
"TAACAATGTGCCCT-1","B_cell",0.271444893936326
"TAACACCTTCGCTC-1","Monocyte",0.389244720009589
"TAACACCTTCGTAG-1","Monocyte",0.407495028969371
"TAACACCTTGTTTC-1","Platelets",0.251278920243613
"TAACATGACACTAG-1","T_cells",0.320706173092751
"TAACCGGACTTACT-1","T_cells",0.271650254234193
"TAACGTCTCAACCA-1","Monocyte",0.325739515140956
"TAACGTCTCATTGG-1","T_cells",0.33233505841335
"TAACTAGAATTTCC-1","T_cells",0.338870327576194
"TAACTAGACTTAGG-1","T_cells",0.314545719036556
"TAACTAGATCTGGA-1","T_cells",0.313020140113226
"TAACTCACGAGGAC-1","Monocyte",0.343634353016657
"TAACTCACGTACAC-1","B_cell",0.294660978748747
"TAACTCACGTATCG-1","Pre-B_cell_CD34-",0.406307526438959
"TAACTCACTCTACT-1","NK_cell",0.332804171573855
"TAAGAACTGTGTCA-1","Monocyte",0.329511350453143
"TAAGAGGACTAAGC-1","B_cell",0.313133396980127
"TAAGAGGACTTGTT-1","NK_cell",0.342488619900547
"TAAGATACGGTTCA-1","Monocyte",0.328025796318631
"TAAGATTGCGTAGT-1","T_cells",0.321990590314726
"TAAGATTGTTGCTT-1","T_cells",0.316010260648542
"TAAGCGTGAGGTTC-1","Monocyte",0.393932582403067
"TAAGCGTGGACAAA-1","Monocyte",0.455922539749078
"TAAGCGTGGGAAAT-1","T_cells",0.317207217027949
"TAAGCGTGTGCTCC-1","Monocyte",0.459814579683198
"TAAGGCTGCCATGA-1","T_cells",0.331741972496125
"TAAGGCTGCTGCTC-1","T_cells",0.289542698681631
"TAAGGCTGTCTCGC-1","Monocyte",0.41897917345775
"TAAGGGCTGCTGTA-1","T_cells",0.329412113003767
"TAAGGGCTTTACTC-1","T_cells",0.324857860260037
"TAAGTAACCGAGAG-1","B_cell",0.225927955045508
"TAAGTAACCTCCAC-1","B_cell",0.288872579868097
"TAAGTAACCTGTAG-1","T_cells",0.337909518004787
"TAAGTAACTTGTCT-1","T_cells",0.315407790311191
"TAATGATGAGCGGA-1","T_cells",0.320253187910976
"TAATGCCTCATGAC-1","T_cells",0.358998705677611
"TAATGCCTCGTCTC-1","NK_cell",0.403416698625897
"TAATGTGAAGATGA-1","T_cells",0.256423296406393
"TAATGTGACTGCAA-1","Monocyte",0.374513469074779
"TAATGTGATTACTC-1","T_cells",0.324691388600108
"TACAAATGGGTACT-1","T_cells",0.329430402927109
"TACAATGAAAACAG-1","Monocyte",0.367232123753378
"TACAATGACTTAGG-1","T_cells",0.264162660647876
"TACAATGATGCTAG-1","T_cells",0.3298163826074
"TACACACTCACACA-1","T_cells",0.343652856819968
"TACACACTCTTACT-1","T_cells",0.280590320088918
"TACATAGAACGCAT-1","T_cells",0.326410091432575
"TACATCACACGGGA-1","T_cells",0.270139236700107
"TACATCACCTGTTT-1","Monocyte",0.404813140526789
"TACATCACGCTAAC-1","B_cell",0.28820121940065
"TACATCACTGAACC-1","Monocyte",0.421103143722019
"TACCATTGAGGTTC-1","T_cells",0.249602220986713
"TACCATTGCGGGAA-1","Monocyte",0.326385073706628
"TACCATTGGGGATG-1","Monocyte",0.293578605683969
"TACCATTGTGAGGG-1","Pre-B_cell_CD34-",0.331282654529469
"TACCGGCTGTTGGT-1","T_cells",0.325813872936321
"TACGAGTGATCTCT-1","T_cells",0.313524435697219
"TACGAGTGATGCTG-1","Monocyte",0.383354399675958
"TACGAGTGCGGAGA-1","T_cells",0.330536409397767
"TACGAGTGGTTGGT-1","T_cells",0.310231590311902
"TACGATCTAGTGTC-1","T_cells",0.250978087783055
"TACGATCTCACTGA-1","Monocyte",0.433183827807881
"TACGATCTTACGAC-1","T_cells",0.296248432408851
"TACGCAGAGAATCC-1","NK_cell",0.323937643705396
"TACGCCACATTCCT-1","T_cells",0.284782964523893
"TACGCCACTCCCAC-1","Monocyte",0.421690857708232
"TACGCCACTCCGAA-1","B_cell",0.280180065665668
"TACGGAACGCGTTA-1","Pro-B_cell_CD34+",0.262710463805893
"TACGGCCTGGGACA-1","NK_cell",0.332769391246743
"TACGTACTACGGAG-1","T_cells",0.406839468380501
"TACGTACTCAGTTG-1","T_cells",0.314588665288733
"TACGTACTCCCGTT-1","B_cell",0.300959474081227
"TACGTTACAGAAGT-1","Pre-B_cell_CD34-",0.301953810587914
"TACGTTACCAAGCT-1","Monocyte",0.34402524949438
"TACTAAGAAAGGTA-1","B_cell",0.255765572985934
"TACTAAGAATCACG-1","T_cells",0.254724760720526
"TACTAAGATGATGC-1","Monocyte",0.361122132114181
"TACTAAGATTGCGA-1","T_cells",0.331956803699525
"TACTACACGAGAGC-1","T_cells",0.363983553913572
"TACTACACTTACCT-1","B_cell",0.218730352244731
"TACTACTGAACCTG-1","Monocyte",0.3358616768043
"TACTACTGATGTCG-1","T_cells",0.322273591841029
"TACTACTGATTCTC-1","T_cells",0.297693002649307
"TACTACTGTATGGC-1","T_cells",0.306807389087849
"TACTCAACGGTCTA-1","Pre-B_cell_CD34-",0.389461496026187
"TACTCAACTGCTAG-1","B_cell",0.311923725525419
"TACTCCCTCAGTTG-1","T_cells",0.275249529983562
"TACTCTGAATCGAC-1","NK_cell",0.333767623268041
"TACTCTGACGAGTT-1","T_cells",0.337178313742171
"TACTCTGATTGACG-1","B_cell",0.27221432256439
"TACTGGGATCGATG-1","T_cells",0.358783390792523
"TACTGTTGAAAGCA-1","T_cells",0.296562725852415
"TACTGTTGAGGCGA-1","NK_cell",0.326594653594215
"TACTGTTGCTGAAC-1","B_cell",0.371502817035915
"TACTTGACTCCTCG-1","T_cells",0.310682821111751
"TACTTGACTGGTGT-1","B_cell",0.243096644715207
"TACTTTCTTTTGGG-1","T_cells",0.281568506484239
"TAGAAACTAATCGC-1","T_cells",0.292089673427166
"TAGAAACTGCTTCC-1","Monocyte",0.361422554707423
"TAGAAACTGGGATG-1","NK_cell",0.309142714423154
"TAGAATTGCGACAT-1","T_cells",0.264569431686711
"TAGAATTGTATCGG-1","T_cells",0.319994711750046
"TAGACGTGCTTGAG-1","T_cells",0.273787332722703
"TAGACGTGTCGCTC-1","T_cells",0.302109684586142
"TAGAGCACCTTACT-1","B_cell",0.287630085906762
"TAGATTGACTTGTT-1","B_cell",0.258224594839871
"TAGATTGAGGCATT-1","T_cells",0.232554216061065
"TAGCATCTCAGCTA-1","NK_cell",0.347211671529351
"TAGCATCTCCCTCA-1","T_cells",0.239782957932242
"TAGCATCTGCTGTA-1","Monocyte",0.405750156860781
"TAGCATCTGGGACA-1","T_cells",0.287129154833546
"TAGCATCTTGTCGA-1","T_cells",0.294721049501017
"TAGCCCACAAAAGC-1","T_cells",0.353966558613414
"TAGCCCACAGCCAT-1","T_cells",0.343203293087917
"TAGCCCACAGCTAC-1","NK_cell",0.350037679318166
"TAGCCCACCCACAA-1","T_cells",0.299228356501546
"TAGCCCTGCGGAGA-1","T_cells",0.273750395354371
"TAGCCGCTTACGAC-1","T_cells",0.322411496764393
"TAGCCGCTTACTTC-1","T_cells",0.333398157654835
"TAGCCGCTTTCCAT-1","Monocyte",0.405832694343368
"TAGCTACTGAATAG-1","B_cell",0.268182840634416
"TAGCTACTGTAGCT-1","T_cells",0.339878956308099
"TAGCTACTTTTGCT-1","T_cells",0.259083798060616
"TAGGACTGTGCTGA-1","T_cells",0.316464917539646
"TAGGAGCTAAGGCG-1","B_cell",0.288103406717583
"TAGGAGCTGAGGGT-1","T_cells",0.324838409763681
"TAGGAGCTTGCATG-1","B_cell",0.266222339803124
"TAGGCAACCGTCTC-1","B_cell",0.274013083678596
"TAGGCATGCTCTCG-1","Pre-B_cell_CD34-",0.314414976039145
"TAGGCATGGCGAGA-1","T_cells",0.333274283395304
"TAGGCTGATGCCTC-1","Monocyte",0.32353002014711
"TAGGGACTGAACTC-1","NK_cell",0.339240885691213
"TAGGTCGACACTGA-1","T_cells",0.315718120518678
"TAGGTCGAGGATCT-1","B_cell",0.243516942947639
"TAGGTGACACACTG-1","T_cells",0.298045805535946
"TAGGTGACACGTTG-1","B_cell",0.287272342937929
"TAGGTGTGTTCTGT-1","T_cells",0.286885802666158
"TAGGTTCTGAAGGC-1","T_cells",0.354631983747506
"TAGGTTCTTCTTAC-1","Monocyte",0.380848910590944
"TAGGTTCTTGCTGA-1","Monocyte",0.410640523914593
"TAGTAAACCTCGCT-1","T_cells",0.325639297612765
"TAGTAAACGTCACA-1","T_cells",0.358654027701815
"TAGTAATGAGATCC-1","T_cells",0.27091910051195
"TAGTACCTAAGAAC-1","Monocyte",0.324278407376391
"TAGTATGATCTTAC-1","B_cell",0.303872780486397
"TAGTATGATTCTCA-1","T_cells",0.334999337663476
"TAGTCTTGGCTGTA-1","unassigned",0.189903286506062
"TAGTCTTGGGACTT-1","T_cells",0.221224017513549
"TAGTCTTGTGGAAA-1","T_cells",0.334715510840966
"TAGTGGTGAAGTGA-1","NK_cell",0.358312693630723
"TAGTTAGAACCACA-1","NK_cell",0.345347228036263
"TAGTTAGATGAACC-1","T_cells",0.306662047709345
"TATAAGACAACAGA-1","T_cells",0.225114704323274
"TATAAGACAGCTCA-1","Monocyte",0.42743985665437
"TATAAGTGACACCA-1","Monocyte",0.39233781614318
"TATAAGTGTATCGG-1","Monocyte",0.283978868424759
"TATAAGTGTGGTGT-1","Monocyte",0.426740921083398
"TATACAGAACCCTC-1","T_cells",0.287710516113417
"TATACAGAAGAACA-1","T_cells",0.277494449172164
"TATACAGATCCAGA-1","T_cells",0.314954830712598
"TATACCACCTGATG-1","B_cell",0.302884560383375
"TATACGCTACCAAC-1","T_cells",0.313933130774708
"TATAGATGGACGGA-1","T_cells",0.307160969377597
"TATAGATGTTCCGC-1","Monocyte",0.420268469806089
"TATCCAACCAGCTA-1","Pre-B_cell_CD34-",0.290012498121199
"TATCCAACTCTCTA-1","T_cells",0.316526620155562
"TATCGACTACTAGC-1","NK_cell",0.247128487818175
"TATCGACTCGATAC-1","Monocyte",0.372747632737536
"TATCGTACAGATGA-1","T_cells",0.301451627904163
"TATCGTACATTCCT-1","Monocyte",0.36355205902587
"TATCTCGAGAGATA-1","T_cells",0.233095758087883
"TATCTGACAGGTTC-1","T_cells",0.288840400424232
"TATCTGACTGTTTC-1","T_cells",0.329784626245183
"TATCTTCTAAACAG-1","T_cells",0.313918407092886
"TATGAATGGAGGAC-1","NK_cell",0.33454112360788
"TATGAATGTTTGCT-1","Monocyte",0.402429420922423
"TATGCGGATAACCG-1","T_cells",0.285679361384009
"TATGGGTGCATCAG-1","NK_cell",0.367843467944062
"TATGGGTGCTAGCA-1","B_cell",0.309241202528756
"TATGGTCTCTACCC-1","T_cells",0.301499867249246
"TATGTCACGGAACG-1","B_cell",0.321904667583869
"TATGTCACTAACCG-1","Monocyte",0.389482750390165
"TATGTCACTTCTCA-1","B_cell",0.288808010595828
"TATGTGCTCCGATA-1","Monocyte",0.397423499675454
"TATGTGCTGGATTC-1","T_cells",0.299810742953486
"TATTGCTGAAGAAC-1","Pre-B_cell_CD34-",0.268811824265264
"TATTGCTGCCGTTC-1","B_cell",0.263272629315018
"TATTGCTGTCTGGA-1","T_cells",0.290205484927798
"TATTGCTGTGCACA-1","T_cells",0.218936781476679
"TATTTCCTATTGGC-1","Monocyte",0.307166039721663
"TATTTCCTGGAGGT-1","NK_cell",0.350724538669531
"TATTTCCTGGTGTT-1","T_cells",0.27915253410917
"TCAACACTGTTTGG-1","NK_cell",0.358578882859257
"TCAAGGACAGCGTT-1","T_cells",0.262659756746714
"TCAAGGACATTCTC-1","T_cells",0.278878796915927
"TCAAGGACGGTGTT-1","Pre-B_cell_CD34-",0.335261984094611
"TCAATCACACTCTT-1","T_cells",0.308792330554686
"TCAATCACAGTCGT-1","Monocyte",0.362501013111801
"TCACAACTATGTGC-1","T_cells",0.289470584288027
"TCACAACTTTGCTT-1","Pre-B_cell_CD34-",0.302247805434591
"TCACATACACTTTC-1","T_cells",0.333946732573956
"TCACATACAGGGTG-1","T_cells",0.251360150623231
"TCACCCGAGACGGA-1","Monocyte",0.428591312133132
"TCACCGTGCTCGCT-1","Pre-B_cell_CD34-",0.41519340691979
"TCACCTCTACGACT-1","T_cells",0.313296285777223
"TCACCTCTTCCAAG-1","Monocyte",0.386360042923658
"TCACGAGAGGAGGT-1","B_cell",0.301734057497333
"TCACTATGGGGCAA-1","T_cells",0.298903974974825
"TCACTATGGTTGTG-1","B_cell",0.230083524469016
"TCAGACGACGCTAA-1","T_cells",0.313697034702229
"TCAGACGACGTTAG-1","NK_cell",0.328119359679053
"TCAGAGACTCCAGA-1","T_cells",0.259899461477852
"TCAGCAGACTCCAC-1","T_cells",0.318245347665399
"TCAGCGCTCTAGTG-1","T_cells",0.312860590129874
"TCAGCGCTGGATCT-1","B_cell",0.276194177422705
"TCAGCGCTGGTATC-1","T_cells",0.313412705188648
"TCAGGATGAAGTAG-1","T_cells",0.283058780180661
"TCAGGATGCCTTTA-1","Monocyte",0.383733946387666
"TCAGTGGAAGATCC-1","NK_cell",0.298207460088678
"TCAGTTACCTACGA-1","Monocyte",0.389359965650989
"TCAGTTACTAGAAG-1","T_cells",0.310752670585176
"TCATCAACCCGATA-1","T_cells",0.306842938267776
"TCATCAACTGTTCT-1","Monocyte",0.401366389916672
"TCATCATGCAGTTG-1","T_cells",0.316574702519291
"TCATCCCTTACTGG-1","T_cells",0.338206026808686
"TCATTCGATACAGC-1","Monocyte",0.414610063635758
"TCCACGTGGAAACA-1","T_cells",0.325761386965449
"TCCACTCTACACTG-1","T_cells",0.322751083644176
"TCCACTCTGAGCTT-1","Monocyte",0.390400685423406
"TCCACTCTTACTTC-1","B_cell",0.290597978260472
"TCCATAACAAAGTG-1","T_cells",0.286987628388428
"TCCATAACCGTAGT-1","B_cell",0.298596148661195
"TCCATAACGATGAA-1","T_cells",0.327370696143112
"TCCATAACTACGCA-1","T_cells",0.310637385327527
"TCCATCCTCCCTAC-1","T_cells",0.307422787385545
"TCCCACGATCATTC-1","T_cells",0.315353412243627
"TCCCATCTCAAAGA-1","Monocyte",0.401776440512973
"TCCCGAACACAGTC-1","NK_cell",0.309988016612891
"TCCCGAACTTCGCC-1","Monocyte",0.40858397362773
"TCCCGATGAGATCC-1","T_cells",0.31076850741044
"TCCCGATGCCTGAA-1","Monocyte",0.265467598552398
"TCCCTACTCAACTG-1","B_cell",0.294575816495351
"TCCGAAGACAATCG-1","Monocyte",0.309477921644229
"TCCGAAGACGTTAG-1","T_cells",0.325080638970958
"TCCGGACTGAGGTG-1","T_cells",0.31571436428206
"TCCGGACTGTACGT-1","T_cells",0.311068769338446
"TCCTAAACATCGAC-1","unassigned",0.22582807829285
"TCCTAAACCGAGAG-1","T_cells",0.351693823289919
"TCCTAAACCGCATA-1","NK_cell",0.288186028707446
"TCCTAATGGTTTGG-1","NK_cell",0.328241946850674
"TCCTACCTGTCGTA-1","T_cells",0.311843828506687
"TCCTATGAAAAGCA-1","T_cells",0.297377635829792
"TCGAATCTCTGGTA-1","T_cells",0.270844650196598
"TCGACCTGCCGATA-1","Monocyte",0.319548791605225
"TCGACGCTTCTATC-1","Monocyte",0.378715361993524
"TCGACGCTTTGACG-1","T_cells",0.302641189541838
"TCGAGAACGACAGG-1","T_cells",0.298131767327736
"TCGAGAACGTTAGC-1","T_cells",0.346117623103362
"TCGAGCCTATCAGC-1","B_cell",0.262883868988082
"TCGAGCCTGCGAGA-1","T_cells",0.340634264996195
"TCGAGCCTTGTGAC-1","T_cells",0.319588411128614
"TCGATACTATTCCT-1","T_cells",0.308433763784598
"TCGATACTTGCACA-1","T_cells",0.295417331834786
"TCGATTTGATGCCA-1","Monocyte",0.323624873194352
"TCGATTTGCACTCC-1","T_cells",0.314054299798193
"TCGATTTGCAGCTA-1","NK_cell",0.335668424195853
"TCGATTTGCCTACC-1","Monocyte",0.374925648810126
"TCGATTTGTCGTGA-1","B_cell",0.292837793312312
"TCGCAGCTAGATCC-1","T_cells",0.328348886721964
"TCGCCATGAGACTC-1","T_cells",0.290875883667899
"TCGCCATGTGGTCA-1","B_cell",0.289013925973562
"TCGGACCTAACAGA-1","T_cells",0.327706210913418
"TCGGACCTATAAGG-1","B_cell",0.263726343604446
"TCGGACCTGTACAC-1","T_cells",0.394952918471105
"TCGGTAGAGTAGGG-1","T_cells",0.2770668866022
"TCGGTAGATCCCAC-1","B_cell",0.302941680971184
"TCGTAGGATCGACA-1","T_cells",0.344859683951744
"TCGTTATGGACAAA-1","T_cells",0.317683275608361
"TCTAACACCAGTTG-1","NK_cell",0.282987412750594
"TCTAACACGAGCAG-1","Pre-B_cell_CD34-",0.360443881999084
"TCTAACTGAACCAC-1","T_cells",0.32012403199048
"TCTAAGCTAATGCC-1","T_cells",0.31723653513775
"TCTAAGCTTAGTCG-1","NK_cell",0.307867971169849
"TCTAAGCTTCTAGG-1","Monocyte",0.407440148426133
"TCTAAGCTTGTTCT-1","Monocyte",0.357816875454411
"TCTAAGCTTTCGCC-1","B_cell",0.235579191851961
"TCTACAACGACTAC-1","Monocyte",0.398380495707489
"TCTAGACTTAGAAG-1","Monocyte",0.334955221081847
"TCTAGTTGCACCAA-1","Monocyte",0.415602541871472
"TCTATGTGAAGAGT-1","Monocyte",0.299675525052575
"TCTATGTGAGTCTG-1","NK_cell",0.261801650410524
"TCTCAAACCTAAGC-1","B_cell",0.257440449212102
"TCTCTAGAATTTCC-1","T_cells",0.33306331867564
"TCTGATACACGTGT-1","T_cells",0.300170849638867
"TCTGATACTCGCCT-1","T_cells",0.291523295080242
"TCTTACGAACCTGA-1","Monocyte",0.35602250256591
"TCTTCAGAGCTACA-1","Monocyte",0.42502941713007
"TCTTGATGCGGAGA-1","NK_cell",0.324233907674624
"TGAAATTGGTGAGG-1","Monocyte",0.386210573855614
"TGAACCGAAAACGA-1","T_cells",0.306324022515264
"TGAACCGACTACTT-1","Monocyte",0.388259246893674
"TGAACCGATTCGGA-1","Monocyte",0.361410771898458
"TGAAGCACTCACGA-1","T_cells",0.270619425178731
"TGAAGCTGAACGAA-1","T_cells",0.307164365397212
"TGAAGCTGCATGGT-1","B_cell",0.302016294247121
"TGAAGCTGCGTAAC-1","T_cells",0.315095567510412
"TGAATAACCACTTT-1","T_cells",0.330372066111294
"TGAATAACTCCCAC-1","T_cells",0.320068281997995
"TGACACGACCTTAT-1","B_cell",0.268859918770576
"TGACCAGACAACCA-1","T_cells",0.319003795245392
"TGACCAGAGGATTC-1","T_cells",0.278834839594788
"TGACCGCTAAAAGC-1","T_cells",0.330299322294767
"TGACCGCTCTGCAA-1","T_cells",0.2713778729276
"TGACGATGCAAAGA-1","Monocyte",0.326674284714926
"TGACGCCTGTACCA-1","T_cells",0.392339289419647
"TGACGCCTTTACTC-1","T_cells",0.346458908498645
"TGACTGGAAGAGAT-1","Monocyte",0.318470074920968
"TGACTGGACCGTAA-1","T_cells",0.30001699476508
"TGACTGGACGCAAT-1","T_cells",0.276400392371742
"TGACTGGAGGACAG-1","B_cell",0.299709817843956
"TGACTGGATTCTCA-1","T_cells",0.349021821158977
"TGACTTACACACCA-1","T_cells",0.370704456219846
"TGACTTACAGTCTG-1","Monocyte",0.41478155378327
"TGACTTTGCGCATA-1","T_cells",0.299845297077699
"TGACTTTGTTTGTC-1","T_cells",0.307614036490776
"TGAGACACAAGGTA-1","T_cells",0.397660148832201
"TGAGACACTCAAGC-1","NK_cell",0.301715856676455
"TGAGCTGAATGCTG-1","Monocyte",0.409400426384934
"TGAGCTGACTGGAT-1","Monocyte",0.339243694494134
"TGAGCTGATGCTAG-1","Monocyte",0.251253457112519
"TGAGGACTCTCATT-1","Monocyte",0.408815717450707
"TGAGGACTTCATTC-1","T_cells",0.353042489771099
"TGAGGTACGAACCT-1","Monocyte",0.432849265062668
"TGAGTCGAGTTACG-1","B_cell",0.281316668938358
"TGAGTGACTGAGCT-1","T_cells",0.328563289864173
"TGATAAACGAATCC-1","T_cells",0.329416380769568
"TGATAAACTCCGTC-1","NK_cell",0.335129495885594
"TGATAAACTTTCAC-1","T_cells",0.290624252834434
"TGATACCTCACTAG-1","Pre-B_cell_CD34-",0.313873708278568
"TGATACCTGTTGGT-1","T_cells",0.321010711451186
"TGATACCTTATGCG-1","T_cells",0.290363262173003
"TGATACCTTGAAGA-1","T_cells",0.366936498974086
"TGATATGAACCTTT-1","T_cells",0.334752572278201
"TGATCACTAGCATC-1","unassigned",0.260389032371811
"TGATCACTCTCGCT-1","T_cells",0.267922533089815
"TGATCACTTCTACT-1","B_cell",0.27042707967411
"TGATCGGACTGACA-1","Monocyte",0.424895358361717
"TGATCGGAGGAGCA-1","B_cell",0.30169415222245
"TGATCGGATATGCG-1","Monocyte",0.305454325282274
"TGATTAGACATTGG-1","T_cells",0.319725376869479
"TGATTAGATGACTG-1","B_cell",0.246247262870129
"TGATTAGATGCTAG-1","T_cells",0.305574348051291
"TGATTCACTATGCG-1","T_cells",0.288452560859179
"TGATTCACTGTCAG-1","B_cell",0.276789757484414
"TGATTCTGCCGAAT-1","T_cells",0.33070702483267
"TGATTCTGCTCTTA-1","T_cells",0.321588410778172
"TGCAAGTGAGAACA-1","T_cells",0.324454386192993
"TGCAAGTGGGTAGG-1","Monocyte",0.317151773119466
"TGCAATCTTCAGGT-1","Monocyte",0.422767780082192
"TGCACAGACGACAT-1","NK_cell",0.38019213391621
"TGCCAAGAGCAGTT-1","Pre-B_cell_CD34-",0.365080283353067
"TGCCAAGATCTCTA-1","T_cells",0.321061671987788
"TGCCACTGAACGTC-1","T_cells",0.326189458343027
"TGCCACTGCGATAC-1","NK_cell",0.343030212536836
"TGCCAGCTTGGCAT-1","T_cells",0.300469316523831
"TGCCCAACAGCAAA-1","T_cells",0.330892939945257
"TGCCCAACCGCATA-1","Monocyte",0.368523576100899
"TGCCGACTCTCCCA-1","B_cell",0.287193996589551
"TGCGAAACAGTCAC-1","B_cell",0.316605621570361
"TGCGAAACGTTGCA-1","B_cell",0.270939701160206
"TGCGATGAACGGTT-1","T_cells",0.271413924606995
"TGCGATGACCTCGT-1","T_cells",0.299768506009527
"TGCGATGACTAGTG-1","B_cell",0.300405140322299
"TGCGATGACTGCTC-1","B_cell",0.309486771319983
"TGCGATGACTTGCC-1","B_cell",0.306245438940374
"TGCGATGAGTGCTA-1","Monocyte",0.369171715170836
"TGCGCACTCTTGAG-1","Monocyte",0.307019541695621
"TGCGTAGAATAAGG-1","Monocyte",0.324845184453247
"TGCGTAGACGGGAA-1","B_cell",0.274468153095687
"TGCGTAGATGGTCA-1","Monocyte",0.461733620092868
"TGCTAGGAAACCGT-1","T_cells",0.312098059244771
"TGCTAGGATAGTCG-1","T_cells",0.323452079520158
"TGCTATACGGTTCA-1","Monocyte",0.315456383683299
"TGCTATACTGCTGA-1","T_cells",0.32050959254148
"TGCTGAGAGAGCAG-1","NK_cell",0.331842094395765
"TGCTGAGATTATCC-1","T_cells",0.323374227817996
"TGGAAAGACTCTCG-1","B_cell",0.267926464648841
"TGGAAAGAGCGATT-1","T_cells",0.337151833157015
"TGGAAAGAGGTCAT-1","Monocyte",0.39189153878846
"TGGAAAGATATGGC-1","T_cells",0.269665458046499
"TGGAACACAAACAG-1","NK_cell",0.3043816560697
"TGGAACACGCTAAC-1","T_cells",0.285946200438251
"TGGAAGCTCAGATC-1","T_cells",0.276502571322619
"TGGACCCTACACTG-1","Monocyte",0.269835016830965
"TGGACCCTCATGGT-1","T_cells",0.302263617369894
"TGGACCCTGGTACT-1","Monocyte",0.413249362941635
"TGGACTGAGTATGC-1","T_cells",0.384120401085736
"TGGAGACTATCAGC-1","Monocyte",0.382346303880888
"TGGAGACTTCAAGC-1","T_cells",0.314321498466116
"TGGAGACTTGACCA-1","T_cells",0.303333568330146
"TGGAGGGACGGAGA-1","Monocyte",0.352104416875328
"TGGAGGGAGCTATG-1","T_cells",0.22373490403933
"TGGATCGATAAAGG-1","T_cells",0.329168571157206
"TGGATGTGACCTAG-1","B_cell",0.27034820222974
"TGGATGTGTGAAGA-1","B_cell",0.321574697282365
"TGGATTCTCATACG-1","T_cells",0.336266989542126
"TGGCAATGCTTGTT-1","B_cell",0.281018432860134
"TGGCACCTTCACGA-1","unassigned",0.228577695196816
"TGGCACCTTCAGTG-1","Monocyte",0.351260471224985
"TGGGTATGAAGAGT-1","T_cells",0.315277186833196
"TGGGTATGCACAAC-1","T_cells",0.34888324719351
"TGGGTATGGTACGT-1","B_cell",0.243657819682665
"TGGGTATGTTTGGG-1","Monocyte",0.363621983317359
"TGGTAGACATGCCA-1","T_cells",0.322847355580562
"TGGTAGACCCTCAC-1","NK_cell",0.328544275607496
"TGGTAGACCTGATG-1","T_cells",0.315319876403879
"TGGTAGTGCACTGA-1","Pre-B_cell_CD34-",0.286467766687758
"TGGTATCTAAACAG-1","T_cells",0.281538366262875
"TGGTATCTCTTCCG-1","T_cells",0.309619458799912
"TGGTCAGACCCAAA-1","unassigned",0.264468463661279
"TGGTTACTGACGTT-1","Monocyte",0.390855912095221
"TGGTTACTGTTCTT-1","T_cells",0.32750965448532
"TGTAACCTAGAGGC-1","T_cells",0.320585981242253
"TGTAACCTTGCCTC-1","Monocyte",0.378787514342689
"TGTAATGACACAAC-1","NK_cell",0.311976742586179
"TGTAATGAGGTAAA-1","NK_cell",0.284729174158604
"TGTACTTGCTCTAT-1","Monocyte",0.420369361085192
"TGTAGGTGCGAGAG-1","B_cell",0.252585827785962
"TGTAGGTGCTATGG-1","T_cells",0.353196248482937
"TGTAGGTGCTCTAT-1","Monocyte",0.435155632202515
"TGTAGGTGTGCTGA-1","T_cells",0.299642673122515
"TGTAGTCTTCCAGA-1","CMP",0.338774702878173
"TGTAGTCTTGCACA-1","T_cells",0.338783077134039
"TGTATCTGTTAGGC-1","T_cells",0.309944741936623
"TGTATGCTCATGGT-1","B_cell",0.278446818150231
"TGTATGCTGTAGGG-1","T_cells",0.273705404453452
"TGTATGCTTTCATC-1","T_cells",0.282885885320433
"TGTCAGGAATACCG-1","T_cells",0.32161104296796
"TGTCAGGAGATGAA-1","Monocyte",0.414373027601062
"TGTCTAACCCCTTG-1","T_cells",0.280458561927327
"TGTGACGATTCTCA-1","T_cells",0.378674669122695
"TGTGAGACTGTCAG-1","Monocyte",0.370677246692686
"TGTGAGACTTGAGC-1","T_cells",0.297839450018047
"TGTGAGTGACCACA-1","T_cells",0.29596070605737
"TGTGAGTGAGTGCT-1","Monocyte",0.410774551199814
"TGTGAGTGGAGATA-1","T_cells",0.258604892013542
"TGTGATCTCTCTAT-1","B_cell",0.288314349512695
"TGTGATCTGACACT-1","T_cells",0.22897202248594
"TGTGGATGGCCAAT-1","B_cell",0.270574758379394
"TGTTAAGACAAAGA-1","Monocyte",0.264524616604762
"TGTTAAGATAAGGA-1","Monocyte",0.353485410307842
"TGTTACACCGCATA-1","Monocyte",0.410860229361807
"TGTTACACGACTAC-1","Monocyte",0.342893771952553
"TGTTACTGGCTACA-1","T_cells",0.352640582124074
"TGTTACTGTAGTCG-1","NK_cell",0.303485820251588
"TTAACCACCGTAAC-1","T_cells",0.31263446794863
"TTAACCACTAAGGA-1","T_cells",0.270597464143694
"TTAACCACTCAGAC-1","T_cells",0.310471844064066
"TTACACACGTGTTG-1","T_cells",0.319067478001334
"TTACACACTCCTAT-1","T_cells",0.305531496059068
"TTACCATGAATCGC-1","Pre-B_cell_CD34-",0.371472198668815
"TTACCATGGTTGAC-1","T_cells",0.376551374829246
"TTACCATGTGTCTT-1","NK_cell",0.279896859528198
"TTACCATGTTGTGG-1","B_cell",0.306574664087817
"TTACGACTGAGAGC-1","T_cells",0.344582299963255
"TTACGACTTGACAC-1","Monocyte",0.319704558854078
"TTACGTACGTTCAG-1","Platelets",0.190506321254892
"TTACTCGAAGAATG-1","Monocyte",0.379323129880406
"TTACTCGACGCAAT-1","Monocyte",0.431669770769882
"TTACTCGAGGGTGA-1","T_cells",0.325172159321988
"TTACTCGATCTACT-1","NK_cell",0.362830216642551
"TTAGAATGTGGTGT-1","T_cells",0.29833080422529
"TTAGAATGTGTAGC-1","unassigned",0.206736739917485
"TTAGACCTCCTACC-1","T_cells",0.293198624071146
"TTAGACCTCCTTTA-1","Monocyte",0.353104721152626
"TTAGCTACAACCGT-1","T_cells",0.290192726103875
"TTAGCTACTGTCCC-1","Monocyte",0.40471687824229
"TTAGCTACTTTCGT-1","T_cells",0.344173073972426
"TTAGGGACGCGAAG-1","T_cells",0.313600256629257
"TTAGGGTGCTGGAT-1","B_cell",0.323658230147537
"TTAGGGTGTCCTGC-1","Monocyte",0.391249704663958
"TTAGGTCTACTTTC-1","Monocyte",0.30275042645937
"TTAGTCACCAGTTG-1","T_cells",0.340721031224608
"TTAGTCTGAAAGCA-1","B_cell",0.339229739880006
"TTAGTCTGCCAACA-1","NK_cell",0.326179199083858
"TTAGTCTGTGCACA-1","T_cells",0.302515971401432
"TTATCCGACTAGTG-1","B_cell",0.284130055408186
"TTATCCGAGAAAGT-1","Monocyte",0.411628522078793
"TTATGAGAGATAAG-1","T_cells",0.255536538460726
"TTATGCACGTCACA-1","B_cell",0.287334753130278
"TTATGGCTTATGGC-1","Monocyte",0.382355761176498
"TTATTCCTATGCTG-1","Monocyte",0.395536950322717
"TTATTCCTGGACAG-1","B_cell",0.309491078333607
"TTATTCCTGGTACT-1","B_cell",0.304601477918187
"TTATTCCTTCGTGA-1","T_cells",0.339510016773569
"TTCAAAGATAAAGG-1","T_cells",0.295147941623865
"TTCAACACAACAGA-1","T_cells",0.311031446881266
"TTCAACACCCCAAA-1","Monocyte",0.320378113929926
"TTCAACACGGACGA-1","Monocyte",0.384148141111353
"TTCAAGCTAAGAAC-1","Monocyte",0.389822435495832
"TTCAAGCTAGATGA-1","T_cells",0.317200327441586
"TTCAAGCTGTTGAC-1","T_cells",0.3404185059332
"TTCAAGCTTGATGC-1","T_cells",0.313702491380458
"TTCAAGCTTTCGCC-1","T_cells",0.294184503955096
"TTCACAACCCGTTC-1","Monocyte",0.38455833076355
"TTCACAACGTCTGA-1","Monocyte",0.26586190621852
"TTCAGACTACCCAA-1","unassigned",0.205110270070414
"TTCAGACTCTCGAA-1","T_cells",0.311476494583122
"TTCAGTACCGACTA-1","T_cells",0.349707700880468
"TTCAGTACTCAAGC-1","T_cells",0.375755757770173
"TTCAGTACTCCTAT-1","Monocyte",0.341504840679823
"TTCAGTTGCCAAGT-1","T_cells",0.303472407578781
"TTCAGTTGTCCTTA-1","Monocyte",0.309468061837146
"TTCAGTTGTCTAGG-1","T_cells",0.238399857326194
"TTCAGTTGTCTCGC-1","B_cell",0.258814642657221
"TTCATCGAGGTGGA-1","Monocyte",0.339669067925187
"TTCATGTGTGGTGT-1","T_cells",0.337230686801392
"TTCATTCTATGTCG-1","Monocyte",0.372228872838315
"TTCATTCTTCTCTA-1","T_cells",0.260078580504863
"TTCCAAACCTATGG-1","Monocyte",0.304138526240189
"TTCCAAACCTCCCA-1","B_cell",0.305529110075584
"TTCCAAACTCCCAC-1","NK_cell",0.263703523002143
"TTCCAAACTTGACG-1","T_cells",0.289738051527141
"TTCCATGACGAGAG-1","Pre-B_cell_CD34-",0.335075530056771
"TTCCATGACTGTCC-1","T_cells",0.223124645579772
"TTCCCACTTGAGGG-1","NK_cell",0.314998391166885
"TTCCCACTTGTCTT-1","Monocyte",0.396081443783809
"TTCCTAGAAAGTGA-1","T_cells",0.26600917651024
"TTCCTAGACTAGTG-1","Monocyte",0.332821541398861
"TTCGAGGACTCTAT-1","T_cells",0.329938427973742
"TTCGAGGAGGGCAA-1","T_cells",0.298384526006334
"TTCGAGGATAGAAG-1","Monocyte",0.330228416652894
"TTCGATTGAGCATC-1","T_cells",0.298132271999574
"TTCGGAGAATGCCA-1","Monocyte",0.312112878330528
"TTCGGAGATGTGCA-1","T_cells",0.328613619000336
"TTCGTATGAAAAGC-1","T_cells",0.310115825146481
"TTCGTATGGATAGA-1","T_cells",0.292106742767354
"TTCGTATGGTCTGA-1","T_cells",0.307362810080039
"TTCGTATGTCCTTA-1","Monocyte",0.437355759631102
"TTCTACGAACGTAC-1","T_cells",0.318683182216375
"TTCTACGAGTTGGT-1","T_cells",0.331506104327034
"TTCTAGTGACACGT-1","T_cells",0.363378570427034
"TTCTAGTGCATGAC-1","Monocyte",0.351759899581344
"TTCTAGTGGAGAGC-1","NK_cell",0.328913999964729
"TTCTAGTGGTCACA-1","Monocyte",0.385364704900808
"TTCTCAGAAGAGAT-1","T_cells",0.293343813029463
"TTCTCAGAAGCATC-1","B_cell",0.323237062721769
"TTCTCAGATGGAGG-1","T_cells",0.370756895801616
"TTCTGATGGAGACG-1","NK_cell",0.388650334389426
"TTCTTACTCTGGAT-1","Monocyte",0.343337400280929
"TTGAACCTCCTTGC-1","B_cell",0.247603931277108
"TTGAATGAACTACG-1","Monocyte",0.36939806607795
"TTGAATGACTTACT-1","T_cells",0.309116918038352
"TTGAATGATCTCAT-1","B_cell",0.304318463695082
"TTGACACTCTGTAG-1","T_cells",0.292319763611976
"TTGACACTGATAAG-1","B_cell",0.257414588969964
"TTGAGGACAGAACA-1","Monocyte",0.351806015593647
"TTGAGGACTACGCA-1","Monocyte",0.428205392539539
"TTGAGGTGGACGGA-1","T_cells",0.286239459370251
"TTGCATTGAGCTAC-1","T_cells",0.286690331852633
"TTGCATTGCTAAGC-1","Monocyte",0.38960476448173
"TTGCATTGTGACTG-1","T_cells",0.316471328150823
"TTGCTAACACCAAC-1","T_cells",0.322485660476009
"TTGCTAACACGCTA-1","Monocyte",0.359299221424532
"TTGCTAACCACTCC-1","T_cells",0.289915311360205
"TTGCTATGGTACGT-1","Monocyte",0.403627047118165
"TTGCTATGGTAGGG-1","Pre-B_cell_CD34-",0.38192966354331
"TTGGAGACCAATCG-1","T_cells",0.367476282805364
"TTGGAGACGCTATG-1","Monocyte",0.354342470285259
"TTGGAGACTATGGC-1","B_cell",0.284265508556051
"TTGGGAACTGAACC-1","T_cells",0.280930045147474
"TTGGTACTACTGGT-1","Monocyte",0.38977793786037
"TTGGTACTCTTAGG-1","T_cells",0.294382346133074
"TTGGTACTGAATCC-1","B_cell",0.298011851751871
"TTGGTACTGGATTC-1","B_cell",0.296565272868561
"TTGTACACGTTGTG-1","B_cell",0.266482531051506
"TTGTACACTTGCAG-1","T_cells",0.334007628279334
"TTGTAGCTAGCTCA-1","T_cells",0.32668723842584
"TTGTAGCTCTCTTA-1","B_cell",0.303906977066446
"TTGTCATGGACGGA-1","NK_cell",0.355157316414814
"TTTAGAGATCCTCG-1","B_cell",0.315745158765801
"TTTAGCTGATACCG-1","T_cells",0.331367346639679
"TTTAGCTGGATACC-1","Monocyte",0.356617973553326
"TTTAGCTGTACTCT-1","Monocyte",0.385091906366279
"TTTAGGCTCCTTTA-1","Monocyte",0.357697358330216
"TTTATCCTGTTGTG-1","Monocyte",0.409315211430944
"TTTCACGAGGTTCA-1","T_cells",0.306451592272544
"TTTCAGTGGAAGGC-1","T_cells",0.296083955364149
"TTTCAGTGTCACGA-1","B_cell",0.294646119369035
"TTTCAGTGTCTATC-1","Monocyte",0.317992017979934
"TTTCAGTGTGCAGT-1","B_cell",0.261358310829879
"TTTCCAGAGGTGAG-1","T_cells",0.322223992512343
"TTTCGAACACCTGA-1","Pre-B_cell_CD34-",0.346559442923546
"TTTCGAACTCTCAT-1","Monocyte",0.391851761377586
"TTTCTACTGAGGCA-1","Pre-B_cell_CD34-",0.315777557855351
"TTTCTACTTCCTCG-1","B_cell",0.272972423270972
"TTTGCATGAGAGGC-1","B_cell",0.23243002286213
"TTTGCATGCCTCAC-1","T_cells",0.307951282242663
