barcode,label,confidence,true_label,split
AAACATACAACCAC-1,CD4 T cells,0.99892825,CD4 T cells,train
AAACATTGAGCTAC-1,B cells,0.9985941,B cells,train
AAACATTGATCAGC-1,CD4 T cells,0.99909866,CD4 T cells,train
AAACCGTGCTTCCG-1,CD14+ Monocytes,0.99900776,CD14+ Monocytes,train
AAACCGTGTATGCG-1,NK cells,0.9965101,NK cells,test
AAACGCACTGGTAC-1,CD8 T cells,0.994369,CD8 T cells,train
AAACGCTGACCAGT-1,CD8 T cells,0.9385158,CD8 T cells,test
AAACGCTGGTTCTT-1,CD8 T cells,0.908612,CD8 T cells,test
AAACGCTGTAGCCA-1,B cells,0.63098466,CD4 T cells,test
AAACGCTGTTTCTG-1,FCGR3A+ Monocytes,0.996682,FCGR3A+ Monocytes,train
AAACTTGAAAAACG-1,B cells,0.9989411,B cells,test
AAACTTGATCCAGA-1,CD4 T cells,0.9996693,CD4 T cells,train
AAAGAGACGAGATA-1,CD4 T cells,0.99955434,CD4 T cells,train
AAAGAGACGCGAGA-1,CD14+ Monocytes,0.99947625,CD14+ Monocytes,train
AAAGAGACGGACTT-1,CD8 T cells,0.9996263,CD8 T cells,train
AAAGAGACGGCATT-1,CD4 T cells,0.99953675,CD4 T cells,test
AAAGCAGATATCGG-1,CD14+ Monocytes,0.97834843,CD14+ Monocytes,test
AAAGCCTGTATGCG-1,CD4 T cells,0.99968183,CD4 T cells,test
AAAGGCCTGTCTAG-1,B cells,0.9439704,B cells,test
AAAGTTTGATCACG-1,B cells,0.99970055,B cells,test
AAAGTTTGGGGTGA-1,B cells,0.99961627,B cells,train
AAAGTTTGTAGAGA-1,CD4 T cells,0.99999416,CD4 T cells,test
AAAGTTTGTAGCGT-1,CD14+ Monocytes,0.9999714,CD14+ Monocytes,train
AAATCAACAATGCC-1,B cells,0.99860066,B cells,train
AAATCAACACCAGT-1,CD4 T cells,0.998862,CD4 T cells,train
AAATCAACCAGGAG-1,CD4 T cells,0.99750406,CD4 T cells,test
AAATCAACCCTATT-1,FCGR3A+ Monocytes,0.9783318,CD4 T cells,test
AAATCAACGGAAGC-1,CD4 T cells,0.9999974,CD4 T cells,train
AAATCAACTCGCAA-1,CD4 T cells,0.99996483,CD4 T cells,train
AAATCATGACCACA-1,FCGR3A+ Monocytes,0.99946505,FCGR3A+ Monocytes,test
AAATCCCTCCACAA-1,CD8 T cells,0.9976478,CD8 T cells,train
AAATCCCTGCTATG-1,B cells,0.9994783,B cells,train
AAATGTTGAACGAA-1,CD14+ Monocytes,0.9996884,CD14+ Monocytes,train
AAATGTTGCCACAA-1,CD4 T cells,0.9977647,CD4 T cells,test
AAATGTTGTGGCAT-1,CD14+ Monocytes,0.99908507,CD14+ Monocytes,train
AAATTCGAAGGTTC-1,CD4 T cells,0.9549754,CD4 T cells,test
AAATTCGAATCACG-1,CD14+ Monocytes,0.99993765,CD14+ Monocytes,test
AAATTCGAGCTGAT-1,FCGR3A+ Monocytes,0.9944865,FCGR3A+ Monocytes,train
AAATTCGAGGAGTG-1,CD4 T cells,0.99960774,CD4 T cells,train
AAATTCGATTCTCA-1,CD8 T cells,0.9983853,CD8 T cells,train
AAATTGACACGACT-1,CD8 T cells,0.99944884,CD8 T cells,train
AAATTGACTCGCTC-1,CD8 T cells,0.99837697,CD8 T cells,train
AACAAACTCATTTC-1,CD4 T cells,0.9995407,CD4 T cells,train
AACAAACTTTCGTT-1,CD4 T cells,1.0,CD4 T cells,train
AACAATACGACGAG-1,CD4 T cells,0.9999957,CD4 T cells,train
AACACGTGCAGAGG-1,CD4 T cells,0.99266607,CD4 T cells,train
AACACGTGGAAAGT-1,CD4 T cells,0.9999962,CD4 T cells,test
AACACGTGGAACCT-1,CD14+ Monocytes,0.9982332,CD14+ Monocytes,test
AACACGTGGCTACA-1,CD4 T cells,0.99995816,CD4 T cells,test
AACACGTGTACGAC-1,FCGR3A+ Monocytes,0.99831474,FCGR3A+ Monocytes,train
AACAGCACAAGAGT-1,CD14+ Monocytes,0.99961615,CD14+ Monocytes,train
AACATTGATGGGAG-1,FCGR3A+ Monocytes,0.97553307,FCGR3A+ Monocytes,train
AACCAGTGATACCG-1,FCGR3A+ Monocytes,0.96490645,FCGR3A+ Monocytes,train
AACCCAGATCGCTC-1,CD4 T cells,0.9999708,CD4 T cells,train
AACCGATGCTCCCA-1,CD4 T cells,0.99994814,CD4 T cells,train
AACCGATGGTCATG-1,B cells,0.99998915,B cells,test
AACCGATGTTCTAC-1,CD14+ Monocytes,0.99982494,CD14+ Monocytes,train
AACCGCCTAGCGTT-1,CD4 T cells,0.9999763,CD4 T cells,test
AACCGCCTCTACGA-1,CD14+ Monocytes,0.9679575,CD14+ Monocytes,test
AACCTACTGTGAGG-1,CD14+ Monocytes,0.9991386,CD14+ Monocytes,train
AACCTACTGTGTTG-1,CD4 T cells,0.9998292,CD4 T cells,test
AACCTTACGAGACG-1,CD4 T cells,0.99822384,CD4 T cells,test
AACCTTACGCGAGA-1,NK cells,0.9988482,NK cells,train
AACCTTACTAACGC-1,FCGR3A+ Monocytes,0.9989575,FCGR3A+ Monocytes,train
AACCTTTGGACGGA-1,CD4 T cells,0.99994135,CD4 T cells,train
AACCTTTGTACGCA-1,FCGR3A+ Monocytes,0.996443,FCGR3A+ Monocytes,train
AACGCAACAAGTAG-1,CD4 T cells,0.99985564,CD4 T cells,train
AACGCATGACCCAA-1,CD4 T cells,0.99988127,CD4 T cells,test
AACGCATGCCTTCG-1,CD4 T cells,0.99950933,CD4 T cells,train
AACGCATGTACTTC-1,CD4 T cells,0.9999937,CD4 T cells,test
AACGCCCTCGGGAA-1,CD4 T cells,0.9972819,CD4 T cells,test
AACGCCCTCGTACA-1,NK cells,0.9988493,NK cells,train
AACGCCCTGGCATT-1,CD4 T cells,0.9996213,CD4 T cells,train
AACGTCGAGTATCG-1,NK cells,0.999241,NK cells,train
AACGTGTGAAAGCA-1,CD4 T cells,0.9999969,CD4 T cells,test
AACGTGTGGCGGAA-1,B cells,0.99860376,B cells,train
AACGTGTGTCCAAG-1,CD4 T cells,0.9999964,CD4 T cells,test
AACGTGTGTGCTTT-1,CD4 T cells,0.9999156,CD4 T cells,train
AACTACCTTAGAGA-1,CD4 T cells,0.985957,CD4 T cells,train
AACTCACTCAAGCT-1,CD14+ Monocytes,0.9958365,CD14+ Monocytes,test
AACTCACTTGGAGG-1,CD14+ Monocytes,0.999537,CD14+ Monocytes,train
AACTCGGAAAGTGA-1,CD8 T cells,0.9985447,CD8 T cells,train
AACTCGGAAGGTCT-1,CD14+ Monocytes,0.9982823,CD14+ Monocytes,train
AACTCTTGCAGGAG-1,CD4 T cells,0.9990018,CD4 T cells,train
AACTGTCTCCCTTG-1,CD14+ Monocytes,0.99985695,CD14+ Monocytes,train
AACTTGCTACGCTA-1,B cells,0.99828416,B cells,train
AACTTGCTGGGACA-1,CD4 T cells,0.99941075,CD4 T cells,train
AAGAACGAGTGTTG-1,CD4 T cells,0.9993623,CD4 T cells,train
AAGAAGACGTAGGG-1,B cells,0.9954288,B cells,test
AAGACAGAAGTCTG-1,B cells,0.9998128,B cells,train
AAGACAGAGGATCT-1,CD4 T cells,0.96581304,CD4 T cells,test
AAGACAGATTACCT-1,CD14+ Monocytes,0.9989537,CD14+ Monocytes,train
AAGAGATGGGTAGG-1,B cells,0.9985347,B cells,train
AAGATGGAAAACAG-1,B cells,0.9986975,B cells,test
AAGATGGAGAACTC-1,CD14+ Monocytes,0.999527,CD14+ Monocytes,train
AAGATGGAGATAAG-1,CD14+ Monocytes,0.9996327,CD14+ Monocytes,test
AAGATTACAACCTG-1,CD4 T cells,0.9999938,CD4 T cells,test
AAGATTACAGATCC-1,CD14+ Monocytes,0.9999075,CD14+ Monocytes,train
AAGATTACCCGTTC-1,CD14+ Monocytes,0.99963653,CD14+ Monocytes,train
AAGATTACCGCCTT-1,Dendritic cells,0.9710263,Dendritic cells,train
AAGATTACCTCAAG-1,NK cells,0.9999664,NK cells,train
AAGATTACTCCTCG-1,CD14+ Monocytes,0.9997726,CD14+ Monocytes,test
AAGCAAGAGCGAGA-1,CD4 T cells,0.9984419,CD4 T cells,test
AAGCAAGAGCTTAG-1,NK cells,0.9053491,CD8 T cells,test
AAGCAAGAGGTGTT-1,NK cells,0.9992293,NK cells,train
AAGCACTGAGCAAA-1,B cells,0.999762,B cells,train
AAGCACTGCATACG-1,CD8 T cells,0.9976373,CD8 T cells,train
AAGCACTGGTTCTT-1,B cells,0.96044725,B cells,test
AAGCCAACGTGTTG-1,CD4 T cells,0.99984515,CD4 T cells,train
AAGCCATGAACTGC-1,Dendritic cells,0.99036926,Dendritic cells,train
AAGCCATGACACGT-1,CD14+ Monocytes,0.99980503,CD14+ Monocytes,train
AAGCCATGCGTGAT-1,CD4 T cells,0.99995065,CD4 T cells,train
AAGCCATGTCTCGC-1,CD4 T cells,0.99454534,CD4 T cells,train
AAGCCTGACATGCA-1,CD4 T cells,0.9997514,CD4 T cells,train
AAGCCTGACCGAAT-1,CD14+ Monocytes,0.9991866,CD14+ Monocytes,train
AAGCGACTCCTCAC-1,FCGR3A+ Monocytes,0.941761,FCGR3A+ Monocytes,train
AAGCGACTGTGTCA-1,CD4 T cells,0.9999757,CD4 T cells,train
AAGCGACTTACAGC-1,B cells,0.9998331,B cells,train
AAGCGACTTTGACG-1,FCGR3A+ Monocytes,0.99252254,FCGR3A+ Monocytes,train
AAGCGTACGTCTTT-1,CD4 T cells,0.99951506,CD4 T cells,train
AAGGCTTGCGAACT-1,CD8 T cells,0.99997544,CD8 T cells,test
AAGGTCACGGTTAC-1,CD14+ Monocytes,0.9999343,CD14+ Monocytes,train
AAGGTCACTGTTTC-1,B cells,0.99983644,B cells,train
AAGGTCACTTCCCG-1,CD8 T cells,0.99834466,CD8 T cells,train
AAGGTCTGACAGTC-1,CD4 T cells,0.999949,CD4 T cells,train
AAGGTCTGCAGATC-1,CD4 T cells,0.999713,CD4 T cells,train
AAGTAACTCTGAAC-1,CD14+ Monocytes,0.9997049,CD14+ Monocytes,train
AAGTAACTGAGATA-1,B cells,0.99971956,B cells,train
AAGTAGGATACAGC-1,NK cells,0.8954929,NK cells,train
AAGTATACCGAACT-1,CD4 T cells,0.9991992,CD4 T cells,train
AAGTCCGACTTGTT-1,CD4 T cells,0.9996933,CD4 T cells,train
AAGTCCGATAGAAG-1,CD4 T cells,0.99957424,CD4 T cells,train
AAGTCTCTAGTCGT-1,CD4 T cells,0.999972,CD4 T cells,test
AAGTCTCTCGGAGA-1,CD8 T cells,0.99985003,CD8 T cells,test
AAGTGGCTTGGAGG-1,B cells,0.99843055,B cells,train
AAGTTCCTCATTCT-1,CD14+ Monocytes,0.99906653,CD14+ Monocytes,train
AAGTTCCTTCTTAC-1,CD4 T cells,0.99686193,CD4 T cells,train
AATAAGCTCGAATC-1,CD4 T cells,0.9999627,CD4 T cells,train
AATAAGCTCGTTGA-1,CD4 T cells,0.99996364,CD4 T cells,train
AATACCCTGGACGA-1,B cells,0.99859935,B cells,test
AATACCCTGGCATT-1,CD4 T cells,0.99997044,CD4 T cells,test
AATACTGAAAGGGC-1,NK cells,0.96020234,CD8 T cells,test
AATACTGAATTGGC-1,NK cells,0.9982327,NK cells,train
AATAGGGAACCCTC-1,B cells,0.9997795,B cells,train
AATAGGGAGAATGA-1,CD8 T cells,0.9956293,CD8 T cells,train
AATCAAACTATCGG-1,CD4 T cells,0.5711766,CD8 T cells,test
AATCCGGAATGCTG-1,B cells,0.9999151,B cells,test
AATCCTACCGGTAT-1,CD4 T cells,0.998223,CD4 T cells,train
AATCCTTGACGGGA-1,CD14+ Monocytes,0.9993223,CD14+ Monocytes,train
AATCCTTGGTGAGG-1,NK cells,0.999278,NK cells,test
AATCGGTGGAACTC-1,CD8 T cells,0.48080352,CD8 T cells,test
AATCGGTGTGCTTT-1,CD4 T cells,0.99830425,CD4 T cells,train
AATCTAGAAAAGTG-1,CD4 T cells,0.9995177,CD4 T cells,train
AATCTAGAATCGGT-1,CD8 T cells,0.99186945,CD8 T cells,train
AATCTCACAGCCTA-1,CD14+ Monocytes,0.9996505,CD14+ Monocytes,test
AATCTCACTCTAGG-1,CD4 T cells,0.9999989,CD4 T cells,train
AATCTCTGAACAGA-1,CD4 T cells,0.9969875,CD4 T cells,test
AATCTCTGCTTTAC-1,NK cells,0.99953914,NK cells,train
AATGATACACCAAC-1,CD8 T cells,0.99998033,CD8 T cells,train
AATGATACGGTCAT-1,CD14+ Monocytes,0.9986682,CD14+ Monocytes,train
AATGCGTGACACCA-1,B cells,0.9984353,B cells,test
AATGCGTGGACGGA-1,Dendritic cells,0.51105154,Dendritic cells,test
AATGCGTGGCTATG-1,B cells,0.9999287,B cells,train
AATGGAGAATCGTG-1,CD14+ Monocytes,0.9999466,CD14+ Monocytes,test
AATGGAGATCCTTA-1,CD8 T cells,0.99972326,CD8 T cells,train
AATGGCTGACACCA-1,B cells,0.9980235,B cells,test
AATGGCTGCGTGAT-1,CD4 T cells,0.99964046,CD4 T cells,train
AATGGCTGTAAAGG-1,CD8 T cells,0.8265053,CD8 T cells,train
AATGGCTGTACTCT-1,CD8 T cells,0.9990055,CD8 T cells,train
AATGGCTGTGAAGA-1,CD4 T cells,0.9998161,CD4 T cells,train
AATGTAACGGTGGA-1,CD4 T cells,0.9999962,CD4 T cells,test
AATGTCCTCTTCTA-1,CD4 T cells,0.99960905,CD4 T cells,test
AATGTTGACAGTCA-1,CD4 T cells,0.9999883,CD4 T cells,train
AATGTTGAGTTGAC-1,CD14+ Monocytes,0.99997437,CD14+ Monocytes,train
AATGTTGATCTACT-1,CD4 T cells,0.9996736,CD4 T cells,train
AATTACGAATTCCT-1,Dendritic cells,0.9741444,Dendritic cells,train
AATTACGACTTCTA-1,CD4 T cells,0.9997582,CD4 T cells,train
AATTACGAGTGAGG-1,CD4 T cells,0.99997294,CD4 T cells,test
AATTACGATTGGCA-1,B cells,0.99898976,B cells,test
AATTCCTGCTCAGA-1,B cells,0.9986274,B cells,train
AATTGATGTCGCAA-1,FCGR3A+ Monocytes,0.9889432,FCGR3A+ Monocytes,train
AATTGTGACTTGGA-1,B cells,0.99845684,B cells,train
ACAAAGGAGGGTGA-1,CD4 T cells,0.9998927,CD4 T cells,train
ACAAATTGATTCTC-1,FCGR3A+ Monocytes,0.9970939,FCGR3A+ Monocytes,train
ACAAATTGCTCAGA-1,CD14+ Monocytes,0.9968335,CD14+ Monocytes,test
ACAAATTGTTGCGA-1,NK cells,0.9994666,NK cells,train
ACAACCGAGGGATG-1,NK cells,0.9953891,NK cells,train
ACAACCGAGTTACG-1,CD4 T cells,0.99808383,CD4 T cells,test
ACAAGAGAAGTCGT-1,CD14+ Monocytes,0.9998971,CD14+ Monocytes,test
ACAAGAGACTTATC-1,CD4 T cells,0.9999815,CD4 T cells,train
ACAAGAGAGTTGAC-1,B cells,0.9985927,B cells,train
ACAATCCTAACCGT-1,CD4 T cells,0.9919537,CD4 T cells,test
ACAATCCTTAGCGT-1,B cells,0.99944013,B cells,test
ACAATTGACTGACA-1,CD8 T cells,0.9993849,CD8 T cells,train
ACAATTGATGACTG-1,NK cells,0.99439794,NK cells,test
ACACAGACCATACG-1,CD8 T cells,0.9999788,CD8 T cells,train
ACACCAGAGGGCAA-1,CD8 T cells,0.99833894,CD8 T cells,train
ACACCCTGGTGTTG-1,NK cells,0.8939483,NK cells,test
ACACGAACAGTTCG-1,CD4 T cells,0.99989104,CD4 T cells,test
ACACGATGACGCAT-1,CD8 T cells,0.999961,CD8 T cells,train
ACACGATGATGTGC-1,CD14+ Monocytes,0.99962795,CD14+ Monocytes,train
ACACGATGTCGTAG-1,CD8 T cells,0.9993259,CD8 T cells,train
ACACGATGTGGTCA-1,CD8 T cells,0.99994254,CD8 T cells,test
ACAGACACGGCATT-1,CD8 T cells,0.9995633,CD4 T cells,test
ACAGACACGTTGTG-1,CD4 T cells,0.9997396,CD4 T cells,train
ACAGCAACACCTAG-1,CD14+ Monocytes,0.9971131,CD14+ Monocytes,train
ACAGCAACCTCAAG-1,FCGR3A+ Monocytes,0.99715745,FCGR3A+ Monocytes,train
ACAGGTACCCCACT-1,CD4 T cells,0.9978604,CD4 T cells,train
ACAGGTACGCTGTA-1,CD4 T cells,0.9808239,CD8 T cells,test
ACAGGTACTGGTGT-1,NK cells,0.9998938,NK cells,test
ACAGTCGACCCAAA-1,CD4 T cells,0.99688256,CD4 T cells,train
ACAGTCGACCGATA-1,CD8 T cells,0.9999758,CD8 T cells,train
ACAGTGACTCACCC-1,CD8 T cells,0.9993253,CD8 T cells,train
ACAGTGACTCTATC-1,CD8 T cells,0.99916327,CD8 T cells,train
ACAGTGTGGTCACA-1,CD4 T cells,0.9994856,CD4 T cells,train
ACAGTGTGTTGCGA-1,CD14+ Monocytes,0.9993594,CD14+ Monocytes,test
ACATCACTCTACTT-1,CD14+ Monocytes,0.99979395,CD14+ Monocytes,test
ACATGGTGAAGCCT-1,CD4 T cells,0.9997942,CD4 T cells,train
ACATGGTGCAACCA-1,B cells,0.9987507,B cells,train
ACATGGTGCGAGTT-1,CD4 T cells,0.9775654,CD4 T cells,test
ACATTCTGGCATAC-1,CD4 T cells,0.99952006,CD4 T cells,test
ACATTCTGGGAACG-1,CD14+ Monocytes,0.99881506,CD14+ Monocytes,train
ACCAACGACATGCA-1,CD4 T cells,0.9993217,CD4 T cells,test
ACCACAGAAAGTAG-1,CD4 T cells,0.9999342,CD4 T cells,train
ACCACAGAGTTGGT-1,CD4 T cells,0.9990325,CD4 T cells,train
ACCACCTGTGTGCA-1,CD4 T cells,0.99606955,CD4 T cells,test
ACCACGCTACAGCT-1,CD4 T cells,0.99860567,CD4 T cells,train
ACCACGCTACCCAA-1,CD8 T cells,0.99845946,CD8 T cells,train
ACCACGCTGCGAGA-1,CD4 T cells,0.9991749,CD4 T cells,train
ACCACGCTGCTGTA-1,CD4 T cells,0.83302206,CD4 T cells,test
ACCAGCCTGACAGG-1,CD4 T cells,0.99997747,CD4 T cells,train
ACCAGTGAACGGTT-1,B cells,0.9999064,B cells,train
ACCAGTGAATACCG-1,FCGR3A+ Monocytes,0.9918359,FCGR3A+ Monocytes,train
ACCAGTGAGGGATG-1,CD4 T cells,0.9999944,CD4 T cells,train
ACCAGTGATGACTG-1,CD14+ Monocytes,0.99998415,CD14+ Monocytes,train
ACCATTACCTTCTA-1,CD4 T cells,0.9999939,CD4 T cells,test
ACCATTACGAGATA-1,CD4 T cells,0.99490297,CD4 T cells,test
ACCATTTGTCATTC-1,CD4 T cells,0.9996588,CD4 T cells,test
ACCCAAGAACTGTG-1,CD8 T cells,0.9995135,CD8 T cells,test
ACCCAAGAATTCCT-1,FCGR3A+ Monocytes,0.9964562,FCGR3A+ Monocytes,train
ACCCAAGAGGACAG-1,CD4 T cells,0.9999691,CD4 T cells,train
ACCCAAGATTCACT-1,B cells,0.9998311,B cells,train
ACCCACTGCGCCTT-1,CD14+ Monocytes,0.99877256,CD14+ Monocytes,train
ACCCACTGGACAGG-1,CD4 T cells,0.9999316,CD4 T cells,test
ACCCACTGGTTCAG-1,Megakaryocytes,0.99620086,Megakaryocytes,test
ACCCACTGTCGTAG-1,CD14+ Monocytes,0.9961874,CD14+ Monocytes,train
ACCCAGCTCAGAAA-1,CD4 T cells,0.99986494,CD4 T cells,train
ACCCAGCTGTTAGC-1,CD14+ Monocytes,0.97495735,CD14+ Monocytes,test
ACCCAGCTTGCTTT-1,CD4 T cells,0.9999907,CD4 T cells,train
ACCCGTTGATGACC-1,B cells,0.99981135,B cells,train
ACCCGTTGCTGCAA-1,CD4 T cells,0.99897265,CD4 T cells,train
ACCCGTTGCTTCTA-1,Dendritic cells,0.9866138,Dendritic cells,train
ACCCTCGACCTATT-1,CD8 T cells,0.5291607,CD4 T cells,test
ACCCTCGACGGTAT-1,B cells,0.9996747,B cells,train
ACCCTCGATAAGGA-1,CD14+ Monocytes,0.99667966,CD14+ Monocytes,train
ACCCTCGATCAAGC-1,CD14+ Monocytes,0.9846869,CD14+ Monocytes,train
ACCGTGCTACCAGT-1,CD4 T cells,0.99999344,CD4 T cells,train
ACCGTGCTGGAACG-1,B cells,0.999907,B cells,test
ACCTATTGCTGAGT-1,B cells,0.99979657,B cells,test
ACCTATTGTGCCCT-1,FCGR3A+ Monocytes,0.9975472,FCGR3A+ Monocytes,train
ACCTCCGAGTCCTC-1,CD4 T cells,0.86138314,CD4 T cells,test
ACCTCCGATATGCG-1,CD4 T cells,0.9999356,CD4 T cells,test
ACCTCCGATGCTGA-1,CD4 T cells,0.99965215,CD4 T cells,train
ACCTCGTGAACCAC-1,CD8 T cells,0.999619,CD8 T cells,train
ACCTGAGATATCGG-1,Megakaryocytes,0.9507941,Megakaryocytes,train
ACCTGGCTAAGTAG-1,NK cells,0.99976104,NK cells,train
ACCTTTGACTCCCA-1,CD14+ Monocytes,0.9980368,CD14+ Monocytes,train
ACCTTTGAGGAACG-1,CD14+ Monocytes,0.99913114,CD14+ Monocytes,test
ACCTTTGAGGAAGC-1,FCGR3A+ Monocytes,0.9676839,FCGR3A+ Monocytes,train
ACGAACACCTTGTT-1,NK cells,0.99507093,NK cells,train
ACGAACTGGCTATG-1,Megakaryocytes,0.9959538,Megakaryocytes,train
ACGAAGCTCTCCAC-1,CD4 T cells,0.9987062,CD4 T cells,train
ACGAAGCTCTGAGT-1,B cells,0.9969398,B cells,train
ACGACCCTATCTCT-1,CD14+ Monocytes,0.900046,FCGR3A+ Monocytes,train
ACGACCCTGATGAA-1,CD8 T cells,0.60483515,CD8 T cells,test
ACGACCCTTGACAC-1,B cells,0.99982613,B cells,train
ACGACCCTTGACCA-1,CD4 T cells,0.9973199,CD4 T cells,train
ACGAGGGACAGGAG-1,Dendritic cells,0.9940013,Dendritic cells,test
ACGAGGGACGAACT-1,CD4 T cells,0.99999535,CD4 T cells,train
ACGAGGGATGTAGC-1,CD4 T cells,0.99891615,CD4 T cells,train
ACGAGTACCCTAAG-1,B cells,0.99987924,B cells,train
ACGAGTACGAATCC-1,B cells,0.9961747,B cells,train
ACGATCGAGGACTT-1,CD4 T cells,0.98640907,NK cells,test
ACGATCGAGTCACA-1,CD14+ Monocytes,0.99933213,CD14+ Monocytes,train
ACGATGACAATGCC-1,CD4 T cells,0.9995247,CD4 T cells,train
ACGATGACTGGTCA-1,CD4 T cells,0.94305533,CD4 T cells,train
ACGATTCTACGGGA-1,CD8 T cells,0.99602437,CD4 T cells,test
ACGCAATGGTTCAG-1,NK cells,0.98924834,NK cells,test
ACGCACCTGTTAGC-1,B cells,0.9997235,B cells,train
ACGCCACTGAACTC-1,CD14+ Monocytes,0.9974718,CD14+ Monocytes,train
ACGCCGGAAACCAC-1,CD14+ Monocytes,0.9999466,CD14+ Monocytes,train
ACGCCGGAAAGCCT-1,CD4 T cells,0.99483263,CD4 T cells,train
ACGCCGGAAATGCC-1,CD4 T cells,0.9998542,CD4 T cells,train
ACGCCTTGCTCCCA-1,FCGR3A+ Monocytes,0.9991653,FCGR3A+ Monocytes,train
ACGCGGTGGCGAGA-1,CD4 T cells,0.99999356,CD4 T cells,test
ACGCGGTGTGTGGT-1,B cells,0.9998037,B cells,test
ACGCGGTGTTTGCT-1,CD8 T cells,0.99503326,CD8 T cells,train
ACGCTCACAGTACC-1,CD4 T cells,0.9991374,CD4 T cells,train
ACGCTCACCCTTGC-1,CD4 T cells,0.9999908,CD4 T cells,train
ACGCTGCTGTTCTT-1,NK cells,0.9995697,NK cells,train
ACGGAACTCAGATC-1,NK cells,0.9981585,NK cells,test
ACGGAACTGTCGTA-1,FCGR3A+ Monocytes,0.9966466,FCGR3A+ Monocytes,train
ACGGAGGACTCTTA-1,CD14+ Monocytes,0.9991584,CD14+ Monocytes,train
ACGGATTGGGAGGT-1,B cells,0.9996656,B cells,train
ACGGATTGGTTAGC-1,CD4 T cells,0.9970945,CD4 T cells,train
ACGGCTCTGAGCAG-1,CD4 T cells,0.9998933,CD4 T cells,train
ACGGCTCTTGCACA-1,CD4 T cells,0.99951565,CD4 T cells,train
ACGGTAACCGCTAA-1,CD4 T cells,0.99949944,CD4 T cells,train
ACGGTAACCTTCGC-1,CD8 T cells,0.99991214,CD8 T cells,test
ACGGTAACGGTGGA-1,CD4 T cells,0.9999399,CD4 T cells,train
ACGGTAACTCGCAA-1,CD8 T cells,0.99981385,CD8 T cells,train
ACGGTATGAGTCGT-1,CD14+ Monocytes,0.99956805,CD14+ Monocytes,train
ACGGTATGGGTATC-1,B cells,0.99974173,B cells,test
ACGGTATGGTTGTG-1,B cells,0.99988186,B cells,train
ACGGTCCTAACGGG-1,CD4 T cells,0.9998004,CD4 T cells,train
ACGGTCCTCGGGAA-1,CD4 T cells,0.99904424,CD4 T cells,train
ACGTAGACAACCAC-1,CD4 T cells,0.999824,CD4 T cells,train
ACGTAGACTACAGC-1,B cells,0.9982242,B cells,train
ACGTCAGAAACGAA-1,CD4 T cells,0.99963,CD4 T cells,train
ACGTCAGAGAGCTT-1,CD14+ Monocytes,0.99748576,CD14+ Monocytes,test
ACGTCAGAGGGATG-1,CD4 T cells,0.99981207,CD4 T cells,train
ACGTCCTGATAAGG-1,CD14+ Monocytes,0.99988747,CD14+ Monocytes,train
ACGTCCTGTGAACC-1,CD14+ Monocytes,0.99864787,CD14+ Monocytes,train
ACGTCGCTCCTGAA-1,NK cells,0.52043724,NK cells,test
ACGTCGCTCTATTC-1,CD14+ Monocytes,0.99542516,CD14+ Monocytes,train
ACGTCGCTTCTCAT-1,B cells,0.9995129,B cells,train
ACGTGATGCCATGA-1,Dendritic cells,0.9095088,Dendritic cells,train
ACGTGATGGGTCTA-1,CD4 T cells,0.99965703,CD4 T cells,train
ACGTGATGTAACCG-1,FCGR3A+ Monocytes,0.9886397,FCGR3A+ Monocytes,train
ACGTGATGTGACAC-1,NK cells,0.9980282,NK cells,train
ACGTGCCTCCGTAA-1,CD4 T cells,0.9926105,CD4 T cells,train
ACGTGCCTTCTATC-1,CD8 T cells,0.99901557,CD8 T cells,train
ACGTTACTTTCCAT-1,CD4 T cells,0.9998621,CD4 T cells,train
ACGTTGGAAAAGCA-1,CD4 T cells,0.9932827,CD4 T cells,train
ACGTTGGAAACCTG-1,CD8 T cells,0.9990264,CD8 T cells,train
ACGTTGGACCGTAA-1,CD14+ Monocytes,0.99988127,CD14+ Monocytes,train
ACGTTGGAGCCAAT-1,NK cells,0.9980989,NK cells,train
ACGTTGGATATGGC-1,B cells,0.9985765,B cells,test
ACGTTGGATCAGGT-1,CD14+ Monocytes,0.9997235,CD14+ Monocytes,train
ACGTTTACATCAGC-1,CD4 T cells,0.9987746,CD4 T cells,test
ACTAAAACCCACAA-1,CD4 T cells,0.64969593,CD8 T cells,test
ACTAAAACTCGACA-1,CD14+ Monocytes,0.99897707,CD14+ Monocytes,test
ACTACGGAATTTCC-1,CD4 T cells,0.99995434,CD4 T cells,train
ACTACGGACCTATT-1,CD4 T cells,0.9997577,CD4 T cells,train
ACTACGGATCGCTC-1,CD4 T cells,0.9999962,CD4 T cells,train
ACTACTACTAAGGA-1,CD4 T cells,0.9999107,CD4 T cells,train
ACTAGGTGGAACCT-1,CD8 T cells,0.9994417,CD8 T cells,train
ACTAGGTGGAACTC-1,CD4 T cells,0.9988122,CD4 T cells,test
ACTATCACCTTGGA-1,CD8 T cells,0.9999498,CD8 T cells,train
ACTATCACTGCCAA-1,CD4 T cells,0.9999795,CD4 T cells,train
ACTCAGGACTGAAC-1,CD4 T cells,0.9999305,CD4 T cells,test
ACTCAGGATCTATC-1,B cells,0.9997124,B cells,test
ACTCAGGATTCGTT-1,CD14+ Monocytes,0.99996614,CD14+ Monocytes,train
ACTCCTCTCAACTG-1,CD4 T cells,0.99871707,CD4 T cells,train
ACTCGCACGAAAGT-1,CD14+ Monocytes,0.99885917,CD14+ Monocytes,train
ACTCGCACTACGAC-1,CD14+ Monocytes,0.9997956,CD14+ Monocytes,train
ACTCTCCTGACACT-1,CD4 T cells,0.99997604,CD4 T cells,train
ACTCTCCTGCATAC-1,CD4 T cells,0.99258864,CD4 T cells,train
ACTCTCCTGTTTGG-1,CD4 T cells,0.99831486,CD4 T cells,train
ACTGAGACAACCAC-1,CD8 T cells,0.9995939,CD8 T cells,train
ACTGAGACCCATAG-1,FCGR3A+ Monocytes,0.9984971,FCGR3A+ Monocytes,train
ACTGAGACGTTGGT-1,B cells,0.9973037,B cells,train
ACTGCCACACACGT-1,CD8 T cells,0.9997476,CD8 T cells,train
ACTGCCACTCCGTC-1,NK cells,0.9979038,NK cells,test
ACTGGCCTTCAGTG-1,NK cells,0.9887918,NK cells,test
ACTGTGGACGTGTA-1,CD8 T cells,0.9974318,CD8 T cells,train
ACTGTGGATCTAGG-1,B cells,0.8863296,B cells,test
ACTGTTACCCACAA-1,CD14+ Monocytes,0.9998969,CD14+ Monocytes,train
ACTGTTACTGCAGT-1,CD4 T cells,0.99965286,CD4 T cells,train
ACTTAAGAACCACA-1,CD4 T cells,0.99952567,CD4 T cells,train
ACTTAAGATTACTC-1,Dendritic cells,0.9401434,Dendritic cells,test
ACTTAGCTGCGTAT-1,FCGR3A+ Monocytes,0.99743867,FCGR3A+ Monocytes,train
ACTTAGCTGGGAGT-1,CD4 T cells,0.999985,CD4 T cells,test
ACTTCAACAAGCAA-1,CD8 T cells,0.9998423,CD8 T cells,test
ACTTCAACGTAGGG-1,NK cells,0.99603397,NK cells,test
ACTTCCCTTTCCGC-1,CD4 T cells,0.99994826,CD4 T cells,test
ACTTCTGACATGCA-1,B cells,0.99983525,B cells,train
ACTTGACTCCACAA-1,B cells,0.9998895,B cells,train
ACTTGGGAGAAAGT-1,CD14+ Monocytes,0.999803,CD14+ Monocytes,train
ACTTGGGAGGTTTG-1,CD4 T cells,0.99650407,CD4 T cells,train
ACTTGGGATGTGAC-1,FCGR3A+ Monocytes,0.99436694,FCGR3A+ Monocytes,train
ACTTGGGATTGACG-1,CD14+ Monocytes,0.9988593,CD14+ Monocytes,train
ACTTGTACCTGTCC-1,CD4 T cells,0.99994695,CD4 T cells,test
ACTTTGTGGAAAGT-1,CD4 T cells,0.9983907,CD4 T cells,train
ACTTTGTGGATAGA-1,CD14+ Monocytes,0.99893314,CD14+ Monocytes,train
AGAAACGAAAGTAG-1,B cells,0.99876535,B cells,train
AGAAAGTGCGCAAT-1,CD4 T cells,0.9993905,CD8 T cells,test
AGAAAGTGGGGATG-1,CD14+ Monocytes,0.9995054,CD14+ Monocytes,train
AGAACAGAAATGCC-1,NK cells,0.9972796,NK cells,test
AGAACAGACGACTA-1,B cells,0.9870924,B cells,train
AGAACAGAGACAAA-1,CD4 T cells,0.99248224,CD4 T cells,train
AGAACGCTTTGCTT-1,CD4 T cells,0.999998,CD4 T cells,train
AGAAGATGTGACTG-1,CD4 T cells,0.99968123,CD4 T cells,test
AGAATGGAAGAAGT-1,CD8 T cells,0.9991285,CD8 T cells,train
AGAATTTGTAACCG-1,CD4 T cells,0.99992466,CD4 T cells,test
AGAATTTGTAGAGA-1,CD4 T cells,0.9999851,CD4 T cells,train
AGACACACTGTAGC-1,CD4 T cells,0.99995327,CD4 T cells,train
AGACACTGTCAAGC-1,CD14+ Monocytes,0.99977905,CD14+ Monocytes,train
AGACCTGAAGTAGA-1,CD14+ Monocytes,0.99542964,CD14+ Monocytes,train
AGACCTGACCAACA-1,CD4 T cells,0.9999825,CD4 T cells,train
AGACCTGAGGAAGC-1,CD8 T cells,0.99969184,CD8 T cells,train
AGACGTACAGAGGC-1,CD4 T cells,0.9980288,CD4 T cells,train
AGACGTACCCCTAC-1,B cells,0.9999424,B cells,test
AGACGTACCTCTTA-1,Dendritic cells,0.96051973,Dendritic cells,train
AGACGTACTCGTGA-1,FCGR3A+ Monocytes,0.9755145,FCGR3A+ Monocytes,test
AGACTGACCATCAG-1,CD8 T cells,0.9999565,CD8 T cells,train
AGACTGACCCTTTA-1,CD4 T cells,0.999,CD4 T cells,train
AGACTTCTCATGCA-1,B cells,0.9989737,B cells,train
AGAGATGACAGTCA-1,B cells,0.9991374,B cells,train
AGAGATGACTGAAC-1,CD4 T cells,0.99859506,CD4 T cells,train
AGAGATGAGGTTTG-1,CD14+ Monocytes,0.9995603,CD14+ Monocytes,train
AGAGATGATCTCGC-1,B cells,0.9982254,B cells,train
AGAGATGATTGTGG-1,CD4 T cells,0.9983944,CD4 T cells,train
AGAGCGGAGGCAAG-1,CD14+ Monocytes,0.99903905,CD14+ Monocytes,train
AGAGTCTGGTCGTA-1,FCGR3A+ Monocytes,0.9985582,FCGR3A+ Monocytes,train
AGAGTGCTCAGCTA-1,CD4 T cells,0.99997437,CD4 T cells,test
AGAGTGCTCGAATC-1,CD4 T cells,0.99997795,CD4 T cells,train
AGAGTGCTGTCATG-1,CD4 T cells,0.9998952,CD4 T cells,test
AGAGTGCTGTCCTC-1,CD8 T cells,0.9915685,CD8 T cells,test
AGAGTGCTGTGTTG-1,B cells,0.9998148,B cells,train
AGATATACCCGTAA-1,NK cells,0.9967153,NK cells,train
AGATATACGATGAA-1,CD4 T cells,0.999803,CD4 T cells,train
AGATATACTGTTCT-1,B cells,0.99980015,B cells,train
AGATATTGCCTACC-1,CD8 T cells,0.999466,CD8 T cells,train
AGATATTGGCCAAT-1,CD14+ Monocytes,0.99989104,CD14+ Monocytes,train
AGATCGTGTCTGGA-1,CD14+ Monocytes,0.99725276,CD14+ Monocytes,train
AGATCGTGTTTGTC-1,B cells,0.9978569,B cells,train
AGATCTCTATCACG-1,B cells,0.99907315,B cells,test
AGATTAACGTTCTT-1,FCGR3A+ Monocytes,0.9976673,FCGR3A+ Monocytes,train
AGATTCCTATCGTG-1,CD4 T cells,0.99993134,CD4 T cells,train
AGATTCCTCACTTT-1,CD14+ Monocytes,0.99994314,CD14+ Monocytes,train
AGATTCCTGACGAG-1,CD14+ Monocytes,0.99929535,CD14+ Monocytes,train
AGATTCCTGTTCAG-1,NK cells,0.99981433,NK cells,train
AGCAAAGATATGCG-1,CD4 T cells,0.99999523,CD4 T cells,train
AGCACAACAGTCTG-1,CD4 T cells,0.981977,CD4 T cells,test
AGCACTGAGGGAGT-1,CD4 T cells,0.99998295,CD4 T cells,train
AGCACTGATATGCG-1,CD4 T cells,0.9994568,CD4 T cells,test
AGCACTGATGCTTT-1,Dendritic cells,0.98656344,Dendritic cells,test
AGCACTGATTGCGA-1,CD4 T cells,0.99985456,CD4 T cells,train
AGCATCGAAGATCC-1,CD4 T cells,0.9992685,CD4 T cells,test
AGCATCGAAGGGTG-1,B cells,0.99992585,B cells,train
AGCATCGAGCTTCC-1,CD14+ Monocytes,0.9997118,CD14+ Monocytes,train
AGCATCGAGTGAGG-1,CD4 T cells,0.9996049,CD4 T cells,train
AGCATCGATAACCG-1,CD14+ Monocytes,0.9994129,CD14+ Monocytes,train
AGCATGACGATGAA-1,CD8 T cells,0.99936503,CD8 T cells,train
AGCCAATGGGGAGT-1,FCGR3A+ Monocytes,0.99899536,FCGR3A+ Monocytes,train
AGCCAATGTATCTC-1,CD4 T cells,0.9998542,CD4 T cells,train
AGCCACCTGGATCT-1,CD8 T cells,0.99997056,CD8 T cells,train
AGCCGGTGCCAATG-1,CD4 T cells,0.99213916,CD4 T cells,train
AGCCGGTGTGTTTC-1,CD4 T cells,0.9999864,CD4 T cells,train
AGCCGTCTCAATCG-1,CD4 T cells,0.9807252,CD4 T cells,test
AGCCGTCTGAGAGC-1,CD4 T cells,0.9997476,CD4 T cells,test
AGCCTCACGTTCGA-1,CD4 T cells,0.99946374,CD4 T cells,train
AGCCTCACTGTCAG-1,FCGR3A+ Monocytes,0.9955087,FCGR3A+ Monocytes,train
AGCCTCTGCAGTTG-1,B cells,0.9993148,B cells,train
AGCCTCTGCCAATG-1,NK cells,0.9984738,NK cells,train
AGCGAACTGGATCT-1,CD4 T cells,0.99922,CD4 T cells,train
AGCGAACTTACTGG-1,CD4 T cells,0.9812934,CD4 T cells,train
AGCGATACGGAGCA-1,CD4 T cells,0.9999218,CD4 T cells,train
AGCGATTGAGATCC-1,NK cells,0.999658,NK cells,train
AGCGCCGAATCTCT-1,CD4 T cells,0.9996526,CD4 T cells,test
AGCGCCGACAGAGG-1,CD4 T cells,0.9997029,CD4 T cells,train
AGCGCTCTACCTTT-1,CD4 T cells,0.99997175,CD4 T cells,test
AGCGGCACCGGGAA-1,CD4 T cells,0.99869746,CD4 T cells,test
AGCGGCTGATGTGC-1,CD4 T cells,0.9999323,CD4 T cells,test
AGCGGGCTTGCCAA-1,CD4 T cells,0.9998888,CD4 T cells,train
AGCGTAACATGCTG-1,CD4 T cells,0.9999945,CD4 T cells,test
AGCGTAACTGAGAA-1,CD14+ Monocytes,0.9982468,CD14+ Monocytes,train
AGCTCGCTACTGGT-1,CD4 T cells,0.99999547,CD4 T cells,train
AGCTCGCTCTGCTC-1,CD4 T cells,0.9999765,CD4 T cells,train
AGCTGAACCATACG-1,FCGR3A+ Monocytes,0.9944454,FCGR3A+ Monocytes,train
AGCTGAACCTCTCG-1,CD4 T cells,0.99998164,CD4 T cells,train
AGCTGCCTTGGGAG-1,CD14+ Monocytes,0.999874,CD14+ Monocytes,test
AGCTGCCTTTCATC-1,CD4 T cells,0.98941386,CD4 T cells,train
AGCTGCCTTTCTGT-1,CD4 T cells,0.9990791,CD4 T cells,train
AGCTGTGATCCAAG-1,CD4 T cells,0.99816823,CD4 T cells,train
AGCTTTACAAGTAG-1,CD4 T cells,0.9999366,CD4 T cells,train
AGCTTTACACCAAC-1,CD8 T cells,0.9996747,CD8 T cells,train
AGCTTTACTCTCAT-1,B cells,0.9996604,B cells,train
AGGAAATGAGGAGC-1,CD4 T cells,0.9927263,CD4 T cells,train
AGGAACCTCTTAGG-1,FCGR3A+ Monocytes,0.9933518,FCGR3A+ Monocytes,train
AGGAACCTTGCCTC-1,CD8 T cells,0.999383,CD8 T cells,train
AGGAATGATAACGC-1,CD8 T cells,0.5017723,CD4 T cells,test
AGGAATGATTTGTC-1,CD4 T cells,0.99993074,CD4 T cells,train
AGGAGTCTGGTTTG-1,CD4 T cells,0.9452382,CD4 T cells,train
AGGAGTCTTGTCAG-1,CD4 T cells,0.9999813,CD4 T cells,train
AGGATAGACATTTC-1,CD4 T cells,0.99988866,CD4 T cells,train
AGGATAGAGGATTC-1,CD8 T cells,0.999164,CD8 T cells,test
AGGATGCTACTAGC-1,B cells,0.999785,B cells,test
AGGATGCTTTAGGC-1,NK cells,0.9983877,NK cells,train
AGGCAACTGAAGGC-1,CD4 T cells,0.9995993,CD4 T cells,test
AGGCAGGAGTACCA-1,CD8 T cells,0.99960834,CD8 T cells,train
AGGCCTCTAGTCGT-1,CD4 T cells,0.99998367,CD4 T cells,train
AGGCCTCTCGGAGA-1,CD4 T cells,0.9999877,CD4 T cells,test
AGGCCTCTCGTAAC-1,CD4 T cells,0.9994061,CD4 T cells,train
AGGGACGACGTTGA-1,CD4 T cells,0.99991274,CD4 T cells,test
AGGGACGAGTCAAC-1,NK cells,0.9998418,NK cells,train
AGGGACGAGTTGTG-1,CD4 T cells,0.99997425,CD4 T cells,train
AGGGACGATAGAGA-1,CD8 T cells,0.9990804,CD8 T cells,train
AGGGACGATGCATG-1,CD8 T cells,0.9999912,CD8 T cells,test
AGGGAGTGAGCCTA-1,CD4 T cells,0.9928954,CD4 T cells,train
AGGGCCACCATACG-1,CD4 T cells,0.9999869,CD4 T cells,train
AGGGCGCTAACCAC-1,CD14+ Monocytes,0.98767704,CD14+ Monocytes,train
AGGGCGCTATGGTC-1,CD4 T cells,0.89898926,CD4 T cells,test
AGGGTGGACAGTCA-1,B cells,0.9991899,B cells,train
AGGGTGGACTCAAG-1,CD14+ Monocytes,0.9985259,CD14+ Monocytes,train
AGGGTGGAGTTGCA-1,CD8 T cells,0.9996948,CD8 T cells,train
AGGGTTTGTTCATC-1,CD14+ Monocytes,0.99941957,CD14+ Monocytes,train
AGGTCATGAGTGTC-1,B cells,0.9991122,B cells,train
AGGTCATGCTTATC-1,CD8 T cells,0.9992774,CD8 T cells,train
AGGTCTGATTCTCA-1,CD14+ Monocytes,0.9935241,CD14+ Monocytes,train
AGGTGGGAAGAATG-1,CD4 T cells,0.999694,CD4 T cells,test
AGGTGGGAAGTTCG-1,CD4 T cells,0.999782,CD4 T cells,train
AGGTGTTGGTTACG-1,B cells,0.9998615,B cells,test
AGGTTCGAACCTCC-1,CD14+ Monocytes,0.9995122,CD14+ Monocytes,train
AGGTTCGAACGTAC-1,CD14+ Monocytes,0.9998603,CD14+ Monocytes,train
AGGTTCGAGGGTGA-1,CD4 T cells,0.9999342,CD4 T cells,test
AGTAAGGAGTTTGG-1,CD4 T cells,0.99864525,CD4 T cells,test
AGTAAGGATTCTTG-1,CD4 T cells,0.9994624,CD4 T cells,train
AGTAATACATCACG-1,NK cells,0.9993943,NK cells,train
AGTAATACCGAACT-1,B cells,0.99963045,B cells,test
AGTAATTGTCCCAC-1,CD4 T cells,0.9955232,CD4 T cells,test
AGTACGTGAGGGTG-1,CD4 T cells,0.99998546,CD4 T cells,test
AGTACGTGCTGCAA-1,CD4 T cells,0.9998684,CD4 T cells,train
AGTACGTGCTTGGA-1,CD4 T cells,0.99974626,CD4 T cells,train
AGTACTCTACGTGT-1,B cells,0.9982633,B cells,train
AGTACTCTCAACCA-1,CD8 T cells,0.9978079,CD8 T cells,train
AGTACTCTCGGTAT-1,CD8 T cells,0.9982004,CD8 T cells,train
AGTAGGCTTGCCTC-1,FCGR3A+ Monocytes,0.9928276,FCGR3A+ Monocytes,train
AGTATAACTTGTCT-1,FCGR3A+ Monocytes,0.95375866,FCGR3A+ Monocytes,test
AGTATCCTAGAACA-1,CD4 T cells,0.99929917,CD4 T cells,train
AGTCACGATGAGCT-1,NK cells,0.97100633,NK cells,train
AGTCAGACGAATAG-1,CD4 T cells,0.99999,CD4 T cells,train
AGTCAGACGCTTAG-1,CD8 T cells,0.70123106,CD4 T cells,train
AGTCAGACTAGAGA-1,CD8 T cells,0.9996486,CD8 T cells,train
AGTCAGACTGCACA-1,CD4 T cells,0.9994173,CD8 T cells,test
AGTCCAGATATCTC-1,CD4 T cells,0.9994456,CD4 T cells,train
AGTCCAGATTTCAC-1,CD4 T cells,0.9997979,CD4 T cells,train
AGTCGAACCAACCA-1,CD4 T cells,0.9996792,CD4 T cells,train
AGTCGCCTCCGTAA-1,CD4 T cells,0.9983512,CD4 T cells,train
AGTCTACTAGGGTG-1,CD14+ Monocytes,0.99955684,CD14+ Monocytes,train
AGTCTACTTGCATG-1,FCGR3A+ Monocytes,0.98449254,FCGR3A+ Monocytes,train
AGTCTTACACCACA-1,CD4 T cells,0.9998167,CD4 T cells,train
AGTCTTACTTCGCC-1,CD8 T cells,0.99995434,CD8 T cells,train
AGTCTTACTTCGGA-1,Megakaryocytes,0.9989478,Megakaryocytes,test
AGTGACTGCAACTG-1,FCGR3A+ Monocytes,0.9938899,FCGR3A+ Monocytes,test
AGTGTTCTAACCTG-1,CD4 T cells,0.9996505,CD4 T cells,train
AGTGTTCTATAAGG-1,CD4 T cells,0.9771352,CD4 T cells,test
AGTGTTCTCACTTT-1,CD14+ Monocytes,0.99995387,CD14+ Monocytes,test
AGTTAAACCACTTT-1,CD4 T cells,0.9982948,CD4 T cells,train
AGTTATGAACAGTC-1,CD14+ Monocytes,0.99979836,CD14+ Monocytes,train
AGTTATGACTGAGT-1,CD8 T cells,0.99922657,CD4 T cells,test
AGTTATGAGTTCAG-1,CD4 T cells,0.9998648,CD4 T cells,train
AGTTCTACCAGCTA-1,CD14+ Monocytes,0.9998386,CD14+ Monocytes,train
AGTTCTTGAAGCCT-1,CD8 T cells,0.9999125,CD8 T cells,train
AGTTGTCTACTACG-1,CD4 T cells,0.999961,CD4 T cells,train
AGTTTAGATGGTCA-1,CD4 T cells,0.99977463,CD4 T cells,test
AGTTTCACGGTCTA-1,CD8 T cells,0.9979303,CD8 T cells,test
AGTTTGCTACAGTC-1,CD4 T cells,0.999835,CD4 T cells,train
AGTTTGCTACTGGT-1,CD8 T cells,0.99694914,CD8 T cells,train
AGTTTGCTCCAAGT-1,CD4 T cells,0.99721104,CD4 T cells,train
ATAAACACAGTGCT-1,B cells,0.99967337,B cells,test
ATAAACACCACCAA-1,CD4 T cells,0.9995964,CD4 T cells,train
ATAACAACATGCTG-1,CD14+ Monocytes,0.99771833,CD14+ Monocytes,train
ATAACAACGTCTAG-1,CD4 T cells,0.99973077,CD4 T cells,train
ATAACAACTTTGTC-1,CD4 T cells,0.9996698,CD4 T cells,test
ATAACATGTACTCT-1,CD4 T cells,0.9995802,CD4 T cells,train
ATAACCCTGTTGGT-1,CD8 T cells,0.68635243,CD8 T cells,test
ATAACCCTTGGTAC-1,CD4 T cells,0.9926772,CD4 T cells,test
ATAAGTACGAATGA-1,B cells,0.99944276,B cells,test
ATAAGTTGGTACGT-1,FCGR3A+ Monocytes,0.9956163,FCGR3A+ Monocytes,train
ATAAGTTGTCTAGG-1,CD4 T cells,0.99947816,CD4 T cells,train
ATAATCGAGCTGAT-1,B cells,0.9994282,B cells,test
ATAATCGATGGTTG-1,CD4 T cells,0.99930274,CD4 T cells,train
ATAATGACCTACTT-1,CD4 T cells,0.99973804,CD4 T cells,train
ATAATGACTCGTGA-1,CD14+ Monocytes,0.99718314,CD14+ Monocytes,train
ATACAATGTTAGGC-1,CD4 T cells,0.9999995,CD4 T cells,train
ATACCACTCGTACA-1,CD14+ Monocytes,0.99945134,CD14+ Monocytes,train
ATACCACTCTAAGC-1,Dendritic cells,0.98719573,Dendritic cells,train
ATACCACTGCCAAT-1,CD8 T cells,0.9974468,CD8 T cells,train
ATACCGGAATGCTG-1,Dendritic cells,0.9949727,Dendritic cells,test
ATACCGGACATTTC-1,CD14+ Monocytes,0.9998715,CD14+ Monocytes,train
ATACCGGACTTCGC-1,CD4 T cells,0.9998324,CD4 T cells,test
ATACCGGAGGTGTT-1,CD14+ Monocytes,0.9999459,CD14+ Monocytes,test
ATACCGGATCTCGC-1,CD4 T cells,0.96045804,CD4 T cells,test
ATACCTACGCATCA-1,CD4 T cells,0.9999336,CD4 T cells,train
ATACCTTGGGGCAA-1,CD4 T cells,0.9997274,CD4 T cells,train
ATACGGACAGACTC-1,CD14+ Monocytes,0.9992249,CD14+ Monocytes,train
ATACGGACCTACTT-1,CD14+ Monocytes,0.9997621,CD14+ Monocytes,train
ATACGGACGAGGTG-1,B cells,0.999866,B cells,test
ATACGGACTATGCG-1,B cells,0.9994816,B cells,train
ATACGGACTCTGGA-1,CD14+ Monocytes,0.9999149,CD14+ Monocytes,test
ATACGTCTTAACGC-1,CD14+ Monocytes,0.9998048,CD14+ Monocytes,test
ATACTCTGCTTCGC-1,CD14+ Monocytes,0.9990447,CD14+ Monocytes,test
ATACTCTGGTATGC-1,NK cells,0.9998554,NK cells,train
ATAGATACCATGGT-1,CD4 T cells,0.9974208,CD4 T cells,test
ATAGATACGACGAG-1,CD4 T cells,0.99598986,CD4 T cells,test
ATAGATTGGTGTAC-1,B cells,0.99970055,B cells,train
ATAGCCGAACGGAG-1,CD4 T cells,0.9999976,CD4 T cells,train
ATAGCGTGCAGATC-1,CD4 T cells,0.99492574,CD4 T cells,test
ATAGCGTGCCCTTG-1,CD14+ Monocytes,0.9998493,CD14+ Monocytes,test
ATAGCGTGGTATCG-1,CD14+ Monocytes,0.9984615,CD14+ Monocytes,test
ATAGCGTGTCTCTA-1,CD4 T cells,0.9994209,CD4 T cells,test
ATAGCTCTCTGATG-1,CD4 T cells,0.9999813,CD4 T cells,train
ATAGCTCTGAGGTG-1,CD4 T cells,0.99997973,CD4 T cells,train
ATAGGAGAAACAGA-1,CD14+ Monocytes,0.9995802,CD14+ Monocytes,train
ATAGGCTGTCAGAC-1,CD4 T cells,0.99998724,CD4 T cells,train
ATAGTCCTAGTGTC-1,CD14+ Monocytes,0.9999025,CD14+ Monocytes,test
ATAGTCCTTGCATG-1,CD8 T cells,0.99989796,CD8 T cells,train
ATAGTCCTTGTCGA-1,CD4 T cells,0.999997,CD4 T cells,train
ATAGTTGACAACTG-1,CD4 T cells,0.99997926,CD4 T cells,train
ATAGTTGACCCTCA-1,FCGR3A+ Monocytes,0.99875855,FCGR3A+ Monocytes,train
ATAGTTGAGACGTT-1,CD4 T cells,0.9998982,CD4 T cells,train
ATAGTTGATAAGCC-1,CD4 T cells,0.99993694,CD4 T cells,train
ATATACGAAGCCAT-1,CD4 T cells,0.99950314,CD4 T cells,test
ATATACGAATTGGC-1,CD4 T cells,0.99999917,CD4 T cells,train
ATATAGTGGAATGA-1,CD14+ Monocytes,0.99989176,CD14+ Monocytes,train
ATATGCCTAGATCC-1,CD14+ Monocytes,0.999027,CD14+ Monocytes,train
ATATGCCTGGACAG-1,CD4 T cells,0.9984748,CD4 T cells,train
ATATGCCTTCTCTA-1,CD4 T cells,0.99639636,CD4 T cells,train
ATATGCCTTGGTAC-1,CD4 T cells,0.9999981,CD4 T cells,train
ATCAAATGAGCCTA-1,CD14+ Monocytes,0.9999461,CD14+ Monocytes,test
ATCAAATGGGTAAA-1,FCGR3A+ Monocytes,0.9843576,FCGR3A+ Monocytes,test
ATCAACCTAAACGA-1,CD4 T cells,0.9994541,CD4 T cells,train
ATCAACCTGAGGAC-1,CD4 T cells,0.9999975,CD4 T cells,train
ATCAACCTTCTCTA-1,CD8 T cells,0.75619286,CD8 T cells,test
ATCAACCTTTGTCT-1,CD8 T cells,0.999358,CD8 T cells,train
ATCACACTTTGTCT-1,CD4 T cells,0.999964,CD4 T cells,train
ATCACGGATTTCGT-1,B cells,0.999701,B cells,train
ATCATCTGACACCA-1,Megakaryocytes,0.9987437,Megakaryocytes,test
ATCATGCTAGAGTA-1,CD8 T cells,0.9980288,CD8 T cells,train
ATCATGCTGAACCT-1,B cells,0.99974495,B cells,test
ATCCAGGACGCTAA-1,FCGR3A+ Monocytes,0.99898404,FCGR3A+ Monocytes,train
ATCCAGGATGGAAA-1,CD4 T cells,0.99920636,CD4 T cells,train
ATCCATACTCCTTA-1,CD14+ Monocytes,0.9994392,CD14+ Monocytes,test
ATCCATACTTCATC-1,FCGR3A+ Monocytes,0.99829906,FCGR3A+ Monocytes,train
ATCCCGTGCAGTCA-1,NK cells,0.9995498,NK cells,train
ATCCCGTGCATGCA-1,B cells,0.9991891,B cells,train
ATCCCGTGGCTGAT-1,B cells,0.9997131,B cells,test
ATCCGCACGCATCA-1,B cells,0.99920565,B cells,train
ATCCTAACGACGGA-1,B cells,0.99966943,B cells,train
ATCCTAACGCTACA-1,CD8 T cells,0.9999199,CD8 T cells,train
ATCGACGAAACTGC-1,CD14+ Monocytes,0.99880755,CD14+ Monocytes,train
ATCGACGAATGACC-1,CD4 T cells,0.9955049,CD4 T cells,test
ATCGAGTGGACGTT-1,CD8 T cells,0.9948173,CD8 T cells,test
ATCGCAGAATCTCT-1,FCGR3A+ Monocytes,0.9998043,FCGR3A+ Monocytes,train
ATCGCAGAGTGTCA-1,B cells,0.9986534,B cells,test
ATCGCCACTGAGGG-1,CD8 T cells,0.9977762,CD8 T cells,train
ATCGCCTGGGTCAT-1,CD4 T cells,0.9999931,CD4 T cells,train
ATCGCCTGTGGCAT-1,B cells,0.9958145,B cells,test
ATCGCGCTCAGAGG-1,CD14+ Monocytes,0.9998247,CD14+ Monocytes,train
ATCGCGCTGGGATG-1,CD4 T cells,0.9929595,CD4 T cells,test
ATCGCGCTTTTCGT-1,B cells,0.9984516,B cells,train
ATCGGAACCAGTCA-1,CD4 T cells,0.99973994,CD4 T cells,train
ATCGGTGAGTCAAC-1,CD4 T cells,0.9997272,CD4 T cells,train
ATCGGTGATTGCAG-1,CD4 T cells,0.99950874,CD4 T cells,train
ATCGTTTGCCTACC-1,CD14+ Monocytes,0.99935585,CD14+ Monocytes,test
ATCGTTTGGGTACT-1,CD14+ Monocytes,0.9994072,CD14+ Monocytes,test
ATCGTTTGTGCCAA-1,CD14+ Monocytes,0.9990829,CD14+ Monocytes,train
ATCTACACCCGCTT-1,CD14+ Monocytes,0.9966714,CD14+ Monocytes,test
ATCTACACCGGGAA-1,CD4 T cells,0.99999344,CD4 T cells,train
ATCTCAACAGGAGC-1,B cells,0.99941385,B cells,train
ATCTCAACCTCGAA-1,CD4 T cells,0.99958915,CD4 T cells,train
ATCTCAACCTTGTT-1,CD14+ Monocytes,0.9997503,CD14+ Monocytes,train
ATCTGGGAAACCAC-1,CD14+ Monocytes,0.9998061,CD14+ Monocytes,train
ATCTGGGAAGTGTC-1,CD14+ Monocytes,0.65145236,CD14+ Monocytes,test
ATCTGGGATTCCGC-1,CD8 T cells,0.73831517,CD8 T cells,test
ATCTGTTGAACGGG-1,CD4 T cells,0.9994006,CD4 T cells,train
ATCTGTTGACCTCC-1,CD4 T cells,0.99991095,CD4 T cells,train
ATCTGTTGCCTTCG-1,FCGR3A+ Monocytes,0.8146232,FCGR3A+ Monocytes,test
ATCTGTTGGTTGCA-1,CD4 T cells,0.9988556,CD4 T cells,test
ATCTTGACACCAAC-1,CD4 T cells,0.99998546,CD4 T cells,train
ATCTTGACCTCCCA-1,CD14+ Monocytes,0.9997453,CD14+ Monocytes,train
ATCTTTCTGCATCA-1,CD8 T cells,0.99876666,CD8 T cells,train
ATCTTTCTGTTTCT-1,CD8 T cells,0.9999119,CD8 T cells,train
ATCTTTCTTGTCCC-1,NK cells,0.9999161,NK cells,train
ATGAAACTCTGTGA-1,CD8 T cells,0.9998305,CD8 T cells,train
ATGAAACTGAGGCA-1,CD4 T cells,0.99996877,CD4 T cells,train
ATGAAGGAACAGCT-1,CD8 T cells,0.99921286,CD8 T cells,train
ATGAAGGACCTGTC-1,B cells,0.9991049,B cells,train
ATGAAGGACCTTAT-1,B cells,0.9998851,B cells,train
ATGAAGGACTAGTG-1,B cells,0.9990687,B cells,train
ATGAAGGACTTGCC-1,NK cells,0.9999074,NK cells,train
ATGACGTGACGACT-1,B cells,0.9999579,B cells,train
ATGACGTGATCGGT-1,FCGR3A+ Monocytes,0.97098684,FCGR3A+ Monocytes,train
ATGAGAGAAAGTGA-1,CD4 T cells,0.9990945,CD4 T cells,train
ATGAGAGAACGCAT-1,CD4 T cells,0.99994063,CD4 T cells,train
ATGAGAGAAGTAGA-1,B cells,0.9985795,B cells,train
ATGAGCACACAGCT-1,CD4 T cells,0.99964714,CD4 T cells,train
ATGAGCACATCTTC-1,CD4 T cells,0.9999583,CD4 T cells,train
ATGATAACTTCACT-1,NK cells,0.99873024,NK cells,train
ATGATATGAAACAG-1,CD4 T cells,0.9998363,CD4 T cells,test
ATGATATGACTGGT-1,CD4 T cells,0.99989843,CD4 T cells,train
ATGATATGAGCACT-1,CD4 T cells,0.99993825,CD4 T cells,train
ATGATATGGTCATG-1,CD4 T cells,0.99768543,CD4 T cells,train
ATGATATGGTGCTA-1,NK cells,0.9984255,NK cells,train
ATGATATGTTGTCT-1,CD14+ Monocytes,0.99768245,CD14+ Monocytes,train
ATGCACGAATGTCG-1,B cells,0.9998454,B cells,train
ATGCACGACTGTAG-1,CD4 T cells,0.99883026,CD4 T cells,train
ATGCACGAGAACCT-1,B cells,0.996151,B cells,test
ATGCACGAGTTCGA-1,CD4 T cells,0.9999746,CD4 T cells,train
ATGCACGATTGGTG-1,CD14+ Monocytes,0.99804,CD14+ Monocytes,train
ATGCAGTGTTACCT-1,B cells,0.99973017,B cells,train
ATGCAGTGTTCTAC-1,CD4 T cells,0.9993698,CD4 T cells,train
ATGCCAGAACGACT-1,CD4 T cells,0.999979,CD4 T cells,train
ATGCCAGACAGTCA-1,CD14+ Monocytes,0.99863106,CD14+ Monocytes,train
ATGCCGCTTGAACC-1,CD14+ Monocytes,0.99974376,CD14+ Monocytes,train
ATGCGATGCTATGG-1,CD14+ Monocytes,0.9996809,CD14+ Monocytes,train
ATGCGATGCTGAGT-1,CD4 T cells,0.998852,CD4 T cells,train
ATGCGATGGTTACG-1,B cells,0.9989342,B cells,train
ATGCGCCTTCATTC-1,CD4 T cells,0.9993542,CD4 T cells,test
ATGCTTTGCGAATC-1,CD4 T cells,0.997621,CD4 T cells,train
ATGCTTTGGGCGAA-1,CD8 T cells,0.9945192,CD8 T cells,test
ATGCTTTGTAGTCG-1,B cells,0.99989355,B cells,train
ATGGACACATCGGT-1,CD4 T cells,0.9999608,CD4 T cells,train
ATGGACACGCATCA-1,NK cells,0.9983469,NK cells,train
ATGGGTACAACCTG-1,B cells,0.9989285,B cells,train
ATGGGTACATCGGT-1,NK cells,0.9993123,NK cells,train
ATGGGTACTATTCC-1,CD4 T cells,0.99994314,CD4 T cells,train
ATGGGTACTGGGAG-1,CD4 T cells,0.99993813,CD4 T cells,train
ATGTAAACACCTCC-1,CD4 T cells,0.99996936,CD4 T cells,train
ATGTAAACCCGCTT-1,CD4 T cells,0.9994585,CD4 T cells,train
ATGTAAACGGGATG-1,CD14+ Monocytes,0.6029568,Dendritic cells,test
ATGTAAACTCTCCG-1,CD8 T cells,0.99825805,CD8 T cells,train
ATGTAAACTTCACT-1,CD14+ Monocytes,0.99995077,CD14+ Monocytes,train
ATGTACCTCAGTCA-1,CD4 T cells,0.8657938,CD4 T cells,test
ATGTACCTTAGTCG-1,CD4 T cells,0.99988675,CD4 T cells,train
ATGTACCTTTATCC-1,CD14+ Monocytes,0.9995677,CD14+ Monocytes,train
ATGTACCTTTCACT-1,CD8 T cells,0.99814034,CD8 T cells,train
ATGTCACTAATGCC-1,CD14+ Monocytes,0.9993755,CD14+ Monocytes,train
ATGTCACTCTGCTC-1,CD4 T cells,0.9998203,CD4 T cells,train
ATGTCGGAGGTGAG-1,CD4 T cells,0.999997,CD4 T cells,test
ATGTTCACAGTCTG-1,CD14+ Monocytes,0.9980469,CD14+ Monocytes,train
ATGTTCACCGTAGT-1,CD4 T cells,0.99989235,CD4 T cells,train
ATGTTGCTTTCAGG-1,CD4 T cells,0.99906963,CD4 T cells,train
ATTAACGATGAGAA-1,NK cells,0.99855417,NK cells,train
ATTAACGATGCAAC-1,CD8 T cells,0.9987104,CD8 T cells,test
ATTAAGACTGCAGT-1,CD4 T cells,0.9997471,CD4 T cells,train
ATTACCTGCCTTAT-1,CD14+ Monocytes,0.99945575,CD14+ Monocytes,train
ATTACCTGGAGGAC-1,FCGR3A+ Monocytes,0.9948131,FCGR3A+ Monocytes,train
ATTAGATGTTTCAC-1,CD4 T cells,0.9989255,CD4 T cells,train
ATTATGGAATCTCT-1,CD4 T cells,0.9999919,CD4 T cells,test
ATTCAAGAACGGGA-1,CD4 T cells,0.999926,CD4 T cells,test
ATTCAAGACCTTTA-1,CD4 T cells,0.9934348,CD4 T cells,train
ATTCAGCTCATTGG-1,Megakaryocytes,0.99914455,Megakaryocytes,test
ATTCCAACCATTGG-1,CD14+ Monocytes,0.9994978,CD14+ Monocytes,train
ATTCCAACTTAGGC-1,NK cells,0.9936226,NK cells,train
ATTCGACTCACTAG-1,CD4 T cells,0.9677431,CD8 T cells,test
ATTCGACTGAATAG-1,CD14+ Monocytes,0.99999607,CD14+ Monocytes,test
ATTCGACTTTTGTC-1,FCGR3A+ Monocytes,0.9622935,FCGR3A+ Monocytes,test
ATTCGGGAAAGGCG-1,CD14+ Monocytes,0.9992841,CD14+ Monocytes,train
ATTCGGGATTAGGC-1,CD4 T cells,0.99980646,CD4 T cells,test
ATTCTTCTGATACC-1,CD4 T cells,0.99271387,CD4 T cells,train
ATTGAATGGACGGA-1,CD4 T cells,0.99858,CD4 T cells,test
ATTGATGAAGGTTC-1,CD4 T cells,0.99987626,CD4 T cells,train
ATTGATGACTGAGT-1,CD4 T cells,0.999995,CD4 T cells,test
ATTGATGAGCGAAG-1,CD4 T cells,0.9926246,CD4 T cells,test
ATTGATGATCTATC-1,CD4 T cells,0.9996364,CD4 T cells,train
ATTGCACTGACGGA-1,CD4 T cells,0.99949825,CD4 T cells,train
ATTGCACTGAGAGC-1,FCGR3A+ Monocytes,0.84026295,FCGR3A+ Monocytes,train
ATTGCACTGGAGCA-1,CD14+ Monocytes,0.999859,CD14+ Monocytes,test
ATTGCACTTAGCCA-1,CD4 T cells,0.99998784,CD4 T cells,test
ATTGCACTTGCTTT-1,FCGR3A+ Monocytes,0.999358,FCGR3A+ Monocytes,train
ATTGCTTGTTACTC-1,B cells,0.99954444,B cells,train
ATTGGTCTGACTAC-1,B cells,0.9999422,B cells,train
ATTGGTCTTGTCTT-1,B cells,0.99918574,B cells,test
ATTGTAGATTCCCG-1,Dendritic cells,0.9924539,Dendritic cells,train
ATTGTAGATTGCAG-1,CD4 T cells,0.99754107,CD4 T cells,train
ATTGTCTGCGTACA-1,CD4 T cells,0.99971706,CD4 T cells,test
ATTTAGGAACCATG-1,FCGR3A+ Monocytes,0.9900339,FCGR3A+ Monocytes,test
ATTTAGGACAGAGG-1,CD4 T cells,0.9999976,CD4 T cells,test
ATTTCCGAGATGAA-1,CD4 T cells,0.99965465,CD4 T cells,train
ATTTCCGAGTGCTA-1,CD4 T cells,0.9997837,CD4 T cells,train
ATTTCGTGTATGGC-1,CD8 T cells,0.8671242,NK cells,test
ATTTCTCTACTTTC-1,FCGR3A+ Monocytes,0.9899832,FCGR3A+ Monocytes,train
ATTTCTCTAGCAAA-1,CD4 T cells,0.99984443,CD4 T cells,train
ATTTCTCTCACTTT-1,CD14+ Monocytes,0.99520916,FCGR3A+ Monocytes,test
ATTTCTCTTCCCAC-1,CD4 T cells,0.9998925,CD4 T cells,train
ATTTGCACAAGATG-1,CD14+ Monocytes,0.9999484,CD14+ Monocytes,test
CAAAGCACAGCTCA-1,CD4 T cells,0.99984825,CD4 T cells,test
CAAAGCACCGTAAC-1,B cells,0.99990773,B cells,test
CAAAGCACGGTAAA-1,NK cells,0.997366,NK cells,train
CAAAGCTGAAAGTG-1,CD4 T cells,0.9992349,CD4 T cells,train
CAAAGCTGTTGCTT-1,CD14+ Monocytes,0.99888474,CD14+ Monocytes,train
CAAATATGTGACAC-1,CD4 T cells,0.99964094,CD4 T cells,train
CAAATTGAGGGCAA-1,CD4 T cells,0.9986797,CD4 T cells,train
CAAATTGATGGAGG-1,CD14+ Monocytes,0.9993692,CD14+ Monocytes,test
CAACCAGAAAAGTG-1,CD4 T cells,0.99990475,CD4 T cells,train
CAACCAGAAGTGCT-1,CD4 T cells,0.9982284,CD4 T cells,train
CAACCAGAGTTCAG-1,CD14+ Monocytes,0.99819714,CD14+ Monocytes,train
CAACCAGATAGAAG-1,CD14+ Monocytes,0.9997111,CD14+ Monocytes,train
CAACCGCTGTTCAG-1,CD4 T cells,0.9999931,CD4 T cells,train
CAACCGCTTTGAGC-1,CD4 T cells,0.99915373,CD4 T cells,train
CAACGATGCGCAAT-1,FCGR3A+ Monocytes,0.5627164,FCGR3A+ Monocytes,test
CAACGTGACTCCAC-1,CD14+ Monocytes,0.96561503,CD14+ Monocytes,test
CAACGTGAGCCATA-1,CD8 T cells,0.99903035,CD8 T cells,test
CAACGTGATCAAGC-1,CD14+ Monocytes,0.9991683,CD14+ Monocytes,train
CAAGAAGACCACAA-1,CD4 T cells,0.9884979,CD4 T cells,train
CAAGAAGACGTCTC-1,CD14+ Monocytes,0.9976089,CD14+ Monocytes,train
CAAGAAGATTCTAC-1,CD4 T cells,0.99682367,CD4 T cells,test
CAAGACTGACCTGA-1,B cells,0.9998609,B cells,train
CAAGACTGAGTAGA-1,B cells,0.9985104,B cells,train
CAAGCTGACCATAG-1,FCGR3A+ Monocytes,0.998538,FCGR3A+ Monocytes,test
CAAGCTGATCTATC-1,CD8 T cells,0.99337316,CD8 T cells,train
CAAGGACTGTTCAG-1,CD4 T cells,0.99989486,CD4 T cells,train
CAAGGACTTCTTTG-1,CD8 T cells,0.9999269,CD8 T cells,train
CAAGGTTGCTCCAC-1,CD4 T cells,0.99939275,CD4 T cells,test
CAAGGTTGTCATTC-1,B cells,0.9993687,B cells,train
CAAGGTTGTCTGGA-1,NK cells,0.9989496,NK cells,train
CAAGTCGAAACAGA-1,B cells,0.998896,B cells,train
CAAGTCGATAGCGT-1,CD14+ Monocytes,0.99992895,CD14+ Monocytes,train
CAATAAACGCCATA-1,CD14+ Monocytes,0.99959236,CD14+ Monocytes,test
CAATAATGAACTGC-1,CD14+ Monocytes,0.99983275,CD14+ Monocytes,train
CAATATGACATGGT-1,CD4 T cells,0.99932075,CD4 T cells,train
CAATATGACCTTCG-1,NK cells,0.99128294,NK cells,train
CAATATGACGTTAG-1,CD4 T cells,0.99988055,CD4 T cells,test
CAATATGAGGAGCA-1,CD4 T cells,0.999946,CD4 T cells,train
CAATCGGAGAAACA-1,CD4 T cells,0.99952257,CD4 T cells,test
CAATCTACTGACTG-1,NK cells,0.9449011,NK cells,train
CAATTCACCCAACA-1,CD8 T cells,0.99644214,CD8 T cells,train
CAATTCACGATAGA-1,CD4 T cells,0.9989133,CD4 T cells,train
CAATTCACTTGTGG-1,CD4 T cells,0.9984847,CD4 T cells,train
CAATTCTGCTTGTT-1,CD14+ Monocytes,0.9995547,CD14+ Monocytes,test
CAATTCTGGCGTAT-1,CD14+ Monocytes,0.99529594,CD14+ Monocytes,train
CACAACGATACGAC-1,CD4 T cells,0.9991086,CD4 T cells,train
CACAATCTTGTTCT-1,CD4 T cells,0.98997176,CD4 T cells,train
CACAATCTTTCCAT-1,CD8 T cells,0.993676,CD8 T cells,train
CACACCTGCTTGAG-1,CD4 T cells,0.9999589,CD4 T cells,train
CACACCTGTATGGC-1,CD4 T cells,0.9789787,CD4 T cells,test
CACAGAACCCTTGC-1,CD4 T cells,0.9582371,CD4 T cells,train
CACAGAACCTGATG-1,CD4 T cells,0.9308341,CD4 T cells,test
CACAGATGGGATTC-1,CD8 T cells,0.9984471,CD4 T cells,test
CACAGATGGTTTCT-1,CD14+ Monocytes,0.9975821,CD14+ Monocytes,test
CACAGCCTGATACC-1,CD4 T cells,0.99245703,CD4 T cells,train
CACAGCCTTGCCAA-1,FCGR3A+ Monocytes,0.9924297,FCGR3A+ Monocytes,train
CACAGCCTTGTAGC-1,CD4 T cells,0.9999939,CD4 T cells,train
CACAGTGATGAAGA-1,CD14+ Monocytes,0.99970585,CD14+ Monocytes,test
CACATACTACAGCT-1,CD8 T cells,0.99799466,CD8 T cells,train
CACATGGAACACGT-1,CD4 T cells,0.9953361,CD4 T cells,train
CACATGGAAGTCGT-1,CD4 T cells,0.9999685,CD4 T cells,test
CACCACTGCCAACA-1,CD4 T cells,0.99420565,CD4 T cells,test
CACCACTGGCGAAG-1,NK cells,0.99374795,NK cells,train
CACCCATGTTCTGT-1,CD4 T cells,0.99514574,CD4 T cells,train
CACCGGGAATCGAC-1,CD4 T cells,0.8971569,CD4 T cells,test
CACCGGGACGAGAG-1,NK cells,0.9789448,CD8 T cells,test
CACCGGGACGTGTA-1,CD4 T cells,0.9998098,CD4 T cells,train
CACCGGGACTTCTA-1,CD8 T cells,0.9999887,CD8 T cells,test
CACCGGGACTTGCC-1,CD8 T cells,0.9987423,CD8 T cells,train
CACCGGGATTCGGA-1,CD8 T cells,0.9990452,CD8 T cells,train
CACCGTACTAAGGA-1,B cells,0.99844295,B cells,test
CACCGTACTAGCGT-1,CD4 T cells,0.99999917,CD4 T cells,train
CACCTGACACCCAA-1,CD8 T cells,0.99653023,CD8 T cells,test
CACCTGACCAGAAA-1,CD8 T cells,0.99890065,CD8 T cells,train
CACCTGACCTCAAG-1,CD8 T cells,0.999724,CD8 T cells,train
CACCTGACGAAAGT-1,B cells,0.9984059,B cells,train
CACCTGACTCGTAG-1,CD4 T cells,0.999696,CD4 T cells,train
CACGAAACTTCCGC-1,B cells,0.9997029,B cells,train
CACGACCTCGATAC-1,B cells,0.99928445,B cells,train
CACGCTACAGAAGT-1,CD4 T cells,0.99999464,CD4 T cells,test
CACGCTACTGTTCT-1,B cells,0.9996331,B cells,train
CACGGGACAGAGTA-1,CD4 T cells,0.9994431,CD4 T cells,train
CACGGGACATAAGG-1,CD4 T cells,0.99998355,CD4 T cells,train
CACGGGACGTAGGG-1,CD4 T cells,0.9995592,CD4 T cells,train
CACGGGTGCTTCGC-1,CD8 T cells,0.9998004,CD8 T cells,train
CACGGGTGGAGGAC-1,CD8 T cells,0.99735296,CD8 T cells,train
CACGGGTGTGTTTC-1,CD4 T cells,0.99878913,CD4 T cells,train
CACTAACTCCTAAG-1,B cells,0.9993864,B cells,train
CACTAACTGAAAGT-1,CD4 T cells,0.9999474,CD4 T cells,test
CACTAGGATGATGC-1,B cells,0.99907506,B cells,test
CACTATACCCCGTT-1,B cells,0.9995466,B cells,train
CACTATACGTTTGG-1,CD8 T cells,0.9999428,CD8 T cells,train
CACTGAGACAGTCA-1,CD14+ Monocytes,0.99939036,CD14+ Monocytes,train
CACTGCACTTCATC-1,CD4 T cells,0.999897,CD4 T cells,train
CACTGCTGAGACTC-1,FCGR3A+ Monocytes,0.99140805,FCGR3A+ Monocytes,train
CACTGCTGGAAAGT-1,CD4 T cells,0.999845,CD4 T cells,train
CACTTAACCGAATC-1,CD4 T cells,0.99986804,CD4 T cells,train
CACTTAACCGTACA-1,B cells,0.9998461,B cells,train
CACTTTGACTCTAT-1,CD8 T cells,0.99974924,CD8 T cells,train
CACTTTGAGCTGTA-1,CD8 T cells,0.9994499,CD8 T cells,train
CAGAAGCTCTCAAG-1,CD4 T cells,0.99929774,CD4 T cells,train
CAGACATGAACGGG-1,CD4 T cells,0.999808,CD4 T cells,train
CAGACATGTCGACA-1,CD4 T cells,0.9999722,CD4 T cells,test
CAGACCCTAAGGTA-1,FCGR3A+ Monocytes,0.99695,FCGR3A+ Monocytes,train
CAGACCCTAATGCC-1,CD4 T cells,0.9999045,CD4 T cells,train
CAGACCCTAGGAGC-1,CD4 T cells,0.9998828,CD4 T cells,train
CAGACTGAGTATGC-1,CD4 T cells,0.9999212,CD4 T cells,test
CAGATCGAATGTCG-1,B cells,0.9996699,B cells,train
CAGATCGACCTGAA-1,CD4 T cells,0.99712014,CD4 T cells,train
CAGATCGATATGGC-1,CD4 T cells,0.9999862,CD4 T cells,train
CAGATGACATTCTC-1,NK cells,0.9984977,NK cells,test
CAGCAATGCCTTCG-1,CD4 T cells,0.9998846,CD4 T cells,train
CAGCAATGGAGGGT-1,NK cells,0.9995173,NK cells,train
CAGCAATGGTGCTA-1,CD4 T cells,0.99983454,CD4 T cells,test
CAGCAATGTCTACT-1,CD14+ Monocytes,0.9999325,CD14+ Monocytes,train
CAGCAATGTGACCA-1,CD4 T cells,0.9998116,CD4 T cells,test
CAGCAATGTGAGGG-1,CD14+ Monocytes,0.99696296,CD14+ Monocytes,train
CAGCACCTAAGCCT-1,CD4 T cells,0.99998784,CD4 T cells,train
CAGCACCTAGGCGA-1,CD4 T cells,0.9995796,CD4 T cells,test
CAGCACCTGTAGGG-1,CD14+ Monocytes,0.99971145,CD14+ Monocytes,train
CAGCATGACAACCA-1,CD14+ Monocytes,0.99972063,CD14+ Monocytes,test
CAGCATGAGACGTT-1,CD8 T cells,0.95583546,CD8 T cells,train
CAGCCTACCCAACA-1,CD4 T cells,0.9988481,CD4 T cells,train
CAGCCTTGCTACCC-1,CD14+ Monocytes,0.99987626,CD14+ Monocytes,train
CAGCCTTGGGGACA-1,CD4 T cells,0.999964,CD4 T cells,test
CAGCGGACACCCTC-1,CD4 T cells,0.9994789,CD4 T cells,test
CAGCGGACCTTTAC-1,NK cells,0.99903095,NK cells,train
CAGCGTCTAAAGCA-1,CD4 T cells,0.9999689,CD4 T cells,test
CAGCGTCTTATCGG-1,CD4 T cells,0.9938451,CD4 T cells,test
CAGCTAGATGTGAC-1,CD14+ Monocytes,0.99976665,CD14+ Monocytes,train
CAGCTCTGAGGCGA-1,CD4 T cells,0.9995969,CD4 T cells,train
CAGCTCTGCAAGCT-1,CD8 T cells,0.9999174,CD8 T cells,train
CAGCTCTGTCGTAG-1,CD14+ Monocytes,0.99974114,CD14+ Monocytes,test
CAGCTCTGTGTGGT-1,NK cells,0.9997446,NK cells,train
CAGGAACTAACTGC-1,CD8 T cells,0.99981946,CD8 T cells,train
CAGGAACTCTCAGA-1,CD14+ Monocytes,0.99967825,CD14+ Monocytes,train
CAGGCCGAACACCA-1,CD4 T cells,0.99970263,CD4 T cells,train
CAGGCCGAACACGT-1,CD4 T cells,0.9999752,CD4 T cells,train
CAGGCCGAACGACT-1,CD4 T cells,0.99892384,CD4 T cells,train
CAGGCCGAATCTCT-1,FCGR3A+ Monocytes,0.6404928,CD14+ Monocytes,test
CAGGCCGACTAGCA-1,B cells,0.9986749,B cells,train
CAGGGCACCATACG-1,B cells,0.9998035,B cells,train
CAGGGCACCCAACA-1,CD4 T cells,0.9996531,CD4 T cells,train
CAGGGCACTCCCGT-1,CD4 T cells,0.9999347,CD4 T cells,train
CAGGTAACAGACTC-1,CD14+ Monocytes,0.92169267,CD14+ Monocytes,test
CAGGTATGAGTCGT-1,CD4 T cells,0.99924445,CD4 T cells,train
CAGGTATGTGCTTT-1,CD4 T cells,0.9982539,CD4 T cells,train
CAGGTTGAGGATCT-1,B cells,0.99867684,B cells,test
CAGTGATGGACGGA-1,B cells,0.9994325,B cells,train
CAGTGATGGCTAAC-1,CD8 T cells,0.9979912,CD8 T cells,test
CAGTGATGGGACAG-1,CD4 T cells,0.99992406,CD4 T cells,train
CAGTGATGTAAGGA-1,B cells,0.99949443,B cells,train
CAGTGATGTACGCA-1,B cells,0.9929797,CD4 T cells,test
CAGTGTGATGTCAG-1,CD4 T cells,0.9998827,CD4 T cells,train
CAGTTACTAAGGTA-1,B cells,0.99866986,B cells,test
CAGTTACTGATAGA-1,CD4 T cells,0.980706,CD4 T cells,train
CAGTTGGAAAGAGT-1,CD14+ Monocytes,0.99918395,CD14+ Monocytes,test
CAGTTGGACATACG-1,CD4 T cells,0.9999372,CD4 T cells,train
CAGTTTACACACGT-1,NK cells,0.9415816,NK cells,test
CAGTTTACCCCAAA-1,CD4 T cells,0.9988078,CD4 T cells,train
CATAAAACGGAGCA-1,CD14+ Monocytes,0.9999474,CD14+ Monocytes,test
CATAAATGAACTGC-1,CD4 T cells,0.99997556,CD4 T cells,train
CATAACCTTCTCCG-1,CD4 T cells,1.0,CD4 T cells,test
CATACTACCTCGAA-1,CD4 T cells,0.99773115,CD4 T cells,train
CATACTACCTGAAC-1,CD4 T cells,0.9999933,CD4 T cells,train
CATACTACGTACCA-1,CD14+ Monocytes,0.99969053,CD14+ Monocytes,train
CATACTTGGGTTAC-1,CD4 T cells,0.99146956,CD4 T cells,train
CATAGTCTAATCGC-1,CD4 T cells,0.9995455,CD4 T cells,train
CATAGTCTCACTTT-1,CD4 T cells,0.9999932,CD4 T cells,test
CATATAGACTAAGC-1,Dendritic cells,0.9170392,Dendritic cells,test
CATATAGATCAGGT-1,B cells,0.9990652,B cells,train
CATCAACTAGAAGT-1,CD4 T cells,0.99999154,CD4 T cells,train
CATCAACTCCCTCA-1,CD4 T cells,0.99994326,CD4 T cells,train
CATCAGGACTTCCG-1,NK cells,0.99903035,NK cells,test
CATCAGGATAGCCA-1,NK cells,0.9981218,NK cells,train
CATCAGGATCCTAT-1,FCGR3A+ Monocytes,0.99750817,FCGR3A+ Monocytes,test
CATCAGGATGCACA-1,CD14+ Monocytes,0.9995146,CD14+ Monocytes,train
CATCAGGATTTCGT-1,CD14+ Monocytes,0.9998988,CD14+ Monocytes,train
CATCATACCGCATA-1,CD14+ Monocytes,0.9947142,CD14+ Monocytes,train
CATCATACGGAGCA-1,B cells,0.9986393,B cells,test
CATCATACTCAAGC-1,CD4 T cells,0.99999666,CD4 T cells,test
CATCGCTGGGATCT-1,CD4 T cells,0.9995772,CD4 T cells,train
CATCGCTGTGGCAT-1,B cells,0.9996804,B cells,train
CATCGGCTATGCTG-1,CD4 T cells,0.99431735,CD4 T cells,train
CATCGGCTTTGGCA-1,CD4 T cells,0.99476874,CD4 T cells,train
CATCTCCTATGTGC-1,B cells,0.9999683,B cells,train
CATCTCCTCGAACT-1,CD14+ Monocytes,0.99514645,CD14+ Monocytes,train
CATGAGACACGGGA-1,B cells,0.99915683,B cells,test
CATGAGACGTTGAC-1,NK cells,0.9996723,NK cells,train
CATGAGACTCGCCT-1,CD4 T cells,0.9999604,CD4 T cells,train
CATGCCACGGGTGA-1,CD4 T cells,0.99682486,CD4 T cells,train
CATGCCACTGCCAA-1,CD4 T cells,0.99970454,CD4 T cells,train
CATGCGCTAGTCAC-1,FCGR3A+ Monocytes,0.98960924,FCGR3A+ Monocytes,train
CATGCGCTCAGATC-1,CD14+ Monocytes,0.9998375,CD14+ Monocytes,test
CATGCGCTTTGCAG-1,FCGR3A+ Monocytes,0.96602327,FCGR3A+ Monocytes,test
CATGGCCTAGGGTG-1,CD14+ Monocytes,0.99914455,CD14+ Monocytes,train
CATGGCCTGTGCAT-1,CD4 T cells,0.9999305,CD4 T cells,train
CATGTACTATCGTG-1,CD8 T cells,0.9993419,CD8 T cells,train
CATGTTACAGTCGT-1,NK cells,0.62079704,CD8 T cells,test
CATGTTACCTGAGT-1,CD4 T cells,0.9962793,CD4 T cells,train
CATGTTTGGGGATG-1,CD14+ Monocytes,0.9994388,CD14+ Monocytes,train
CATTACACACGGAG-1,B cells,0.99950194,B cells,train
CATTACACCAACTG-1,NK cells,0.9370716,NK cells,test
CATTACACGGAGTG-1,CD4 T cells,0.9998704,CD4 T cells,train
CATTACACTACTCT-1,CD4 T cells,0.9999509,CD4 T cells,train
CATTAGCTCCACAA-1,CD14+ Monocytes,0.99908626,CD14+ Monocytes,train
CATTGACTAGCGGA-1,CD14+ Monocytes,0.9999708,CD14+ Monocytes,test
CATTGGGACTCGAA-1,CD8 T cells,0.90069884,CD4 T cells,test
CATTGTACAGCGTT-1,CD4 T cells,0.9999515,CD4 T cells,train
CATTGTACTCGATG-1,B cells,0.9996847,B cells,train
CATTGTACTTATCC-1,CD4 T cells,0.99996114,CD4 T cells,train
CATTGTACTTTGCT-1,FCGR3A+ Monocytes,0.9973527,FCGR3A+ Monocytes,train
CATTGTTGCTAGTG-1,CD4 T cells,0.9999857,CD4 T cells,train
CATTTCGACTCTAT-1,CD8 T cells,0.99906725,CD8 T cells,train
CATTTCGAGATACC-1,NK cells,0.9998703,NK cells,train
CATTTGACCACACA-1,CD8 T cells,0.99992204,CD8 T cells,train
CATTTGACCCTGAA-1,CD8 T cells,0.9986726,CD8 T cells,train
CATTTGTGACGACT-1,B cells,0.99946445,B cells,train
CATTTGTGCATTGG-1,CD4 T cells,0.99974364,CD4 T cells,train
CATTTGTGCGGAGA-1,CD4 T cells,0.9999255,CD4 T cells,train
CATTTGTGGGATCT-1,B cells,0.99944454,B cells,test
CCAAAGTGCTACGA-1,CD14+ Monocytes,0.99968195,CD14+ Monocytes,train
CCAAAGTGTGAGAA-1,CD14+ Monocytes,0.99800044,CD14+ Monocytes,test
CCAACCTGAAGTAG-1,CD8 T cells,0.9998584,CD8 T cells,train
CCAACCTGACGTAC-1,CD14+ Monocytes,0.9986112,CD14+ Monocytes,train
CCAACCTGTTCGCC-1,CD14+ Monocytes,0.99951375,CD14+ Monocytes,train
CCAAGAACCCAATG-1,CD4 T cells,0.9992791,CD4 T cells,test
CCAAGAACGTAGCT-1,CD4 T cells,0.9999572,CD4 T cells,test
CCAAGAACGTGTCA-1,CD4 T cells,0.9998392,CD4 T cells,train
CCAAGAACTACTGG-1,CD8 T cells,0.99909043,CD8 T cells,train
CCAAGAACTCCTAT-1,B cells,0.9990227,B cells,train
CCAAGATGTCATTC-1,CD4 T cells,0.9999846,CD4 T cells,test
CCAAGATGTTTCAC-1,CD4 T cells,0.9992478,CD4 T cells,test
CCAAGTGAGGAACG-1,CD4 T cells,0.9999405,CD4 T cells,train
CCAAGTGATCAAGC-1,CD4 T cells,0.9999933,CD4 T cells,train
CCAATTTGAACGTC-1,CD14+ Monocytes,0.99991596,CD14+ Monocytes,train
CCACCATGAACGTC-1,CD4 T cells,0.9999161,CD4 T cells,train
CCACCATGATCGGT-1,CD4 T cells,0.99987626,CD4 T cells,train
CCACCATGGACGAG-1,FCGR3A+ Monocytes,0.8361764,FCGR3A+ Monocytes,test
CCACCATGGGGAGT-1,CD4 T cells,0.9999852,CD4 T cells,test
CCACCATGTCCTGC-1,CD8 T cells,0.9998103,CD8 T cells,test
CCACTGACCCGCTT-1,CD14+ Monocytes,0.9999726,CD14+ Monocytes,train
CCACTGTGGGAAGC-1,CD14+ Monocytes,0.99961674,CD14+ Monocytes,train
CCACTGTGTGTAGC-1,CD4 T cells,0.999228,CD4 T cells,train
CCACTTCTCGGGAA-1,CD14+ Monocytes,0.9998541,CD14+ Monocytes,train
CCAGAAACCCTGTC-1,B cells,0.99973625,B cells,test
CCAGAAACGAACTC-1,CD4 T cells,0.999992,CD4 T cells,train
CCAGAAACGGTCTA-1,CD4 T cells,0.9999902,CD4 T cells,test
CCAGACCTCTGAGT-1,CD14+ Monocytes,0.99666756,CD14+ Monocytes,test
CCAGACCTTGTGGT-1,CD4 T cells,0.9997873,CD4 T cells,test
CCAGCACTGCGATT-1,FCGR3A+ Monocytes,0.983649,FCGR3A+ Monocytes,train
CCAGCGGAAAGGCG-1,CD14+ Monocytes,0.9998914,CD14+ Monocytes,train
CCAGCGGACGACTA-1,CD14+ Monocytes,0.9997975,CD14+ Monocytes,train
CCAGCGGATGGGAG-1,CD4 T cells,0.99999225,CD4 T cells,test
CCAGCTACACAGTC-1,CD4 T cells,0.9999852,CD4 T cells,train
CCAGCTACCAGCTA-1,B cells,0.99983954,B cells,test
CCAGGTCTACACCA-1,B cells,0.9996669,B cells,train
CCAGGTCTAGCATC-1,CD14+ Monocytes,0.9998221,CD14+ Monocytes,train
CCAGGTCTATGGTC-1,CD4 T cells,0.9998976,CD4 T cells,test
CCAGTCACACTGGT-1,CD14+ Monocytes,0.9987746,CD14+ Monocytes,train
CCAGTCACACTGTG-1,B cells,0.999608,B cells,train
CCAGTCACGTTGTG-1,CD4 T cells,0.99999297,CD4 T cells,train
CCAGTGCTAACCAC-1,CD4 T cells,0.99998295,CD4 T cells,train
CCAGTGCTCGTAGT-1,CD4 T cells,0.999813,CD4 T cells,test
CCATCCGAAAGCAA-1,CD4 T cells,0.99806386,CD4 T cells,train
CCATCCGAACGACT-1,CD8 T cells,0.9012904,CD8 T cells,test
CCATCCGAAGGTTC-1,B cells,0.999363,B cells,train
CCATCCGATTCGCC-1,CD14+ Monocytes,0.9992329,CD14+ Monocytes,train
CCATCGTGAACGGG-1,CD4 T cells,0.9991999,CD4 T cells,test
CCATCGTGCTAGAC-1,FCGR3A+ Monocytes,0.98117346,FCGR3A+ Monocytes,train
CCCAACACCTCGCT-1,B cells,0.99976295,B cells,train
CCCAACACGCATCA-1,CD4 T cells,0.9986455,CD4 T cells,train
CCCAACACTTTGTC-1,CD14+ Monocytes,0.9998896,CD14+ Monocytes,train
CCCAACTGCAATCG-1,CD14+ Monocytes,0.99965656,CD14+ Monocytes,train
CCCAGACTGCCTTC-1,CD14+ Monocytes,0.99794406,CD14+ Monocytes,train
CCCAGACTGGTTTG-1,B cells,0.99722266,B cells,test
CCCAGACTTTCGCC-1,FCGR3A+ Monocytes,0.99376386,FCGR3A+ Monocytes,train
CCCAGTTGCAGTTG-1,CD14+ Monocytes,0.9991978,CD14+ Monocytes,test
CCCAGTTGGGTACT-1,CD4 T cells,0.9701849,CD4 T cells,test
CCCAGTTGTCTATC-1,B cells,0.99936515,B cells,train
CCCGATTGTGTTTC-1,CD4 T cells,0.99198544,CD8 T cells,test
CCCGGAGAAGGGTG-1,CD14+ Monocytes,0.99980897,CD14+ Monocytes,train
CCCTACGAATTGGC-1,CD14+ Monocytes,0.9997032,CD14+ Monocytes,train
CCCTAGTGCAAAGA-1,CD4 T cells,0.99836355,CD4 T cells,train
CCCTCAGACACTTT-1,B cells,0.99777704,B cells,test
CCCTCAGACGAGAG-1,CD4 T cells,0.999977,CD4 T cells,train
CCCTCAGAGGTCAT-1,CD4 T cells,0.99981743,CD4 T cells,train
CCCTGAACTAAAGG-1,B cells,0.9997187,B cells,test
CCCTGATGCAACCA-1,CD4 T cells,0.9951115,CD4 T cells,test
CCCTGATGCAAGCT-1,B cells,0.9991961,B cells,train
CCCTTACTAACCAC-1,CD14+ Monocytes,0.9968539,CD14+ Monocytes,train
CCCTTACTGCAGTT-1,CD4 T cells,0.99794036,CD4 T cells,train
CCGAAAACCTTGTT-1,FCGR3A+ Monocytes,0.72893727,CD14+ Monocytes,train
CCGACACTGGTTTG-1,CD4 T cells,0.99999523,CD4 T cells,train
CCGACTACCCAGTA-1,CD14+ Monocytes,0.9999099,CD14+ Monocytes,test
CCGACTACCGTGTA-1,CD4 T cells,0.99984276,CD4 T cells,test
CCGACTACTGAGGG-1,CD8 T cells,0.747998,CD8 T cells,test
CCGATAGACCTAAG-1,CD4 T cells,0.9999893,CD4 T cells,train
CCGATAGAGTTGGT-1,CD14+ Monocytes,0.99371696,CD14+ Monocytes,test
CCGCGAGACACACA-1,CD14+ Monocytes,0.999688,CD14+ Monocytes,train
CCGCGAGAGGTTCA-1,CD8 T cells,0.9986582,CD8 T cells,train
CCGCTATGGGACGA-1,B cells,0.999469,B cells,train
CCGCTATGTGCAAC-1,CD14+ Monocytes,0.9971089,CD14+ Monocytes,train
CCGCTATGTGCACA-1,CD14+ Monocytes,0.99932396,CD14+ Monocytes,train
CCGGTACTGTCCTC-1,CD4 T cells,0.9972065,CD4 T cells,train
CCGTACACAAGCAA-1,CD4 T cells,0.9999584,CD4 T cells,train
CCGTACACAGCGTT-1,B cells,0.99972886,B cells,train
CCGTACACGTCATG-1,CD8 T cells,0.9987716,CD8 T cells,train
CCGTACACGTTGGT-1,CD14+ Monocytes,0.9997838,CD14+ Monocytes,train
CCGTACACTAACGC-1,CD8 T cells,0.76408297,CD8 T cells,test
CCTAAACTTTCGTT-1,CD4 T cells,0.999899,CD4 T cells,train
CCTAAGGACCCAAA-1,CD4 T cells,0.99974304,CD4 T cells,test
CCTAAGGACTAGCA-1,CD14+ Monocytes,0.99983156,CD14+ Monocytes,train
CCTAAGGAGGGCAA-1,CD8 T cells,0.97255963,CD8 T cells,test
CCTAAGGATGATGC-1,CD4 T cells,0.9994881,CD4 T cells,train
CCTAAGGATGTCAG-1,CD4 T cells,0.99965906,CD4 T cells,test
CCTACCGACTCTTA-1,CD4 T cells,0.99130344,CD4 T cells,test
CCTACCGAGGGATG-1,B cells,0.9990426,B cells,train
CCTAGAGAGGTGAG-1,B cells,0.999759,B cells,test
CCTATAACCAAAGA-1,CD4 T cells,0.9998925,CD4 T cells,train
CCTATAACGAGACG-1,FCGR3A+ Monocytes,0.99005055,FCGR3A+ Monocytes,train
CCTATAACTCAGAC-1,CD4 T cells,0.99997616,CD4 T cells,train
CCTATAACTGCATG-1,FCGR3A+ Monocytes,0.99836415,FCGR3A+ Monocytes,train
CCTCGAACACTTTC-1,NK cells,0.9997526,NK cells,train
CCTCGAACCCGTAA-1,CD14+ Monocytes,0.99745566,CD14+ Monocytes,train
CCTCGAACGTATCG-1,CD4 T cells,0.9999937,CD4 T cells,train
CCTCGAACTTACTC-1,CD4 T cells,0.997846,CD4 T cells,train
CCTCTACTCTTCGC-1,CD14+ Monocytes,0.9972633,CD14+ Monocytes,train
CCTCTACTGGCATT-1,CD4 T cells,0.9999722,CD4 T cells,test
CCTGACTGAAGTAG-1,CD8 T cells,0.9898275,CD8 T cells,test
CCTGACTGGGGAGT-1,CD4 T cells,0.9998566,CD4 T cells,train
CCTGACTGTGTCTT-1,B cells,0.999908,B cells,train
CCTGCAACACGTTG-1,CD14+ Monocytes,0.99879104,CD14+ Monocytes,test
CCTGGACTCGTGAT-1,CD4 T cells,0.999972,CD4 T cells,train
CCTTAATGCCCAAA-1,B cells,0.9978732,B cells,test
CCTTAATGTTCTAC-1,FCGR3A+ Monocytes,0.85983914,FCGR3A+ Monocytes,test
CCTTCACTACGACT-1,CD4 T cells,0.99996233,CD4 T cells,test
CCTTCACTCAGTCA-1,B cells,0.9998697,B cells,test
CCTTCACTGGAGTG-1,CD14+ Monocytes,0.99976534,CD14+ Monocytes,train
CCTTTAGATTCATC-1,CD14+ Monocytes,0.9994605,CD14+ Monocytes,train
CGAACATGCCCTAC-1,CD14+ Monocytes,0.9973213,CD14+ Monocytes,test
CGAACATGTCAGAC-1,CD4 T cells,0.99829155,CD4 T cells,test
CGAAGACTGGAACG-1,CD8 T cells,0.9953656,CD8 T cells,test
CGAAGACTGTTACG-1,CD4 T cells,0.9996191,CD4 T cells,test
CGAAGGGAAACCTG-1,CD8 T cells,0.999984,CD8 T cells,train
CGAAGGGATCCGAA-1,B cells,0.9914484,B cells,test
CGAAGTACCAACTG-1,B cells,0.99773943,B cells,train
CGAATCGAGGAGCA-1,CD14+ Monocytes,0.9914663,CD14+ Monocytes,test
CGAATCGAGGAGGT-1,CD4 T cells,0.99999297,CD4 T cells,train
CGACAAACCCATAG-1,CD4 T cells,0.99997914,CD4 T cells,train
CGACAAACCGACAT-1,B cells,0.9991842,B cells,test
CGACCACTAAAGTG-1,NK cells,0.999313,NK cells,test
CGACCACTGCCAAT-1,NK cells,0.9991007,NK cells,train
CGACCGGAAGGTCT-1,CD4 T cells,0.9999598,CD4 T cells,train
CGACCGGATGGAAA-1,CD4 T cells,0.9999287,CD4 T cells,test
CGACCTTGCTAGTG-1,CD4 T cells,0.9999851,CD4 T cells,train
CGACGTCTATCGTG-1,CD4 T cells,0.99394315,CD4 T cells,train
CGACGTCTCGTGTA-1,CD4 T cells,0.99930525,CD4 T cells,train
CGACGTCTGAGGCA-1,CD4 T cells,0.99985576,CD4 T cells,train
CGACTCACGTCGTA-1,CD4 T cells,0.9999304,CD4 T cells,test
CGACTCACGTTGCA-1,CD4 T cells,0.9986731,CD4 T cells,train
CGACTCTGTGTGAC-1,CD4 T cells,0.74111146,CD4 T cells,train
CGACTGCTTCCTCG-1,CD14+ Monocytes,0.99931276,CD14+ Monocytes,train
CGAGAACTAAGGCG-1,CD8 T cells,0.99993706,CD8 T cells,train
CGAGAACTACGTTG-1,CD4 T cells,0.9998548,CD4 T cells,train
CGAGAACTTGTTCT-1,CD14+ Monocytes,0.9999372,CD14+ Monocytes,test
CGAGATTGGACACT-1,CD8 T cells,0.99712986,CD8 T cells,train
CGAGATTGGCCATA-1,CD8 T cells,0.9959973,CD8 T cells,train
CGAGCCGAACACCA-1,CD4 T cells,0.9995615,CD4 T cells,train
CGAGCCGAGGCGAA-1,CD4 T cells,0.98261696,CD4 T cells,test
CGAGCGTGCTCCAC-1,CD4 T cells,0.99675983,CD4 T cells,train
CGAGCGTGGATACC-1,CD4 T cells,0.9996581,CD4 T cells,test
CGAGCGTGTATGCG-1,CD14+ Monocytes,0.9998585,CD14+ Monocytes,train
CGAGGAGACCTCCA-1,B cells,0.99946064,B cells,test
CGAGGAGATGTCGA-1,CD4 T cells,0.9998437,CD4 T cells,train
CGAGGCACCTATGG-1,CD8 T cells,0.9999814,CD8 T cells,train
CGAGGCACTATGCG-1,CD14+ Monocytes,0.99587446,CD14+ Monocytes,train
CGAGGCACTCTTCA-1,CD8 T cells,0.5647041,CD4 T cells,test
CGAGGCTGACGCTA-1,NK cells,0.9994918,NK cells,test
CGAGGCTGGCAGTT-1,CD14+ Monocytes,0.99954575,CD14+ Monocytes,test
CGAGGGCTACGACT-1,B cells,0.999926,B cells,train
CGAGGGCTCGAATC-1,CD4 T cells,0.9948388,CD4 T cells,test
CGAGTATGTCACCC-1,FCGR3A+ Monocytes,0.9957195,FCGR3A+ Monocytes,train
CGATACGAACAGTC-1,CD14+ Monocytes,0.9868815,CD14+ Monocytes,train
CGATACGACAGGAG-1,CD4 T cells,0.9987739,CD4 T cells,train
CGATACGATTCACT-1,B cells,0.9999726,B cells,train
CGATAGACCCGTAA-1,CD14+ Monocytes,0.99970657,CD14+ Monocytes,train
CGATAGACCGTACA-1,CD4 T cells,0.9998827,CD4 T cells,train
CGATAGACGTAGGG-1,CD14+ Monocytes,0.9995009,CD14+ Monocytes,test
CGATAGACTGTTCT-1,CD4 T cells,0.9998678,CD4 T cells,train
CGATCAGAAGAACA-1,CD8 T cells,0.99910814,CD8 T cells,train
CGATCAGAGAGGGT-1,CD4 T cells,0.999881,CD4 T cells,train
CGATCAGAGGTACT-1,CD4 T cells,0.99987674,CD4 T cells,train
CGATCAGATGTGAC-1,Dendritic cells,0.9978154,Dendritic cells,train
CGATCCACCGGGAA-1,CD8 T cells,0.9999914,CD8 T cells,train
CGATCCACTTCCAT-1,B cells,0.9989661,B cells,train
CGCAAATGCTCGAA-1,CD4 T cells,0.9893428,CD4 T cells,test
CGCAACCTCCTTGC-1,CD4 T cells,0.995276,CD4 T cells,train
CGCAACCTGGACGA-1,CD4 T cells,0.9997265,CD4 T cells,test
CGCACGGAGGACGA-1,B cells,0.9998944,B cells,train
CGCACGGATCTTTG-1,CD4 T cells,0.99980134,CD4 T cells,train
CGCACTACAGAATG-1,CD4 T cells,0.99998474,CD4 T cells,train
CGCACTACAGCCAT-1,CD4 T cells,0.999966,CD4 T cells,train
CGCACTACATTGGC-1,CD4 T cells,0.9997168,CD4 T cells,test
CGCACTACTCGCCT-1,B cells,0.99923384,B cells,train
CGCACTACTCGTGA-1,CD8 T cells,0.6534137,CD4 T cells,test
CGCACTTGTCACGA-1,CD14+ Monocytes,0.9883596,CD14+ Monocytes,test
CGCAGGACAGATCC-1,CD8 T cells,0.99745184,CD8 T cells,train
CGCAGGACCTACTT-1,CD4 T cells,0.99970454,CD4 T cells,train
CGCAGGACTTGTCT-1,FCGR3A+ Monocytes,0.97871655,FCGR3A+ Monocytes,test
CGCAGGTGCACTGA-1,CD4 T cells,0.99924326,CD4 T cells,train
CGCAGGTGCCATAG-1,FCGR3A+ Monocytes,0.992861,FCGR3A+ Monocytes,test
CGCAGGTGGGAACG-1,CD4 T cells,0.9536561,CD4 T cells,train
CGCATAGATCACGA-1,CD14+ Monocytes,0.99944407,CD14+ Monocytes,train
CGCCATACTGCAAC-1,CD4 T cells,0.99962926,CD4 T cells,test
CGCCATTGAGAGGC-1,CD4 T cells,0.9999502,CD4 T cells,train
CGCCATTGCTATGG-1,CD4 T cells,0.99854255,CD4 T cells,train
CGCCATTGGAGACG-1,CD4 T cells,0.9999937,CD4 T cells,test
CGCCATTGGAGCAG-1,B cells,0.9995524,B cells,train
CGCCATTGTACTGG-1,B cells,0.9996867,B cells,train
CGCCGAGAGCTTAG-1,NK cells,0.99637514,NK cells,train
CGCCTAACGAATGA-1,Dendritic cells,0.9926248,Dendritic cells,train
CGCCTAACTGCTCC-1,CD4 T cells,0.99986887,CD4 T cells,train
CGCGAGACACAGCT-1,CD4 T cells,0.99443334,CD4 T cells,train
CGCGAGACAGGTCT-1,B cells,0.9978144,B cells,train
CGCGAGACGCTACA-1,CD4 T cells,0.9938783,CD4 T cells,train
CGCGATCTCAGTCA-1,CD14+ Monocytes,0.99718237,CD14+ Monocytes,train
CGCGATCTGTTGAC-1,CD14+ Monocytes,0.99984634,CD14+ Monocytes,train
CGCGATCTTTCTTG-1,B cells,0.9994849,B cells,train
CGCGGATGGCCAAT-1,CD4 T cells,0.999241,CD4 T cells,train
CGCTAAGAATGTCG-1,CD4 T cells,0.9999895,CD4 T cells,train
CGCTAAGACAACTG-1,CD4 T cells,0.9993962,CD4 T cells,train
CGCTAAGACCCTTG-1,CD4 T cells,0.9999863,CD4 T cells,test
CGCTACTGAACAGA-1,CD14+ Monocytes,0.99830866,CD14+ Monocytes,test
CGCTACTGAGAACA-1,CD4 T cells,0.999668,CD4 T cells,train
CGCTACTGTGAGCT-1,CD4 T cells,0.9999937,CD4 T cells,train
CGCTACTGTTCCCG-1,CD8 T cells,0.99898356,CD8 T cells,train
CGCTCATGCATTTC-1,CD14+ Monocytes,0.9986099,CD14+ Monocytes,train
CGGAATTGGTTTGG-1,CD4 T cells,0.9964947,CD4 T cells,train
CGGAATTGTGGAGG-1,CD4 T cells,0.9994772,CD4 T cells,train
CGGACCGATGCGTA-1,CD8 T cells,0.9986474,CD8 T cells,train
CGGACCGATGGGAG-1,CD4 T cells,0.9999659,CD4 T cells,train
CGGACTCTAAACAG-1,B cells,0.9997696,B cells,test
CGGACTCTCCAATG-1,CD4 T cells,0.9981164,CD4 T cells,train
CGGACTCTCCTCGT-1,CD8 T cells,0.9113155,CD8 T cells,test
CGGAGGCTATTCCT-1,CD4 T cells,0.99939,CD4 T cells,train
CGGAGGCTTGGATC-1,CD4 T cells,0.99842983,CD4 T cells,train
CGGATAACAACGAA-1,CD14+ Monocytes,0.99979705,CD14+ Monocytes,train
CGGATAACAGCTCA-1,CD4 T cells,0.99925786,CD4 T cells,train
CGGATAACTCAGTG-1,CD14+ Monocytes,0.9980584,CD14+ Monocytes,test
CGGCACGAACTCAG-1,CD8 T cells,0.99948967,CD8 T cells,train
CGGCACGAAGGGTG-1,CD4 T cells,0.9973876,CD4 T cells,train
CGGCACGACTACGA-1,FCGR3A+ Monocytes,0.9974566,FCGR3A+ Monocytes,train
CGGCATCTTAGAAG-1,CD8 T cells,0.99845004,CD8 T cells,train
CGGCATCTTCGTAG-1,CD14+ Monocytes,0.9997396,CD14+ Monocytes,train
CGGCCAGAAAGGTA-1,CD4 T cells,0.9995938,CD4 T cells,train
CGGCCAGAGAGGCA-1,CD8 T cells,0.9999795,CD8 T cells,train
CGGCGAACCAGTCA-1,CD14+ Monocytes,0.49105832,CD14+ Monocytes,test
CGGCGAACGACAAA-1,NK cells,0.8153279,NK cells,test
CGGCGAACGGTCTA-1,CD4 T cells,0.9998789,CD4 T cells,test
CGGCGAACTACTTC-1,NK cells,0.9998945,NK cells,test
CGGGACTGCGTGTA-1,CD4 T cells,0.9941577,CD4 T cells,test
CGGGACTGGAATAG-1,CD8 T cells,0.9983474,CD8 T cells,train
CGGGCATGACCCAA-1,Megakaryocytes,0.9153382,Megakaryocytes,train
CGGGCATGTCTCTA-1,NK cells,0.9940637,NK cells,train
CGGGCATGTTGTGG-1,CD4 T cells,0.9995753,CD4 T cells,train
CGGTAAACTCGCAA-1,CD8 T cells,0.9953844,CD8 T cells,train
CGGTCACTGTTTGG-1,CD4 T cells,0.99996245,CD4 T cells,train
CGGTCACTTACTTC-1,CD4 T cells,0.9999862,CD4 T cells,train
CGTAACGATCGCCT-1,CD4 T cells,0.99972826,CD4 T cells,train
CGTACCACACACAC-1,CD4 T cells,0.99994206,CD4 T cells,train
CGTACCACACGTTG-1,CD4 T cells,0.99999964,CD4 T cells,train
CGTACCACCTCATT-1,CD4 T cells,0.99992645,CD4 T cells,test
CGTACCACGGAGCA-1,CD4 T cells,0.99766797,CD4 T cells,train
CGTACCTGGCATCA-1,NK cells,0.9980356,NK cells,train
CGTAGCCTCTCTCG-1,CD14+ Monocytes,0.99995196,CD14+ Monocytes,train
CGTAGCCTGCGAAG-1,CD4 T cells,0.999998,CD4 T cells,train
CGTAGCCTGTATGC-1,FCGR3A+ Monocytes,0.9809475,FCGR3A+ Monocytes,train
CGTCAAGAAAGGTA-1,CD14+ Monocytes,0.9992668,CD14+ Monocytes,train
CGTCAAGAACGTGT-1,CD4 T cells,0.9998617,CD4 T cells,train
CGTCAAGACAGAGG-1,CD4 T cells,0.96300936,CD4 T cells,test
CGTCAAGACAGGAG-1,CD8 T cells,0.99998915,CD8 T cells,train
CGTCCATGCTCTTA-1,CD4 T cells,0.99996006,CD4 T cells,train
CGTCGACTTTCCGC-1,CD8 T cells,0.9978946,CD8 T cells,train
CGTGATGACGCTAA-1,CD4 T cells,0.99991906,CD4 T cells,train
CGTGATGAGGTTCA-1,CD4 T cells,0.999303,CD4 T cells,train
CGTGCACTTATGGC-1,CD14+ Monocytes,0.99981135,CD14+ Monocytes,test
CGTGTAGAAAAACG-1,CD4 T cells,0.9995939,CD4 T cells,train
CGTGTAGACGATAC-1,CD8 T cells,0.99958223,CD8 T cells,train
CGTGTAGAGTTACG-1,NK cells,0.9985567,NK cells,train
CGTGTAGAGTTCAG-1,CD14+ Monocytes,0.9999527,CD14+ Monocytes,train
CGTGTAGATTCGGA-1,NK cells,0.9994955,NK cells,train
CGTTAGGAAACCAC-1,CD4 T cells,0.99996555,CD4 T cells,train
CGTTAGGATCATTC-1,CD14+ Monocytes,0.9974934,CD14+ Monocytes,test
CGTTATACCCTGAA-1,CD8 T cells,0.99999464,CD8 T cells,train
CGTTTAACTGGTCA-1,CD4 T cells,0.99960476,CD4 T cells,train
CTAAACCTCTGACA-1,NK cells,0.99978584,NK cells,train
CTAAACCTGTGCAT-1,B cells,0.99999654,B cells,train
CTAACACTAACGTC-1,CD4 T cells,0.9959973,CD4 T cells,train
CTAACACTAGTGCT-1,CD14+ Monocytes,0.99925476,CD14+ Monocytes,test
CTAACGGAACCGAT-1,NK cells,0.99969935,NK cells,train
CTAACGGATTTCTG-1,CD4 T cells,0.99987626,CD4 T cells,train
CTAACTACGGCAAG-1,CD8 T cells,0.9998472,CD8 T cells,train
CTAAGGACACCATG-1,CD4 T cells,0.9994443,CD4 T cells,train
CTAAGGACCGTTAG-1,CD4 T cells,0.998254,CD4 T cells,test
CTAAGGACGCCATA-1,CD14+ Monocytes,0.9999747,CD14+ Monocytes,train
CTAAGGTGCCTAAG-1,B cells,0.99937797,B cells,train
CTAAGGTGTTGCAG-1,CD4 T cells,0.99936706,CD4 T cells,test
CTAAGGTGTTTCTG-1,CD4 T cells,0.9992914,CD4 T cells,train
CTAATAGAGCTATG-1,CD4 T cells,0.99967647,CD4 T cells,train
CTAATGCTTGTGGT-1,CD14+ Monocytes,0.99992836,CD14+ Monocytes,train
CTACAACTCCCGTT-1,CD8 T cells,0.99936897,CD8 T cells,train
CTACCTCTCAACCA-1,CD8 T cells,0.83672446,CD8 T cells,train
CTACGCACACCTAG-1,FCGR3A+ Monocytes,0.99686867,FCGR3A+ Monocytes,train
CTACGCACTCTCCG-1,CD4 T cells,0.9995957,CD4 T cells,test
CTACGCACTGGTCA-1,NK cells,0.9999107,NK cells,train
CTACGGCTTTCTTG-1,CD14+ Monocytes,0.9315676,CD14+ Monocytes,test
CTACTATGAACCAC-1,CD14+ Monocytes,0.99990964,CD14+ Monocytes,test
CTACTATGATGTGC-1,CD14+ Monocytes,0.9996215,CD14+ Monocytes,train
CTACTATGCTAAGC-1,CD8 T cells,0.9948314,CD8 T cells,train
CTACTATGTAAAGG-1,B cells,0.9988637,B cells,train
CTACTCCTATGTCG-1,NK cells,0.99914086,NK cells,train
CTACTCCTGCCATA-1,CD14+ Monocytes,0.9991843,CD14+ Monocytes,test
CTAGAGACACTTTC-1,CD4 T cells,0.9989767,CD4 T cells,train
CTAGAGACAGCATC-1,CD8 T cells,0.9966473,CD8 T cells,train
CTAGAGACTTTGGG-1,CD14+ Monocytes,0.69878525,FCGR3A+ Monocytes,test
CTAGATCTCTCTAT-1,CD4 T cells,0.99907696,CD4 T cells,train
CTAGATCTTCGACA-1,CD4 T cells,0.99998987,CD4 T cells,train
CTAGGATGAGCCTA-1,B cells,0.9987294,B cells,train
CTAGGATGATCGTG-1,B cells,0.9985802,B cells,train
CTAGGCCTCTCAGA-1,CD4 T cells,0.9733864,CD4 T cells,train
CTAGGTGATGGTTG-1,FCGR3A+ Monocytes,0.9658234,FCGR3A+ Monocytes,test
CTAGTTACCAGAGG-1,CD4 T cells,0.9997291,CD4 T cells,train
CTAGTTACCGCATA-1,CD4 T cells,0.99999356,CD4 T cells,test
CTAGTTACGAAACA-1,NK cells,0.99997044,NK cells,test
CTATAAGATCGTTT-1,B cells,0.9952943,B cells,train
CTATACTGAGGTTC-1,CD14+ Monocytes,0.999816,CD14+ Monocytes,test
CTATACTGCCAGTA-1,CD4 T cells,0.9997675,CD4 T cells,train
CTATACTGCGCTAA-1,CD14+ Monocytes,0.9997092,CD14+ Monocytes,test
CTATACTGCTACGA-1,NK cells,0.999819,NK cells,train
CTATACTGTCTCAT-1,NK cells,0.9990669,NK cells,train
CTATACTGTTCGTT-1,CD4 T cells,0.5641601,CD4 T cells,test
CTATAGCTGTCACA-1,CD4 T cells,0.9994898,CD4 T cells,train
CTATAGCTTCGCTC-1,CD14+ Monocytes,0.9994473,CD14+ Monocytes,test
CTATAGCTTGCCTC-1,CD14+ Monocytes,0.9984958,CD14+ Monocytes,train
CTATCAACGAACTC-1,CD4 T cells,0.99976736,CD4 T cells,train
CTATCAACGCAGAG-1,CD4 T cells,0.99167633,CD4 T cells,train
CTATCAACTTTGGG-1,CD4 T cells,0.9993222,CD4 T cells,test
CTATCCCTCCACCT-1,CD14+ Monocytes,0.9997105,CD14+ Monocytes,train
CTATGTACGAGAGC-1,CD4 T cells,0.99998367,CD4 T cells,test
CTATGTACGCTTAG-1,CD4 T cells,0.9990466,CD4 T cells,test
CTATGTACTGTTTC-1,B cells,0.98642135,B cells,train
CTATGTTGAAAGCA-1,CD4 T cells,0.9996859,CD4 T cells,train
CTATGTTGTCCTCG-1,CD4 T cells,0.99945945,CD4 T cells,train
CTATGTTGTCTCGC-1,CD4 T cells,0.999964,CD4 T cells,train
CTATTGACAAACGA-1,CD14+ Monocytes,0.99969065,CD14+ Monocytes,train
CTATTGACACTGGT-1,CD14+ Monocytes,0.9890915,CD14+ Monocytes,train
CTATTGACGGTGAG-1,FCGR3A+ Monocytes,0.9840059,FCGR3A+ Monocytes,train
CTATTGTGGCAAGG-1,CD4 T cells,0.99968314,CD4 T cells,train
CTCAATTGGTTCAG-1,CD4 T cells,0.9997979,CD4 T cells,train
CTCAATTGGTTGCA-1,CD14+ Monocytes,0.9998672,CD14+ Monocytes,train
CTCAGAGATAGAAG-1,CD4 T cells,0.9999788,CD4 T cells,train
CTCAGCACTCTAGG-1,CD4 T cells,0.9737915,CD4 T cells,train
CTCAGCACTGAACC-1,CD14+ Monocytes,0.99902797,CD14+ Monocytes,train
CTCAGCACTTGCAG-1,CD4 T cells,0.99962294,CD4 T cells,train
CTCAGCTGAACCTG-1,CD14+ Monocytes,0.98775804,CD14+ Monocytes,test
CTCAGCTGCAGTTG-1,CD4 T cells,0.9997009,CD4 T cells,train
CTCAGGCTCGTTGA-1,FCGR3A+ Monocytes,0.9835977,FCGR3A+ Monocytes,train
CTCAGGCTGCTAAC-1,CD4 T cells,0.99946815,CD4 T cells,train
CTCATTGACCTTAT-1,CD4 T cells,0.99999285,CD4 T cells,train
CTCATTGATGCTTT-1,CD14+ Monocytes,0.9850034,CD14+ Monocytes,train
CTCCACGAGAGATA-1,Dendritic cells,0.9785558,Dendritic cells,train
CTCCATCTCTTAGG-1,CD4 T cells,0.9999515,CD4 T cells,test
CTCCATCTGACGAG-1,CD4 T cells,0.9999982,CD4 T cells,test
CTCCGAACAAGTGA-1,FCGR3A+ Monocytes,0.99823666,FCGR3A+ Monocytes,train
CTCCTACTGCCTTC-1,CD14+ Monocytes,0.9989784,CD14+ Monocytes,train
CTCGAAGATGTGGT-1,CD4 T cells,0.9674028,CD4 T cells,train
CTCGAAGATTAGGC-1,CD14+ Monocytes,0.9997353,CD14+ Monocytes,train
CTCGACTGCTCTAT-1,CD4 T cells,0.99985933,CD4 T cells,train
CTCGACTGGGTGAG-1,CD4 T cells,0.9999982,CD4 T cells,train
CTCGACTGGTTGAC-1,NK cells,0.99972147,NK cells,train
CTCGAGCTCTGGAT-1,CD8 T cells,0.99588,CD8 T cells,train
CTCGCATGACTTTC-1,CD4 T cells,0.9992403,CD4 T cells,train
CTCGCATGCTTAGG-1,CD4 T cells,0.99990165,CD4 T cells,train
CTCTAAACCTCGAA-1,CD4 T cells,0.9999968,CD4 T cells,test
CTCTAAACGGCGAA-1,CD4 T cells,0.99531806,CD4 T cells,train
CTCTAATGTCCAAG-1,CD14+ Monocytes,0.9996991,CD14+ Monocytes,train
CTGAACGACAGTCA-1,CD4 T cells,0.9999999,CD4 T cells,test
CTGAACGATGAGGG-1,CD4 T cells,0.9999956,CD4 T cells,test
CTGAAGACCCAACA-1,CD4 T cells,0.9965094,CD4 T cells,train
CTGAAGACGTGCAT-1,B cells,0.99985564,B cells,train
CTGAAGTGAAGCCT-1,FCGR3A+ Monocytes,0.9968053,FCGR3A+ Monocytes,train
CTGAAGTGCAGCTA-1,B cells,0.9998635,B cells,train
CTGAAGTGGCTATG-1,CD4 T cells,0.99991834,CD4 T cells,train
CTGAAGTGTCCAGA-1,CD4 T cells,0.99994755,CD4 T cells,train
CTGAATCTGAATAG-1,CD4 T cells,0.9980742,CD4 T cells,train
CTGACAGAATCGTG-1,CD8 T cells,0.9999883,CD8 T cells,train
CTGACCACAGCAAA-1,CD4 T cells,0.9999746,CD4 T cells,train
CTGAGAACCGGGAA-1,CD4 T cells,0.9999703,CD4 T cells,train
CTGAGAACGTAAAG-1,NK cells,0.99313074,NK cells,train
CTGATACTAGTAGA-1,CD4 T cells,0.9992926,CD4 T cells,train
CTGATTTGGTGTTG-1,CD14+ Monocytes,0.99998844,CD14+ Monocytes,train
CTGCAGCTAACCGT-1,CD4 T cells,0.9999975,CD4 T cells,train
CTGCAGCTGACACT-1,CD4 T cells,0.9997254,CD4 T cells,train
CTGCAGCTGGATTC-1,FCGR3A+ Monocytes,0.9186551,CD14+ Monocytes,test
CTGCAGCTTGGCAT-1,CD8 T cells,0.99969375,CD8 T cells,train
CTGCCAACAGGAGC-1,CD4 T cells,0.8959484,CD8 T cells,test
CTGCCAACCAGCTA-1,CD4 T cells,0.9999975,CD4 T cells,train
CTGCCAACTAACCG-1,CD14+ Monocytes,0.88441193,CD14+ Monocytes,train
CTGCCAACTGCTCC-1,CD8 T cells,0.9999014,CD8 T cells,train
CTGCCAACTTGCAG-1,CD4 T cells,0.9997851,CD4 T cells,train
CTGCCAACTTGCTT-1,CD8 T cells,0.9966979,CD8 T cells,test
CTGCGACTCCACCT-1,CD4 T cells,0.5878672,CD8 T cells,test
CTGGAAACAAACGA-1,CD8 T cells,0.9895817,CD8 T cells,train
CTGGAAACATCGAC-1,CD4 T cells,0.9999846,CD4 T cells,test
CTGGATGACTGGAT-1,CD8 T cells,0.99982136,CD8 T cells,test
CTGGATGACTTGTT-1,CD4 T cells,0.99982315,CD4 T cells,test
CTGGATGATGTGAC-1,B cells,0.9997192,B cells,train
CTGGCACTCAAGCT-1,CD14+ Monocytes,0.99852294,CD14+ Monocytes,train
CTGTAACTAACCAC-1,CD4 T cells,0.9999602,CD4 T cells,train
CTGTAACTAGCGTT-1,CD4 T cells,0.99993396,CD4 T cells,train
CTGTATACGTAAAG-1,CD4 T cells,0.997139,CD4 T cells,train
CTGTATACGTACGT-1,CD14+ Monocytes,0.9991897,CD14+ Monocytes,train
CTGTATACGTTGGT-1,CD4 T cells,0.9998512,CD4 T cells,train
CTGTGAGACAACCA-1,FCGR3A+ Monocytes,0.99754083,FCGR3A+ Monocytes,train
CTGTGAGACCTTGC-1,CD8 T cells,0.9999808,CD8 T cells,test
CTGTGAGACGAACT-1,CD14+ Monocytes,0.9999385,CD14+ Monocytes,train
CTGTGAGACTGTAG-1,CD14+ Monocytes,0.9999136,CD14+ Monocytes,train
CTTAAAGAACCTGA-1,CD4 T cells,0.9995516,CD4 T cells,train
CTTAACACCTGTAG-1,CD4 T cells,0.999948,CD4 T cells,train
CTTAACACTATCGG-1,B cells,0.99947566,B cells,train
CTTAAGCTACCTAG-1,CD4 T cells,0.99996126,CD4 T cells,train
CTTAAGCTAGTACC-1,CD4 T cells,0.9994804,CD4 T cells,train
CTTAAGCTCATCAG-1,CD4 T cells,0.99991214,CD4 T cells,train
CTTAAGCTCCGCTT-1,B cells,0.9995247,B cells,test
CTTACAACTAACGC-1,CD4 T cells,0.9997652,CD4 T cells,train
CTTACAACTCCCGT-1,CD14+ Monocytes,0.999907,CD14+ Monocytes,train
CTTACTGACGTACA-1,CD4 T cells,0.9999957,CD4 T cells,train
CTTAGACTAAACGA-1,CD4 T cells,0.99760485,CD4 T cells,test
CTTAGGGACTTGCC-1,CD4 T cells,0.9985561,CD4 T cells,train
CTTAGGGAGAATCC-1,CD4 T cells,0.9997166,CD4 T cells,train
CTTATCGACTCATT-1,CD4 T cells,0.9994355,CD4 T cells,train
CTTCACCTACCTGA-1,CD14+ Monocytes,0.68015784,FCGR3A+ Monocytes,train
CTTCATGAAGCATC-1,B cells,0.9996432,B cells,train
CTTCATGAAGTACC-1,CD4 T cells,0.99998355,CD4 T cells,test
CTTCATGACCGAAT-1,CD8 T cells,0.9212283,CD8 T cells,test
CTTGAACTACGCAT-1,CD4 T cells,0.9932608,CD4 T cells,train
CTTGATTGAGGTTC-1,CD8 T cells,0.999106,CD8 T cells,train
CTTGATTGATCTTC-1,CD14+ Monocytes,0.9927528,CD14+ Monocytes,train
CTTGATTGCATTCT-1,CD4 T cells,0.99913776,CD4 T cells,test
CTTGATTGTTTCGT-1,CD4 T cells,0.99990976,CD4 T cells,train
CTTGTATGACACCA-1,B cells,0.999559,B cells,train
CTTGTATGCGCAAT-1,B cells,0.999129,B cells,train
CTTTACGAGCGAAG-1,CD4 T cells,0.99566525,CD4 T cells,test
CTTTAGACCGTGAT-1,CD4 T cells,0.9996069,CD4 T cells,train
CTTTAGACGAGACG-1,CD4 T cells,0.9999608,CD4 T cells,test
CTTTAGACGATACC-1,CD4 T cells,0.99676055,CD4 T cells,train
CTTTAGACGTTGGT-1,CD4 T cells,0.9915627,CD4 T cells,train
CTTTAGACTCATTC-1,CD8 T cells,0.9975922,CD8 T cells,train
CTTTAGTGACGGGA-1,NK cells,0.9995153,NK cells,train
CTTTAGTGGGTGGA-1,CD4 T cells,0.9998951,CD4 T cells,train
CTTTCAGAGAAACA-1,CD4 T cells,0.9998797,CD4 T cells,train
CTTTGATGAGCACT-1,CD4 T cells,0.99991024,CD4 T cells,train
CTTTGATGTCTAGG-1,CD4 T cells,0.9866542,CD4 T cells,train
CTTTGATGTGTCCC-1,CD4 T cells,0.99970055,CD4 T cells,test
CTTTGATGTGTGGT-1,CD4 T cells,0.9993344,CD4 T cells,train
GAAACAGAACTACG-1,CD4 T cells,0.99954385,CD4 T cells,train
GAAACAGAATCACG-1,CD4 T cells,0.9999131,CD4 T cells,train
GAAACAGACATTCT-1,CD4 T cells,0.99999905,CD4 T cells,train
GAAACCTGATCGTG-1,CD4 T cells,0.99997544,CD4 T cells,train
GAAACCTGATGCCA-1,CD4 T cells,0.9999577,CD4 T cells,test
GAAACCTGCTTATC-1,CD4 T cells,0.9998721,CD4 T cells,train
GAAACCTGGACTAC-1,FCGR3A+ Monocytes,0.9962406,FCGR3A+ Monocytes,test
GAAACCTGTGCTAG-1,CD4 T cells,0.9999932,CD4 T cells,train
GAAAGATGATTTCC-1,CD4 T cells,0.9998696,CD4 T cells,train
GAAAGATGCTGATG-1,FCGR3A+ Monocytes,0.9999496,FCGR3A+ Monocytes,test
GAAAGATGCTTCGC-1,CD14+ Monocytes,0.9993747,CD14+ Monocytes,test
GAAAGATGTAAGGA-1,CD4 T cells,0.9988085,CD4 T cells,train
GAAAGCCTACGTTG-1,B cells,0.99993443,B cells,train
GAAAGTGAAAGTGA-1,Dendritic cells,0.9958617,Dendritic cells,train
GAAAGTGACCACAA-1,CD14+ Monocytes,0.9980584,CD14+ Monocytes,train
GAAAGTGACTCAAG-1,CD4 T cells,0.99999475,CD4 T cells,train
GAAATACTACCAAC-1,CD14+ Monocytes,0.92322695,CD14+ Monocytes,test
GAAATACTCTTAGG-1,B cells,0.9998703,B cells,test
GAAATACTTCCTCG-1,CD4 T cells,0.9933524,CD4 T cells,test
GAACACACGTGCAT-1,CD14+ Monocytes,0.99994946,CD14+ Monocytes,train
GAACACACTGCCTC-1,CD4 T cells,0.9994413,CD4 T cells,train
GAACAGCTAACTGC-1,CD14+ Monocytes,0.87537897,FCGR3A+ Monocytes,test
GAACAGCTCTCAGA-1,FCGR3A+ Monocytes,0.9989526,FCGR3A+ Monocytes,test
GAACCAACCACAAC-1,CD4 T cells,0.9980938,CD4 T cells,train
GAACCAACTTCCGC-1,NK cells,0.9996848,NK cells,test
GAACCTGAACGTGT-1,CD8 T cells,0.9997465,CD8 T cells,train
GAACCTGAGAGACG-1,CD4 T cells,0.9999045,CD4 T cells,train
GAACCTGATGAACC-1,CD4 T cells,0.8952637,CD4 T cells,test
GAACGGGATACTTC-1,CD4 T cells,0.9999958,CD4 T cells,test
GAACTGTGACCTGA-1,FCGR3A+ Monocytes,0.9980946,FCGR3A+ Monocytes,train
GAACTGTGCCAGTA-1,CD14+ Monocytes,0.99998105,CD14+ Monocytes,train
GAAGAATGCAATCG-1,CD4 T cells,0.9991479,CD4 T cells,train
GAAGCGGACCTATT-1,CD14+ Monocytes,0.9986727,CD14+ Monocytes,train
GAAGCTACGAATGA-1,CD14+ Monocytes,0.99928397,CD14+ Monocytes,train
GAAGCTACGGTTTG-1,CD4 T cells,0.99997485,CD4 T cells,train
GAAGGGTGAAAGTG-1,CD4 T cells,0.9999914,CD4 T cells,test
GAAGGGTGCTTAGG-1,CD14+ Monocytes,0.99971706,CD14+ Monocytes,train
GAAGGTCTGAAAGT-1,CD4 T cells,0.9995914,CD4 T cells,train
GAAGGTCTGTTGCA-1,CD4 T cells,0.9999926,CD4 T cells,train
GAAGGTCTTAAAGG-1,Dendritic cells,0.99870205,Dendritic cells,train
GAAGTAGACTCCCA-1,CD8 T cells,0.9991885,CD8 T cells,train
GAAGTAGATCCAAG-1,FCGR3A+ Monocytes,0.9965167,FCGR3A+ Monocytes,train
GAAGTCACCCTCGT-1,CD14+ Monocytes,0.9999118,CD14+ Monocytes,train
GAAGTCACCCTGTC-1,B cells,0.9996939,B cells,train
GAAGTCTGTCGCAA-1,B cells,0.99779886,B cells,train
GAAGTCTGTTCTGT-1,CD4 T cells,0.9986118,CD4 T cells,train
GAAGTGCTAAACGA-1,NK cells,0.9999578,NK cells,train
GAAGTGCTCCGCTT-1,CD14+ Monocytes,0.9991084,CD14+ Monocytes,test
GAAGTGCTTAACCG-1,CD4 T cells,0.999716,CD4 T cells,test
GAATGCACCCTAAG-1,CD4 T cells,0.9997315,CD4 T cells,train
GAATGCACCTTCGC-1,NK cells,0.99907434,NK cells,test
GAATGCTGCGGTAT-1,CD4 T cells,0.9999801,CD4 T cells,train
GAATTAACGATAAG-1,CD4 T cells,0.9999629,CD4 T cells,train
GAATTAACGGTCAT-1,CD4 T cells,0.9993049,CD4 T cells,train
GAATTAACGTCGTA-1,NK cells,0.99665654,NK cells,train
GAATTAACTGAAGA-1,B cells,0.9996426,B cells,train
GACAACACAGGCGA-1,CD4 T cells,0.99993217,CD4 T cells,train
GACAACACATCGTG-1,CD4 T cells,0.99871445,CD4 T cells,test
GACAACACTCGCCT-1,CD4 T cells,0.9960109,CD4 T cells,train
GACAACTGAGGTTC-1,CD4 T cells,0.997308,CD4 T cells,test
GACAGGGAAGAGTA-1,B cells,0.9998148,B cells,train
GACAGGGAATGCCA-1,CD4 T cells,0.99931633,CD4 T cells,train
GACAGTACGAGCTT-1,FCGR3A+ Monocytes,0.9907408,FCGR3A+ Monocytes,train
GACAGTACTTCGGA-1,FCGR3A+ Monocytes,0.994103,FCGR3A+ Monocytes,test
GACAGTTGAGTAGA-1,B cells,0.999936,B cells,train
GACATTCTCCACCT-1,Dendritic cells,0.93174696,Dendritic cells,test
GACCAAACGACTAC-1,CD14+ Monocytes,0.99968755,CD14+ Monocytes,train
GACCAAACGTATCG-1,CD14+ Monocytes,0.9998253,CD14+ Monocytes,train
GACCCTACTAAAGG-1,B cells,0.9998535,B cells,train
GACCTAGACCTCAC-1,CD4 T cells,0.99927276,CD4 T cells,train
GACCTAGACGAGAG-1,CD4 T cells,0.9953955,CD4 T cells,train
GACCTCACAAGGTA-1,CD4 T cells,0.9999809,CD4 T cells,test
GACCTCACGTACGT-1,CD14+ Monocytes,0.9989644,CD14+ Monocytes,test
GACCTCTGCATCAG-1,CD4 T cells,0.99989915,CD4 T cells,train
GACGAACTCCCACT-1,CD4 T cells,0.9999993,CD4 T cells,train
GACGATTGCCAATG-1,B cells,0.98854315,B cells,test
GACGCCGACCTTCG-1,CD4 T cells,0.999905,CD4 T cells,test
GACGCTCTCTCTCG-1,Megakaryocytes,0.9991466,Megakaryocytes,test
GACGGCACACGGGA-1,NK cells,0.9989648,NK cells,train
GACGGCACGAGATA-1,CD14+ Monocytes,0.99797446,CD14+ Monocytes,train
GACGTAACCTATGG-1,CD4 T cells,0.99994624,CD4 T cells,test
GACGTAACCTGTGA-1,CD4 T cells,0.9997441,CD4 T cells,train
GACGTAACTATGGC-1,CD4 T cells,0.99950933,CD4 T cells,test
GACGTATGTTGACG-1,CD4 T cells,0.9985417,CD4 T cells,test
GACGTATGTTTGCT-1,CD4 T cells,0.9967776,CD4 T cells,train
GACGTCCTACGGAG-1,CD4 T cells,0.99977046,CD4 T cells,train
GACGTCCTCTCAAG-1,CD14+ Monocytes,0.9997813,CD14+ Monocytes,test
GACGTCCTGATAAG-1,B cells,0.998429,B cells,train
GACTACGATGGTCA-1,B cells,0.9998229,B cells,train
GACTCCTGCTCGCT-1,CD4 T cells,0.9993831,CD4 T cells,train
GACTCCTGGGTTAC-1,CD4 T cells,0.99978846,CD4 T cells,train
GACTCCTGTTATCC-1,CD4 T cells,0.9975677,CD4 T cells,test
GACTCCTGTTGGTG-1,CD14+ Monocytes,0.9999132,CD14+ Monocytes,train
GACTGAACCAATCG-1,CD14+ Monocytes,0.9991942,CD14+ Monocytes,train
GACTGATGTGATGC-1,CD4 T cells,0.99937063,CD4 T cells,train
GACTTTACATGCCA-1,CD4 T cells,0.9998029,CD4 T cells,train
GACTTTACGACAGG-1,B cells,0.99927574,B cells,train
GAGAAATGTTCTCA-1,B cells,0.99926895,B cells,train
GAGATAGAAAAAGC-1,CD14+ Monocytes,0.9996159,CD14+ Monocytes,test
GAGATCACGACAAA-1,FCGR3A+ Monocytes,0.9996177,FCGR3A+ Monocytes,train
GAGATGCTCTGGAT-1,CD8 T cells,0.9997799,CD8 T cells,train
GAGATGCTGAATGA-1,CD4 T cells,0.99996173,CD4 T cells,train
GAGCAGGATTCCCG-1,CD8 T cells,0.9996648,CD8 T cells,train
GAGCATACTTTGCT-1,CD4 T cells,0.9275513,CD4 T cells,train
GAGCGCACGCGTAT-1,CD14+ Monocytes,0.9998115,CD14+ Monocytes,train
GAGCGCACGGTGAG-1,CD8 T cells,0.8341963,CD4 T cells,test
GAGCGCTGAAGATG-1,NK cells,0.99968505,NK cells,train
GAGCGCTGTCTTAC-1,CD14+ Monocytes,0.9999831,CD14+ Monocytes,train
GAGCGGCTGGGAGT-1,B cells,0.99987125,B cells,test
GAGGACGACTCAGA-1,CD8 T cells,0.9959883,CD8 T cells,train
GAGGATCTGAAAGT-1,B cells,0.9977545,B cells,test
GAGGCAGACTTGCC-1,CD8 T cells,0.9997116,CD8 T cells,train
GAGGGAACACCAGT-1,CD4 T cells,0.99876994,CD4 T cells,train
GAGGGAACGAGGGT-1,CD4 T cells,0.9990827,CD4 T cells,train
GAGGGATGGGAAAT-1,CD4 T cells,0.99770916,CD4 T cells,train
GAGGGCCTTCACCC-1,CD4 T cells,0.9995284,CD4 T cells,train
GAGGGTGAAGAGTA-1,CD4 T cells,0.9998691,CD4 T cells,train
GAGGTACTACGGTT-1,CD4 T cells,0.9990251,CD4 T cells,train
GAGGTACTACTCAG-1,CD14+ Monocytes,0.99987626,CD14+ Monocytes,train
GAGGTACTGACACT-1,NK cells,0.85637087,NK cells,test
GAGGTACTGGGAGT-1,CD4 T cells,0.9993548,CD4 T cells,train
GAGGTACTTAGCGT-1,CD14+ Monocytes,0.99906033,CD14+ Monocytes,train
GAGGTGGAGTACGT-1,CD4 T cells,0.99985754,CD4 T cells,train
GAGGTGGATCCTCG-1,NK cells,0.9997662,NK cells,train
GAGGTTACTCGTTT-1,CD14+ Monocytes,0.9966989,CD14+ Monocytes,test
GAGGTTTGTAAGCC-1,CD14+ Monocytes,0.9993942,CD14+ Monocytes,train
GAGTCAACCATTCT-1,CD4 T cells,0.99996984,CD4 T cells,train
GAGTCAACGGGAGT-1,CD4 T cells,0.9876889,CD4 T cells,test
GAGTCTGATCGTGA-1,CD4 T cells,0.82943124,CD8 T cells,train
GAGTCTGATTTGGG-1,B cells,0.99966395,B cells,train
GAGTGACTCAGCTA-1,CD4 T cells,0.9995291,CD4 T cells,train
GAGTGACTCGGTAT-1,CD8 T cells,0.9996755,CD8 T cells,train
GAGTGACTCTTGCC-1,B cells,0.9997898,B cells,train
GAGTGACTGACTAC-1,B cells,0.99886227,B cells,train
GAGTGACTGTCTAG-1,CD4 T cells,0.99998105,CD4 T cells,train
GAGTGGGAGTCTTT-1,B cells,0.99824345,B cells,test
GAGTGGGATGCCCT-1,CD4 T cells,0.9995315,CD4 T cells,train
GAGTGGGATGCTGA-1,B cells,0.99977595,B cells,train
GAGTGTTGCTGTAG-1,CD4 T cells,0.9999156,CD4 T cells,train
GAGTGTTGTGGTCA-1,CD4 T cells,0.9999857,CD4 T cells,test
GAGTTGTGCATGGT-1,CD14+ Monocytes,0.99971455,CD14+ Monocytes,test
GAGTTGTGCTGAGT-1,CD8 T cells,0.9997439,CD8 T cells,test
GAGTTGTGGCGAGA-1,CD14+ Monocytes,0.9991148,CD14+ Monocytes,test
GAGTTGTGGTAGCT-1,Megakaryocytes,0.9999151,Megakaryocytes,train
GAGTTGTGTATGCG-1,FCGR3A+ Monocytes,0.99982905,FCGR3A+ Monocytes,train
GATAAGGAGAAACA-1,CD14+ Monocytes,0.9995241,CD14+ Monocytes,test
GATAAGGATTCACT-1,CD14+ Monocytes,0.9999449,CD14+ Monocytes,train
GATACTCTATCGGT-1,CD4 T cells,0.9999306,CD4 T cells,train
GATACTCTTACTTC-1,CD4 T cells,0.99787116,CD4 T cells,train
GATACTCTTGACTG-1,CD14+ Monocytes,0.9999604,CD14+ Monocytes,train
GATAGAGAAGGGTG-1,NK cells,0.99400514,NK cells,train
GATAGAGACTGTGA-1,CD4 T cells,0.99939835,CD4 T cells,test
GATAGAGATCACGA-1,Dendritic cells,0.9715927,Dendritic cells,train
GATAGCACCCATAG-1,CD4 T cells,0.99990106,CD4 T cells,train
GATAGCACGAAGGC-1,CD14+ Monocytes,0.97765094,CD14+ Monocytes,test
GATAGCACTTGTCT-1,CD4 T cells,0.98032105,CD4 T cells,test
GATATAACAAGGTA-1,CD4 T cells,0.9981547,CD4 T cells,test
GATATAACACGCAT-1,CD4 T cells,0.9999974,CD4 T cells,test
GATATATGCTGGAT-1,CD4 T cells,0.999938,CD4 T cells,test
GATATATGTCCGTC-1,NK cells,0.9615622,CD8 T cells,test
GATATATGTGGAGG-1,CD4 T cells,0.52470434,CD4 T cells,test
GATATCCTAGAAGT-1,CD4 T cells,0.9997595,CD4 T cells,train
GATATCCTCCCGTT-1,CD14+ Monocytes,0.9991429,CD14+ Monocytes,train
GATATTGACAGGAG-1,CD8 T cells,0.7590026,CD4 T cells,test
GATATTGACGAGTT-1,FCGR3A+ Monocytes,0.99840397,FCGR3A+ Monocytes,train
GATATTGAGCCAAT-1,CD4 T cells,0.99954164,CD4 T cells,train
GATCCCTGACCTTT-1,NK cells,0.99731666,NK cells,train
GATCCCTGTGTAGC-1,CD8 T cells,0.9978904,CD8 T cells,train
GATCCGCTGGTCAT-1,CD14+ Monocytes,0.9998035,CD14+ Monocytes,train
GATCGAACCGAGAG-1,CD4 T cells,0.7654391,CD8 T cells,test
GATCGATGACTAGC-1,B cells,0.9991623,B cells,train
GATCGATGGTAAAG-1,B cells,0.98084795,B cells,test
GATCGATGTAAGGA-1,CD14+ Monocytes,0.99983895,CD14+ Monocytes,train
GATCGTGACACTAG-1,CD4 T cells,0.9999989,CD4 T cells,train
GATCGTGATTCACT-1,CD4 T cells,0.9998623,CD4 T cells,train
GATCTACTGGTGAG-1,CD4 T cells,0.9888581,CD4 T cells,train
GATCTACTTTGCAG-1,B cells,0.99997413,B cells,train
GATCTTACACCCAA-1,FCGR3A+ Monocytes,0.9761011,FCGR3A+ Monocytes,test
GATCTTACCCTACC-1,CD4 T cells,0.996505,CD4 T cells,train
GATCTTACGAATAG-1,CD14+ Monocytes,0.9971993,CD14+ Monocytes,test
GATCTTACGAGATA-1,CD14+ Monocytes,0.9995958,CD14+ Monocytes,test
GATGCAACTCCAGA-1,CD4 T cells,0.9997491,CD4 T cells,test
GATGCCCTACGTAC-1,CD4 T cells,0.99957675,CD4 T cells,train
GATGCCCTCTCATT-1,CD4 T cells,0.9998516,CD4 T cells,test
GATGCCCTGGCAAG-1,CD14+ Monocytes,0.99933594,CD14+ Monocytes,train
GATGCCCTTTTGCT-1,CD4 T cells,0.9996505,CD4 T cells,train
GATTACCTTGTTCT-1,CD4 T cells,0.9973786,CD4 T cells,test
GATTCGGAACGACT-1,CD4 T cells,0.9995435,CD4 T cells,train
GATTCGGACAGGAG-1,CD14+ Monocytes,0.9989355,CD14+ Monocytes,train
GATTCGGAGAAGGC-1,FCGR3A+ Monocytes,0.9898095,FCGR3A+ Monocytes,test
GATTCTTGATTCGG-1,CD14+ Monocytes,0.9994912,CD14+ Monocytes,train
GATTCTTGCCGATA-1,CD4 T cells,0.9960366,CD4 T cells,train
GATTCTTGCGAGTT-1,B cells,0.999749,B cells,train
GATTGGACCCGTTC-1,B cells,0.99623764,B cells,train
GATTGGACGGTGTT-1,B cells,0.9999269,B cells,train
GATTGGACTTTCGT-1,B cells,0.9994561,B cells,train
GATTGGTGTGTCAG-1,CD4 T cells,0.99993396,CD4 T cells,train
GATTTAGACACTCC-1,FCGR3A+ Monocytes,0.9975076,FCGR3A+ Monocytes,test
GATTTAGACTAAGC-1,B cells,0.9993006,B cells,test
GATTTAGATTCGTT-1,CD14+ Monocytes,0.99974436,CD14+ Monocytes,train
GATTTGCTAACGAA-1,CD4 T cells,0.99996233,CD4 T cells,train
GATTTGCTAACGGG-1,CD14+ Monocytes,0.9997919,CD14+ Monocytes,train
GCAACCCTCCTCGT-1,CD14+ Monocytes,0.99860054,CD14+ Monocytes,train
GCAACTGATTGCGA-1,CD4 T cells,0.9693946,CD4 T cells,test
GCAAGACTACTGGT-1,CD8 T cells,0.98282695,CD8 T cells,train
GCAAGACTAGGTCT-1,CD4 T cells,0.9999325,CD4 T cells,test
GCAAGACTCCCTTG-1,CD4 T cells,0.99996686,CD4 T cells,test
GCAATCGACTGCAA-1,CD8 T cells,0.99480337,CD8 T cells,train
GCAATCGAGACGTT-1,CD14+ Monocytes,0.99844664,CD14+ Monocytes,train
GCAATCGATCCTTA-1,CD14+ Monocytes,0.988325,CD14+ Monocytes,test
GCAATTCTCGTGTA-1,CD4 T cells,0.99837095,CD4 T cells,train
GCAATTCTTCTCCG-1,CD4 T cells,0.9947465,CD4 T cells,test
GCACAAACAATGCC-1,CD4 T cells,0.9969309,CD4 T cells,train
GCACAAACGGTACT-1,CD8 T cells,0.9991812,CD8 T cells,train
GCACAATGGTGCAT-1,Dendritic cells,0.9795584,Dendritic cells,train
GCACACCTGTGCTA-1,NK cells,0.99958104,NK cells,train
GCACCACTCATGAC-1,CD14+ Monocytes,0.9989171,CD14+ Monocytes,train
GCACCACTGTTTGG-1,CD14+ Monocytes,0.99979335,CD14+ Monocytes,test
GCACCACTTCCTTA-1,NK cells,0.99966264,NK cells,test
GCACCACTTTCGGA-1,CD14+ Monocytes,0.9998179,CD14+ Monocytes,train
GCACCTACGCGATT-1,CD4 T cells,0.9999169,CD4 T cells,test
GCACCTTGGCTGTA-1,CD4 T cells,0.9993012,CD4 T cells,train
GCACCTTGGGGAGT-1,CD14+ Monocytes,0.99993837,CD14+ Monocytes,test
GCACGGACCAGCTA-1,CD4 T cells,0.9993606,CD4 T cells,train
GCACGGTGACCTCC-1,CD4 T cells,0.9999902,CD4 T cells,train
GCACGGTGCTATGG-1,CD14+ Monocytes,0.99995565,CD14+ Monocytes,train
GCACTAGAACGGGA-1,CD4 T cells,0.99832016,CD4 T cells,train
GCACTAGAAGATGA-1,B cells,0.998058,B cells,test
GCACTAGACCTTTA-1,FCGR3A+ Monocytes,0.98345023,FCGR3A+ Monocytes,train
GCACTAGACGTAAC-1,B cells,0.99850047,B cells,train
GCACTAGAGTCGTA-1,CD8 T cells,0.85615915,NK cells,test
GCACTAGATGCAAC-1,CD4 T cells,0.9999957,CD4 T cells,train
GCACTGCTGAGGCA-1,CD8 T cells,0.9987596,CD8 T cells,train
GCAGATACAGCGTT-1,CD8 T cells,0.9962064,CD8 T cells,test
GCAGATACGACGGA-1,CD4 T cells,0.9998895,CD4 T cells,train
GCAGATACGCAGAG-1,CD4 T cells,0.9999461,CD4 T cells,test
GCAGCCGACAGTCA-1,CD4 T cells,0.9999776,CD4 T cells,test
GCAGCGTGCACTCC-1,CD4 T cells,0.9999951,CD4 T cells,test
GCAGCTCTCAATCG-1,CD4 T cells,0.9997427,CD4 T cells,train
GCAGCTCTGTTTCT-1,CD4 T cells,0.9999958,CD4 T cells,train
GCAGGGCTAAGAAC-1,CD4 T cells,0.9995621,CD4 T cells,train
GCAGGGCTAAGGGC-1,CD4 T cells,0.99934906,CD4 T cells,test
GCAGGGCTATCGAC-1,NK cells,0.9986621,NK cells,train
GCAGGGCTTGGGAG-1,CD4 T cells,0.8704288,CD8 T cells,test
GCAGTCCTAACTGC-1,CD4 T cells,0.99987614,CD4 T cells,train
GCAGTCCTCTCTTA-1,CD4 T cells,0.99999404,CD4 T cells,train
GCATCAGATGCGTA-1,CD8 T cells,0.9976623,CD8 T cells,train
GCATGTGACAAGCT-1,CD4 T cells,0.99989355,CD4 T cells,test
GCATTGGAGAAGGC-1,CD4 T cells,0.9998894,CD4 T cells,train
GCCAAAACGAGGCA-1,CD8 T cells,0.99964,CD8 T cells,test
GCCAAATGATCGAC-1,CD8 T cells,0.94735885,CD8 T cells,test
GCCAACCTACGGTT-1,CD4 T cells,0.99943453,CD4 T cells,train
GCCAACCTCGCCTT-1,CD4 T cells,0.9997688,CD4 T cells,test
GCCACGGAGGCGAA-1,CD14+ Monocytes,0.99675745,CD14+ Monocytes,test
GCCACGGATACTGG-1,CD4 T cells,0.999632,CD4 T cells,test
GCCACTACGTCTTT-1,CD4 T cells,0.999966,CD4 T cells,train
GCCCAACTACCGAT-1,CD4 T cells,0.9997993,CD4 T cells,train
GCCCAACTATGGTC-1,CD8 T cells,0.9751008,CD8 T cells,test
GCCCATACAGCGTT-1,CD8 T cells,0.9990207,CD8 T cells,train
GCCGACGAACTCTT-1,CD14+ Monocytes,0.999711,CD14+ Monocytes,train
GCCGAGTGCGTTGA-1,CD8 T cells,0.99789727,CD8 T cells,train
GCCGGAACGAACTC-1,CD8 T cells,0.9999982,CD8 T cells,train
GCCGGAACGTTCTT-1,NK cells,0.9992749,NK cells,train
GCCGGAACTGCACA-1,CD8 T cells,0.9863506,CD8 T cells,train
GCCGGAACTTACTC-1,CD4 T cells,0.99992514,CD4 T cells,train
GCCGTACTACCTGA-1,CD4 T cells,0.99999213,CD4 T cells,train
GCCGTACTGGCAAG-1,CD14+ Monocytes,0.9990889,CD14+ Monocytes,train
GCCTACACAGTTCG-1,NK cells,0.99915695,NK cells,train
GCCTACACCACTGA-1,CD14+ Monocytes,0.6299623,FCGR3A+ Monocytes,test
GCCTACACCTTGAG-1,CD4 T cells,0.99999344,CD4 T cells,train
GCCTAGCTACGGAG-1,B cells,0.9992466,B cells,train
GCCTAGCTCTATTC-1,CD4 T cells,0.9999951,CD4 T cells,train
GCCTAGCTTCTCAT-1,CD4 T cells,0.9997775,CD4 T cells,train
GCCTAGCTTCTCTA-1,FCGR3A+ Monocytes,0.9976004,FCGR3A+ Monocytes,train
GCCTCAACCATGGT-1,CD4 T cells,0.999951,CD4 T cells,train
GCCTCAACTCTTTG-1,CD8 T cells,0.99807787,CD8 T cells,train
GCCTCATGTCTTAC-1,CD8 T cells,0.9621057,CD8 T cells,train
GCCTGACTCTCAAG-1,CD14+ Monocytes,0.9999231,CD14+ Monocytes,train
GCGAAGGAACTCTT-1,CD4 T cells,0.9987803,CD4 T cells,train
GCGAAGGATGCCAA-1,CD4 T cells,0.9977228,CD4 T cells,test
GCGAGAGAGGGACA-1,CD4 T cells,0.9999789,CD4 T cells,test
GCGAGCACTGTCGA-1,B cells,0.9983327,B cells,train
GCGAGCACTTGACG-1,CD4 T cells,0.99983263,CD4 T cells,train
GCGAGCACTTGCTT-1,CD14+ Monocytes,0.9957379,CD14+ Monocytes,train
GCGATATGGTACGT-1,CD4 T cells,0.9999789,CD4 T cells,train
GCGATATGGTGTTG-1,CD4 T cells,0.9999647,CD4 T cells,train
GCGCACGAAGTCGT-1,CD4 T cells,0.99976844,CD4 T cells,test
GCGCACGACTTTAC-1,CD14+ Monocytes,0.99984014,CD14+ Monocytes,train
GCGCATCTAGGTCT-1,CD4 T cells,0.9998412,CD4 T cells,train
GCGCATCTGGTTAC-1,Megakaryocytes,0.9947147,Megakaryocytes,train
GCGCATCTTCGATG-1,CD4 T cells,0.9992348,CD4 T cells,train
GCGCATCTTGCTCC-1,NK cells,0.99993193,NK cells,test
GCGCATCTTTCTAC-1,CD4 T cells,0.9999882,CD4 T cells,train
GCGCGAACGTTCTT-1,B cells,0.9996586,B cells,train
GCGCGATGAACGGG-1,CD4 T cells,0.99999607,CD4 T cells,test
GCGCGATGGTGCAT-1,NK cells,0.98575103,NK cells,train
GCGGAGCTCCTGAA-1,CD4 T cells,0.99999654,CD4 T cells,test
GCGGCAACCCGATA-1,CD4 T cells,0.9999794,CD4 T cells,test
GCGGCAACGGAGGT-1,B cells,0.9987949,B cells,test
GCGGCAACTGTCGA-1,CD14+ Monocytes,0.9999337,CD14+ Monocytes,test
GCGTAAACACGGTT-1,Dendritic cells,0.99860233,Dendritic cells,train
GCGTAATGCACCAA-1,FCGR3A+ Monocytes,0.99884486,FCGR3A+ Monocytes,test
GCGTATGAACACCA-1,CD4 T cells,0.98687786,CD4 T cells,test
GCGTATGATGAGAA-1,CD14+ Monocytes,0.99747473,CD14+ Monocytes,test
GCTACAGAAAGGTA-1,CD4 T cells,0.9998035,CD4 T cells,train
GCTACAGAATCTTC-1,B cells,0.9975681,B cells,test
GCTACCTGAGAAGT-1,CD14+ Monocytes,0.9994037,CD14+ Monocytes,train
GCTACCTGATCACG-1,CD4 T cells,0.9997899,CD4 T cells,train
GCTACGCTAGAATG-1,CD4 T cells,0.9999912,CD4 T cells,test
GCTACGCTAGCTAC-1,CD4 T cells,0.9842599,CD4 T cells,train
GCTACGCTCCCTAC-1,CD4 T cells,0.9999776,CD4 T cells,train
GCTAGAACAGAGGC-1,B cells,0.99957246,B cells,train
GCTAGAACGGATCT-1,CD4 T cells,0.9999987,CD4 T cells,train
GCTAGAACTCCCGT-1,CD4 T cells,0.99926513,CD4 T cells,train
GCTAGATGAGCTCA-1,CD14+ Monocytes,0.99947006,CD14+ Monocytes,train
GCTAGATGGCGATT-1,CD8 T cells,0.9995328,CD8 T cells,train
GCTATACTAAGGCG-1,CD4 T cells,0.9999889,CD4 T cells,test
GCTATACTAGCGTT-1,CD8 T cells,0.9999038,CD8 T cells,test
GCTATACTCTCTTA-1,CD4 T cells,0.9999722,CD4 T cells,train
GCTATACTGGACGA-1,CD4 T cells,0.99760675,CD4 T cells,test
GCTCAAGAACCATG-1,B cells,0.9745448,B cells,train
GCTCAAGAAGTCAC-1,CD14+ Monocytes,0.9972984,CD14+ Monocytes,train
GCTCAGCTGTCTAG-1,CD4 T cells,0.9999701,CD4 T cells,train
GCTCCATGAGAAGT-1,CD8 T cells,0.99995196,CD8 T cells,train
GCTCCATGCCGAAT-1,CD4 T cells,0.99990773,CD4 T cells,train
GCTCGACTCTAGTG-1,CD14+ Monocytes,0.9999763,CD14+ Monocytes,test
GCTGATGAGGTATC-1,CD14+ Monocytes,0.9997025,CD14+ Monocytes,train
GCTTAACTACAGTC-1,CD14+ Monocytes,0.99981827,CD14+ Monocytes,test
GCTTAACTACTGGT-1,CD8 T cells,0.9999945,CD8 T cells,test
GCTTAACTGCTGAT-1,CD4 T cells,0.99999094,CD4 T cells,train
GCTTAACTTAGACC-1,CD14+ Monocytes,0.99986935,CD14+ Monocytes,train
GCTTAACTTCAGTG-1,CD4 T cells,0.999193,CD4 T cells,train
GGAACACTCACTTT-1,CD14+ Monocytes,0.99520713,CD14+ Monocytes,train
GGAACACTTCAGAC-1,Megakaryocytes,0.99969804,Megakaryocytes,train
GGAACTACTACTTC-1,CD4 T cells,0.99938834,CD4 T cells,train
GGAACTTGAAGGTA-1,CD14+ Monocytes,0.98953176,CD14+ Monocytes,train
GGAACTTGAGAATG-1,CD4 T cells,0.99869007,CD4 T cells,train
GGAACTTGCTCCAC-1,CD14+ Monocytes,0.999292,CD14+ Monocytes,train
GGAACTTGGGTAGG-1,B cells,0.9997646,B cells,train
GGAAGGACATCGGT-1,CD14+ Monocytes,0.99973434,CD14+ Monocytes,test
GGAAGGACCACTAG-1,CD4 T cells,0.9993424,CD4 T cells,train
GGAAGGACGAGGGT-1,CD4 T cells,0.9999224,CD4 T cells,test
GGAAGGACGCGAAG-1,CD4 T cells,0.9902103,CD8 T cells,test
GGAAGGTGGCGAGA-1,NK cells,0.9997435,NK cells,train
GGAATCTGAAGGGC-1,CD4 T cells,0.999209,CD4 T cells,train
GGAATCTGAGGAGC-1,CD4 T cells,0.9998273,CD4 T cells,train
GGAATCTGCTTAGG-1,B cells,0.9994475,B cells,train
GGAATCTGCTTGTT-1,CD14+ Monocytes,0.99873656,CD14+ Monocytes,train
GGAATCTGGGAGGT-1,CD4 T cells,0.9999989,CD4 T cells,train
GGAATGCTTTCTAC-1,CD4 T cells,0.9999857,CD4 T cells,train
GGACAGGAAAGGGC-1,CD8 T cells,0.9999814,CD8 T cells,train
GGACAGGAGTGCTA-1,B cells,0.99984336,B cells,train
GGACAGGATCTCGC-1,CD4 T cells,0.977548,CD4 T cells,test
GGACCCGAAGCTAC-1,CD14+ Monocytes,0.9993661,CD14+ Monocytes,train
GGACCGTGCTTACT-1,CD14+ Monocytes,0.99987864,CD14+ Monocytes,train
GGACCGTGGGAACG-1,Dendritic cells,0.98955196,Dendritic cells,train
GGACCGTGTAACGC-1,CD4 T cells,0.99936897,CD4 T cells,train
GGACCTCTGTAAGA-1,CD14+ Monocytes,0.99672925,CD14+ Monocytes,test
GGACCTCTTTTCTG-1,CD8 T cells,0.9987086,CD8 T cells,test
GGACGAGAGTGTCA-1,CD14+ Monocytes,0.9984718,CD14+ Monocytes,train
GGACGCTGACGCAT-1,CD8 T cells,0.9950063,CD8 T cells,test
GGACGCTGCTAGCA-1,CD4 T cells,0.999944,CD4 T cells,train
GGACGCTGTCCTCG-1,NK cells,0.9994993,NK cells,train
GGAGAGACGTGAGG-1,B cells,0.99032927,B cells,train
GGAGCAGATTCAGG-1,B cells,0.99857175,B cells,train
GGAGCCACCTTCTA-1,B cells,0.99425524,B cells,train
GGAGCGCTACGCAT-1,CD14+ Monocytes,0.9978283,CD14+ Monocytes,test
GGAGCGCTCCGAAT-1,CD4 T cells,0.99956185,CD8 T cells,test
GGAGGATGCCACCT-1,CD4 T cells,0.9999889,CD4 T cells,test
GGAGGATGGTTGAC-1,CD14+ Monocytes,0.99996245,CD14+ Monocytes,train
GGAGGATGTCAGTG-1,CD14+ Monocytes,0.9999472,CD14+ Monocytes,test
GGAGGCCTCGTTGA-1,NK cells,0.99980754,NK cells,test
GGAGGCCTTTCTTG-1,CD4 T cells,0.99977547,CD4 T cells,test
GGAGGTGATACGCA-1,CD4 T cells,0.9993368,CD4 T cells,train
GGAGGTGATCGCTC-1,CD4 T cells,0.9981294,CD4 T cells,train
GGATACTGCAGCTA-1,CD4 T cells,0.99973804,CD8 T cells,test
GGATACTGTCTAGG-1,CD4 T cells,0.99996686,CD4 T cells,test
GGATAGCTCGTCTC-1,CD4 T cells,0.9999827,CD4 T cells,test
GGATAGCTCTGAAC-1,CD8 T cells,0.99804366,CD8 T cells,train
GGATGTACCAAAGA-1,B cells,0.9995382,B cells,train
GGATGTACGCGAAG-1,CD4 T cells,0.9999777,CD4 T cells,train
GGATGTACGTCTTT-1,CD14+ Monocytes,0.9997321,CD14+ Monocytes,test
GGATGTACGTGTCA-1,CD4 T cells,0.9965771,CD4 T cells,train
GGATTTCTAGGTTC-1,CD4 T cells,0.9993037,CD4 T cells,train
GGATTTCTTTGTCT-1,CD14+ Monocytes,0.9985128,CD14+ Monocytes,train
GGCAAGGAAAAAGC-1,NK cells,0.9956878,NK cells,test
GGCAAGGAAGAAGT-1,CD4 T cells,0.9971403,CD4 T cells,train
GGCAAGGACTTGGA-1,Dendritic cells,0.9866688,Dendritic cells,train
GGCAAGGAGGACTT-1,CD4 T cells,0.99987435,CD4 T cells,train
GGCAATACGCTAAC-1,B cells,0.9999124,B cells,test
GGCAATACGGCATT-1,CD8 T cells,0.9981781,CD8 T cells,train
GGCAATACGTTTCT-1,B cells,0.9983866,B cells,train
GGCACGTGGCTTAG-1,FCGR3A+ Monocytes,0.99768543,FCGR3A+ Monocytes,train
GGCACTCTTTTGTC-1,CD4 T cells,0.9999957,CD4 T cells,test
GGCATATGCTTATC-1,NK cells,0.9931124,NK cells,train
GGCATATGGGGAGT-1,Megakaryocytes,0.9994753,Megakaryocytes,train
GGCATATGTGTGAC-1,CD8 T cells,0.9936598,CD8 T cells,train
GGCCACGACAGAGG-1,CD4 T cells,0.9999138,CD4 T cells,test
GGCCAGACTGGTTG-1,CD4 T cells,0.98230124,CD4 T cells,train
GGCCCAGAAAGTAG-1,CD14+ Monocytes,0.9995111,CD14+ Monocytes,test
GGCCGAACAACGAA-1,CD4 T cells,0.9999809,CD4 T cells,train
GGCCGAACGCAGAG-1,CD4 T cells,0.9999238,CD4 T cells,train
GGCCGAACGTAGGG-1,CD4 T cells,0.9999993,CD4 T cells,test
GGCCGAACTCTAGG-1,NK cells,0.9981669,NK cells,train
GGCCGATGCAGGAG-1,CD4 T cells,0.99998486,CD4 T cells,test
GGCCGATGCCGAAT-1,CD4 T cells,0.9999243,CD4 T cells,train
GGCCGATGTACTCT-1,CD8 T cells,0.99059314,CD8 T cells,train
GGCGACACTGCCCT-1,CD4 T cells,0.92625785,CD8 T cells,train
GGCGACTGCGTAAC-1,CD4 T cells,0.99642855,CD4 T cells,train
GGCGCATGCCTAAG-1,FCGR3A+ Monocytes,0.9981894,FCGR3A+ Monocytes,train
GGCGCATGCTCCAC-1,CD4 T cells,0.9994116,CD4 T cells,train
GGCGCATGTGGAAA-1,CD4 T cells,0.9999232,CD4 T cells,test
GGCGGACTAGAGGC-1,CD4 T cells,0.9974214,CD4 T cells,train
GGCGGACTAGGAGC-1,CD8 T cells,0.99293363,CD8 T cells,train
GGCGGACTCTGACA-1,CD4 T cells,0.99997175,CD4 T cells,train
GGCGGACTCTTGGA-1,CD8 T cells,0.9997887,CD8 T cells,train
GGCGGACTTACTGG-1,CD4 T cells,0.9997321,CD4 T cells,train
GGCGGACTTGAACC-1,CD4 T cells,0.9999902,CD4 T cells,test
GGCTAAACACCTGA-1,NK cells,0.99471694,NK cells,train
GGCTAAACTCTTAC-1,CD4 T cells,0.99999964,CD4 T cells,train
GGCTAATGAGCACT-1,CD8 T cells,0.99877936,CD8 T cells,train
GGCTAATGGTCTAG-1,CD4 T cells,0.9997745,CD4 T cells,test
GGCTCACTACTCAG-1,CD14+ Monocytes,0.999959,CD14+ Monocytes,test
GGGAACGAAGCTCA-1,FCGR3A+ Monocytes,0.9985469,FCGR3A+ Monocytes,train
GGGAACGACACAAC-1,B cells,0.99967813,B cells,train
GGGAACGAGTGTCA-1,CD14+ Monocytes,0.9937304,CD14+ Monocytes,test
GGGAAGTGTTGAGC-1,CD14+ Monocytes,0.99769694,CD14+ Monocytes,test
GGGACCACACGTTG-1,CD8 T cells,0.99990535,CD8 T cells,train
GGGACCACAGAACA-1,CD4 T cells,0.9996344,CD4 T cells,test
GGGACCACGAATAG-1,CD4 T cells,0.9999653,CD4 T cells,test
GGGACCACGTCATG-1,CD4 T cells,0.99946076,CD4 T cells,test
GGGACCACTCAAGC-1,CD4 T cells,0.99996936,CD4 T cells,train
GGGACCACTCGTGA-1,CD4 T cells,0.9993648,CD4 T cells,test
GGGACCACTGCATG-1,CD4 T cells,0.997849,CD4 T cells,train
GGGACCTGACCCTC-1,CD14+ Monocytes,0.99813545,CD14+ Monocytes,train
GGGACCTGCTTGCC-1,CD4 T cells,0.99947196,CD4 T cells,train
GGGACCTGTGGAGG-1,B cells,0.9998491,B cells,train
GGGATGGACGACAT-1,B cells,0.99925107,B cells,train
GGGATGGATACTTC-1,CD4 T cells,0.99999917,CD4 T cells,train
GGGATGGATGGTTG-1,CD14+ Monocytes,0.99855524,CD14+ Monocytes,train
GGGATTACGTCTAG-1,CD4 T cells,0.999869,CD4 T cells,test
GGGCAAGATGCATG-1,CD14+ Monocytes,0.999884,CD14+ Monocytes,train
GGGCACACGGTGAG-1,CD4 T cells,0.9974589,CD4 T cells,train
GGGCACACGTTGCA-1,CD4 T cells,0.9997644,CD4 T cells,train
GGGCAGCTTGGGAG-1,CD8 T cells,0.99584264,CD8 T cells,train
GGGCAGCTTTTCTG-1,CD4 T cells,0.99999714,CD4 T cells,train
GGGCCAACCTTGGA-1,Dendritic cells,0.9913402,Dendritic cells,train
GGGCCAACGCGTTA-1,B cells,0.99947673,B cells,train
GGGCCAACTACGCA-1,CD14+ Monocytes,0.99839103,CD14+ Monocytes,train
GGGCCAACTCCAAG-1,B cells,0.998922,B cells,train
GGGCCATGATGGTC-1,CD4 T cells,0.8870266,CD8 T cells,train
GGGCCATGTTGACG-1,CD4 T cells,0.9997588,CD4 T cells,train
GGGTAACTCAGCTA-1,CD4 T cells,0.9886934,CD4 T cells,train
GGGTAACTCTAGTG-1,B cells,0.99992394,B cells,train
GGGTAACTCTGGAT-1,CD4 T cells,0.9996836,CD4 T cells,test
GGGTTAACGTGCAT-1,NK cells,0.9971259,NK cells,test
GGTAAAGAGCTAAC-1,CD8 T cells,0.75870746,NK cells,test
GGTACAACTGCAAC-1,CD4 T cells,0.9994404,CD4 T cells,train
GGTACATGAAAGCA-1,B cells,0.99895823,B cells,train
GGTACATGAGCTCA-1,CD8 T cells,0.9610899,CD4 T cells,train
GGTACATGCGGTAT-1,CD4 T cells,0.9974905,CD4 T cells,train
GGTACATGGTTACG-1,CD8 T cells,0.9979113,CD8 T cells,train
GGTACATGTGGGAG-1,CD4 T cells,0.9996704,CD4 T cells,train
GGTACTGAACTCTT-1,CD14+ Monocytes,0.9992793,CD14+ Monocytes,test
GGTAGTACACCACA-1,CD8 T cells,0.9993405,CD8 T cells,train
GGTAGTACACTAGC-1,CD14+ Monocytes,0.9999213,CD14+ Monocytes,train
GGTAGTACCCTGTC-1,CD4 T cells,0.9999981,CD4 T cells,train
GGTAGTACGCCATA-1,CD14+ Monocytes,0.99991107,CD14+ Monocytes,train
GGTAGTACTGTCTT-1,CD8 T cells,0.9950677,CD8 T cells,train
GGTATCGAGACAAA-1,CD14+ Monocytes,0.9990012,CD14+ Monocytes,train
GGTATCGATGAACC-1,B cells,0.9984842,B cells,test
GGTCAAACCAAAGA-1,CD4 T cells,0.99997103,CD4 T cells,train
GGTCTAGAGAAACA-1,CD14+ Monocytes,0.99865097,CD14+ Monocytes,test
GGTCTAGATAGCGT-1,CD14+ Monocytes,0.99577016,CD14+ Monocytes,train
GGTGATACCGACTA-1,B cells,0.99988186,B cells,train
GGTGATACGACTAC-1,CD14+ Monocytes,0.9996086,CD14+ Monocytes,train
GGTGATACTGTTTC-1,CD4 T cells,0.99992514,CD4 T cells,test
GGTGGAGAAACGGG-1,NK cells,0.9960532,NK cells,train
GGTGGAGAAGTAGA-1,CD4 T cells,0.9988901,CD4 T cells,train
GGTGGAGACAGATC-1,CD8 T cells,0.8823784,CD8 T cells,test
GGTGGAGATCGATG-1,CD4 T cells,0.9989604,CD4 T cells,test
GGTGGAGATCTCTA-1,CD14+ Monocytes,0.9995573,CD14+ Monocytes,train
GGTGGAGATTACTC-1,CD8 T cells,0.9891222,CD8 T cells,test
GGTTTACTACGCAT-1,CD8 T cells,0.9996232,CD8 T cells,train
GTAACGTGACCTCC-1,CD14+ Monocytes,0.9998987,CD14+ Monocytes,train
GTAACGTGATCGGT-1,B cells,0.99988866,B cells,test
GTAACGTGCAGCTA-1,B cells,0.99972516,B cells,train
GTAACGTGGTTGAC-1,B cells,0.99935526,B cells,test
GTAAGCACAACGGG-1,CD4 T cells,0.9999374,CD4 T cells,train
GTAAGCACTCATTC-1,B cells,0.99989796,B cells,test
GTAAGCTGGTACCA-1,CD14+ Monocytes,0.99974126,CD14+ Monocytes,test
GTAATAACCTTCTA-1,CD14+ Monocytes,0.9996344,CD14+ Monocytes,train
GTAATAACGTTGTG-1,CD4 T cells,0.99978775,CD4 T cells,train
GTACCCTGACAGTC-1,FCGR3A+ Monocytes,0.99712163,FCGR3A+ Monocytes,test
GTACCCTGGAGCTT-1,CD4 T cells,0.9999739,CD4 T cells,train
GTACCCTGTCCTTA-1,CD8 T cells,0.99917644,CD8 T cells,train
GTACCCTGTGAACC-1,CD4 T cells,0.9997849,CD4 T cells,train
GTACGTGAACGTTG-1,CD8 T cells,0.9999471,CD8 T cells,train
GTACTTTGTCGACA-1,CD8 T cells,0.9992823,CD8 T cells,test
GTAGACTGAGATGA-1,CD14+ Monocytes,0.99961793,CD14+ Monocytes,train
GTAGACTGTATTCC-1,CD4 T cells,0.99971265,CD4 T cells,train
GTAGCAACAGTCGT-1,CD14+ Monocytes,0.99992454,CD14+ Monocytes,train
GTAGCAACCATTTC-1,B cells,0.9999434,B cells,test
GTAGCAACGGTAGG-1,CD14+ Monocytes,0.99979657,CD14+ Monocytes,train
GTAGCATGCACTCC-1,B cells,0.9996427,B cells,train
GTAGCATGTAAGCC-1,CD14+ Monocytes,0.99836487,CD14+ Monocytes,test
GTAGCCCTGACGTT-1,CD4 T cells,0.99603784,CD4 T cells,train
GTAGCTGAAGCTAC-1,FCGR3A+ Monocytes,0.9972905,FCGR3A+ Monocytes,train
GTAGCTGAATTCGG-1,CD4 T cells,0.9999566,CD4 T cells,train
GTAGGTACACGGGA-1,CD14+ Monocytes,0.9995615,CD14+ Monocytes,train
GTAGTGACCTCATT-1,CD4 T cells,0.99987125,CD4 T cells,train
GTAGTGTGAGCGGA-1,NK cells,0.982055,NK cells,test
GTAGTGTGAGGCGA-1,CD14+ Monocytes,0.99985516,CD14+ Monocytes,train
GTAGTGTGTGGTTG-1,CD4 T cells,0.99999225,CD4 T cells,test
GTATCACTGGTAGG-1,CD14+ Monocytes,0.9985078,CD14+ Monocytes,test
GTATCTACAGAAGT-1,CD8 T cells,0.99517727,CD8 T cells,train
GTATCTACGACGAG-1,CD8 T cells,0.9999745,CD8 T cells,train
GTATCTACGTTACG-1,CD4 T cells,0.9992353,CD4 T cells,test
GTATTAGAAACAGA-1,CD4 T cells,0.99831223,CD4 T cells,train
GTATTAGAGGTCTA-1,CD4 T cells,0.9997911,CD4 T cells,train
GTATTCACACAGCT-1,CD4 T cells,0.9995646,CD4 T cells,train
GTATTCACGGGTGA-1,CD8 T cells,0.9999713,CD8 T cells,train
GTCAACGACACTGA-1,CD4 T cells,0.9902142,CD4 T cells,test
GTCAACGAGTGTAC-1,CD14+ Monocytes,0.99993694,CD14+ Monocytes,train
GTCAATCTACACCA-1,CD8 T cells,0.99967086,CD8 T cells,train
GTCAATCTGTAGCT-1,CD8 T cells,0.998575,CD8 T cells,train
GTCAATCTTGTGGT-1,CD4 T cells,0.9993168,CD4 T cells,test
GTCACCTGCCTCCA-1,CD4 T cells,0.999974,CD4 T cells,train
GTCACCTGTCCCGT-1,CD4 T cells,0.9998716,CD4 T cells,train
GTCATACTAATCGC-1,B cells,0.9832947,B cells,test
GTCATACTGCGATT-1,CD8 T cells,0.9946445,CD8 T cells,train
GTCATACTTCGCCT-1,Megakaryocytes,0.99938405,Megakaryocytes,train
GTCATACTTTACCT-1,CD8 T cells,0.9986928,CD8 T cells,test
GTCATACTTTGACG-1,CD4 T cells,0.9963755,CD4 T cells,test
GTCCAAGAAAAACG-1,CD4 T cells,0.9999852,CD4 T cells,test
GTCCACTGACCTCC-1,CD8 T cells,0.9952933,CD8 T cells,train
GTCCACTGGGTACT-1,FCGR3A+ Monocytes,0.99936956,FCGR3A+ Monocytes,train
GTCCAGCTACGGGA-1,CD4 T cells,0.9999633,CD4 T cells,train
GTCCCATGTGGTGT-1,CD14+ Monocytes,0.9997073,CD14+ Monocytes,test
GTCGAATGAAGGCG-1,CD14+ Monocytes,0.99886864,CD14+ Monocytes,train
GTCGACCTGAATGA-1,NK cells,0.9870531,NK cells,test
GTCGACCTGTTCAG-1,CD4 T cells,0.9999137,CD4 T cells,train
GTCGCACTTGAGAA-1,B cells,0.99914706,B cells,train
GTCTAACTGGTCTA-1,CD14+ Monocytes,0.99240404,CD14+ Monocytes,train
GTCTAGGAGCTTCC-1,CD14+ Monocytes,0.99998224,CD14+ Monocytes,train
GTGAACACACTCTT-1,CD4 T cells,0.9998332,CD4 T cells,train
GTGAACACTCAGGT-1,CD4 T cells,0.9986303,CD4 T cells,train
GTGACCCTTAAGCC-1,CD8 T cells,0.9994429,CD8 T cells,train
GTGATGACAAGTGA-1,CD4 T cells,0.9893076,CD4 T cells,test
GTGATGACCTGAGT-1,B cells,0.9998332,B cells,train
GTGATGACGGTTTG-1,CD8 T cells,0.98651475,CD8 T cells,test
GTGATTCTCATTTC-1,CD4 T cells,0.99775416,CD4 T cells,test
GTGATTCTCTCTCG-1,CD14+ Monocytes,0.99903286,CD14+ Monocytes,train
GTGATTCTGGTTCA-1,NK cells,0.996682,NK cells,train
GTGATTCTGTCGAT-1,CD4 T cells,0.9998803,CD4 T cells,train
GTGATTCTTAGCGT-1,B cells,0.9991271,B cells,train
GTGCCACTCAGGAG-1,CD4 T cells,0.9936614,CD4 T cells,test
GTGGATTGCACTAG-1,FCGR3A+ Monocytes,0.99891865,FCGR3A+ Monocytes,train
GTGGATTGCGGAGA-1,CD4 T cells,0.9999528,CD4 T cells,train
GTGGATTGTAACGC-1,CD4 T cells,0.99995315,CD4 T cells,train
GTGTACGATCAGTG-1,CD4 T cells,0.9990631,CD4 T cells,train
GTGTAGTGGGTACT-1,CD4 T cells,0.99681634,CD4 T cells,train
GTGTATCTAGCCTA-1,B cells,0.9998777,B cells,train
GTGTATCTAGTAGA-1,CD8 T cells,0.99517953,CD8 T cells,train
GTGTATCTGTTACG-1,B cells,0.999841,B cells,train
GTGTCAGAAGCGTT-1,CD8 T cells,0.9906845,CD8 T cells,test
GTTAAAACCGAGAG-1,NK cells,0.9344028,NK cells,test
GTTAAATGCTCGAA-1,CD4 T cells,0.9999747,CD4 T cells,train
GTTAAATGTCGACA-1,B cells,0.9996362,B cells,train
GTTAACCTAGCTAC-1,CD4 T cells,0.9960765,CD4 T cells,train
GTTAACCTTGCTTT-1,Dendritic cells,0.9920219,Dendritic cells,train
GTTAGGTGCACTCC-1,CD4 T cells,0.9993599,CD4 T cells,train
GTTAGGTGCCAGTA-1,CD14+ Monocytes,0.99962306,CD14+ Monocytes,train
GTTAGGTGCCCAAA-1,FCGR3A+ Monocytes,0.99795496,FCGR3A+ Monocytes,train
GTTAGGTGGAACTC-1,B cells,0.9990294,B cells,train
GTTAGTCTAAGAAC-1,CD8 T cells,0.99943346,CD8 T cells,train
GTTATAGAGGACAG-1,CD4 T cells,0.9987884,CD4 T cells,train
GTTATGCTTTCATC-1,CD4 T cells,0.9997404,CD4 T cells,train
GTTCAACTGGGACA-1,NK cells,0.99812824,NK cells,train
GTTCAACTTATGCG-1,CD4 T cells,0.99941075,CD4 T cells,train
GTTGACGAGCCCTT-1,CD8 T cells,0.9994771,NK cells,train
GTTGACGATATCGG-1,NK cells,0.99890864,NK cells,test
GTTGAGTGGTCTTT-1,CD14+ Monocytes,0.9985826,CD14+ Monocytes,train
GTTGAGTGTGCTTT-1,CD4 T cells,0.9996172,CD4 T cells,test
GTTGATCTGGGACA-1,CD4 T cells,0.9995474,CD4 T cells,train
GTTGATCTTTTCAC-1,CD8 T cells,0.9996519,CD8 T cells,test
GTTGGATGTTTACC-1,FCGR3A+ Monocytes,0.9983119,FCGR3A+ Monocytes,train
GTTGTACTATTCCT-1,CD14+ Monocytes,0.9998956,CD14+ Monocytes,train
GTTGTACTTTTGGG-1,CD4 T cells,0.9997842,CD4 T cells,train
GTTTAAGACCATGA-1,CD14+ Monocytes,0.99991107,CD14+ Monocytes,train
GTTTAAGACTGTCC-1,CD8 T cells,0.99885595,CD8 T cells,train
TAAACAACCAACCA-1,CD4 T cells,0.9985619,CD4 T cells,train
TAAACAACGAATCC-1,B cells,0.999744,B cells,train
TAAAGACTCAGGAG-1,CD8 T cells,0.84196776,CD4 T cells,test
TAAATCGATGAGGG-1,CD4 T cells,0.9999672,CD4 T cells,train
TAACAATGTGCCCT-1,B cells,0.9997954,B cells,test
TAACACCTTCGCTC-1,CD14+ Monocytes,0.9999862,CD14+ Monocytes,train
TAACACCTTCGTAG-1,CD14+ Monocytes,0.9959847,CD14+ Monocytes,train
TAACACCTTGTTTC-1,Megakaryocytes,0.9996482,Megakaryocytes,train
TAACATGACACTAG-1,B cells,0.8372697,B cells,test
TAACCGGACTTACT-1,CD4 T cells,0.9999987,CD4 T cells,test
TAACGTCTCAACCA-1,CD14+ Monocytes,0.9987784,CD14+ Monocytes,train
TAACGTCTCATTGG-1,CD4 T cells,0.99998534,CD4 T cells,test
TAACTAGAATTTCC-1,CD4 T cells,0.9983612,CD4 T cells,train
TAACTAGACTTAGG-1,CD4 T cells,0.999848,CD4 T cells,test
TAACTAGATCTGGA-1,CD4 T cells,0.99800867,CD4 T cells,train
TAACTCACGAGGAC-1,CD14+ Monocytes,0.99837637,CD14+ Monocytes,test
TAACTCACGTACAC-1,B cells,0.9989336,B cells,test
TAACTCACGTATCG-1,CD14+ Monocytes,0.99961984,CD14+ Monocytes,train
TAACTCACTCTACT-1,NK cells,0.9807835,NK cells,test
TAAGAACTGTGTCA-1,CD14+ Monocytes,0.99887985,CD14+ Monocytes,train
TAAGAGGACTAAGC-1,B cells,0.9987907,B cells,test
TAAGAGGACTTGTT-1,CD8 T cells,0.9498915,NK cells,test
TAAGATACGGTTCA-1,CD14+ Monocytes,0.9996871,CD14+ Monocytes,test
TAAGATTGCGTAGT-1,CD4 T cells,0.99996877,CD4 T cells,train
TAAGATTGTTGCTT-1,CD4 T cells,0.9992281,CD4 T cells,train
TAAGCGTGAGGTTC-1,CD14+ Monocytes,0.9998845,CD14+ Monocytes,test
TAAGCGTGGACAAA-1,CD14+ Monocytes,0.9255834,CD14+ Monocytes,test
TAAGCGTGGGAAAT-1,CD4 T cells,0.9993206,CD4 T cells,test
TAAGCGTGTGCTCC-1,FCGR3A+ Monocytes,0.9790571,FCGR3A+ Monocytes,train
TAAGGCTGCCATGA-1,CD8 T cells,0.99856085,CD8 T cells,train
TAAGGCTGCTGCTC-1,CD4 T cells,0.9999939,CD4 T cells,test
TAAGGCTGTCTCGC-1,CD14+ Monocytes,0.9999238,CD14+ Monocytes,train
TAAGGGCTGCTGTA-1,CD4 T cells,0.99778926,CD4 T cells,test
TAAGGGCTTTACTC-1,CD4 T cells,0.9980235,CD4 T cells,train
TAAGTAACCGAGAG-1,B cells,0.9995065,B cells,train
TAAGTAACCTCCAC-1,B cells,0.99995804,B cells,train
TAAGTAACCTGTAG-1,CD4 T cells,0.99973935,CD4 T cells,train
TAAGTAACTTGTCT-1,CD4 T cells,0.99759185,CD4 T cells,train
TAATGATGAGCGGA-1,CD4 T cells,0.9994986,CD4 T cells,train
TAATGCCTCATGAC-1,CD4 T cells,0.9995999,CD4 T cells,test
TAATGCCTCGTCTC-1,NK cells,0.9994649,NK cells,test
TAATGTGAAGATGA-1,CD4 T cells,0.9999515,CD4 T cells,train
TAATGTGACTGCAA-1,CD14+ Monocytes,0.999311,CD14+ Monocytes,train
TAATGTGATTACTC-1,CD8 T cells,0.99415815,CD8 T cells,train
TACAAATGGGTACT-1,CD4 T cells,0.999577,CD4 T cells,train
TACAATGAAAACAG-1,CD14+ Monocytes,0.9997905,CD14+ Monocytes,train
TACAATGACTTAGG-1,CD4 T cells,0.99511284,CD4 T cells,train
TACAATGATGCTAG-1,CD8 T cells,0.99968505,CD8 T cells,train
TACACACTCACACA-1,CD4 T cells,0.9997706,CD4 T cells,train
TACACACTCTTACT-1,CD4 T cells,0.99942446,CD4 T cells,train
TACATAGAACGCAT-1,CD8 T cells,0.9993918,CD8 T cells,train
TACATCACACGGGA-1,CD4 T cells,0.9999267,CD4 T cells,test
TACATCACCTGTTT-1,FCGR3A+ Monocytes,0.9983026,FCGR3A+ Monocytes,test
TACATCACGCTAAC-1,B cells,0.9996561,B cells,train
TACATCACTGAACC-1,FCGR3A+ Monocytes,0.94942594,FCGR3A+ Monocytes,test
TACCATTGAGGTTC-1,CD4 T cells,0.9999325,CD4 T cells,train
TACCATTGCGGGAA-1,CD14+ Monocytes,0.7279658,CD14+ Monocytes,test
TACCATTGGGGATG-1,CD14+ Monocytes,0.9998319,CD14+ Monocytes,test
TACCATTGTGAGGG-1,CD14+ Monocytes,0.9964217,CD14+ Monocytes,train
TACCGGCTGTTGGT-1,CD4 T cells,0.9993345,CD4 T cells,train
TACGAGTGATCTCT-1,CD4 T cells,0.9991916,CD4 T cells,train
TACGAGTGATGCTG-1,CD14+ Monocytes,0.9982864,CD14+ Monocytes,train
TACGAGTGCGGAGA-1,CD4 T cells,0.9999082,CD4 T cells,test
TACGAGTGGTTGGT-1,CD4 T cells,0.99989533,CD4 T cells,test
TACGATCTAGTGTC-1,CD4 T cells,0.99985814,CD4 T cells,train
TACGATCTCACTGA-1,CD14+ Monocytes,0.99863017,CD14+ Monocytes,train
TACGATCTTACGAC-1,CD8 T cells,0.56952554,CD4 T cells,train
TACGCAGAGAATCC-1,CD8 T cells,0.9899997,CD8 T cells,train
TACGCCACATTCCT-1,CD4 T cells,0.996951,CD4 T cells,test
TACGCCACTCCCAC-1,FCGR3A+ Monocytes,0.99957865,FCGR3A+ Monocytes,train
TACGCCACTCCGAA-1,B cells,0.99954104,B cells,test
TACGGAACGCGTTA-1,B cells,0.9999212,B cells,train
TACGGCCTGGGACA-1,NK cells,0.9982932,NK cells,train
TACGTACTACGGAG-1,CD8 T cells,0.9305433,CD8 T cells,train
TACGTACTCAGTTG-1,CD4 T cells,0.99918514,CD4 T cells,train
TACGTACTCCCGTT-1,B cells,0.9994209,B cells,train
TACGTTACAGAAGT-1,CD4 T cells,0.9995161,CD4 T cells,test
TACGTTACCAAGCT-1,CD14+ Monocytes,0.99991286,CD14+ Monocytes,train
TACTAAGAAAGGTA-1,B cells,0.9999337,B cells,test
TACTAAGAATCACG-1,CD4 T cells,0.99982077,CD4 T cells,test
TACTAAGATGATGC-1,CD14+ Monocytes,0.99968517,CD14+ Monocytes,train
TACTAAGATTGCGA-1,CD4 T cells,0.9999236,CD4 T cells,train
TACTACACGAGAGC-1,CD4 T cells,0.9994004,CD4 T cells,test
TACTACACTTACCT-1,CD4 T cells,0.9974252,CD4 T cells,train
TACTACTGAACCTG-1,CD14+ Monocytes,0.9999064,CD14+ Monocytes,train
TACTACTGATGTCG-1,CD8 T cells,0.9996222,CD8 T cells,train
TACTACTGATTCTC-1,CD4 T cells,1.0,CD4 T cells,train
TACTACTGTATGGC-1,CD4 T cells,0.99997604,CD4 T cells,train
TACTCAACGGTCTA-1,CD14+ Monocytes,0.9992015,CD14+ Monocytes,test
TACTCAACTGCTAG-1,B cells,0.9997336,B cells,train
TACTCCCTCAGTTG-1,CD4 T cells,0.9999492,CD4 T cells,train
TACTCTGAATCGAC-1,NK cells,0.99864084,NK cells,train
TACTCTGACGAGTT-1,CD4 T cells,0.99583083,CD4 T cells,train
TACTCTGATTGACG-1,B cells,0.9979838,B cells,test
TACTGGGATCGATG-1,CD4 T cells,0.9999969,CD4 T cells,train
TACTGTTGAAAGCA-1,CD4 T cells,0.9995474,CD4 T cells,train
TACTGTTGAGGCGA-1,NK cells,0.9998642,NK cells,train
TACTGTTGCTGAAC-1,B cells,0.98131,B cells,test
TACTTGACTCCTCG-1,CD8 T cells,0.99985254,CD8 T cells,train
TACTTGACTGGTGT-1,B cells,0.998539,B cells,test
TACTTTCTTTTGGG-1,CD4 T cells,0.99647516,CD4 T cells,train
TAGAAACTAATCGC-1,CD4 T cells,0.9999894,CD4 T cells,test
TAGAAACTGCTTCC-1,CD14+ Monocytes,0.99961215,CD14+ Monocytes,test
TAGAAACTGGGATG-1,CD8 T cells,0.9986786,CD8 T cells,train
TAGAATTGCGACAT-1,CD4 T cells,0.99996066,CD4 T cells,train
TAGAATTGTATCGG-1,CD4 T cells,0.99971026,CD4 T cells,train
TAGACGTGCTTGAG-1,CD4 T cells,0.99884915,CD4 T cells,train
TAGACGTGTCGCTC-1,CD4 T cells,0.9992176,CD4 T cells,train
TAGAGCACCTTACT-1,B cells,0.99984586,B cells,train
TAGATTGACTTGTT-1,B cells,0.9993254,B cells,train
TAGATTGAGGCATT-1,CD8 T cells,0.99908674,CD8 T cells,train
TAGCATCTCAGCTA-1,NK cells,0.99945575,NK cells,train
TAGCATCTCCCTCA-1,CD4 T cells,0.5594253,CD4 T cells,test
TAGCATCTGCTGTA-1,FCGR3A+ Monocytes,0.9934668,FCGR3A+ Monocytes,test
TAGCATCTGGGACA-1,CD4 T cells,0.9998982,CD4 T cells,test
TAGCATCTTGTCGA-1,CD4 T cells,0.9997255,CD4 T cells,train
TAGCCCACAAAAGC-1,CD4 T cells,0.99996984,CD4 T cells,train
TAGCCCACAGCCAT-1,CD8 T cells,0.86119634,CD8 T cells,test
TAGCCCACAGCTAC-1,NK cells,0.997177,NK cells,train
TAGCCCACCCACAA-1,CD4 T cells,0.99858046,CD4 T cells,train
TAGCCCTGCGGAGA-1,CD8 T cells,0.5584398,CD8 T cells,test
TAGCCGCTTACGAC-1,CD4 T cells,0.99994624,CD4 T cells,test
TAGCCGCTTACTTC-1,CD8 T cells,0.99979395,CD8 T cells,train
TAGCCGCTTTCCAT-1,CD14+ Monocytes,0.9989266,CD14+ Monocytes,train
TAGCTACTGAATAG-1,B cells,0.9976094,B cells,train
TAGCTACTGTAGCT-1,CD4 T cells,0.9997489,CD4 T cells,test
TAGCTACTTTTGCT-1,CD8 T cells,0.9988398,CD8 T cells,train
TAGGACTGTGCTGA-1,CD4 T cells,0.9917822,CD4 T cells,test
TAGGAGCTAAGGCG-1,B cells,0.9959401,B cells,train
TAGGAGCTGAGGGT-1,CD4 T cells,0.9997404,CD4 T cells,train
TAGGAGCTTGCATG-1,B cells,0.99988115,B cells,train
TAGGCAACCGTCTC-1,B cells,0.99977726,B cells,train
TAGGCATGCTCTCG-1,Dendritic cells,0.99320436,Dendritic cells,train
TAGGCATGGCGAGA-1,CD8 T cells,0.9994568,CD8 T cells,test
TAGGCTGATGCCTC-1,CD14+ Monocytes,0.99982303,CD14+ Monocytes,train
TAGGGACTGAACTC-1,NK cells,0.9801814,CD8 T cells,test
TAGGTCGACACTGA-1,CD4 T cells,0.9995782,CD4 T cells,train
TAGGTCGAGGATCT-1,B cells,0.99937207,B cells,train
TAGGTGACACACTG-1,CD4 T cells,0.9997143,CD4 T cells,test
TAGGTGACACGTTG-1,B cells,0.99834573,B cells,train
TAGGTGTGTTCTGT-1,CD4 T cells,0.9966449,CD4 T cells,train
TAGGTTCTGAAGGC-1,CD4 T cells,0.99997544,CD4 T cells,train
TAGGTTCTTCTTAC-1,FCGR3A+ Monocytes,0.99674475,FCGR3A+ Monocytes,train
TAGGTTCTTGCTGA-1,CD14+ Monocytes,0.99822146,CD14+ Monocytes,test
TAGTAAACCTCGCT-1,CD4 T cells,0.9999902,CD4 T cells,train
TAGTAAACGTCACA-1,CD4 T cells,0.97778803,CD4 T cells,train
TAGTAATGAGATCC-1,CD4 T cells,0.99927264,CD4 T cells,train
TAGTACCTAAGAAC-1,CD14+ Monocytes,0.9993531,CD14+ Monocytes,train
TAGTATGATCTTAC-1,B cells,0.99604213,B cells,train
TAGTATGATTCTCA-1,CD4 T cells,0.98252845,CD4 T cells,train
TAGTCTTGGCTGTA-1,CD4 T cells,0.9989723,CD4 T cells,train
TAGTCTTGGGACTT-1,CD4 T cells,0.9942872,CD4 T cells,test
TAGTCTTGTGGAAA-1,CD8 T cells,0.9998004,CD8 T cells,train
TAGTGGTGAAGTGA-1,NK cells,0.9997906,NK cells,train
TAGTTAGAACCACA-1,NK cells,0.99569523,NK cells,test
TAGTTAGATGAACC-1,CD4 T cells,0.9999777,CD4 T cells,train
TATAAGACAACAGA-1,CD4 T cells,0.99152243,CD4 T cells,train
TATAAGACAGCTCA-1,FCGR3A+ Monocytes,0.9987072,FCGR3A+ Monocytes,test
TATAAGTGACACCA-1,FCGR3A+ Monocytes,0.9994216,FCGR3A+ Monocytes,train
TATAAGTGTATCGG-1,CD14+ Monocytes,0.99987996,CD14+ Monocytes,test
TATAAGTGTGGTGT-1,FCGR3A+ Monocytes,0.99966586,FCGR3A+ Monocytes,train
TATACAGAACCCTC-1,CD8 T cells,0.9998198,CD8 T cells,train
TATACAGAAGAACA-1,CD4 T cells,0.9999349,CD4 T cells,train
TATACAGATCCAGA-1,CD4 T cells,0.99999475,CD4 T cells,train
TATACCACCTGATG-1,B cells,0.99985254,B cells,test
TATACGCTACCAAC-1,CD4 T cells,0.8622338,CD4 T cells,train
TATAGATGGACGGA-1,CD4 T cells,0.9995023,CD4 T cells,train
TATAGATGTTCCGC-1,FCGR3A+ Monocytes,0.9783393,FCGR3A+ Monocytes,train
TATCCAACCAGCTA-1,CD14+ Monocytes,0.9999896,CD14+ Monocytes,train
TATCCAACTCTCTA-1,CD8 T cells,0.98996276,CD8 T cells,train
TATCGACTACTAGC-1,NK cells,0.9790092,NK cells,train
TATCGACTCGATAC-1,CD14+ Monocytes,0.97923857,CD14+ Monocytes,train
TATCGTACAGATGA-1,CD8 T cells,0.5423554,CD8 T cells,test
TATCGTACATTCCT-1,CD14+ Monocytes,0.99969184,CD14+ Monocytes,test
TATCTCGAGAGATA-1,CD4 T cells,0.9999343,CD4 T cells,train
TATCTGACAGGTTC-1,CD8 T cells,0.9999869,CD8 T cells,test
TATCTGACTGTTTC-1,CD8 T cells,0.9858758,CD8 T cells,test
TATCTTCTAAACAG-1,CD4 T cells,0.9999316,CD4 T cells,train
TATGAATGGAGGAC-1,NK cells,0.9990976,NK cells,train
TATGAATGTTTGCT-1,FCGR3A+ Monocytes,0.9996592,FCGR3A+ Monocytes,train
TATGCGGATAACCG-1,CD4 T cells,0.99941754,CD4 T cells,test
TATGGGTGCATCAG-1,NK cells,0.99895513,NK cells,train
TATGGGTGCTAGCA-1,B cells,0.99957067,B cells,train
TATGGTCTCTACCC-1,CD4 T cells,0.99822706,CD4 T cells,train
TATGTCACGGAACG-1,B cells,0.99829394,B cells,train
TATGTCACTAACCG-1,CD14+ Monocytes,0.79352003,CD14+ Monocytes,train
TATGTCACTTCTCA-1,B cells,0.9994098,B cells,test
TATGTGCTCCGATA-1,CD14+ Monocytes,0.9998901,CD14+ Monocytes,train
TATGTGCTGGATTC-1,CD4 T cells,0.998209,CD4 T cells,train
TATTGCTGAAGAAC-1,CD14+ Monocytes,0.9994573,CD14+ Monocytes,train
TATTGCTGCCGTTC-1,CD4 T cells,0.99783,CD4 T cells,train
TATTGCTGTCTGGA-1,CD4 T cells,0.999951,CD4 T cells,train
TATTGCTGTGCACA-1,CD8 T cells,0.99925786,CD8 T cells,train
TATTTCCTATTGGC-1,CD14+ Monocytes,0.99447894,CD14+ Monocytes,train
TATTTCCTGGAGGT-1,CD8 T cells,0.9513617,NK cells,test
TATTTCCTGGTGTT-1,CD4 T cells,0.9976688,CD4 T cells,train
TCAACACTGTTTGG-1,NK cells,0.99866974,NK cells,train
TCAAGGACAGCGTT-1,CD4 T cells,0.99954635,CD4 T cells,train
TCAAGGACATTCTC-1,CD8 T cells,0.9975967,CD8 T cells,train
TCAAGGACGGTGTT-1,CD14+ Monocytes,0.99778086,CD14+ Monocytes,test
TCAATCACACTCTT-1,CD8 T cells,0.999967,CD8 T cells,train
TCAATCACAGTCGT-1,FCGR3A+ Monocytes,0.992649,FCGR3A+ Monocytes,train
TCACAACTATGTGC-1,CD4 T cells,0.9999176,CD4 T cells,train
TCACAACTTTGCTT-1,CD14+ Monocytes,0.99989676,CD14+ Monocytes,test
TCACATACACTTTC-1,CD8 T cells,0.996974,CD8 T cells,train
TCACATACAGGGTG-1,CD4 T cells,0.9999076,CD4 T cells,train
TCACCCGAGACGGA-1,CD14+ Monocytes,0.99945635,CD14+ Monocytes,train
TCACCGTGCTCGCT-1,FCGR3A+ Monocytes,0.982894,FCGR3A+ Monocytes,train
TCACCTCTACGACT-1,CD8 T cells,0.99721503,CD8 T cells,train
TCACCTCTTCCAAG-1,FCGR3A+ Monocytes,0.99531144,FCGR3A+ Monocytes,train
TCACGAGAGGAGGT-1,B cells,0.99974793,B cells,test
TCACTATGGGGCAA-1,CD8 T cells,0.99977833,CD8 T cells,train
TCACTATGGTTGTG-1,B cells,0.99906105,B cells,test
TCAGACGACGCTAA-1,CD4 T cells,0.9992642,CD4 T cells,train
TCAGACGACGTTAG-1,NK cells,0.9992556,NK cells,train
TCAGAGACTCCAGA-1,CD4 T cells,0.99932206,CD4 T cells,train
TCAGCAGACTCCAC-1,CD4 T cells,0.9996019,CD4 T cells,train
TCAGCGCTCTAGTG-1,CD4 T cells,0.9769232,CD8 T cells,test
TCAGCGCTGGATCT-1,B cells,0.99975866,B cells,test
TCAGCGCTGGTATC-1,CD8 T cells,0.9999269,CD8 T cells,train
TCAGGATGAAGTAG-1,CD4 T cells,0.9998658,CD4 T cells,train
TCAGGATGCCTTTA-1,FCGR3A+ Monocytes,0.91326654,FCGR3A+ Monocytes,test
TCAGTGGAAGATCC-1,NK cells,0.99235404,NK cells,train
TCAGTTACCTACGA-1,CD14+ Monocytes,0.9997516,CD14+ Monocytes,train
TCAGTTACTAGAAG-1,CD4 T cells,0.99994135,CD4 T cells,train
TCATCAACCCGATA-1,CD4 T cells,0.999951,CD4 T cells,test
TCATCAACTGTTCT-1,CD14+ Monocytes,0.9576161,CD14+ Monocytes,train
TCATCATGCAGTTG-1,CD4 T cells,0.9999404,CD4 T cells,train
TCATCCCTTACTGG-1,CD8 T cells,0.99078065,CD8 T cells,train
TCATTCGATACAGC-1,FCGR3A+ Monocytes,0.9974547,FCGR3A+ Monocytes,train
TCCACGTGGAAACA-1,CD8 T cells,0.9936194,CD8 T cells,train
TCCACTCTACACTG-1,CD8 T cells,0.99362695,CD4 T cells,test
TCCACTCTGAGCTT-1,CD14+ Monocytes,0.99993455,CD14+ Monocytes,train
TCCACTCTTACTTC-1,B cells,0.9998443,B cells,train
TCCATAACAAAGTG-1,CD4 T cells,0.9981223,CD4 T cells,train
TCCATAACCGTAGT-1,B cells,0.9983412,B cells,train
TCCATAACGATGAA-1,CD4 T cells,0.9988165,CD4 T cells,train
TCCATAACTACGCA-1,CD4 T cells,0.99965143,CD4 T cells,train
TCCATCCTCCCTAC-1,CD8 T cells,0.9988624,CD8 T cells,train
TCCCACGATCATTC-1,CD4 T cells,0.99999094,CD4 T cells,test
TCCCATCTCAAAGA-1,CD14+ Monocytes,0.9999813,CD14+ Monocytes,train
TCCCGAACACAGTC-1,NK cells,0.9993905,NK cells,train
TCCCGAACTTCGCC-1,FCGR3A+ Monocytes,0.9987968,FCGR3A+ Monocytes,test
TCCCGATGAGATCC-1,CD4 T cells,0.99995756,CD4 T cells,train
TCCCGATGCCTGAA-1,CD14+ Monocytes,0.99982077,CD14+ Monocytes,train
TCCCTACTCAACTG-1,B cells,0.99936086,B cells,test
TCCGAAGACAATCG-1,CD14+ Monocytes,0.99976224,CD14+ Monocytes,train
TCCGAAGACGTTAG-1,CD4 T cells,0.99999535,CD4 T cells,train
TCCGGACTGAGGTG-1,CD4 T cells,0.9997565,CD4 T cells,train
TCCGGACTGTACGT-1,CD8 T cells,0.99745196,CD8 T cells,train
TCCTAAACATCGAC-1,CD4 T cells,0.99958736,CD4 T cells,train
TCCTAAACCGAGAG-1,CD4 T cells,0.9999895,CD4 T cells,train
TCCTAAACCGCATA-1,NK cells,0.9965857,NK cells,train
TCCTAATGGTTTGG-1,CD8 T cells,0.9986964,CD8 T cells,test
TCCTACCTGTCGTA-1,CD4 T cells,0.9995745,CD4 T cells,test
TCCTATGAAAAGCA-1,CD8 T cells,0.99969053,CD8 T cells,test
TCGAATCTCTGGTA-1,CD8 T cells,0.8314374,CD8 T cells,test
TCGACCTGCCGATA-1,FCGR3A+ Monocytes,0.99525684,FCGR3A+ Monocytes,test
TCGACGCTTCTATC-1,CD14+ Monocytes,0.9998035,CD14+ Monocytes,test
TCGACGCTTTGACG-1,CD4 T cells,0.9997707,CD4 T cells,train
TCGAGAACGACAGG-1,CD4 T cells,0.997182,CD4 T cells,train
TCGAGAACGTTAGC-1,CD4 T cells,0.9974043,CD4 T cells,train
TCGAGCCTATCAGC-1,B cells,0.99862707,B cells,train
TCGAGCCTGCGAGA-1,CD8 T cells,0.999046,CD8 T cells,train
TCGAGCCTTGTGAC-1,CD4 T cells,0.99664503,CD4 T cells,test
TCGATACTATTCCT-1,CD4 T cells,0.9956227,CD4 T cells,train
TCGATACTTGCACA-1,CD4 T cells,0.9998596,CD4 T cells,train
TCGATTTGATGCCA-1,CD14+ Monocytes,0.9986286,CD14+ Monocytes,train
TCGATTTGCACTCC-1,CD4 T cells,0.99993324,CD4 T cells,test
TCGATTTGCAGCTA-1,NK cells,0.99959844,NK cells,test
TCGATTTGCCTACC-1,CD14+ Monocytes,0.99976987,CD14+ Monocytes,train
TCGATTTGTCGTGA-1,B cells,0.99892575,B cells,train
TCGCAGCTAGATCC-1,CD8 T cells,0.99907994,CD8 T cells,train
TCGCCATGAGACTC-1,CD4 T cells,0.9999896,CD4 T cells,train
TCGCCATGTGGTCA-1,B cells,0.9994062,B cells,train
TCGGACCTAACAGA-1,CD4 T cells,0.9992932,CD4 T cells,train
TCGGACCTATAAGG-1,B cells,0.9994842,B cells,train
TCGGACCTGTACAC-1,CD4 T cells,0.9997814,CD4 T cells,train
TCGGTAGAGTAGGG-1,CD4 T cells,0.99992967,CD4 T cells,train
TCGGTAGATCCCAC-1,B cells,0.99886835,B cells,train
TCGTAGGATCGACA-1,CD4 T cells,0.9993593,CD4 T cells,train
TCGTTATGGACAAA-1,CD4 T cells,0.99989796,CD4 T cells,train
TCTAACACCAGTTG-1,NK cells,0.9930351,NK cells,train
TCTAACACGAGCAG-1,Dendritic cells,0.9836594,Dendritic cells,test
TCTAACTGAACCAC-1,CD4 T cells,0.99431074,CD4 T cells,test
TCTAAGCTAATGCC-1,CD4 T cells,0.99999154,CD4 T cells,train
TCTAAGCTTAGTCG-1,NK cells,0.8999514,CD8 T cells,test
TCTAAGCTTCTAGG-1,FCGR3A+ Monocytes,0.9948508,FCGR3A+ Monocytes,train
TCTAAGCTTGTTCT-1,CD14+ Monocytes,0.9996055,CD14+ Monocytes,test
TCTAAGCTTTCGCC-1,B cells,0.9998338,B cells,train
TCTACAACGACTAC-1,CD14+ Monocytes,0.9994824,CD14+ Monocytes,train
TCTAGACTTAGAAG-1,CD14+ Monocytes,0.9992268,CD14+ Monocytes,train
TCTAGTTGCACCAA-1,CD14+ Monocytes,0.99263144,CD14+ Monocytes,train
TCTATGTGAAGAGT-1,CD14+ Monocytes,0.9990695,CD14+ Monocytes,train
TCTATGTGAGTCTG-1,CD8 T cells,0.99802655,CD8 T cells,train
TCTCAAACCTAAGC-1,B cells,0.9992298,B cells,train
TCTCTAGAATTTCC-1,CD8 T cells,0.99595344,CD4 T cells,test
TCTGATACACGTGT-1,CD4 T cells,0.9999273,CD4 T cells,train
TCTGATACTCGCCT-1,CD4 T cells,0.99948466,CD4 T cells,train
TCTTACGAACCTGA-1,CD14+ Monocytes,0.97468567,CD14+ Monocytes,test
TCTTCAGAGCTACA-1,CD14+ Monocytes,0.9987204,CD14+ Monocytes,train
TCTTGATGCGGAGA-1,CD8 T cells,0.9974107,CD8 T cells,train
TGAAATTGGTGAGG-1,CD14+ Monocytes,0.99556726,CD14+ Monocytes,train
TGAACCGAAAACGA-1,CD4 T cells,0.9997105,CD4 T cells,train
TGAACCGACTACTT-1,FCGR3A+ Monocytes,0.9911823,FCGR3A+ Monocytes,test
TGAACCGATTCGGA-1,FCGR3A+ Monocytes,0.99118125,FCGR3A+ Monocytes,train
TGAAGCACTCACGA-1,CD4 T cells,0.86204624,CD8 T cells,test
TGAAGCTGAACGAA-1,CD4 T cells,0.9999032,CD4 T cells,test
TGAAGCTGCATGGT-1,B cells,0.99943584,B cells,train
TGAAGCTGCGTAAC-1,CD4 T cells,0.99994564,CD4 T cells,train
TGAATAACCACTTT-1,CD4 T cells,0.99904114,CD4 T cells,test
TGAATAACTCCCAC-1,CD8 T cells,0.9366117,CD8 T cells,test
TGACACGACCTTAT-1,B cells,0.99985397,B cells,train
TGACCAGACAACCA-1,CD4 T cells,0.99998987,CD4 T cells,train
TGACCAGAGGATTC-1,CD4 T cells,0.9999411,CD4 T cells,train
TGACCGCTAAAAGC-1,CD4 T cells,0.9998197,CD4 T cells,train
TGACCGCTCTGCAA-1,CD4 T cells,0.999962,CD4 T cells,test
TGACGATGCAAAGA-1,CD14+ Monocytes,0.9996362,CD14+ Monocytes,test
TGACGCCTGTACCA-1,CD8 T cells,0.99893266,CD8 T cells,train
TGACGCCTTTACTC-1,CD4 T cells,0.9994381,CD4 T cells,train
TGACTGGAAGAGAT-1,CD14+ Monocytes,0.9998709,CD14+ Monocytes,train
TGACTGGACCGTAA-1,CD4 T cells,0.9994424,CD4 T cells,train
TGACTGGACGCAAT-1,CD4 T cells,0.9998747,CD4 T cells,train
TGACTGGAGGACAG-1,B cells,0.99980825,B cells,test
TGACTGGATTCTCA-1,CD8 T cells,0.99849117,CD8 T cells,train
TGACTTACACACCA-1,CD4 T cells,0.99932647,CD4 T cells,train
TGACTTACAGTCTG-1,CD14+ Monocytes,0.99997187,CD14+ Monocytes,train
TGACTTTGCGCATA-1,CD4 T cells,0.9998337,CD4 T cells,train
TGACTTTGTTTGTC-1,CD4 T cells,0.9998542,CD4 T cells,train
TGAGACACAAGGTA-1,CD4 T cells,0.9989556,CD4 T cells,train
TGAGACACTCAAGC-1,CD8 T cells,0.9975406,CD8 T cells,train
TGAGCTGAATGCTG-1,FCGR3A+ Monocytes,0.9975695,FCGR3A+ Monocytes,train
TGAGCTGACTGGAT-1,CD14+ Monocytes,0.9995701,CD14+ Monocytes,train
TGAGCTGATGCTAG-1,CD14+ Monocytes,0.9998229,CD14+ Monocytes,train
TGAGGACTCTCATT-1,CD14+ Monocytes,0.99957854,CD14+ Monocytes,train
TGAGGACTTCATTC-1,CD4 T cells,0.9999995,CD4 T cells,test
TGAGGTACGAACCT-1,FCGR3A+ Monocytes,0.9790875,FCGR3A+ Monocytes,test
TGAGTCGAGTTACG-1,B cells,0.998524,B cells,train
TGAGTGACTGAGCT-1,CD4 T cells,0.9999882,CD4 T cells,test
TGATAAACGAATCC-1,CD4 T cells,0.99904567,CD4 T cells,train
TGATAAACTCCGTC-1,NK cells,0.9890638,NK cells,train
TGATAAACTTTCAC-1,CD4 T cells,0.99982905,CD4 T cells,train
TGATACCTCACTAG-1,CD14+ Monocytes,0.9999218,CD14+ Monocytes,test
TGATACCTGTTGGT-1,CD4 T cells,0.98132354,CD4 T cells,test
TGATACCTTATGCG-1,CD4 T cells,0.99961865,CD4 T cells,train
TGATACCTTGAAGA-1,CD4 T cells,0.99997294,CD4 T cells,test
TGATATGAACCTTT-1,CD4 T cells,0.99999726,CD4 T cells,test
TGATCACTAGCATC-1,CD8 T cells,0.98235,CD8 T cells,test
TGATCACTCTCGCT-1,CD4 T cells,0.9995384,CD4 T cells,train
TGATCACTTCTACT-1,B cells,0.93520266,B cells,test
TGATCGGACTGACA-1,FCGR3A+ Monocytes,0.99462575,FCGR3A+ Monocytes,train
TGATCGGAGGAGCA-1,B cells,0.9996062,B cells,train
TGATCGGATATGCG-1,FCGR3A+ Monocytes,0.99758005,FCGR3A+ Monocytes,test
TGATTAGACATTGG-1,CD4 T cells,0.9989267,CD4 T cells,train
TGATTAGATGACTG-1,B cells,0.9993293,B cells,train
TGATTAGATGCTAG-1,CD4 T cells,0.9998523,CD4 T cells,train
TGATTCACTATGCG-1,CD4 T cells,0.99904233,CD4 T cells,train
TGATTCACTGTCAG-1,B cells,0.99977666,B cells,train
TGATTCTGCCGAAT-1,CD4 T cells,0.9991173,CD4 T cells,test
TGATTCTGCTCTTA-1,CD4 T cells,0.9999865,CD4 T cells,train
TGCAAGTGAGAACA-1,CD4 T cells,0.99974626,CD4 T cells,train
TGCAAGTGGGTAGG-1,CD14+ Monocytes,0.9998204,CD14+ Monocytes,train
TGCAATCTTCAGGT-1,Dendritic cells,0.9829963,B cells,test
TGCACAGACGACAT-1,NK cells,0.99995625,NK cells,train
TGCCAAGAGCAGTT-1,CD14+ Monocytes,0.9950362,FCGR3A+ Monocytes,test
TGCCAAGATCTCTA-1,CD4 T cells,0.9999924,CD4 T cells,test
TGCCACTGAACGTC-1,CD4 T cells,0.9999975,CD4 T cells,train
TGCCACTGCGATAC-1,NK cells,0.9994978,NK cells,train
TGCCAGCTTGGCAT-1,CD4 T cells,0.99999356,CD4 T cells,test
TGCCCAACAGCAAA-1,CD4 T cells,0.99991894,CD4 T cells,train
TGCCCAACCGCATA-1,FCGR3A+ Monocytes,0.9869691,FCGR3A+ Monocytes,train
TGCCGACTCTCCCA-1,B cells,0.9998834,B cells,test
TGCGAAACAGTCAC-1,B cells,0.99975747,B cells,train
TGCGAAACGTTGCA-1,B cells,0.99905914,B cells,train
TGCGATGAACGGTT-1,CD4 T cells,0.99943334,CD4 T cells,test
TGCGATGACCTCGT-1,CD4 T cells,0.9997919,CD4 T cells,train
TGCGATGACTAGTG-1,B cells,0.9966176,B cells,train
TGCGATGACTGCTC-1,B cells,0.9998135,B cells,train
TGCGATGACTTGCC-1,B cells,0.99991024,B cells,test
TGCGATGAGTGCTA-1,CD14+ Monocytes,0.9999285,CD14+ Monocytes,train
TGCGCACTCTTGAG-1,CD14+ Monocytes,0.9993575,CD14+ Monocytes,train
TGCGTAGAATAAGG-1,CD14+ Monocytes,0.99959356,CD14+ Monocytes,train
TGCGTAGACGGGAA-1,B cells,0.9993457,B cells,test
TGCGTAGATGGTCA-1,FCGR3A+ Monocytes,0.99494296,FCGR3A+ Monocytes,test
TGCTAGGAAACCGT-1,CD8 T cells,0.9999713,CD8 T cells,train
TGCTAGGATAGTCG-1,CD4 T cells,0.9999466,CD4 T cells,train
TGCTATACGGTTCA-1,CD14+ Monocytes,0.9186225,CD14+ Monocytes,train
TGCTATACTGCTGA-1,CD8 T cells,0.99989676,CD8 T cells,train
TGCTGAGAGAGCAG-1,NK cells,0.9989655,NK cells,train
TGCTGAGATTATCC-1,CD4 T cells,0.999803,CD4 T cells,train
TGGAAAGACTCTCG-1,B cells,0.9990134,B cells,train
TGGAAAGAGCGATT-1,CD4 T cells,0.99701416,CD4 T cells,test
TGGAAAGAGGTCAT-1,FCGR3A+ Monocytes,0.9972097,FCGR3A+ Monocytes,test
TGGAAAGATATGGC-1,CD4 T cells,0.99970895,CD4 T cells,train
TGGAACACAAACAG-1,NK cells,0.9954331,NK cells,test
TGGAACACGCTAAC-1,CD8 T cells,0.99832255,CD8 T cells,train
TGGAAGCTCAGATC-1,CD4 T cells,0.99981564,CD4 T cells,train
TGGACCCTACACTG-1,CD14+ Monocytes,0.9975696,CD14+ Monocytes,train
TGGACCCTCATGGT-1,CD4 T cells,0.9948596,CD8 T cells,test
TGGACCCTGGTACT-1,CD14+ Monocytes,0.9963329,CD14+ Monocytes,train
TGGACTGAGTATGC-1,CD4 T cells,0.9999409,CD4 T cells,train
TGGAGACTATCAGC-1,CD14+ Monocytes,0.99567765,CD14+ Monocytes,test
TGGAGACTTCAAGC-1,CD4 T cells,0.99993587,CD4 T cells,train
TGGAGACTTGACCA-1,CD8 T cells,0.99998355,CD8 T cells,train
TGGAGGGACGGAGA-1,CD14+ Monocytes,0.9962943,CD14+ Monocytes,train
TGGAGGGAGCTATG-1,CD4 T cells,0.9805817,CD4 T cells,train
TGGATCGATAAAGG-1,CD4 T cells,0.9999566,CD4 T cells,train
TGGATGTGACCTAG-1,B cells,0.99981564,B cells,train
TGGATGTGTGAAGA-1,B cells,0.9991271,B cells,test
TGGATTCTCATACG-1,CD8 T cells,0.99832624,CD8 T cells,train
TGGCAATGCTTGTT-1,B cells,0.9988796,B cells,train
TGGCACCTTCACGA-1,CD4 T cells,0.99906975,CD4 T cells,train
TGGCACCTTCAGTG-1,CD14+ Monocytes,0.99916744,CD14+ Monocytes,test
TGGGTATGAAGAGT-1,CD4 T cells,0.9999951,CD4 T cells,test
TGGGTATGCACAAC-1,CD4 T cells,0.99999535,CD4 T cells,train
TGGGTATGGTACGT-1,B cells,0.99354243,B cells,test
TGGGTATGTTTGGG-1,CD14+ Monocytes,0.9985331,CD14+ Monocytes,train
TGGTAGACATGCCA-1,CD4 T cells,0.9991204,CD8 T cells,test
TGGTAGACCCTCAC-1,NK cells,0.99431956,NK cells,train
TGGTAGACCTGATG-1,CD4 T cells,0.9393296,CD4 T cells,test
TGGTAGTGCACTGA-1,CD14+ Monocytes,0.99851984,CD14+ Monocytes,train
TGGTATCTAAACAG-1,CD4 T cells,0.998961,CD4 T cells,train
TGGTATCTCTTCCG-1,CD4 T cells,0.999962,CD4 T cells,test
TGGTCAGACCCAAA-1,B cells,0.3729628,CD4 T cells,test
TGGTTACTGACGTT-1,CD14+ Monocytes,0.99991643,CD14+ Monocytes,train
TGGTTACTGTTCTT-1,CD4 T cells,0.99993193,CD4 T cells,train
TGTAACCTAGAGGC-1,CD4 T cells,0.99998546,CD4 T cells,test
TGTAACCTTGCCTC-1,CD14+ Monocytes,0.9987814,CD14+ Monocytes,test
TGTAATGACACAAC-1,NK cells,0.9997707,NK cells,train
TGTAATGAGGTAAA-1,CD8 T cells,0.51961356,NK cells,test
TGTACTTGCTCTAT-1,FCGR3A+ Monocytes,0.9998534,FCGR3A+ Monocytes,train
TGTAGGTGCGAGAG-1,B cells,0.999845,B cells,train
TGTAGGTGCTATGG-1,CD4 T cells,0.9997018,CD4 T cells,train
TGTAGGTGCTCTAT-1,Dendritic cells,0.9941332,Dendritic cells,train
TGTAGGTGTGCTGA-1,CD4 T cells,0.99992335,CD4 T cells,train
TGTAGTCTTCCAGA-1,CD4 T cells,0.57610685,CD4 T cells,test
TGTAGTCTTGCACA-1,CD8 T cells,0.9983962,CD8 T cells,train
TGTATCTGTTAGGC-1,CD4 T cells,0.9995003,CD4 T cells,train
TGTATGCTCATGGT-1,B cells,0.99989474,B cells,train
TGTATGCTGTAGGG-1,CD4 T cells,0.99746513,CD4 T cells,test
TGTATGCTTTCATC-1,CD8 T cells,0.9873691,CD8 T cells,train
TGTCAGGAATACCG-1,CD4 T cells,0.99998224,CD4 T cells,train
TGTCAGGAGATGAA-1,FCGR3A+ Monocytes,0.97704077,FCGR3A+ Monocytes,train
TGTCTAACCCCTTG-1,CD4 T cells,0.99993026,CD4 T cells,test
TGTGACGATTCTCA-1,CD8 T cells,0.99126387,CD8 T cells,test
TGTGAGACTGTCAG-1,CD14+ Monocytes,0.9898699,CD14+ Monocytes,train
TGTGAGACTTGAGC-1,CD4 T cells,0.9996556,CD4 T cells,test
TGTGAGTGACCACA-1,CD4 T cells,0.99997735,CD4 T cells,train
TGTGAGTGAGTGCT-1,CD14+ Monocytes,0.9812852,CD14+ Monocytes,train
TGTGAGTGGAGATA-1,CD8 T cells,0.9890798,CD8 T cells,test
TGTGATCTCTCTAT-1,B cells,0.99971133,B cells,test
TGTGATCTGACACT-1,CD4 T cells,0.9920969,CD4 T cells,train
TGTGGATGGCCAAT-1,B cells,0.9996692,B cells,test
TGTTAAGACAAAGA-1,CD14+ Monocytes,0.99857795,CD14+ Monocytes,test
TGTTAAGATAAGGA-1,CD14+ Monocytes,0.99948955,CD14+ Monocytes,train
TGTTACACCGCATA-1,FCGR3A+ Monocytes,0.99343264,FCGR3A+ Monocytes,train
TGTTACACGACTAC-1,FCGR3A+ Monocytes,0.98683536,FCGR3A+ Monocytes,train
TGTTACTGGCTACA-1,CD8 T cells,0.99930286,CD8 T cells,train
TGTTACTGTAGTCG-1,CD8 T cells,0.9997125,CD8 T cells,train
TTAACCACCGTAAC-1,CD4 T cells,0.99993014,CD4 T cells,test
TTAACCACTAAGGA-1,CD8 T cells,0.9976139,CD8 T cells,test
TTAACCACTCAGAC-1,CD8 T cells,0.9968917,CD8 T cells,train
TTACACACGTGTTG-1,CD4 T cells,0.99777585,CD4 T cells,test
TTACACACTCCTAT-1,CD4 T cells,0.99989927,CD4 T cells,train
TTACCATGAATCGC-1,CD14+ Monocytes,0.99970347,CD14+ Monocytes,train
TTACCATGGTTGAC-1,CD4 T cells,0.9973411,CD4 T cells,test
TTACCATGTGTCTT-1,CD4 T cells,0.99651474,CD4 T cells,train
TTACCATGTTGTGG-1,B cells,0.99987566,B cells,test
TTACGACTGAGAGC-1,CD4 T cells,0.9998332,CD4 T cells,train
TTACGACTTGACAC-1,CD14+ Monocytes,0.9999169,CD14+ Monocytes,train
TTACGTACGTTCAG-1,Megakaryocytes,0.99900824,Megakaryocytes,train
TTACTCGAAGAATG-1,CD14+ Monocytes,0.99993885,CD14+ Monocytes,test
TTACTCGACGCAAT-1,Dendritic cells,0.97774416,Dendritic cells,test
TTACTCGAGGGTGA-1,CD4 T cells,0.9998565,CD4 T cells,test
TTACTCGATCTACT-1,NK cells,0.9971992,NK cells,train
TTAGAATGTGGTGT-1,CD4 T cells,0.99989676,CD4 T cells,train
TTAGAATGTGTAGC-1,CD4 T cells,0.99971586,CD4 T cells,train
TTAGACCTCCTACC-1,CD4 T cells,0.99993324,CD4 T cells,test
TTAGACCTCCTTTA-1,CD14+ Monocytes,0.9992361,CD14+ Monocytes,test
TTAGCTACAACCGT-1,CD4 T cells,0.99999297,CD4 T cells,train
TTAGCTACTGTCCC-1,CD14+ Monocytes,0.99656457,CD14+ Monocytes,train
TTAGCTACTTTCGT-1,CD4 T cells,0.9948002,CD4 T cells,train
TTAGGGACGCGAAG-1,CD8 T cells,0.9999236,CD8 T cells,train
TTAGGGTGCTGGAT-1,B cells,0.99985623,B cells,test
TTAGGGTGTCCTGC-1,CD14+ Monocytes,0.9921393,CD14+ Monocytes,test
TTAGGTCTACTTTC-1,CD14+ Monocytes,0.99940646,CD14+ Monocytes,train
TTAGTCACCAGTTG-1,CD4 T cells,0.9967212,CD4 T cells,train
TTAGTCTGAAAGCA-1,B cells,0.9987269,B cells,train
TTAGTCTGCCAACA-1,NK cells,0.9986651,NK cells,train
TTAGTCTGTGCACA-1,CD4 T cells,0.9936593,CD4 T cells,test
TTATCCGACTAGTG-1,B cells,0.9997801,B cells,train
TTATCCGAGAAAGT-1,FCGR3A+ Monocytes,0.99763024,FCGR3A+ Monocytes,train
TTATGAGAGATAAG-1,CD8 T cells,0.72497016,CD4 T cells,train
TTATGCACGTCACA-1,B cells,0.99979,B cells,train
TTATGGCTTATGGC-1,Dendritic cells,0.99922717,Dendritic cells,train
TTATTCCTATGCTG-1,CD14+ Monocytes,0.9990429,CD14+ Monocytes,test
TTATTCCTGGACAG-1,B cells,0.9992987,B cells,train
TTATTCCTGGTACT-1,B cells,0.9996978,B cells,train
TTATTCCTTCGTGA-1,CD4 T cells,0.9999423,CD4 T cells,test
TTCAAAGATAAAGG-1,CD8 T cells,0.9908063,CD8 T cells,test
TTCAACACAACAGA-1,CD4 T cells,0.99999774,CD4 T cells,train
TTCAACACCCCAAA-1,CD14+ Monocytes,0.9998037,CD14+ Monocytes,train
TTCAACACGGACGA-1,FCGR3A+ Monocytes,0.99104816,FCGR3A+ Monocytes,train
TTCAAGCTAAGAAC-1,CD14+ Monocytes,0.99918777,CD14+ Monocytes,test
TTCAAGCTAGATGA-1,CD4 T cells,0.99995565,CD4 T cells,test
TTCAAGCTGTTGAC-1,CD8 T cells,0.9992405,CD8 T cells,train
TTCAAGCTTGATGC-1,CD4 T cells,0.9996377,CD4 T cells,test
TTCAAGCTTTCGCC-1,CD4 T cells,0.9981711,CD4 T cells,train
TTCACAACCCGTTC-1,CD14+ Monocytes,0.99970204,CD14+ Monocytes,train
TTCACAACGTCTGA-1,FCGR3A+ Monocytes,0.99771214,FCGR3A+ Monocytes,train
TTCAGACTACCCAA-1,CD4 T cells,0.99998856,CD4 T cells,test
TTCAGACTCTCGAA-1,CD8 T cells,0.9947819,CD8 T cells,train
TTCAGTACCGACTA-1,CD4 T cells,0.9999734,CD4 T cells,train
TTCAGTACTCAAGC-1,CD4 T cells,0.9997222,CD4 T cells,train
TTCAGTACTCCTAT-1,CD14+ Monocytes,0.999574,CD14+ Monocytes,train
TTCAGTTGCCAAGT-1,CD4 T cells,0.9999168,CD4 T cells,train
TTCAGTTGTCCTTA-1,Dendritic cells,0.9774629,Dendritic cells,train
TTCAGTTGTCTAGG-1,CD4 T cells,0.99868304,CD4 T cells,test
TTCAGTTGTCTCGC-1,B cells,0.9987758,B cells,train
TTCATCGAGGTGGA-1,CD14+ Monocytes,0.999946,CD14+ Monocytes,train
TTCATGTGTGGTGT-1,CD4 T cells,0.97091246,CD4 T cells,train
TTCATTCTATGTCG-1,CD14+ Monocytes,0.9999546,CD14+ Monocytes,test
TTCATTCTTCTCTA-1,CD4 T cells,0.99996805,CD4 T cells,test
TTCCAAACCTATGG-1,CD14+ Monocytes,0.9995167,CD14+ Monocytes,test
TTCCAAACCTCCCA-1,B cells,0.9994112,B cells,train
TTCCAAACTCCCAC-1,NK cells,0.99867094,NK cells,test
TTCCAAACTTGACG-1,CD8 T cells,0.9998945,CD8 T cells,test
TTCCATGACGAGAG-1,CD14+ Monocytes,0.999676,CD14+ Monocytes,train
TTCCATGACTGTCC-1,CD4 T cells,0.9943369,CD4 T cells,train
TTCCCACTTGAGGG-1,NK cells,0.99988914,NK cells,train
TTCCCACTTGTCTT-1,CD14+ Monocytes,0.99951506,CD14+ Monocytes,train
TTCCTAGAAAGTGA-1,CD4 T cells,0.9999734,CD4 T cells,train
TTCCTAGACTAGTG-1,FCGR3A+ Monocytes,0.9700173,FCGR3A+ Monocytes,test
TTCGAGGACTCTAT-1,CD4 T cells,0.9994435,CD4 T cells,train
TTCGAGGAGGGCAA-1,CD4 T cells,0.99597746,CD4 T cells,train
TTCGAGGATAGAAG-1,FCGR3A+ Monocytes,0.9966196,FCGR3A+ Monocytes,train
TTCGATTGAGCATC-1,CD4 T cells,0.9999088,CD4 T cells,test
TTCGGAGAATGCCA-1,CD14+ Monocytes,0.9996068,CD14+ Monocytes,train
TTCGGAGATGTGCA-1,CD4 T cells,0.99611366,CD4 T cells,test
TTCGTATGAAAAGC-1,CD8 T cells,0.9989403,CD8 T cells,test
TTCGTATGGATAGA-1,CD8 T cells,0.994163,CD8 T cells,train
TTCGTATGGTCTGA-1,CD4 T cells,0.99999595,CD4 T cells,test
TTCGTATGTCCTTA-1,CD14+ Monocytes,0.99897975,CD14+ Monocytes,train
TTCTACGAACGTAC-1,CD4 T cells,0.99998355,CD4 T cells,train
TTCTACGAGTTGGT-1,CD4 T cells,0.9999696,CD4 T cells,test
TTCTAGTGACACGT-1,CD4 T cells,0.9994981,CD4 T cells,test
TTCTAGTGCATGAC-1,CD14+ Monocytes,0.99981505,CD14+ Monocytes,train
TTCTAGTGGAGAGC-1,NK cells,0.9867754,NK cells,train
TTCTAGTGGTCACA-1,CD14+ Monocytes,0.9493415,CD14+ Monocytes,test
TTCTCAGAAGAGAT-1,CD4 T cells,0.99998224,CD4 T cells,test
TTCTCAGAAGCATC-1,B cells,0.999551,B cells,train
TTCTCAGATGGAGG-1,CD4 T cells,0.99999595,CD4 T cells,train
TTCTGATGGAGACG-1,NK cells,0.9991893,NK cells,train
TTCTTACTCTGGAT-1,FCGR3A+ Monocytes,0.99757,FCGR3A+ Monocytes,train
TTGAACCTCCTTGC-1,B cells,0.99956435,B cells,train
TTGAATGAACTACG-1,FCGR3A+ Monocytes,0.9980415,FCGR3A+ Monocytes,train
TTGAATGACTTACT-1,CD4 T cells,0.9995814,CD4 T cells,train
TTGAATGATCTCAT-1,B cells,0.9989944,B cells,train
TTGACACTCTGTAG-1,CD4 T cells,0.9999678,CD4 T cells,test
TTGACACTGATAAG-1,B cells,0.99790597,B cells,train
TTGAGGACAGAACA-1,CD14+ Monocytes,0.9997998,CD14+ Monocytes,test
TTGAGGACTACGCA-1,Dendritic cells,0.9890781,Dendritic cells,train
TTGAGGTGGACGGA-1,CD4 T cells,0.99988806,CD4 T cells,train
TTGCATTGAGCTAC-1,CD8 T cells,0.9936134,CD8 T cells,test
TTGCATTGCTAAGC-1,CD14+ Monocytes,0.9999658,CD14+ Monocytes,test
TTGCATTGTGACTG-1,CD4 T cells,0.9996804,CD4 T cells,train
TTGCTAACACCAAC-1,CD8 T cells,0.9998982,CD8 T cells,train
TTGCTAACACGCTA-1,CD14+ Monocytes,0.894906,FCGR3A+ Monocytes,test
TTGCTAACCACTCC-1,CD4 T cells,0.9998894,CD4 T cells,train
TTGCTATGGTACGT-1,CD14+ Monocytes,0.9997403,CD14+ Monocytes,train
TTGCTATGGTAGGG-1,FCGR3A+ Monocytes,0.99896955,FCGR3A+ Monocytes,train
TTGGAGACCAATCG-1,CD8 T cells,0.9868743,CD8 T cells,train
TTGGAGACGCTATG-1,CD14+ Monocytes,0.99987054,CD14+ Monocytes,train
TTGGAGACTATGGC-1,B cells,0.99945194,B cells,train
TTGGGAACTGAACC-1,CD4 T cells,0.9984573,CD4 T cells,train
TTGGTACTACTGGT-1,FCGR3A+ Monocytes,0.9942129,FCGR3A+ Monocytes,train
TTGGTACTCTTAGG-1,CD4 T cells,0.9998337,CD4 T cells,train
TTGGTACTGAATCC-1,B cells,0.9998766,B cells,test
TTGGTACTGGATTC-1,B cells,0.99966156,B cells,train
TTGTACACGTTGTG-1,B cells,0.99997807,B cells,train
TTGTACACTTGCAG-1,CD4 T cells,0.99409086,CD4 T cells,train
TTGTAGCTAGCTCA-1,CD4 T cells,0.99650264,CD4 T cells,train
TTGTAGCTCTCTTA-1,B cells,0.99833953,B cells,test
TTGTCATGGACGGA-1,NK cells,0.9979607,NK cells,train
TTTAGAGATCCTCG-1,B cells,0.9998342,B cells,train
TTTAGCTGATACCG-1,CD4 T cells,0.99999845,CD4 T cells,train
TTTAGCTGGATACC-1,CD14+ Monocytes,0.9995499,CD14+ Monocytes,train
TTTAGCTGTACTCT-1,Dendritic cells,0.96676975,Dendritic cells,train
TTTAGGCTCCTTTA-1,CD14+ Monocytes,0.99951875,CD14+ Monocytes,test
TTTATCCTGTTGTG-1,CD14+ Monocytes,0.99884784,CD14+ Monocytes,train
TTTCACGAGGTTCA-1,CD4 T cells,0.99997044,CD4 T cells,test
TTTCAGTGGAAGGC-1,CD8 T cells,0.99591076,CD8 T cells,train
TTTCAGTGTCACGA-1,B cells,0.99979836,B cells,test
TTTCAGTGTCTATC-1,CD14+ Monocytes,0.998769,CD14+ Monocytes,train
TTTCAGTGTGCAGT-1,B cells,0.9990202,B cells,train
TTTCCAGAGGTGAG-1,CD4 T cells,0.9982323,CD4 T cells,train
TTTCGAACACCTGA-1,Dendritic cells,0.96048546,Dendritic cells,test
TTTCGAACTCTCAT-1,CD14+ Monocytes,0.9997693,CD14+ Monocytes,train
TTTCTACTGAGGCA-1,B cells,0.9973546,B cells,train
TTTCTACTTCCTCG-1,B cells,0.9998826,B cells,train
TTTGCATGAGAGGC-1,B cells,0.99992883,B cells,train
TTTGCATGCCTCAC-1,CD4 T cells,0.99994373,CD4 T cells,train
